seq,code,name,excl
1,A01.200,副伤寒乙,表 6-3-1
2,A02.000,沙门菌肠炎,表 6-3-1
3,A02.000x005,婴儿沙门菌肠炎,表 6-3-1
4,A02.000x006,C群沙门菌肠炎,表 6-3-1
5,A02.000x007,B群沙门菌肠炎,表 6-3-1
6,A02.000x009,沙门菌小肠炎,表 6-3-1
7,A02.000x010,猪霍乱沙门菌肠炎,表 6-3-1
8,A02.001,阿哥拉沙门菌肠炎,表 6-3-1
9,A02.002,沙门菌伦敦血清型肠炎,表 6-3-1
10,A02.003,沙门菌胃肠炎,表 6-3-1
11,A02.004,鼠伤寒沙门菌肠炎,表 6-3-1
12,A03.800x001,不定型志贺菌痢疾,表 6-3-1
13,A03.800x002,菌痢混合感染,表 6-3-1
14,A04.400x003,新生儿肠粘附性大肠杆菌肠炎,表 6-3-1
15,A04.400x004,肠粘附性大肠杆菌肠炎,表 6-3-1
16,A04.401,大肠杆菌性肠炎,表 6-3-1
17,A04.402,新生儿大肠杆菌肠炎,表 6-3-1
18,A04.800x001,吡邻单胞菌肠炎,表 6-3-1
19,A04.800x003,产气杆菌肠炎,表 6-3-1
20,A04.800x006,副溶血弧菌肠炎,表 6-3-1
21,A04.800x007,金黄色葡萄球菌肠炎,表 6-3-1
22,A04.800x010,嗜水气单胞菌肠炎,表 6-3-1
23,A04.801,变形杆菌肠炎,表 6-3-1
24,A04.802,铜绿假单胞菌肠炎,表 6-3-1
25,A04.803,厌氧菌肠炎,表 6-3-1
26,A05.000,食物媒介的葡萄球菌性食物中毒,表 6-3-1
27,A05.000x001,葡萄球菌食物中毒,表 6-3-1
28,A05.200,食物媒介的产气荚膜梭状芽孢杆菌［韦尔希梭状芽孢杆菌］食物中毒,表 6-3-1
29,A05.200x002,急性出血性坏死性肠炎,表 6-3-1
30,A05.202,急性坏死性肠炎,表 6-3-1
31,A06.100,慢性肠阿米巴病,表 6-3-1
32,A06.100x002,阿米巴肠溃疡,表 6-3-1
33,A06.600+G07*,阿米巴脑脓肿,表 6-3-1
34,A06.800x001,阿米巴膀胱炎,表 6-3-1
35,A06.800x002,阿米巴阑尾炎,表 6-3-1
36,A06.800x003,阿米巴精囊炎,表 6-3-1
37,A06.800x004+N51.2*,阿米巴龟头炎,表 6-3-1
38,A06.801,眼阿米巴病,表 6-3-1
39,A06.900,阿米巴病,表 6-3-1
40,A07.200,隐孢子虫病,表 6-3-1
41,A07.300,等孢球虫病,表 6-3-1
42,A07.300x002,肠道球虫病,表 6-3-1
43,A07.800x002,肉孢子虫病,表 6-3-1
44,A07.801,肠道滴虫病,表 6-3-1
45,A08.500,肠道感染，其他特指的,表 6-3-1
46,A09.900x003,急性肠炎,表 6-3-1
47,A09.900x004,急性小肠炎,表 6-3-1
48,A09.900x005,新生儿腹泻,表 6-3-1
49,A09.900x006,肠炎,表 6-3-1
50,A09.900x007,腹泻,表 6-3-1
51,A09.901,胃肠炎,表 6-3-1
52,A09.902,结肠炎,表 6-3-1
53,A09.903,婴儿腹泻,表 6-3-1
54,A09.904,出血性肠炎,表 6-3-1
55,A15.400x001,肺门淋巴结结核(细菌学和组织学证实),表 6-3-2
56,A15.401,肺门淋巴结结核，病理(+),表 6-3-2
57,A15.402,气管支气管淋巴结结核，细菌学(+),表 6-3-2
58,A15.403,气管支气管淋巴结结核，病理(+),表 6-3-2
59,A15.404,胸内淋巴结结核，细菌学(+),表 6-3-2
60,A15.405,胸内淋巴结结核，病理(+),表 6-3-2
61,A15.406,纵隔淋巴结结核，细菌学(+),表 6-3-2
62,A15.407,纵隔淋巴结结核，病理(+),表 6-3-2
63,A15.408,支气管淋巴结结核，细菌学(+),表 6-3-2
64,A15.409,支气管淋巴结结核，病理(+),表 6-3-2
65,A15.500x001,喉结核(细菌学和组织学证实),表 6-3-2
66,A15.500x002,气管结核(细菌学和组织学证实),表 6-3-2
67,A15.500x003,支气管结核(细菌学和组织学证实),表 6-3-2
68,A15.500x004,声带结核(细菌学和组织学证实),表 6-3-2
69,A15.500x010,"支气管结核(初治,单耐药)涂阳培阳",表 6-3-2
70,A15.500x011,"支气管结核(初治,单耐药)涂阴培阳",表 6-3-2
71,A15.500x012,"支气管结核(初治,多耐药)涂阳培阳",表 6-3-2
72,A15.500x013,"支气管结核(初治,多耐药)涂阴培阳",表 6-3-2
73,A15.500x014,"支气管结核(初治,广泛耐药)涂阳培阳",表 6-3-2
74,A15.500x015,"支气管结核(初治,广泛耐药)涂阴培阳",表 6-3-2
75,A15.500x016,"支气管结核(初治,耐多药)涂阳培阳",表 6-3-2
76,A15.500x017,"支气管结核(初治,耐多药)涂阴培阳",表 6-3-2
77,A15.500x018,"支气管结核(初治,药物敏感)涂阳培阳",表 6-3-2
78,A15.500x019,"支气管结核(初治,药物敏感)涂阴培阳",表 6-3-2
79,A15.500x020,"支气管结核(复治,单耐药)涂阳培阳",表 6-3-2
80,A15.500x021,"支气管结核(复治,单耐药)涂阴培阳",表 6-3-2
81,A15.500x022,"支气管结核(复治,多耐药)涂阳培阳",表 6-3-2
82,A15.500x023,"支气管结核(复治,多耐药)涂阴培阳",表 6-3-2
83,A15.500x024,"支气管结核(复治,广泛耐药)涂阳培阳",表 6-3-2
84,A15.500x025,"支气管结核(复治,广泛耐药)涂阴培阳",表 6-3-2
85,A15.500x026,"支气管结核(复治,耐多药)涂阳培阳",表 6-3-2
86,A15.500x027,"支气管结核(复治,耐多药)涂阴培阳",表 6-3-2
87,A15.500x028,"支气管结核(复治,药物敏感)涂阳培阳",表 6-3-2
88,A15.500x029,"支气管结核(复治,药物敏感)涂阴培阳",表 6-3-2
89,A15.501,喉结核，病理(+),表 6-3-2
90,A15.502,会厌结核，细菌学(+),表 6-3-2
91,A15.503,会厌结核，病理(+),表 6-3-2
92,A15.504,声带结核，细菌学(+),表 6-3-2
93,A15.505,声带结核，病理(+),表 6-3-2
94,A15.506,气管结核，细菌学(+),表 6-3-2
95,A15.507,气管结核，病理(+),表 6-3-2
96,A15.508,支气管结核，细菌学(+),表 6-3-2
97,A15.509,支气管结核，病理(+),表 6-3-2
98,A15.800x001,鼻咽结核性肉芽肿(组织学证实),表 6-3-2
99,A15.801,结核性鼻窦炎，细菌学(+),表 6-3-2
100,A15.802,结核性鼻窦炎，病理(+),表 6-3-2
101,A15.803,鼻中隔结核，细菌学(+),表 6-3-2
102,A15.804,鼻中隔结核，病理(+),表 6-3-2
103,A15.805,鼻咽结核，细菌学(+),表 6-3-2
104,A15.806,鼻咽结核，病理(+),表 6-3-2
105,A15.807,鼻结核，细菌学(+),表 6-3-2
106,A15.808,鼻结核，病理(+),表 6-3-2
107,A15.809,扁桃体结核，细菌学(+),表 6-3-2
108,A15.810,扁桃体结核，病理(+),表 6-3-2
109,A15.811,咽部结核，细菌学(+),表 6-3-2
110,A15.812,咽部结核，病理(+),表 6-3-2
111,A15.813,纵隔结核，细菌学(+),表 6-3-2
112,A15.814,纵隔结核，病理(+),表 6-3-2
113,A16.400x005,孤立性气管支气管结核,表 6-3-2
114,A16.400x010,结核性气管狭窄,表 6-3-2
115,A16.400x011,结核性支气管狭窄,表 6-3-2
116,A16.401,会厌结核,表 6-3-2
117,A16.402,气管结核,表 6-3-2
118,A16.403,声带结核,表 6-3-2
119,A16.405,结核性支气管胸膜瘘,表 6-3-2
120,A16.406,喉结核,表 6-3-2
121,A16.500x001,结核性干性胸膜炎,表 6-3-2
122,A16.500x004,结核性胸膜炎,表 6-3-2
123,A16.500x008,结核性胸膜炎(初治),表 6-3-2
124,A16.500x009,结核性胸膜炎(复治),表 6-3-2
125,A16.500x010,结核性包裹性脓胸,表 6-3-2
126,A16.501,结核性脓胸,表 6-3-2
127,A16.503,结核性渗出性胸膜炎,表 6-3-2
128,A16.504,胸膜结核瘤,表 6-3-2
129,A16.505,结核性脓气胸,表 6-3-2
130,A17.800x007+G05.0*,结核性脊髓脊膜炎,表 6-3-2
131,A17.801+G07*,脑结核瘤,表 6-3-2
132,A17.802+G07*,结核性脑肉芽肿,表 6-3-2
133,A17.803+G05.0*,结核性脑膜脑炎,表 6-3-2
134,A17.804+G05.0*,结核性脑炎,表 6-3-2
135,A17.805+G07*,结核性脑脓肿,表 6-3-2
136,A17.806+G07*,脊髓结核,表 6-3-2
137,A17.807+G94.0*,结核性脑积水,表 6-3-2
138,A18.200x002,颌下淋巴结结核,表 6-3-2
139,A18.200x005,颏下淋巴结结核,表 6-3-2
140,A18.200x006,淋巴结结核,表 6-3-2
141,A18.200x010,周围淋巴结结核,表 6-3-2
142,A18.201,头颈部结核性淋巴结炎,表 6-3-2
143,A18.202,颊淋巴结结核,表 6-3-2
144,A18.203,腮腺淋巴结结核,表 6-3-2
145,A18.205,颈淋巴结结核,表 6-3-2
146,A18.206,锁骨上淋巴结结核,表 6-3-2
147,A18.207,腋下淋巴结结核,表 6-3-2
148,A18.208,食管旁淋巴结结核,表 6-3-2
149,A18.209,闭孔淋巴结结核,表 6-3-2
150,A18.210,腹股沟淋巴结结核,表 6-3-2
151,A18.211,结核性淋巴管炎,表 6-3-2
152,A18.212,全身多发淋巴结结核,表 6-3-2
153,A18.300x006+K67.3*,髂窝结核,表 6-3-2
154,A18.300x009+K93.0*,腹腔结核,表 6-3-2
155,A18.300x013+K93.0*,结核性胃结肠瘘,表 6-3-2
156,A18.300x014+K93.0*,结核性直肠瘘,表 6-3-2
157,A18.300x015+K93.0*,膈下结核性脓肿,表 6-3-2
158,A18.300x016,腹膜后结核,表 6-3-2
159,A18.301,肝门淋巴结结核,表 6-3-2
160,A18.302+K93.0*,阑尾结核,表 6-3-2
161,A18.303+K93.0*,肠结核,表 6-3-2
162,A18.304+K93.0*,结核性肠炎,表 6-3-2
163,A18.305+K93.0*,结肠结核瘤,表 6-3-2
164,A18.306+K93.0*,结核性肛瘘,表 6-3-2
165,A18.307+K93.0*,肛周结核,表 6-3-2
166,A18.308,腹腔淋巴结结核,表 6-3-2
167,A18.309,结核性腹腔积液,表 6-3-2
168,A18.310,腹膜后淋巴结结核,表 6-3-2
169,A18.311+K93.0*,腹膜结核,表 6-3-2
170,A18.312+K93.0*,腹部结核性脓肿,表 6-3-2
171,A18.313+K93.0*,腹部结核性窦道,表 6-3-2
172,A18.314+K67.3*,结核性腹膜炎,表 6-3-2
173,A18.315+K93.0*,肠系膜结核,表 6-3-2
174,A18.316+K93.0*,肠系膜淋巴结结核,表 6-3-2
175,A18.317,髂窝结核性脓肿,表 6-3-2
176,A18.318,髂窝淋巴结结核,表 6-3-2
177,A18.800x001,肺外结核,表 6-3-2
178,A18.800x006+K93.8*,唇结核,表 6-3-2
179,A18.800x010+M63.0*,肌结核,表 6-3-2
180,A18.800x014+K23.0*,食管结核,表 6-3-2
181,A18.800x022+M63.0*,上臂内侧横纹肌结核,表 6-3-2
182,A18.800x025+K93.8*,牙龈结核,表 6-3-2
183,A18.800x027+M63.0*,腰大肌结核性脓肿,表 6-3-2
184,A18.800x028+M63.0*,腰肌结核,表 6-3-2
185,A18.800x034+K93.8*,结核性口腔溃疡,表 6-3-2
186,A18.801+E35.8*,垂体结核,表 6-3-2
187,A18.802+K93.8*,舌结核,表 6-3-2
188,A18.803+M63.0*,咀嚼肌结核,表 6-3-2
189,A18.804+K93.8*,腮腺结核,表 6-3-2
190,A18.805+K93.8*,颌下腺结核,表 6-3-2
191,A18.806+E35.0*,甲状腺结核,表 6-3-2
192,A18.807+K23.0*,结核性食管炎,表 6-3-2
193,A18.808+I32.0*,结核性心包炎,表 6-3-2
194,A18.809+I32.0*,结核性心包积液,表 6-3-2
195,A18.810+M63.0*,胸大肌结核,表 6-3-2
196,A18.811,乳腺结核,表 6-3-2
197,A18.812+K93.8*,胃结核,表 6-3-2
198,A18.813+D77*,脾结核,表 6-3-2
199,A18.814+K77.0*,肝结核,表 6-3-2
200,A18.815+K87.0*,胆管结核,表 6-3-2
201,A18.816+K87.0*,胆囊结核,表 6-3-2
202,A18.817+K87.1*,胰腺结核,表 6-3-2
203,A18.818+I79.8*,结核性腹主动脉炎,表 6-3-2
204,A18.819+M36.8*,结缔组织结核,表 6-3-2
205,A18.820+I39.8*,心内膜结核,表 6-3-2
206,A18.821+I41.0*,心肌结核,表 6-3-2
207,A18.822+I68.1*,结核性脑动脉炎,表 6-3-2
208,A21.100,眼腺型土拉菌病,表 6-3-3
209,A21.900x001,兔热病,表 6-3-3
210,A22.801+G01*,炭疽脑膜炎,表 6-3-3
211,A22.900,炭疽,表 6-3-3
212,A23.200,猪布氏菌病,表 6-3-3
213,A24.400,类鼻疽,表 6-3-3
214,A26.800x001,播散性类丹毒,表 6-3-3
215,A27.800,钩端螺旋体病，其他形式的,表 6-3-3
216,A27.800x001,流感伤寒型钩端螺旋体病,表 6-3-3
217,A28.900,动物源性细菌性疾病,表 6-3-3
218,A30.000x001,未定类(I)麻风,表 6-3-4
219,A30.100x001,结核样型(TT)麻风,表 6-3-4
220,A30.100x003,麻风性穿孔性足溃疡,表 6-3-4
221,A30.800,麻风，其他形式的,表 6-3-4
222,A31.800x001,猿猴分枝杆菌感染,表 6-3-4
223,A31.800x002,瘰疬分枝杆菌感染,表 6-3-4
224,A31.800x003,偶然分枝杆菌感染,表 6-3-4
225,A31.800x004,龟分枝杆菌感染,表 6-3-4
226,A31.800x005,土地分枝杆菌感染,表 6-3-4
227,A31.800x006,鸟分枝杆菌感染,表 6-3-4
228,A31.800x007,脓肿分枝杆菌感染,表 6-3-4
229,A31.801,淋巴结分枝杆菌感染,表 6-3-4
230,A31.802,足分枝杆菌病,表 6-3-4
231,A31.803,播散性非结核分枝杆菌病,表 6-3-4
232,A32.000,皮肤利斯特菌病,表 6-3-4
233,A36.100,鼻咽白喉,表 6-3-4
234,A36.300,皮肤白喉,表 6-3-4
235,A36.800x005+N33.8*,白喉性膀胱炎,表 6-3-4
236,A36.800x006+H22.8*,白喉性虹膜麻痹,表 6-3-4
237,A36.801+H13.1*,白喉性结膜炎,表 6-3-4
238,A36.802+I41.0*,白喉性心肌炎,表 6-3-4
239,A36.803+G63.0*,白喉性多神经炎,表 6-3-4
240,A36.804+N16.0*,白喉性肾小管-间质病变,表 6-3-4
241,A37.000,百日咳博德特杆菌性百日咳,表 6-3-4
242,A37.100,副百日咳博德特杆菌性百日咳,表 6-3-4
243,A39.300,慢性脑膜炎球菌血症,表 6-3-4
244,A39.801+H13.1*,脑膜炎球菌性结膜炎,表 6-3-4
245,A39.802+G05.0*,脑膜炎球菌性脑炎,表 6-3-4
246,A39.803+G05.0*,脑膜炎球菌性脊髓脊膜炎,表 6-3-4
247,A39.804+M01.0*,脑膜炎球菌性关节炎,表 6-3-4
248,A39.805+M03.0*,脑膜炎球菌感染后关节炎,表 6-3-4
249,A43.800x001,播散性奴卡菌病,表 6-3-4
250,A43.801,脑诺卡菌病,表 6-3-4
251,A43.802,肾诺卡菌病,表 6-3-4
252,A44.900,巴尔通体病,表 6-3-4
253,A48.100,军团病,表 6-3-4
254,A48.100x001,嗜肺军团菌肺炎,表 6-3-4
255,A48.100x003,军团菌性脑炎,表 6-3-4
256,A49.200,流感嗜血杆菌感染,表 6-3-4
257,A49.201,流感嗜血杆菌感染性菌血症,表 6-3-4
258,A50.100,潜伏性早期先天性梅毒,表 6-3-5
259,A50.400,晚期先天性神经梅毒[青少年神经梅毒],表 6-3-5
260,A50.400x001,晚期先天性神经梅毒[幼年型神经梅毒],表 6-3-5
261,A50.400x002+G01*,晚期先天性梅毒性脑膜炎,表 6-3-5
262,A50.400x003+G05.0*,晚期先天性梅毒性脑炎,表 6-3-5
263,A50.400x004+G63.0*,晚期先天性梅毒性多神经病,表 6-3-5
264,A50.401,幼年型麻痹性痴呆,表 6-3-5
265,A50.402+G01*,先天性梅毒性脑膜炎,表 6-3-5
266,A50.900,先天性梅毒,表 6-3-5
267,A51.100x001,肛门梅毒,表 6-3-5
268,A52.100,有症状性神经梅毒,表 6-3-5
269,A52.100x005+G22*,梅毒性帕金森病,表 6-3-5
270,A52.100x006+G59.8*,梅毒性神经炎,表 6-3-5
271,A52.100x007+G05.0*,梅毒性脑炎,表 6-3-5
272,A52.100x008+G63.0*,梅毒性多神经病,表 6-3-5
273,A52.100x009+G01*,梅毒性脑膜炎,表 6-3-5
274,A52.100x010+G05.0*,梅毒性脑膜脑炎,表 6-3-5
275,A52.100x011,梅毒性痉挛性截瘫,表 6-3-5
276,A52.100x012+H48.1*,梅毒相关性视神经炎,表 6-3-5
277,A52.101,脊髓痨,表 6-3-5
278,A52.102+H58.0*,阿-罗瞳孔,表 6-3-5
279,A52.103+M14.6*,夏科关节病,表 6-3-5
280,A52.104+F02.8*,麻痹性痴呆,表 6-3-5
281,A52.105+G01*,三期梅毒性脑膜炎,表 6-3-5
282,A52.106+H48.0*,视神经梅毒,表 6-3-5
283,A52.300,神经梅毒,表 6-3-5
284,A52.800,潜伏性晚期梅毒,表 6-3-5
285,A52.801,潜伏性三期梅毒,表 6-3-5
286,A56.000x003,衣原体性尿道炎,表 6-3-5
287,A56.001,衣原体性膀胱炎,表 6-3-5
288,A56.002,衣原体性宫颈炎,表 6-3-5
289,A56.003,衣原体性阴道炎,表 6-3-5
290,A56.004,衣原体性外阴阴道炎,  表 6-3-5
291,A56.400,咽的衣原体感染,  表 6-3-5
292,A69.000,坏死性溃疡性口炎,  表 6-3-6
293,A69.000x002,走马疳,  表 6-3-6
294,A69.900,螺旋体感染,  表 6-3-6
295,A69.900x002+M01.8*,螺旋体感染性关节炎,  表 6-3-6
296,A74.000+H13.1*,衣原体结膜炎,  表 6-3-7
297,A75.200x001,地方性斑疹伤寒,  表 6-3-8
298,A75.900,斑疹伤寒,  表 6-3-8
299,A80.900,急性脊髓灰质炎,  表 6-3-9
300,A81.100,亚急性硬化性全脑炎,  表 6-3-9
301,A81.101,亚急性包涵体脑炎,  表 6-3-9
302,A81.200,进行性多灶性白质脑病,  表 6-3-9
303,A81.200x001,播散性坏死性脑白质病,  表 6-3-9
304,A82.000,森林狂犬病,  表 6-3-9
305,A82.900,狂犬病,  表 6-3-9
306,A83.800,蚊媒介病毒性脑炎，其他的,  表 6-3-9
307,A85.000+G05.1*,肠病毒性脑炎,  表 6-3-9
308,A85.000x002+G05.1*,柯萨奇病毒性脑炎,  表 6-3-9
309,A85.000x003+G05.1*,埃可病毒性脑炎,  表 6-3-9
310,A85.001+G05.1*,肠病毒性脑脊髓炎,  表 6-3-9
311,A87.000+G02.0*,肠病毒性脑膜炎,  表 6-3-9
312,A87.000x001+G02.0*,肠道病毒性脑膜炎,  表 6-3-9
313,A87.000x002+G02.0*,柯萨奇病毒性脑膜炎,  表 6-3-9
314,A87.000x003+G02.0*,埃可病毒性脑膜炎,  表 6-3-9
315,A92.800,蚊媒介的病毒性发热，其他特指的,  表 6-3-10
316,A97.000,登革热不伴预警,  表 6-3-10
317,A98.400,埃博拉病毒病,  表 6-3-10
318,A98.400x001,埃博拉出血热,  表 6-3-10
319,B00.300+G02.0*,疱疹病毒性脑膜炎,  表 6-3-11
320,B00.801+L99.8*,疱疹病毒性瘭疽,  表 6-3-11
321,B00.802+K77.0*,疱疹病毒性肝炎,  表 6-3-11
322,B00.803+K77.0*,EB病毒性肝炎,  表 6-3-11
323,B00.804+L99.8*,疱疹病毒性甲沟炎,  表 6-3-11
324,B01.200+J17.1*,水痘肺炎,  表 6-3-11
325,B01.800x001+I41.1*,水痘并发心肌炎,  表 6-3-11
326,B01.800x002+N08.0*,水痘并发肾炎,  表 6-3-11
327,B01.800x004,痘感染相关性视神经炎,  表 6-3-11
328,B01.801,水痘肝炎,  表 6-3-11
329,B06.800,风疹伴有其他并发症,  表 6-3-11
330,B06.801+J17.1*,风疹性肺炎,  表 6-3-11
331,B06.802+M01.4*,风疹性关节炎,  表 6-3-11
332,B06.900x001,风疹,表 6-3-11
333,B08.100,传染性软疣,表 6-3-11
334,B08.300,传染性红斑[第五病],表 6-3-11
335,B08.800x004,流行性粟疹热,表 6-3-11
336,B08.800x006,传染性水疱病,表 6-3-11
337,B08.800x007,柯萨奇湿疹,表 6-3-11
338,B08.801,口蹄疫,表 6-3-11
339,B08.802,肠病毒性淋巴结咽炎,表 6-3-11
340,B17.200,急性戊型肝炎,表 6-3-12
341,B17.200x004,病毒性肝炎戊型急性无黄疸型,表 6-3-12
342,B17.200x005,病毒性肝炎戊型急性重型,表 6-3-12
343,B17.202,急性黄疸型戊型病毒性肝炎,表 6-3-12
344,B17.203,急性淤胆型戊型病毒性肝炎,表 6-3-12
345,B17.204,急性重型戊型病毒性肝炎,表 6-3-12
346,B17.205,亚急性重型戊型病毒性肝炎,表 6-3-12
347,B17.800x001,病毒性肝炎重叠感染,表 6-3-12
348,B17.800x002,病毒性肝炎双重感染,表 6-3-12
349,B17.800x003,病毒性肝炎三重感染(三重以上),表 6-3-12
350,B17.801,急性病毒性肝炎混合感染,表 6-3-12
351,B17.803,急性重叠型黄疸型病毒性肝炎,表 6-3-12
352,B26.800x001+M01.5*,流行性腮腺炎性关节炎,表 6-3-14
353,B26.800x003+G63.0*,流行性腮腺炎性多神经病,表 6-3-14
354,B26.800x004,流行性腮腺炎并发胸骨前水肿,表 6-3-14
355,B26.800x008+N08.0*,流行性腮腺炎性肾炎,表 6-3-14
356,B26.800x009+N74.8*,流行性腮腺炎并发卵巢炎,表 6-3-14
357,B26.800x010,流行性腮腺炎并发乳腺炎,表 6-3-14
358,B26.800x011,流行性腮腺炎并发甲状腺炎,表 6-3-14
359,B26.801+H13.1*,流行性腮腺炎性结膜炎,表 6-3-14
360,B26.802+K77.0*,流行性腮腺炎性肝炎,表 6-3-14
361,B26.803+I41.1*,流行性腮腺炎并心肌炎,表 6-3-14
362,B26.804,流行性腮腺炎伴颌下腺炎,表 6-3-14
363,B26.805+N08.0*,流行性腮腺炎性肾小球病变,表 6-3-14
364,B27.800,传染性单核细胞增多症，其他的,表 6-3-14
365,B30.000+H19.2*,腺病毒性角膜结膜炎,表 6-3-14
366,B30.001+H19.2*,流行性角膜结膜炎,表 6-3-14
367,B30.200+H13.1*,病毒性咽结膜炎,表 6-3-14
368,B30.201+H13.1*,咽结膜热,表 6-3-14
369,B33.100,罗斯河病,表 6-3-14
370,B33.300x001,逆转录病毒感染,表 6-3-14
371,B34.400,乳头多瘤空泡病毒感染,表 6-3-14
372,B34.400x001,乳头状瘤多型空泡病毒感染,表 6-3-14
373,B34.400x002,人乳头瘤病毒感染,表 6-3-14
374,B35.500,叠瓦癣,表 6-3-15
375,B35.901,黄癣,表 6-3-15
376,B36.901,皮肤真菌感染,表 6-3-15
377,B36.902+H62.2*,耳真菌病,表 6-3-15
378,B36.903+H62.2*,真菌性外耳道炎,表 6-3-15
379,B37.500+G02.1*,念珠菌性脑膜炎,表 6-3-15
380,B38.100,慢性肺球孢子菌病,表 6-3-15
381,B38.100x001+J17.2*,慢性肺球孢子菌肺炎,表 6-3-15
382,B38.300,皮肤球孢子菌病,表 6-3-15
383,B38.900,球孢子菌病,表 6-3-15
384,B40.100,慢性肺芽生菌病,表 6-3-15
385,B41.800x001,内脏型副球孢子菌病,表 6-3-15
386,B41.800x002,皮肤型副球孢子菌病,表 6-3-15
387,B41.800x003,淋巴管型副球孢子菌病,表 6-3-15
388,B42.800,孢子丝菌病，其他形式的,表 6-3-15
389,B44.000x001+J99.8*,侵袭性肺曲霉菌病,表 6-3-15
390,B44.100x003,曲霉球,表 6-3-15
391,B44.101+J99.8*,变态反应性支气管肺曲霉病,表 6-3-15
392,B44.102+J17.2*,曲霉菌性肺炎,表 6-3-15
393,B44.200x001+J99.8*,扁桃体曲霉菌病,表 6-3-15
394,B45.100,大脑隐球菌病,表 6-3-15
395,B45.100x002+G02.1*,新型隐球菌脑膜炎,表 6-3-15
396,B45.101+G02.1*,隐球菌性脑膜炎,表 6-3-15
397,B45.102+G05.2*,隐球菌性脑炎,表 6-3-15
398,B45.800x001,胆道隐球菌病,表 6-3-15
399,B45.800x002,前列腺隐球菌病,表 6-3-15
400,B45.801,眼新型隐球菌病,表 6-3-15
401,B48.000,瘢痕疙瘩性芽生菌病,表 6-3-15
402,B48.000x001,洛博芽生菌病,表 6-3-15
403,B48.500+J17.2*,肺孢子菌病,表 6-3-15
404,B48.501+J17.2*,卡氏肺孢子虫病,表 6-3-15
405,B48.502+J17.2*,耶氏肺孢子虫病,表 6-3-15
406,B48.700,机会性真菌病,表 6-3-15
407,B51.900,间日疟原虫疟疾不伴有并发症,表 6-3-16
408,B56.100x001,布氏罗得西亚锥虫病[东非睡眠病],表 6-3-16
409,B60.100x002+H13.1*,棘阿米巴性结膜炎,表 6-3-16
410,B60.100x003+H19.2*,棘阿米巴性角膜结膜炎,表 6-3-16
411,B60.100x004+H19.2*,棘阿米巴性角膜炎,表 6-3-16
412,B65.200x001,日本血吸虫病,表 6-3-17
413,B65.202+K77.0*,血吸虫病性肝硬化,表 6-3-17
414,B66.000,后睾吸虫病,表 6-3-17
415,B66.000x001,猫后睾吸虫病,表 6-3-17
416,B66.400,并殖吸虫病,表 6-3-17
417,B66.400x001,皮下组织并殖吸虫病,表 6-3-17
418,B66.401+J99.8*,肺吸虫病,表 6-3-17
419,B67.000x001+K77.0*,肝细粒棘球蚴病,表 6-3-17
420,B67.200x001+M90.2*,骨细粒棘球蚴病,表 6-3-17
421,B67.301,多部位细粒棘球蚴感染,表 6-3-17
422,B67.302+E35.0*,甲状腺细粒棘球蚴病,表 6-3-17
423,B67.500x001+K77.0*,肝泡型棘球蚴病,表 6-3-17
424,B68.900x002,脑绦虫病,表 6-3-17
425,B68.900x003,肠绦虫病,表 6-3-17
426,B68.900x004,带绦虫病,表 6-3-17
427,B68.901,马尾绦虫肉芽肿,表 6-3-17
428,B69.000x002+G94.8*,马尾神经囊虫病,表 6-3-17
429,B69.001+G94.8*,脑囊虫病,表 6-3-17
430,B69.002+G94.8*,囊虫病癫痫,表 6-3-17
431,B69.100,眼囊虫病,表 6-3-17
432,B69.800x003,肌肉囊虫病,表 6-3-17
433,B69.800x004,皮下组织囊虫病,表 6-3-17
434,B69.800x005,脊髓囊虫病,表 6-3-17
435,B69.800x008,胸膜包囊虫症,表 6-3-17
436,B69.801,肺囊尾蚴病,表 6-3-17
437,B69.802,肝囊虫病,表 6-3-17
438,B69.803,骨囊虫病,表 6-3-17
439,B69.804,肌肉囊尾蚴病,表 6-3-17
440,B69.805,皮肤囊尾蚴病,表 6-3-17
441,B69.900x001,囊虫病[囊尾蚴病],表 6-3-17
442,B74.000x001,班氏丝虫病,表 6-3-17
443,B74.000x002,班氏丝虫性象皮肿,表 6-3-17
444,B74.000x003,班氏丝虫性乳糜尿,表 6-3-17
445,B74.900,丝虫病,表 6-3-17
446,B74.900x003,丝虫性外阴象皮肿,表 6-3-17
447,B74.900x005,淋巴丝虫病,表 6-3-17
448,B74.901,丝虫病性乳糜尿,表 6-3-17
449,B74.902,丝虫性象皮病,表 6-3-17
450,B76.800,钩虫病，其他的,表 6-3-17
451,B78.000,肠道类圆线虫病,表 6-3-17
452,B78.901,粪类圆线虫感染,表 6-3-17
453,B78.902+N08.0*,类圆线虫病性肾小球病变,表 6-3-17
454,B81.000,异尖线虫病,表 6-3-17
455,B81.100,肠道毛细线虫病,表 6-3-17
456,B87.000x001+L99.8*,皮肤蝇蛆病,表 6-3-18
457,B88.800x001,舌形虫病,表 6-3-18
458,B88.800x002,蛇舌状虫病,表 6-3-18
459,B88.800x004,蚰蜒皮炎,表 6-3-18
460,B88.900x001,皮肤病虫侵染,表 6-3-18
461,B88.900x002,螨侵染,表 6-3-18
462,B88.900x003,皮肤寄生虫侵染,表 6-3-18
463,B90.200,骨和关节结核的后遗症,表 6-3-19
464,B90.200x002,陈旧性关节结核,表 6-3-19
465,B90.200x003,陈旧性脊柱结核,表 6-3-19
466,B90.201,陈旧性骨关节结核病,表 6-3-19
467,B90.202,陈旧性骨结核病,表 6-3-19
468,B94.100,病毒性脑炎的后遗症,表 6-3-19
469,B94.101,流行性乙型脑炎后遗症,表 6-3-19
470,C00.000,外上唇恶性肿瘤,表 6-3-20
471,C00.001,外上唇口红区恶性肿瘤,表 6-3-20
472,C00.002,外上唇唇红缘恶性肿瘤,表 6-3-20
473,C00.100,外下唇恶性肿瘤,表 6-3-20
474,C00.101,外下唇口红区恶性肿瘤,表 6-3-20
475,C00.102,外下唇唇红缘恶性肿瘤,表 6-3-20
476,C00.200,外唇的恶性肿瘤,表 6-3-20
477,C00.200x002,外唇唇红缘恶性肿瘤,表 6-3-20
478,C00.300,上唇内面恶性肿瘤,表 6-3-20
479,C00.301,上唇内面颊侧面恶性肿瘤,表 6-3-20
480,C00.302,上唇内面系带恶性肿瘤,表 6-3-20
481,C00.303,上唇内面黏膜恶性肿瘤,表 6-3-20
482,C00.304,上唇内面口腔面恶性肿瘤,表 6-3-20
483,C00.400,下唇内面恶性肿瘤,表 6-3-20
484,C00.401,下唇内面颊侧面恶性肿瘤,表 6-3-20
485,C00.402,下唇内面系带恶性肿瘤,表 6-3-20
486,C00.403,下唇内面黏膜恶性肿瘤,表 6-3-20
487,C00.404,下唇内面口腔面恶性肿瘤,表 6-3-20
488,C00.500,唇内面的恶性肿瘤,表 6-3-20
489,C00.500x002,唇内面黏膜恶性肿瘤,表 6-3-20
490,C00.500x003,唇内面口腔面恶性肿瘤,表 6-3-20
491,C00.500x004,唇内面系带恶性肿瘤,表 6-3-20
492,C00.500x005,唇内面颊侧面恶性肿瘤,表 6-3-20
493,C00.600,唇连合的恶性肿瘤,表 6-3-20
494,C00.800,唇交搭跨越恶性肿瘤的损害,表 6-3-20
495,C00.900,唇恶性肿瘤,表 6-3-20
496,C02.000,舌背面恶性肿瘤,表 6-3-20
497,C02.000x002,舌前三分之二背面恶性肿瘤,表 6-3-20
498,C02.100,舌缘恶性肿瘤,表 6-3-20
499,C02.100x001,舌尖及侧缘的恶性肿瘤,表 6-3-20
500,C02.101,舌尖恶性肿瘤,表 6-3-20
501,C02.200,舌腹面恶性肿瘤,表 6-3-20
502,C02.200x002,舌前三分之二腹面恶性肿瘤,表 6-3-20
503,C02.201,舌系带恶性肿瘤,表 6-3-20
504,C02.300,舌前三分之二部位的恶性肿瘤,表 6-3-20
505,C02.300x002,舌中三分之一恶性肿瘤,表 6-3-20
506,C02.300x003,舌活动部分恶性肿瘤,表 6-3-20
507,C02.400,舌扁桃体恶性肿瘤,表 6-3-20
508,C02.800,舌交搭跨越恶性肿瘤的损害,表 6-3-20
509,C02.900,舌恶性肿瘤,表 6-3-20
510,C02.900x002,舌多处恶性肿瘤,表 6-3-20
511,C03.000,上牙龈恶性肿瘤,表 6-3-20
512,C03.000x002,上颌恶性肿瘤,表 6-3-20
513,C03.001,上颌软组织恶性肿瘤,表 6-3-20
514,C03.100,下牙龈恶性肿瘤,表 6-3-20
515,C03.100x002,下颌恶性肿瘤,表 6-3-20
516,C03.101,下颌软组织恶性肿瘤,表 6-3-20
517,C03.900,牙龈恶性肿瘤,表 6-3-20
518,C03.900x001,颌结缔组织恶性肿瘤,表 6-3-20
519,C03.901,颌软组织恶性肿瘤,表 6-3-20
520,C04.000,口底前部恶性肿瘤,表 6-3-20
521,C04.100,口底侧部恶性肿瘤,表 6-3-20
522,C04.800,口底交搭跨越恶性肿瘤的损害,表 6-3-20
523,C04.900,口底恶性肿瘤,表 6-3-20
524,C05.000,硬腭恶性肿瘤,表 6-3-20
525,C05.100,软腭恶性肿瘤,表 6-3-20
526,C05.200,悬雍垂恶性肿瘤,表 6-3-20
527,C05.800,腭交搭跨越恶性肿瘤的损害,表 6-3-20
528,C05.900,腭恶性肿瘤,表 6-3-20
529,C05.900x002,口顶恶性肿瘤,表 6-3-20
530,C06.000,颊黏膜恶性肿瘤,表 6-3-20
531,C06.001,颊内部恶性肿瘤,表 6-3-20
532,C06.100,口前庭恶性肿瘤,表 6-3-20
533,C06.100x002,上颊沟恶性肿瘤,表 6-3-20
534,C06.100x003,下颊沟恶性肿瘤,表 6-3-20
535,C06.100x004,上唇沟恶性肿瘤,表 6-3-20
536,C06.100x005,下唇沟恶性肿瘤,表 6-3-20
537,C06.101,颊龈沟恶性肿瘤,表 6-3-20
538,C06.102,唇龈沟恶性肿瘤,表 6-3-20
539,C06.200,磨牙后区恶性肿瘤,表 6-3-20
540,C06.800,口的其他和未特指部位交搭跨越恶性肿瘤的损害,表 6-3-20
541,C06.900,口恶性肿瘤,表 6-3-20
542,C06.901,小涎腺恶性肿瘤,表 6-3-20
543,C06.902,口腔黏膜恶性肿瘤,表 6-3-20
544,C08.000,下颌下腺恶性肿瘤,表 6-3-20
545,C08.100,舌下腺恶性肿瘤,表 6-3-20
546,C08.800,大涎腺交搭跨越恶性肿瘤的损害,表 6-3-20
547,C08.800x001,舌下腺及下颌下腺恶性肿瘤,表 6-3-20
548,C08.900,大涎腺恶性肿瘤,表 6-3-20
549,C08.900x001,唾液腺恶性肿瘤,表 6-3-20
550,C09.000,扁桃体窝恶性肿瘤,表 6-3-20
551,C09.100,扁桃体柱恶性肿瘤(前)(后),表 6-3-20
552,C09.100x001,舌腭弓恶性肿瘤,表 6-3-20
553,C09.100x002,前扁桃体柱恶性肿瘤,表 6-3-20
554,C09.100x003,后扁桃体柱恶性肿瘤,表 6-3-20
555,C09.800,扁桃体交搭跨越恶性肿瘤的损害,表 6-3-20
556,C09.900,扁桃体恶性肿瘤,表 6-3-20
557,C09.901,咽门扁桃体恶性肿瘤,表 6-3-20
558,C09.902,腭扁桃体恶性肿瘤,表 6-3-20
559,C10.000,会厌谷恶性肿瘤,表 6-3-20
560,C10.100,会厌前面恶性肿瘤,表 6-3-20
561,C10.101,会厌边缘恶性肿瘤,表 6-3-20
562,C10.102,舌会厌褶恶性肿瘤,表 6-3-20
563,C10.200,口咽侧壁恶性肿瘤,表 6-3-20
564,C10.300,口咽后壁恶性肿瘤,表 6-3-20
565,C10.400,鳃裂恶性肿瘤,表 6-3-20
566,C10.800,口咽交搭跨越恶性肿瘤的损害,表 6-3-20
567,C10.800x002,口咽连接部恶性肿瘤,表 6-3-20
568,C10.900,口咽恶性肿瘤,表 6-3-20
569,C11.000,鼻咽上壁恶性肿瘤,表 6-3-20
570,C11.001,鼻咽顶恶性肿瘤,表 6-3-20
571,C11.100,鼻咽后壁恶性肿瘤,表 6-3-20
572,C11.101,腺样体恶性肿瘤,表 6-3-20
573,C11.102,咽扁桃体恶性肿瘤,表 6-3-20
574,C11.200,鼻咽侧壁恶性肿瘤,表 6-3-20
575,C11.200x002,罗森米窝恶性肿瘤,表 6-3-20
576,C11.201,咽鼓管开口恶性肿瘤,表 6-3-20
577,C11.202,咽隐窝恶性肿瘤,表 6-3-20
578,C11.300,鼻咽前壁恶性肿瘤,表 6-3-20
579,C11.300x001,鼻中隔后缘恶性肿瘤,表 6-3-20
580,C11.300x004,软腭的鼻咽后面恶性肿瘤,表 6-3-20
581,C11.300x005,软腭的鼻咽上面恶性肿瘤,表 6-3-20
582,C11.300x006,鼻后缘恶性肿瘤,表 6-3-20
583,C11.301,鼻咽底恶性肿瘤,表 6-3-20
584,C11.302,鼻后孔恶性肿瘤,表 6-3-20
585,C11.800,鼻咽交搭跨越恶性肿瘤的损害,表 6-3-20
586,C11.801,鼻咽多壁恶性肿瘤,表 6-3-20
587,C11.900,鼻咽恶性肿瘤,表 6-3-20
588,C11.901,鼻咽壁恶性肿瘤,表 6-3-20
589,C13.000,环状软骨后部恶性肿瘤,表 6-3-20
590,C13.100x001,杓状会厌褶恶性肿瘤,表 6-3-20
591,C13.100x002,杓状会厌褶边缘区恶性肿瘤,表 6-3-20
592,C13.101,咽下面恶性肿瘤,表 6-3-20
593,C13.200,下咽后壁恶性肿瘤,表 6-3-20
594,C13.800,下咽交搭跨越恶性肿瘤的损害,表 6-3-20
595,C13.900,下咽恶性肿瘤,表 6-3-20
596,C13.901,下咽壁恶性肿瘤,表 6-3-20
597,C14.000,咽恶性肿瘤,表 6-3-20
598,C14.001,咽喉恶性肿瘤,表 6-3-20
599,C14.002,咽侧壁恶性肿瘤,表 6-3-20
600,C14.003,咽后壁恶性肿瘤,表 6-3-20
601,C14.200,瓦尔代尔扁桃体环恶性肿瘤,表 6-3-20
602,C14.800,唇、口腔和咽交搭跨越恶性肿瘤的损害,表 6-3-20
603,C14.800x001,颊部及牙龈恶性肿瘤,表 6-3-20
604,C14.800x002,舌根及咽部恶性肿瘤,表 6-3-20
605,C14.800x003,舌根和咽部及喉部恶性肿瘤,表 6-3-20
606,C14.800x004,舌部及口底恶性肿瘤,表 6-3-20
607,C14.800x005,口腔及咽部恶性肿瘤,表 6-3-20
608,C14.800x006,腭部及咽部恶性肿瘤,表 6-3-20
609,C14.800x007,舌下腺及舌根恶性肿瘤,表 6-3-20
610,C15.000,颈部食管恶性肿瘤,表 6-3-21
611,C15.100,胸部食管恶性肿瘤,表 6-3-21
612,C15.100x002,食管胸上段恶性肿瘤,表 6-3-21
613,C15.100x003,食管胸中段恶性肿瘤,表 6-3-21
614,C15.100x004,食管胸下段恶性肿瘤,表 6-3-21
615,C15.200,腹部食管恶性肿瘤,表 6-3-21
616,C15.300,食管上三分之一的恶性肿瘤,表 6-3-21
617,C15.400,食管中三分之一的恶性肿瘤,表 6-3-21
618,C15.500,食管下三分之一的恶性肿瘤,表 6-3-21
619,C15.800x001,食管颈部及腹部恶性肿瘤,表 6-3-21
620,C15.800x002,食管颈部及胸部恶性肿瘤,表 6-3-21
621,C15.800x003,食管胸部及腹部恶性肿瘤,表 6-3-21
622,C15.800x004,食管颈部和胸部及腹部恶性肿瘤,表 6-3-21
623,C15.801,食管中上段恶性肿瘤,表 6-3-21
624,C15.802,食管中下段恶性肿瘤,表 6-3-21
625,C15.900,食管恶性肿瘤,表 6-3-21
626,C15.900x003,食管多处恶性肿瘤,表 6-3-21
627,C16.000,贲门恶性肿瘤,表 6-3-21
628,C16.000x003,贲门口恶性肿瘤,表 6-3-21
629,C16.000x004,胃角恶性肿瘤,表 6-3-21
630,C16.001,食管贲门连接处恶性肿瘤,表 6-3-21
631,C16.002,食管胃连接处恶性肿瘤,表 6-3-21
632,C16.100,胃底恶性肿瘤,表 6-3-21
633,C16.200,胃体恶性肿瘤,表 6-3-21
634,C16.301,胃窦恶性肿瘤,表 6-3-21
635,C16.400,幽门恶性肿瘤,表 6-3-21
636,C16.401,幽门前恶性肿瘤,表 6-3-21
637,C16.402,幽门管恶性肿瘤,表 6-3-21
638,C16.500,胃小弯恶性肿瘤,表 6-3-21
639,C16.600,胃大弯恶性肿瘤,表 6-3-21
640,C16.800,胃交搭跨越恶性肿瘤的损害,表 6-3-21
641,C16.800x002,胃体和胃窦及胃大弯恶性肿瘤,表 6-3-21
642,C16.800x003,胃底及胃体恶性肿瘤,表 6-3-21
643,C16.801,贲门胃底恶性肿瘤,表 6-3-21
644,C16.802,贲门胃体恶性肿瘤,表 6-3-21
645,C16.803,胃窦胃体恶性肿瘤,表 6-3-21
646,C16.804,胃底胃体恶性肿瘤,表 6-3-21
647,C16.900,胃恶性肿瘤,表 6-3-21
648,C16.900x003,胃多处恶性肿瘤,表 6-3-21
649,C16.902,胃溃疡癌变,表 6-3-21
650,C16.903,残胃恶性肿瘤,表 6-3-21
651,C17.000,十二指肠恶性肿瘤,表 6-3-21
652,C17.100,空肠恶性肿瘤,表 6-3-21
653,C17.200,回肠恶性肿瘤,表 6-3-21
654,C17.300,麦克尔憩室恶性肿瘤,表 6-3-21
655,C17.800,小肠交搭跨越恶性肿瘤的损害,表 6-3-21
656,C17.801,十二指肠及空肠恶性肿瘤,表 6-3-21
657,C17.900,小肠恶性肿瘤,表 6-3-21
658,C17.900x002,小肠多处恶性肿瘤,表 6-3-21
659,C18.000,盲肠恶性肿瘤,表 6-3-21
660,C18.001,回盲部恶性肿瘤,表 6-3-21
661,C18.100,阑尾恶性肿瘤,表 6-3-21
662,C18.200,升结肠恶性肿瘤,表 6-3-21
663,C18.300,结肠肝曲恶性肿瘤,表 6-3-21
664,C18.400,横结肠恶性肿瘤,表 6-3-21
665,C18.500,结肠脾曲恶性肿瘤,表 6-3-21
666,C18.600,降结肠恶性肿瘤,表 6-3-21
667,C18.700,乙状结肠恶性肿瘤,表 6-3-21
668,C18.800x002,盲肠及升结肠恶性肿瘤,表 6-3-21
669,C18.801,降结肠乙状结肠恶性肿瘤,表 6-3-21
670,C18.802,升结肠横结肠恶性肿瘤,表 6-3-21
671,C18.803,横结肠降结肠恶性肿瘤,表 6-3-21
672,C18.900,结肠恶性肿瘤,表 6-3-21
673,C18.900x001,结肠多处恶性肿瘤,表 6-3-21
674,C18.901,结肠腺瘤恶变,表 6-3-21
675,C21.000,肛门恶性肿瘤,表 6-3-21
676,C21.100,肛管恶性肿瘤,表 6-3-21
677,C21.101,肛门括约肌恶性肿瘤,表 6-3-21
678,C21.200,泄殖腔肛源区恶性肿瘤,表 6-3-21
679,C21.800,直肠、肛门和肛管交搭跨越恶性肿瘤的损害,表 6-3-21
680,C21.801,直肠肛管恶性肿瘤,表 6-3-21
681,C21.802,直肠肛门恶性肿瘤,表 6-3-21
682,C22.000,肝细胞癌,表 6-3-21
683,C22.001,肝恶性细胞瘤,表 6-3-21
684,C22.100,肝内胆管癌,表 6-3-21
685,C22.101,胆管癌,表 6-3-21
686,C22.200,肝母细胞瘤,表 6-3-21
687,C22.300,肝血管肉瘤,表 6-3-21
688,C22.301,肝巨噬细胞肉瘤,表 6-3-21
689,C22.400,肝的其他肉瘤,表 6-3-21
690,C22.700,肝恶性肿瘤，其他特指的,表 6-3-21
691,C22.900,肝恶性肿瘤,表 6-3-21
692,C24.000,肝外胆管恶性肿瘤,表 6-3-21
693,C24.000x007,肝门胆管恶性肿瘤,表 6-3-21
694,C24.001,肝管恶性肿瘤,表 6-3-21
695,C24.002,胆管恶性肿瘤,表 6-3-21
696,C24.003,胆总管恶性肿瘤,表 6-3-21
697,C24.004,胆囊管恶性肿瘤,表 6-3-21
698,C24.100,法特壶腹恶性肿瘤,表 6-3-21
699,C24.101,法特壶腹周围恶性肿瘤,表 6-3-21
700,C24.800,胆道交搭跨越恶性肿瘤的损害,表 6-3-21
701,C24.800x001,肝内及肝外胆管恶性肿瘤,表 6-3-21
702,C24.900,胆道恶性肿瘤,表 6-3-21
703,C25.000,胰头恶性肿瘤,表 6-3-21
704,C25.100,胰体恶性肿瘤,表 6-3-21
705,C25.200,胰尾恶性肿瘤,表 6-3-21
706,C25.300,胰管恶性肿瘤,表 6-3-21
707,C25.400,胰腺内分泌的恶性肿瘤,表 6-3-21
708,C25.401,胰岛恶性肿瘤,表 6-3-21
709,C25.701,胰颈恶性肿瘤,表 6-3-21
710,C25.800x001,胰头和胰颈及胰体恶性肿瘤,表 6-3-21
711,C25.801,胰体胰尾部恶性肿瘤,表 6-3-21
712,C25.802,胰颈胰体部恶性肿瘤,表 6-3-21
713,C25.803,胰头胰颈部恶性肿瘤,表 6-3-21
714,C25.900,胰恶性肿瘤,表 6-3-21
715,C26.000,肠道部位的恶性肿瘤,表 6-3-21
716,C26.100,脾恶性肿瘤,表 6-3-21
717,C26.800,消化系统交搭跨越恶性肿瘤的损害,表 6-3-21
718,C26.800x001,小肠及结肠恶性肿瘤,表 6-3-21
719,C26.800x002,胃体及横结肠恶性肿瘤,表 6-3-21
720,C26.800x003,胆管及胆囊恶性肿瘤,表 6-3-21
721,C26.900,消化系统部位不明确的恶性肿瘤,表 6-3-21
722,C26.901,胃肠道恶性肿瘤,表 6-3-21
723,C30.000,鼻腔恶性肿瘤,表 6-3-22
724,C30.001,鼻软骨恶性肿瘤,表 6-3-22
725,C30.002,鼻甲恶性肿瘤,表 6-3-22
726,C30.003,内鼻恶性肿瘤,表 6-3-22
727,C30.004,鼻中隔恶性肿瘤,表 6-3-22
728,C30.005,鼻前庭恶性肿瘤,表 6-3-22
729,C30.100,中耳恶性肿瘤,表 6-3-22
730,C30.101,咽鼓管恶性肿瘤,表 6-3-22
731,C30.102,乳突恶性肿瘤,表 6-3-22
732,C30.103,内耳恶性肿瘤,表 6-3-22
733,C31.000,上颌窦恶性肿瘤,表 6-3-22
734,C31.100,筛窦恶性肿瘤,表 6-3-22
735,C31.200,额窦恶性肿瘤,表 6-3-22
736,C31.300,蝶窦恶性肿瘤,表 6-3-22
737,C31.800,鼻旁窦交搭跨越恶性肿瘤的损害,表 6-3-22
738,C31.801,筛窦蝶窦恶性肿瘤,表 6-3-22
739,C31.900x001,鼻窦恶性肿瘤,表 6-3-22
740,C32.000,声门恶性肿瘤,表 6-3-22
741,C32.001,声带恶性肿瘤,表 6-3-22
742,C32.100,声门上恶性肿瘤,表 6-3-22
743,C32.100x004,会厌后面(喉面)恶性肿瘤,表 6-3-22
744,C32.101,会厌恶性肿瘤,表 6-3-22
745,C32.102,喉外部恶性肿瘤,表 6-3-22
746,C32.103,假声带恶性肿瘤,表 6-3-22
747,C32.104,喉室带恶性肿瘤,表 6-3-22
748,C32.200,声门下恶性肿瘤,表 6-3-22
749,C32.300,喉软骨恶性肿瘤,表 6-3-22
750,C32.800,喉交搭跨越恶性肿瘤的损害,表 6-3-22
751,C32.900,喉恶性肿瘤,表 6-3-22
752,C34.000,主支气管恶性肿瘤,表 6-3-22
753,C34.000x002,左主支气管恶性肿瘤,表 6-3-22
754,C34.000x003,右主支气管恶性肿瘤,表 6-3-22
755,C34.001,肺门恶性肿瘤,表 6-3-22
756,C34.100x003,左肺上叶恶性肿瘤,表 6-3-22
757,C34.100x004,右肺上叶恶性肿瘤,表 6-3-22
758,C34.101,肺上叶恶性肿瘤,表 6-3-22
759,C34.102,肺上沟恶性肿瘤,表 6-3-22
760,C34.201,肺中叶恶性肿瘤,表 6-3-22
761,C34.300x003,左肺下叶恶性肿瘤,表 6-3-22
762,C34.300x004,右肺下叶恶性肿瘤,表 6-3-22
763,C34.301,肺下叶恶性肿瘤,表 6-3-22
764,C34.800,支气管和肺交搭跨越恶性肿瘤的损害,表 6-3-22
765,C34.800x001,右肺中上叶恶性肿瘤,表 6-3-22
766,C34.800x002,右肺中下叶恶性肿瘤,表 6-3-22
767,C34.800x003,左肺上下叶恶性肿瘤,表 6-3-22
768,C34.801,肺中上叶恶性肿瘤,表 6-3-22
769,C34.802,肺中下叶恶性肿瘤,表 6-3-22
770,C34.803,肺上下叶恶性肿瘤,表 6-3-22
771,C34.900x001,肺恶性肿瘤,表 6-3-22
772,C34.900x004,左肺恶性肿瘤,表 6-3-22
773,C34.900x005,右肺恶性肿瘤,表 6-3-22
774,C34.900x006,双肺恶性肿瘤,表 6-3-22
775,C34.900x008,肺多处恶性肿瘤,表 6-3-22
776,C34.901,支气管恶性肿瘤,表 6-3-22
777,C34.902,细支气管恶性肿瘤,表 6-3-22
778,C38.000,心脏恶性肿瘤,表 6-3-22
779,C38.000x004,心室恶性肿瘤,表 6-3-22
780,C38.001,心包恶性肿瘤,表 6-3-22
781,C38.002,心房恶性肿瘤,表 6-3-22
782,C38.100,前纵隔恶性肿瘤,表 6-3-22
783,C38.200,后纵隔恶性肿瘤,表 6-3-22
784,C38.300,纵隔恶性肿瘤,表 6-3-22
785,C38.400,胸膜恶性肿瘤,表 6-3-22
786,C38.400x003,胸膜脏层恶性肿瘤,表 6-3-22
787,C38.401,胸膜壁层恶性肿瘤,表 6-3-22
788,C38.800,心脏、纵隔和胸膜交搭跨越恶性肿瘤的损害,表 6-3-22
789,C39.000,上呼吸道的恶性肿瘤,表 6-3-22
790,C39.800,呼吸和胸腔内器官交搭跨越恶性肿瘤的损害,表 6-3-22
791,C39.801,"鼻腔,鼻窦恶性肿瘤",表 6-3-22
792,C39.900x001,呼吸系统恶性肿瘤,表 6-3-22
793,C40.000x006,肩关节恶性肿瘤,表 6-3-23
794,C40.001,肩胛骨恶性肿瘤,表 6-3-23
795,C40.002,肱骨恶性肿瘤,表 6-3-23
796,C40.003,尺骨恶性肿瘤,表 6-3-23
797,C40.004,桡骨恶性肿瘤,表 6-3-23
798,C40.005,肘关节恶性肿瘤,表 6-3-23
799,C40.100x006,腕关节恶性肿瘤,表 6-3-23
800,C40.100x007,手关节恶性肿瘤,表 6-3-23
801,C40.101,腕骨恶性肿瘤,表 6-3-23
802,C40.102,指骨恶性肿瘤,表 6-3-23
803,C40.103,掌骨恶性肿瘤,表 6-3-23
804,C40.200x005,膝关节恶性肿瘤,表 6-3-23
805,C40.201,股骨恶性肿瘤,表 6-3-23
806,C40.202,胫骨恶性肿瘤,表 6-3-23
807,C40.203,腓骨恶性肿瘤,表 6-3-23
808,C40.300x003,踝骨恶性肿瘤,表 6-3-23
809,C40.300x004,距骨恶性肿瘤,表 6-3-23
810,C40.300x005,跟骨恶性肿瘤,表 6-3-23
811,C40.300x009,足骨恶性肿瘤,表 6-3-23
812,C40.300x010,踝关节恶性肿瘤,表 6-3-23
813,C40.300x011,足关节恶性肿瘤,表 6-3-23
814,C40.301,髌骨恶性肿瘤,表 6-3-23
815,C40.302,跗骨恶性肿瘤,表 6-3-23
816,C40.303,趾骨恶性肿瘤,表 6-3-23
817,C40.304,跖骨恶性肿瘤,表 6-3-23
818,C40.800,四肢骨和关节软骨交搭跨越恶性肿瘤的损害,表 6-3-23
819,C40.900x001,四肢骨恶性肿瘤,表 6-3-23
820,C40.901,四肢关节软骨恶性肿瘤,表 6-3-23
821,C41.000x018,颅骨恶性肿瘤,表 6-3-23
822,C41.000x019,斜坡恶性肿瘤,表 6-3-23
823,C41.000x020,舌骨恶性肿瘤,表 6-3-23
824,C41.000x021,犁骨恶性肿瘤,表 6-3-23
825,C41.000x023,颚骨恶性肿瘤,表 6-3-23
826,C41.000x025,鼻甲骨恶性肿瘤,表 6-3-23
827,C41.000x027,颌面骨恶性肿瘤,表 6-3-23
828,C41.001,面骨恶性肿瘤,表 6-3-23
829,C41.002,额骨恶性肿瘤,表 6-3-23
830,C41.003,顶骨恶性肿瘤,表 6-3-23
831,C41.004,枕骨恶性肿瘤,表 6-3-23
832,C41.005,蝶骨恶性肿瘤,表 6-3-23
833,C41.006,筛骨恶性肿瘤,表 6-3-23
834,C41.007,颞骨恶性肿瘤,表 6-3-23
835,C41.008,眶骨恶性肿瘤,表 6-3-23
836,C41.009,鼻骨恶性肿瘤,表 6-3-23
837,C41.010,颧骨恶性肿瘤,表 6-3-23
838,C41.011,上颌骨恶性肿瘤,表 6-3-23
839,C41.012,眉弓恶性肿瘤,表 6-3-23
840,C41.100,下颌骨恶性肿瘤,表 6-3-23
841,C41.100x002,髁突恶性肿瘤,表 6-3-23
842,C41.200x005,椎骨恶性肿瘤,表 6-3-23
843,C41.201,颈椎恶性肿瘤,表 6-3-23
844,C41.202,胸椎恶性肿瘤,表 6-3-23
845,C41.203,腰椎恶性肿瘤,表 6-3-23
846,C41.300x002,锁骨恶性肿瘤,表 6-3-23
847,C41.301,胸骨恶性肿瘤,表 6-3-23
848,C41.302,肋骨恶性肿瘤,表 6-3-23
849,C41.400x008,髋关节恶性肿瘤,表 6-3-23
850,C41.400x009,髋臼恶性肿瘤,表 6-3-23
851,C41.401,盆骨恶性肿瘤,表 6-3-23
852,C41.402,髋骨恶性肿瘤,表 6-3-23
853,C41.403,骶骨恶性肿瘤,表 6-3-23
854,C41.404,耻骨恶性肿瘤,表 6-3-23
855,C41.405,尾骨恶性肿瘤,表 6-3-23
856,C41.406,髂骨恶性肿瘤,表 6-3-23
857,C41.800,骨和关节软骨交搭跨越恶性肿瘤的损害,表 6-3-23
858,C41.800x001,腰椎及骶椎恶性肿瘤,表 6-3-23
859,C41.900x001,骨恶性肿瘤,表 6-3-23
860,C41.901,关节软骨恶性肿瘤,表 6-3-23
861,C43.000,唇恶性黑色素瘤,表 6-3-24
862,C43.100x001,眼睑恶性黑色素瘤,表 6-3-24
863,C43.101,眦恶性黑色素瘤,表 6-3-24
864,C43.200x001,耳廓恶性黑色素瘤,表 6-3-24
865,C43.200x003,耳恶性黑色素瘤,表 6-3-24
866,C43.201,外耳道恶性黑色素瘤,表 6-3-24
867,C43.300,面部恶性黑色素瘤,表 6-3-24
868,C43.302,鼻恶性黑色素瘤,表 6-3-24
869,C43.400x002,头皮恶性黑色素瘤,表 6-3-24
870,C43.401,颈部恶性黑色素瘤,表 6-3-24
871,C43.500,躯干恶性黑色素瘤,表 6-3-24
872,C43.501,乳房恶性黑色素瘤,表 6-3-24
873,C43.502,胸壁恶性黑色素瘤,表 6-3-24
874,C43.503,腹壁恶性黑色素瘤,表 6-3-24
875,C43.504,腹股沟恶性黑色素瘤,表 6-3-24
876,C43.505,背部恶性黑色素瘤,表 6-3-24
877,C43.506,臀部恶性黑色素瘤,表 6-3-24
878,C43.507,肛门恶性黑色素瘤,表 6-3-24
879,C43.508,肛周恶性黑色素瘤,表 6-3-24
880,C43.600,上肢(包括肩)恶性黑色素瘤,表 6-3-24
881,C43.600x002,手指恶性黑色素瘤,表 6-3-24
882,C43.601,肩部恶性黑色素瘤,表 6-3-24
883,C43.602,上臂恶性黑色素瘤,表 6-3-24
884,C43.603,前臂恶性黑色素瘤,表 6-3-24
885,C43.604,肘部恶性黑色素瘤,表 6-3-24
886,C43.605,腕部恶性黑色素瘤,表 6-3-24
887,C43.606,手恶性黑色素瘤,表 6-3-24
888,C43.700x001,下肢恶性黑色素瘤,表 6-3-24
889,C43.701,髋恶性黑色素瘤,表 6-3-24
890,C43.702,大腿恶性黑色素瘤,表 6-3-24
891,C43.703,小腿恶性黑色素瘤,表 6-3-24
892,C43.704,膝部恶性黑色素瘤,表 6-3-24
893,C43.705,腘部恶性黑色素瘤,表 6-3-24
894,C43.706,踝部恶性黑色素瘤,表 6-3-24
895,C43.707,足部恶性黑色素瘤,表 6-3-24
896,C43.800,皮肤交搭跨越的恶性黑色素瘤,表 6-3-24
897,C43.900,皮肤恶性黑色素瘤,表 6-3-24
898,C43.900x003,恶性雀斑样痣,表 6-3-24
899,C43.901,恶性蓝痣,表 6-3-24
900,C44.000,唇皮肤恶性肿瘤,表 6-3-24
901,C44.100x002,眼睑恶性肿瘤,表 6-3-24
902,C44.100x003,内眦恶性肿瘤,表 6-3-24
903,C44.100x004,外眦恶性肿瘤,表 6-3-24
904,C44.101,眦恶性肿瘤,表 6-3-24
905,C44.102,睑板腺恶性肿瘤,表 6-3-24
906,C44.200x001,耳部皮肤恶性肿瘤,表 6-3-24
907,C44.201,外耳道皮肤恶性肿瘤,表 6-3-24
908,C44.300,面部皮肤恶性肿瘤,表 6-3-24
909,C44.300x005,颞部皮肤恶性肿瘤,表 6-3-24
910,C44.300x006,鼻翼皮肤恶性肿瘤,表 6-3-24
911,C44.302,额部皮肤恶性肿瘤,表 6-3-24
912,C44.304,鼻部皮肤恶性肿瘤,表 6-3-24
913,C44.305,颌下皮肤恶性肿瘤,表 6-3-24
914,C44.306,鼻唇沟恶性肿瘤,表 6-3-24
915,C44.307,颏部恶性肿瘤,表 6-3-24
916,C44.400x004,头皮恶性肿瘤,表 6-3-24
917,C44.401,颈部皮肤恶性肿瘤,表 6-3-24
918,C44.500,躯干皮肤恶性肿瘤,表 6-3-24
919,C44.501,乳房皮肤恶性肿瘤,表 6-3-24
920,C44.502,胸部皮肤恶性肿瘤,表 6-3-24
921,C44.503,腹部皮肤恶性肿瘤,表 6-3-24
922,C44.504,背部皮肤恶性肿瘤,表 6-3-24
923,C44.505,肩胛区皮肤恶性肿瘤,表 6-3-24
924,C44.506,臀部皮肤恶性肿瘤,表 6-3-24
925,C44.507,肛门皮肤恶性肿瘤,表 6-3-24
926,C44.508,肛周皮肤恶性肿瘤,表 6-3-24
927,C44.509,腹股沟皮肤恶性肿瘤,表 6-3-24
928,C44.600,上肢(包括肩)皮肤恶性肿瘤,表 6-3-24
929,C44.601,肩部皮肤恶性肿瘤,表 6-3-24
930,C44.602,上臂皮肤恶性肿瘤,表 6-3-24
931,C44.603,前臂皮肤恶性肿瘤,表 6-3-24
932,C44.604,肘部皮肤恶性肿瘤,表 6-3-24
933,C44.605,腕部皮肤恶性肿瘤,表 6-3-24
934,C44.606,手皮肤恶性肿瘤,表 6-3-24
935,C44.700,下肢(包括髋)皮肤恶性肿瘤,表 6-3-24
936,C44.701,髋部皮肤恶性肿瘤,表 6-3-24
937,C44.702,大腿皮肤恶性肿瘤,表 6-3-24
938,C44.703,小腿皮肤恶性肿瘤,表 6-3-24
939,C44.704,膝部皮肤恶性肿瘤,表 6-3-24
940,C44.705,腘窝皮肤恶性肿瘤,表 6-3-24
941,C44.706,踝部皮肤恶性肿瘤,表 6-3-24
942,C44.707,足皮肤恶性肿瘤,表 6-3-24
943,C44.800,皮肤交搭跨越恶性肿瘤的损害,表 6-3-24
944,C44.900,皮肤恶性肿瘤,表 6-3-24
945,C44.901,汗腺恶性肿瘤,表 6-3-24
946,C45.000,胸膜间皮瘤,表 6-3-25
947,C45.100,腹膜间皮瘤,表 6-3-25
948,C45.100x005,腹膜壁层间皮瘤,表 6-3-25
949,C45.101,肠系膜间皮瘤,表 6-3-25
950,C45.102,结肠系膜间皮瘤,表 6-3-25
951,C45.103,网膜间皮瘤,表 6-3-25
952,C45.200,心包间皮瘤,表 6-3-25
953,C45.700,间皮瘤，其他部位的,表 6-3-25
954,C45.700x002,腹膜后间皮瘤,表 6-3-25
955,C45.700x005,直肠间皮瘤,表 6-3-25
956,C45.701,肺间皮瘤,表 6-3-25
957,C45.702,纵隔间皮瘤,表 6-3-25
958,C45.703,胃间皮瘤,表 6-3-25
959,C45.704,肝间皮瘤,表 6-3-25
960,C45.705,结肠间皮瘤,表 6-3-25
961,C45.706,盆腔间皮瘤,表 6-3-25
962,C45.900,间皮瘤,表 6-3-25
963,C46.000,皮肤卡波西肉瘤,表 6-3-25
964,C46.100,软组织卡波西肉瘤,表 6-3-25
965,C46.200,腭卡波西肉瘤,表 6-3-25
966,C46.300,淋巴结卡波西肉瘤,表 6-3-25
967,C46.700,卡波西肉瘤，其他部位的,表 6-3-25
968,C46.700x001,外阴卡波西肉瘤,表 6-3-25
969,C46.701,肺卡波西肉瘤,表 6-3-25
970,C46.800,多器官的卡波西肉瘤,表 6-3-25
971,C46.900,卡波西肉瘤,表 6-3-25
972,C46.900x002,非洲型卡波西肉瘤,表 6-3-25
973,C46.900x003,经典(欧洲)型卡波西肉瘤,表 6-3-25
974,C46.900x004,同种异质移植型卡波西肉瘤,表 6-3-25
975,C47.000x001,头部周围神经和自主神经恶性肿瘤,表 6-3-25
976,C47.000x002,面部周围神经和自主神经恶性肿瘤,表 6-3-25
977,C47.000x003,颈部周围神经和自主神经恶性肿瘤,表 6-3-25
978,C47.000x004,耳部周围神经和自主神经恶性肿瘤,表 6-3-25
979,C47.000x005,颞下窝周围神经和自主神经恶性肿瘤,表 6-3-25
980,C47.000x006,翼腭窝周围神经和自主神经恶性肿瘤,表 6-3-25
981,C47.000x007,咽旁间隙周围神经和自主神经恶性肿瘤,表 6-3-25
982,C47.000x008,咽后间隙周围神经和自主神经恶性肿瘤,表 6-3-25
983,C47.000x009,眼睑周围神经和自主神经恶性肿瘤,表 6-3-25
984,C47.000x010,鼻部周围神经和自主神经恶性肿瘤,表 6-3-25
985,C47.000x011,颈丛恶性肿瘤,表 6-3-25
986,C47.100x001,上肢周围神经和自主神经恶性肿瘤,表 6-3-25
987,C47.100x004,腕周围神经和自主神经恶性肿瘤,表 6-3-25
988,C47.100x005,臂神经恶性肿瘤,表 6-3-25
989,C47.100x006,臂丛恶性肿瘤,表 6-3-25
990,C47.100x007,正中神经恶性肿瘤,表 6-3-25
991,C47.100x008,桡神经恶性肿瘤,表 6-3-25
992,C47.100x009,尺神经恶性肿瘤,表 6-3-25
993,C47.101,肩部神经恶性肿瘤,表 6-3-25
994,C47.102,手神经恶性肿瘤,表 6-3-25
995,C47.200x001,下肢周围神经和自主神经恶性肿瘤,表 6-3-25
996,C47.200x004,髂部周围神经和自主神经恶性肿瘤,表 6-3-25
997,C47.200x005,踝部周围神经和自主神经恶性肿瘤,表 6-3-25
998,C47.200x006,股神经恶性肿瘤,表 6-3-25
999,C47.200x007,闭孔神经恶性肿瘤,表 6-3-25
1000,C47.200x008,坐骨神经恶性肿瘤,表 6-3-25
1001,C47.201,髋神经恶性肿瘤,表 6-3-25
1002,C47.202,足神经恶性肿瘤,表 6-3-25
1003,C47.300,胸部周围神经恶性肿瘤,表 6-3-25
1004,C47.300x002,腋部周围神经和自主神经恶性肿瘤,表 6-3-25
1005,C47.300x003,膈部周围神经和自主神经恶性肿瘤,表 6-3-25
1006,C47.300x004,肩胛区周围神经和自主神经恶性肿瘤,表 6-3-25
1007,C47.300x005,肋间神经恶性肿瘤,表 6-3-25
1008,C47.400,腹部周围神经恶性肿瘤,表 6-3-25
1009,C47.400x002,脐部周围神经和自主神经恶性肿瘤,表 6-3-25
1010,C47.500,盆腔周围神经恶性肿瘤,表 6-3-25
1011,C47.500x001,骨盆周围神经和自主神经恶性肿瘤,表 6-3-25
1012,C47.500x002,臀部周围神经和自主神经恶性肿瘤,表 6-3-25
1013,C47.500x004,会阴周围神经和自主神经恶性肿瘤,表 6-3-25
1014,C47.500x005,骶部周围神经和自主神经恶性肿瘤,表 6-3-25
1015,C47.500x006,骶尾周围神经和自主神经恶性肿瘤,表 6-3-25
1016,C47.500x007,直肠膀胱隔周围神经和自主神经恶性肿瘤,表 6-3-25
1017,C47.500x008,直肠阴道隔周围神经和自主神经恶性肿瘤,表 6-3-25
1018,C47.500x009,直肠周围周围神经和自主神经恶性肿瘤,表 6-3-25
1019,C47.500x010,坐骨直肠窝周围神经和自主神经恶性肿瘤,表 6-3-25
1020,C47.500x012,腰骶丛恶性肿瘤,表 6-3-25
1021,C47.500x013,骶神经恶性肿瘤,表 6-3-25
1022,C47.500x014,骶丛恶性肿瘤,表 6-3-25
1023,C47.501,腹股沟神经恶性肿瘤,表 6-3-25
1024,C47.600,躯干周围神经恶性肿瘤,表 6-3-25
1025,C47.600x002,背部周围神经和自主神经恶性肿瘤,表 6-3-25
1026,C47.600x003,腰部周围神经和自主神经恶性肿瘤,表 6-3-25
1027,C47.800,周围神经和自主神经系统交搭跨越恶性肿瘤的损害,表 6-3-25
1028,C47.900,周围神经和自主神经系统恶性肿瘤,表 6-3-25
1029,C48.000,腹膜后腔恶性肿瘤,表 6-3-25
1030,C48.000x002,肾上腺周围组织恶性肿瘤,表 6-3-25
1031,C48.001,肾周恶性肿瘤,表 6-3-25
1032,C48.100,腹膜特指部位的恶性肿瘤,表 6-3-25
1033,C48.100x006,直肠子宫陷凹恶性肿瘤,表 6-3-25
1034,C48.101,肠系膜恶性肿瘤,表 6-3-25
1035,C48.102,结肠系膜恶性肿瘤,表 6-3-25
1036,C48.103,盆腔腹膜恶性肿瘤,表 6-3-25
1037,C48.104,网膜恶性肿瘤,表 6-3-25
1038,C48.105,腹膜壁层恶性肿瘤,表 6-3-25
1039,C48.200,腹膜恶性肿瘤,表 6-3-25
1040,C48.201,腹膜腔恶性肿瘤,表 6-3-25
1041,C48.800,腹膜后腔和腹膜交搭跨越恶性肿瘤的损害,表 6-3-25
1042,C49.000x004,颞部结缔组织恶性肿瘤,表 6-3-25
1043,C49.000x005,头部结缔组织恶性肿瘤,表 6-3-25
1044,C49.001,面部结缔组织和软组织恶性肿瘤,表 6-3-25
1045,C49.002,颈部结缔组织和软组织恶性肿瘤,表 6-3-25
1046,C49.003,睑结缔组织恶性肿瘤,表 6-3-25
1047,C49.004,耳部结缔组织恶性肿瘤,表 6-3-25
1048,C49.005,翼腭窝结缔组织恶性肿瘤,表 6-3-25
1049,C49.100x001,上肢结缔组织恶性肿瘤,表 6-3-25
1050,C49.100x002,上肢软组织恶性肿瘤,表 6-3-25
1051,C49.100x006,腕部结缔组织恶性肿瘤,表 6-3-25
1052,C49.101,肩结缔组织和软组织恶性肿瘤,表 6-3-25
1053,C49.102,肘结缔组织恶性肿瘤,表 6-3-25
1054,C49.103,手结缔组织恶性肿瘤,表 6-3-25
1055,C49.200x001,下肢结缔组织恶性肿瘤,表 6-3-25
1056,C49.200x002,下肢软组织恶性肿瘤,表 6-3-25
1057,C49.200x005,膝部结缔组织和软组织恶性肿瘤,表 6-3-25
1058,C49.200x006,踝部结缔组织恶性肿瘤,表 6-3-25
1059,C49.201,髋结缔组织和软组织恶性肿瘤,表 6-3-25
1060,C49.202,足结缔组织恶性肿瘤,表 6-3-25
1061,C49.300x001,横膈恶性肿瘤,表 6-3-25
1062,C49.300x002,肩胛区结缔组织恶性肿瘤,表 6-3-25
1063,C49.300x003,胸部结缔组织恶性肿瘤,表 6-3-25
1064,C49.300x006,上腔静脉恶性肿瘤,表 6-3-25
1065,C49.301,腋下结缔组织恶性肿瘤,表 6-3-25
1066,C49.302,膈结缔组织恶性肿瘤,表 6-3-25
1067,C49.400,腹部结缔组织和软组织恶性肿瘤,表 6-3-25
1068,C49.400x003,腹壁结缔组织恶性肿瘤,表 6-3-25
1069,C49.401,季肋部结缔组织恶性肿瘤,表 6-3-25
1070,C49.402,下腔静脉恶性肿瘤,表 6-3-25
1071,C49.500,盆腔结缔组织和软组织恶性肿瘤,表 6-3-25
1072,C49.500x001,骶前结缔组织恶性肿瘤,表 6-3-25
1073,C49.500x008,直肠周围结缔组织恶性肿瘤,表 6-3-25
1074,C49.501,臀部结缔组织恶性肿瘤,表 6-3-25
1075,C49.502,腹股沟结缔组织恶性肿瘤,表 6-3-25
1076,C49.503,会阴结缔组织恶性肿瘤,表 6-3-25
1077,C49.504,骶结缔组织恶性肿瘤,表 6-3-25
1078,C49.505,直肠阴道隔结缔组织恶性肿瘤,表 6-3-25
1079,C49.600,躯干结缔组织和软组织的恶性肿瘤,表 6-3-25
1080,C49.601,背部结缔组织恶性肿瘤,表 6-3-25
1081,C49.800,结缔组织和软组织交搭跨越恶性肿瘤的损害,表 6-3-25
1082,C49.900x001,结缔组织恶性肿瘤,表 6-3-25
1083,C49.900x003,软组织恶性肿瘤,表 6-3-25
1084,C49.901,淋巴管恶性肿瘤,表 6-3-25
1085,C50.000,乳头和乳晕恶性肿瘤,表 6-3-26
1086,C50.000x001,乳头恶性肿瘤,表 6-3-26
1087,C50.001,乳晕恶性肿瘤,表 6-3-26
1088,C50.100,乳房中央部恶性肿瘤,表 6-3-26
1089,C50.200,乳房上内象限恶性肿瘤,表 6-3-26
1090,C50.300,乳房下内象限恶性肿瘤,表 6-3-26
1091,C50.400,乳房上外象限恶性肿瘤,表 6-3-26
1092,C50.500,乳房下外象限恶性肿瘤,表 6-3-26
1093,C50.600,乳房腋尾部恶性肿瘤,表 6-3-26
1094,C50.800,乳房交搭跨越恶性肿瘤的损害,表 6-3-26
1095,C50.800x005,异位乳腺恶性肿瘤,表 6-3-26
1096,C50.801,乳腺恶性肿瘤，上部,表 6-3-26
1097,C50.802,乳腺恶性肿瘤，下部,表 6-3-26
1098,C50.803,乳腺恶性肿瘤，内侧,表 6-3-26
1099,C50.804,乳腺恶性肿瘤，外侧,表 6-3-26
1100,C50.900,乳房恶性肿瘤,表 6-3-26
1101,C50.900x005,双侧乳腺恶性肿瘤,表 6-3-26
1102,C50.901,男性乳腺恶性肿瘤,表 6-3-26
1103,C50.902,副乳腺恶性肿瘤,表 6-3-26
1104,C51.000,大阴唇恶性肿瘤,表 6-3-27
1105,C51.001,前庭大腺恶性肿瘤,表 6-3-27
1106,C51.100,小阴唇恶性肿瘤,表 6-3-27
1107,C51.200,阴蒂恶性肿瘤,表 6-3-27
1108,C51.800,外阴交搭跨越恶性肿瘤的损害,表 6-3-27
1109,C51.900,外阴恶性肿瘤,表 6-3-27
1110,C53.000,宫颈内膜恶性肿瘤,表 6-3-27
1111,C53.100,外宫颈恶性肿瘤,表 6-3-27
1112,C53.800,宫颈交搭跨越恶性肿瘤的损害,表 6-3-27
1113,C53.801,宫颈残端恶性肿瘤,表 6-3-27
1114,C53.900,宫颈恶性肿瘤,表 6-3-27
1115,C54.000,子宫峡部恶性肿瘤,表 6-3-27
1116,C54.001,子宫下段恶性肿瘤,表 6-3-27
1117,C54.100,子宫内膜恶性肿瘤,表 6-3-27
1118,C54.200,子宫肌层恶性肿瘤,表 6-3-27
1119,C54.300,子宫底部恶性肿瘤,表 6-3-27
1120,C54.800,子宫体交搭跨越恶性肿瘤的损害,表 6-3-27
1121,C54.900,子宫体恶性肿瘤,表 6-3-27
1122,C57.000,输卵管恶性肿瘤,表 6-3-27
1123,C57.000x002,双侧输卵管恶性肿瘤,表 6-3-27
1124,C57.100,阔韧带恶性肿瘤,表 6-3-27
1125,C57.101,卵巢冠恶性肿瘤,表 6-3-27
1126,C57.200,圆韧带恶性肿瘤,表 6-3-27
1127,C57.300,子宫旁组织恶性肿瘤,表 6-3-27
1128,C57.300x001,子宫骶骨韧带恶性肿瘤,表 6-3-27
1129,C57.301,子宫韧带恶性肿瘤,表 6-3-27
1130,C57.400,子宫附件恶性肿瘤,表 6-3-27
1131,C57.700,女性生殖器官，其他特指的恶性肿瘤,表 6-3-27
1132,C57.701,女性沃尔夫体恶性肿瘤,表 6-3-27
1133,C57.702,女性沃尔夫管恶性肿瘤,表 6-3-27
1134,C57.800x004,子宫颈及阴道恶性肿瘤,表 6-3-27
1135,C57.800x005,子宫及输卵管恶性肿瘤,表 6-3-27
1136,C57.801,输卵管卵巢恶性肿瘤,表 6-3-27
1137,C57.802,子宫卵巢恶性肿瘤,表 6-3-27
1138,C57.803,阴道外阴恶性肿瘤,表 6-3-27
1139,C57.900,女性生殖器官恶性肿瘤,表 6-3-27
1140,C60.000,包皮恶性肿瘤,表 6-3-28
1141,C60.100,阴茎头恶性肿瘤,表 6-3-28
1142,C60.200,阴茎体恶性肿瘤,表 6-3-28
1143,C60.201,海绵体恶性肿瘤,表 6-3-28
1144,C60.800,阴茎交搭跨越恶性肿瘤的损害,表 6-3-28
1145,C60.900,阴茎恶性肿瘤,表 6-3-28
1146,C60.901,阴茎皮肤恶性肿瘤,表 6-3-28
1147,C62.000,睾丸未降部的恶性肿瘤,表 6-3-28
1148,C62.001,异位睾丸恶性肿瘤,表 6-3-28
1149,C62.100,睾丸下降部的恶性肿瘤,表 6-3-28
1150,C62.900,睾丸恶性肿瘤,表 6-3-28
1151,C62.901,男性绒毛膜癌,表 6-3-28
1152,C63.000,附睾恶性肿瘤,表 6-3-28
1153,C63.100,精索恶性肿瘤,表 6-3-28
1154,C63.200,阴囊恶性肿瘤,表 6-3-28
1155,C63.201,阴囊皮肤恶性肿瘤,表 6-3-28
1156,C63.700,男性生殖器官，其他特指的恶性肿瘤,表 6-3-28
1157,C63.701,精囊恶性肿瘤,表 6-3-28
1158,C63.702,鞘膜恶性肿瘤,表 6-3-28
1159,C63.800,男性生殖器官交搭跨越恶性肿瘤的损害,表 6-3-28
1160,C63.801,阴茎阴囊恶性肿瘤,表 6-3-28
1161,C63.900,男性生殖器官恶性肿瘤,表 6-3-28
1162,C67.000,膀胱三角区恶性肿瘤,表 6-3-29
1163,C67.100,膀胱顶恶性肿瘤,表 6-3-29
1164,C67.200,膀胱侧壁恶性肿瘤,表 6-3-29
1165,C67.300,膀胱前壁恶性肿瘤,表 6-3-29
1166,C67.400,膀胱后壁恶性肿瘤,表 6-3-29
1167,C67.500,膀胱颈恶性肿瘤,表 6-3-29
1168,C67.501,尿道内口恶性肿瘤,表 6-3-29
1169,C67.600,输尿管口恶性肿瘤,表 6-3-29
1170,C67.700,脐尿管恶性肿瘤,表 6-3-29
1171,C67.800,膀胱交搭跨越恶性肿瘤的损害,表 6-3-29
1172,C67.900,膀胱恶性肿瘤,表 6-3-29
1173,C67.900x002,膀胱多处恶性肿瘤,表 6-3-29
1174,C68.000,尿道恶性肿瘤,表 6-3-29
1175,C68.100,尿道旁腺恶性肿瘤,表 6-3-29
1176,C68.800,泌尿器官交搭跨越恶性肿瘤的损害,表 6-3-29
1177,C68.800x003,膀胱和尿道及前列腺恶性肿瘤,表 6-3-29
1178,C68.801,肾输尿管恶性肿瘤,表 6-3-29
1179,C68.802,肾盂膀胱恶性肿瘤,表 6-3-29
1180,C68.803,膀胱尿道恶性肿瘤,表 6-3-29
1181,C68.804,输尿管膀胱恶性肿瘤,表 6-3-29
1182,C68.805,肾盂输尿管恶性肿瘤,表 6-3-29
1183,C68.900,泌尿器官恶性肿瘤,表 6-3-29
1184,C69.000x001,结膜恶性肿瘤,表 6-3-30
1185,C69.100,角膜恶性肿瘤,表 6-3-30
1186,C69.200,视网膜恶性肿瘤,表 6-3-30
1187,C69.300,脉络膜恶性肿瘤,表 6-3-30
1188,C69.400,睫状体恶性肿瘤,表 6-3-30
1189,C69.400x005,虹膜恶性肿瘤,表 6-3-30
1190,C69.401,葡萄膜恶性肿瘤,表 6-3-30
1191,C69.500x003,泪管恶性肿瘤,表 6-3-30
1192,C69.501,泪腺恶性肿瘤,表 6-3-30
1193,C69.502,泪囊恶性肿瘤,表 6-3-30
1194,C69.503,鼻泪管恶性肿瘤,表 6-3-30
1195,C69.600,眶恶性肿瘤,表 6-3-30
1196,C69.600x001,眶内恶性肿瘤,表 6-3-30
1197,C69.601,眶结缔组织恶性肿瘤,表 6-3-30
1198,C69.602,眶周神经恶性肿瘤,表 6-3-30
1199,C69.603,眼外肌恶性肿瘤,表 6-3-30
1200,C69.604,眼球后组织恶性肿瘤,表 6-3-30
1201,C69.800,眼和附器交搭跨越恶性肿瘤的损害,表 6-3-30
1202,C69.900,眼恶性肿瘤,表 6-3-30
1203,C69.900x001,眼内恶性肿瘤,表 6-3-30
1204,C69.901,眼球恶性肿瘤,表 6-3-30
1205,C70.000,脑膜恶性肿瘤,表 6-3-30
1206,C70.000x002,硬脑膜恶性肿瘤,表 6-3-30
1207,C70.100x001,脊膜恶性肿瘤,表 6-3-30
1208,C70.100x003,硬脊膜恶性肿瘤,表 6-3-30
1209,C70.900,脑脊膜恶性肿瘤,表 6-3-30
1210,C70.901,硬膜下恶性肿瘤,表 6-3-30
1211,C71.000,大脑(除外脑叶和脑室)恶性肿瘤,表 6-3-30
1212,C71.000x001,下丘脑恶性肿瘤,表 6-3-30
1213,C71.000x004,岛叶恶性肿瘤,表 6-3-30
1214,C71.000x006,基底节恶性肿瘤,表 6-3-30
1215,C71.000x007,脑白质恶性肿瘤,表 6-3-30
1216,C71.001,幕上恶性肿瘤,表 6-3-30
1217,C71.002,丘脑恶性肿瘤,表 6-3-30
1218,C71.003,胼胝体恶性肿瘤,表 6-3-30
1219,C71.100,额叶恶性肿瘤,表 6-3-30
1220,C71.200,颞叶恶性肿瘤,表 6-3-30
1221,C71.300,顶叶恶性肿瘤,表 6-3-30
1222,C71.400,枕叶恶性肿瘤,表 6-3-30
1223,C71.500,脑室恶性肿瘤,表 6-3-30
1224,C71.500x003,侧脑室恶性肿瘤,表 6-3-30
1225,C71.500x004,第三脑室恶性肿瘤,表 6-3-30
1226,C71.501,脉络丛恶性肿瘤,表 6-3-30
1227,C71.600,小脑恶性肿瘤,表 6-3-30
1228,C71.601,小脑蚓部恶性肿瘤,表 6-3-30
1229,C71.602,小脑扁桃体恶性肿瘤,表 6-3-30
1230,C71.700,脑干恶性肿瘤,表 6-3-30
1231,C71.701,脑桥恶性肿瘤,表 6-3-30
1232,C71.702,延髓恶性肿瘤,表 6-3-30
1233,C71.703,第四脑室恶性肿瘤,表 6-3-30
1234,C71.704,幕下恶性肿瘤,表 6-3-30
1235,C71.705,中脑恶性肿瘤,表 6-3-30
1236,C71.800,脑交搭跨越恶性肿瘤的损害,表 6-3-30
1237,C71.800x006,额颞岛叶恶性肿瘤,表 6-3-30
1238,C71.800x007,额叶和丘脑及胼胝体恶性肿瘤,表 6-3-30
1239,C71.800x008,大脑皮层多处恶性肿瘤,表 6-3-30
1240,C71.801,额顶叶恶性肿瘤,表 6-3-30
1241,C71.802,额颞顶叶恶性肿瘤,表 6-3-30
1242,C71.803,顶枕叶恶性肿瘤,表 6-3-30
1243,C71.804,顶颞叶恶性肿瘤,表 6-3-30
1244,C71.805,颞顶枕叶恶性肿瘤,表 6-3-30
1245,C71.806,额颞叶恶性肿瘤,表 6-3-30
1246,C71.807,颞叶脑岛恶性肿瘤,表 6-3-30
1247,C71.808,颞枕叶恶性肿瘤,表 6-3-30
1248,C71.809,脑桥小脑角恶性肿瘤,表 6-3-30
1249,C71.900,脑恶性肿瘤,表 6-3-30
1250,C71.900x001,蝶鞍上恶性肿瘤,表 6-3-30
1251,C71.900x002,颅内恶性肿瘤,表 6-3-30
1252,C71.900x005,颅前窝恶性肿瘤,表 6-3-30
1253,C71.900x006,颅底恶性肿瘤,表 6-3-30
1254,C71.900x007,颅中窝恶性肿瘤,表 6-3-30
1255,C71.900x008,颅后窝恶性肿瘤,表 6-3-30
1256,C71.900x009,翼腭窝恶性肿瘤,表 6-3-30
1257,C71.900x010,颞下窝恶性肿瘤,表 6-3-30
1258,C71.901,鞍上区恶性肿瘤,表 6-3-30
1259,C71.902,蝶鞍区恶性肿瘤,表 6-3-30
1260,C71.903,颅底交通性恶性肿瘤,表 6-3-30
1261,C72.000,脊髓恶性肿瘤,表 6-3-30
1262,C72.000x006,骶髓恶性肿瘤,表 6-3-30
1263,C72.001,脊髓颈段恶性肿瘤,表 6-3-30
1264,C72.002,脊髓圆锥恶性肿瘤,表 6-3-30
1265,C72.003,脊髓胸段恶性肿瘤,表 6-3-30
1266,C72.004,脊髓腰段恶性肿瘤,表 6-3-30
1267,C72.100,马尾恶性肿瘤,表 6-3-30
1268,C72.200,嗅神经恶性肿瘤,表 6-3-30
1269,C72.201,嗅球恶性肿瘤,表 6-3-30
1270,C72.300,视神经恶性肿瘤,表 6-3-30
1271,C72.400,听神经恶性肿瘤,表 6-3-30
1272,C72.500,脑神经恶性肿瘤,表 6-3-30
1273,C72.501,动眼神经恶性肿瘤,表 6-3-30
1274,C72.502,滑车神经恶性肿瘤,表 6-3-30
1275,C72.503,三叉神经恶性肿瘤,表 6-3-30
1276,C72.504,展神经恶性肿瘤,表 6-3-30
1277,C72.505,面神经恶性肿瘤,表 6-3-30
1278,C72.506,前庭蜗神经恶性肿瘤,表 6-3-30
1279,C72.507,舌咽神经恶性肿瘤,表 6-3-30
1280,C72.508,迷走神经恶性肿瘤,表 6-3-30
1281,C72.509,副神经恶性肿瘤,表 6-3-30
1282,C72.510,舌下神经恶性肿瘤,表 6-3-30
1283,C72.800,脑和中枢神经系统其他部位交搭跨越恶性肿瘤的损害,表 6-3-30
1284,C72.800x001,颅眶沟通恶性肿瘤,表 6-3-30
1285,C72.800x002,颅底沟通恶性肿瘤,表 6-3-30
1286,C72.800x003,颅鼻眶沟通恶性肿瘤,表 6-3-30
1287,C72.900,中枢神经系统恶性肿瘤,表 6-3-30
1288,C72.900x004,椎管内恶性肿瘤,表 6-3-30
1289,C72.900x005,蝶鞍旁恶性肿瘤,表 6-3-30
1290,C72.900x006,颈静脉孔区恶性肿瘤,表 6-3-30
1291,C72.901,硬膜外恶性肿瘤,表 6-3-30
1292,C74.000,肾上腺皮质恶性肿瘤,表 6-3-31
1293,C74.100,肾上腺髓质恶性肿瘤,表 6-3-31
1294,C74.900,肾上腺恶性肿瘤,表 6-3-31
1295,C75.000,甲状旁腺恶性肿瘤,表 6-3-31
1296,C75.100,垂体恶性肿瘤,表 6-3-31
1297,C75.200,颅咽管恶性肿瘤,表 6-3-31
1298,C75.300,松果体恶性肿瘤,表 6-3-31
1299,C75.400,颈动脉体恶性肿瘤,表 6-3-31
1300,C75.500x001,主动脉体恶性肿瘤,表 6-3-31
1301,C75.501,节旁体恶性肿瘤,表 6-3-31
1302,C75.800,累及多个腺体的恶性肿瘤,表 6-3-31
1303,C75.900,内分泌腺恶性肿瘤,表 6-3-31
1304,C76.000x002,头部恶性肿瘤,表 6-3-32
1305,C76.000x007,颌下恶性肿瘤,表 6-3-32
1306,C76.001,面部恶性肿瘤,表 6-3-32
1307,C76.002,颈部恶性肿瘤,表 6-3-32
1308,C76.003,颊恶性肿瘤,表 6-3-32
1309,C76.004,鼻恶性肿瘤,表 6-3-32
1310,C76.005,颔下恶性肿瘤,表 6-3-32
1311,C76.006,颏下恶性肿瘤,表 6-3-32
1312,C76.100,胸部恶性肿瘤,表 6-3-32
1313,C76.100x003,胸腔恶性肿瘤,表 6-3-32
1314,C76.101,腋恶性肿瘤,表 6-3-32
1315,C76.200,腹部恶性肿瘤,表 6-3-32
1316,C76.200x002,髂窝恶性肿瘤,表 6-3-32
1317,C76.300,盆腔恶性肿瘤,表 6-3-32
1318,C76.300x001,骶前恶性肿瘤,表 6-3-32
1319,C76.300x009,骨盆恶性肿瘤,表 6-3-32
1320,C76.301,膀胱直肠隔恶性肿瘤,表 6-3-32
1321,C76.302,骶恶性肿瘤,表 6-3-32
1322,C76.303,会阴部恶性肿瘤,表 6-3-32
1323,C76.304,腹股沟恶性肿瘤,表 6-3-32
1324,C76.305,骶尾部恶性肿瘤,表 6-3-32
1325,C76.306,臀部恶性肿瘤,表 6-3-32
1326,C76.307,直肠阴道隔恶性肿瘤,表 6-3-32
1327,C76.400,上肢恶性肿瘤,表 6-3-32
1328,C76.401,肩恶性肿瘤,表 6-3-32
1329,C76.402,手部恶性肿瘤,表 6-3-32
1330,C76.500,下肢恶性肿瘤,表 6-3-32
1331,C76.501,髋恶性肿瘤,表 6-3-32
1332,C76.502,腘窝恶性肿瘤,表 6-3-32
1333,C76.503,足恶性肿瘤,表 6-3-32
1334,C76.700,"恶性肿瘤,其他不明确部位的",表 6-3-32
1335,C76.700x002,腰部恶性肿瘤,表 6-3-32
1336,C76.701,躯干部恶性肿瘤,表 6-3-32
1337,C76.702,背部恶性肿瘤,表 6-3-32
1338,C76.800,交搭跨越恶性肿瘤的损害，其他和不明确部位的,表 6-3-32
1339,C76.801,不明确部位交搭跨越恶性肿瘤,表 6-3-32
1340,C77.000x005,头部淋巴结继发恶性肿瘤,表 6-3-32
1341,C77.001,面部淋巴结继发恶性肿瘤,表 6-3-32
1342,C77.002,颈部淋巴结继发恶性肿瘤,表 6-3-32
1343,C77.003,颏下淋巴结继发恶性肿瘤,表 6-3-32
1344,C77.004,颌下淋巴结继发恶性肿瘤,表 6-3-32
1345,C77.005,腮腺淋巴结继发恶性肿瘤,表 6-3-32
1346,C77.006,耳淋巴结继发恶性肿瘤,表 6-3-32
1347,C77.007,锁骨上淋巴结继发恶性肿瘤,表 6-3-32
1348,C77.008,气管食管沟淋巴结继发恶性肿瘤,表 6-3-32
1349,C77.100,胸腔内淋巴结继发性的恶性肿瘤,表 6-3-32
1350,C77.100x004,支气管淋巴结继发恶性肿瘤,表 6-3-32
1351,C77.101,胸骨旁淋巴结继发恶性肿瘤,表 6-3-32
1352,C77.102,肺门淋巴结继发恶性肿瘤,表 6-3-32
1353,C77.103,纵隔淋巴结继发恶性肿瘤,表 6-3-32
1354,C77.104,气管淋巴结继发恶性肿瘤,表 6-3-32
1355,C77.105,气管支气管淋巴结继发恶性肿瘤,表 6-3-32
1356,C77.106,食管淋巴结继发恶性肿瘤,表 6-3-32
1357,C77.107,膈淋巴结继发恶性肿瘤,表 6-3-32
1358,C77.200,腹腔内淋巴结继发性的恶性肿瘤,表 6-3-32
1359,C77.200x001,贲门淋巴结继发恶性肿瘤,表 6-3-32
1360,C77.201,胃淋巴结继发恶性肿瘤,表 6-3-32
1361,C77.202,脾淋巴结继发恶性肿瘤,表 6-3-32
1362,C77.203,肝淋巴结继发恶性肿瘤,表 6-3-32
1363,C77.204,胰淋巴结继发恶性肿瘤,表 6-3-32
1364,C77.205,腹膜后淋巴结继发恶性肿瘤,表 6-3-32
1365,C77.206,主动脉旁淋巴结继发恶性肿瘤,表 6-3-32
1366,C77.207,肠系膜淋巴结继发恶性肿瘤,表 6-3-32
1367,C77.208,肠周淋巴结继发恶性肿瘤,表 6-3-32
1368,C77.300,腋下和上肢淋巴结继发性的恶性肿瘤,表 6-3-32
1369,C77.300x001,腋窝淋巴结继发恶性肿瘤,表 6-3-32
1370,C77.300x003,肱骨内上髁淋巴结继发恶性肿瘤,表 6-3-32
1371,C77.301,腋下淋巴结继发恶性肿瘤,表 6-3-32
1372,C77.302,锁骨下淋巴结继发恶性肿瘤,表 6-3-32
1373,C77.303,胸壁淋巴结继发恶性肿瘤,表 6-3-32
1374,C77.400x001,腹股沟淋巴结继发恶性肿瘤,表 6-3-32
1375,C77.401,下肢淋巴结继发恶性肿瘤,表 6-3-32
1376,C77.500,盆腔内淋巴结继发性的恶性肿瘤,表 6-3-32
1377,C77.500x003,子宫旁淋巴结继发恶性肿瘤,表 6-3-32
1378,C77.501,髂淋巴结继发恶性肿瘤,表 6-3-32
1379,C77.502,骶骨淋巴结继发恶性肿瘤,表 6-3-32
1380,C77.503,耻骨联合前淋巴结继发恶性肿瘤,表 6-3-32
1381,C77.800,多个部位淋巴结继发性的恶性肿瘤,表 6-3-32
1382,C77.900,淋巴结恶性肿瘤,表 6-3-32
1383,C77.900x001,淋巴结继发恶性肿瘤,表 6-3-32
1384,C78.000,肺部继发性恶性肿瘤,表 6-3-32
1385,C78.000x003,支气管软骨继发恶性肿瘤,表 6-3-32
1386,C78.001,支气管继发恶性肿瘤,表 6-3-32
1387,C78.002,主支气管继发恶性肿瘤,表 6-3-32
1388,C78.003,气管支气管继发恶性肿瘤,表 6-3-32
1389,C78.100,纵隔继发性恶性肿瘤,表 6-3-32
1390,C78.200,胸膜继发性恶性肿瘤,表 6-3-32
1391,C78.201,恶性胸腔积液,表 6-3-32
1392,C78.300x004,咽鼓管继发恶性肿瘤,表 6-3-32
1393,C78.300x005,上颌窦继发恶性肿瘤,表 6-3-32
1394,C78.300x006,声带继发恶性肿瘤,表 6-3-32
1395,C78.300x008,乳突继发恶性肿瘤,表 6-3-32
1396,C78.300x010,会厌继发恶性肿瘤,表 6-3-32
1397,C78.301,鼻窦继发恶性肿瘤,表 6-3-32
1398,C78.302,鼻腔继发恶性肿瘤,表 6-3-32
1399,C78.303,中耳继发恶性肿瘤,表 6-3-32
1400,C78.304,气管继发恶性肿瘤,表 6-3-32
1401,C78.305,喉继发恶性肿瘤,表 6-3-32
1402,C78.306,呼吸器官继发恶性肿瘤,表 6-3-32
1403,C78.400,小肠继发性恶性肿瘤,表 6-3-32
1404,C78.401,十二指肠继发恶性肿瘤,表 6-3-32
1405,C78.402,空肠继发恶性肿瘤,表 6-3-32
1406,C78.403,回肠继发恶性肿瘤,表 6-3-32
1407,C78.500x004,乙状结肠继发恶性肿瘤,表 6-3-32
1408,C78.500x006,直肠乙状结肠连接部继发恶性肿瘤,表 6-3-32
1409,C78.500x008,肛门继发恶性肿瘤,表 6-3-32
1410,C78.501,直肠继发恶性肿瘤,表 6-3-32
1411,C78.502,盲肠继发恶性肿瘤,表 6-3-32
1412,C78.503,阑尾继发恶性肿瘤,表 6-3-32
1413,C78.504,结肠继发恶性肿瘤,表 6-3-32
1414,C78.505,肛管继发恶性肿瘤,表 6-3-32
1415,C78.600x004,腹膜继发恶性肿瘤,表 6-3-32
1416,C78.601,腹膜后继发恶性肿瘤,表 6-3-32
1417,C78.602,大网膜继发恶性肿瘤,表 6-3-32
1418,C78.603,肠系膜继发恶性肿瘤,表 6-3-32
1419,C78.604,恶性腹水,表 6-3-32
1420,C78.605,道格拉斯陷凹继发恶性肿瘤,表 6-3-32
1421,C78.700,肝部和肝内胆管继发性恶性肿瘤,表 6-3-32
1422,C78.800x005,胃肠道继发恶性肿瘤,表 6-3-32
1423,C78.800x009,胰头继发恶性肿瘤,表 6-3-32
1424,C78.800x010,胃底继发恶性肿瘤,表 6-3-32
1425,C78.800x013,胃食管连接部继发恶性肿瘤,表 6-3-32
1426,C78.800x014,贲门食管连接部继发恶性肿瘤,表 6-3-32
1427,C78.801,食管继发恶性肿瘤,表 6-3-32
1428,C78.802,胃继发恶性肿瘤,表 6-3-32
1429,C78.803,贲门继发恶性肿瘤,表 6-3-32
1430,C78.804,壶腹继发恶性肿瘤,表 6-3-32
1431,C78.805,脾继发恶性肿瘤,表 6-3-32
1432,C78.806,胰腺继发恶性肿瘤,表 6-3-32
1433,C78.807,胆囊继发恶性肿瘤,表 6-3-32
1434,C78.808,胆管继发恶性肿瘤,表 6-3-32
1435,C78.809,消化器官继发性恶性肿瘤,表 6-3-32
1436,C79.000x001,肾继发恶性肿瘤,表 6-3-32
1437,C79.001,肾盂继发恶性肿瘤,表 6-3-32
1438,C79.100x002,泌尿系统继发恶性肿瘤,表 6-3-32
1439,C79.101,膀胱继发恶性肿瘤,表 6-3-32
1440,C79.102,输尿管继发恶性肿瘤,表 6-3-32
1441,C79.103,尿道继发恶性肿瘤,表 6-3-32
1442,C79.200,皮肤继发性恶性肿瘤,表 6-3-32
1443,C79.200x001,腹壁皮肤继发恶性肿瘤,表 6-3-32
1444,C79.200x002,眼睑继发恶性肿瘤,表 6-3-32
1445,C79.200x005,臀部皮肤继发恶性肿瘤,表 6-3-32
1446,C79.200x006,颌部皮肤继发恶性肿瘤,表 6-3-32
1447,C79.200x007,乳房皮肤继发恶性肿瘤,表 6-3-32
1448,C79.200x008,颏部皮肤继发恶性肿瘤,表 6-3-32
1449,C79.201,头部皮肤继发恶性肿瘤,表 6-3-32
1450,C79.202,面部皮肤继发恶性肿瘤,表 6-3-32
1451,C79.203,颈部皮肤继发恶性肿瘤,表 6-3-32
1452,C79.204,躯干皮肤继发恶性肿瘤,表 6-3-32
1453,C79.205,四肢皮肤继发恶性肿瘤,表 6-3-32
1454,C79.300,脑和脑膜继发性恶性肿瘤,表 6-3-32
1455,C79.300x002,脑继发恶性肿瘤,表 6-3-32
1456,C79.300x006,颅窝继发恶性肿瘤,表 6-3-32
1457,C79.300x011,颅内继发恶性肿瘤,表 6-3-32
1458,C79.300x012,颅内静脉窦继发恶性肿瘤,表 6-3-32
1459,C79.300x013,颈静脉孔区继发恶性肿瘤,表 6-3-32
1460,C79.300x016,脑白质继发恶性肿瘤,表 6-3-32
1461,C79.300x017,硬脑膜下继发恶性肿瘤,表 6-3-32
1462,C79.300x018,岛叶继发恶性肿瘤,表 6-3-32
1463,C79.300x019,侧脑室继发恶性肿瘤,表 6-3-32
1464,C79.300x020,第三脑室继发恶性肿瘤,表 6-3-32
1465,C79.300x021,基底节继发恶性肿瘤,表 6-3-32
1466,C79.300x023,胼胝体继发恶性肿瘤,表 6-3-32
1467,C79.300x024,中脑继发恶性肿瘤,表 6-3-32
1468,C79.300x025,脑桥继发恶性肿瘤,表 6-3-32
1469,C79.300x026,延髓继发恶性肿瘤,表 6-3-32
1470,C79.300x027,第四脑室继发恶性肿瘤,表 6-3-32
1471,C79.300x028,小脑幕上继发恶性肿瘤,表 6-3-32
1472,C79.300x029,小脑幕下继发恶性肿瘤,表 6-3-32
1473,C79.300x030,癌性脑膜炎,表 6-3-32
1474,C79.300x031,颅底继发恶性肿瘤,表 6-3-32
1475,C79.300x032,颅前窝继发恶性肿瘤,表 6-3-32
1476,C79.300x033,颅中窝继发恶性肿瘤,表 6-3-32
1477,C79.300x034,颅后窝继发恶性肿瘤,表 6-3-32
1478,C79.301,脑膜继发恶性肿瘤,表 6-3-32
1479,C79.302,大脑继发恶性肿瘤,表 6-3-32
1480,C79.303,额叶继发恶性肿瘤,表 6-3-32
1481,C79.304,顶叶继发恶性肿瘤,表 6-3-32
1482,C79.305,枕叶继发恶性肿瘤,表 6-3-32
1483,C79.306,颞叶继发恶性肿瘤,表 6-3-32
1484,C79.307,脑岛继发恶性肿瘤,表 6-3-32
1485,C79.308,海马回继发恶性肿瘤,表 6-3-32
1486,C79.309,小脑继发恶性肿瘤,表 6-3-32
1487,C79.310,脑干继发恶性肿瘤,表 6-3-32
1488,C79.311,丘脑继发恶性肿瘤,表 6-3-32
1489,C79.400x012,硬膜外继发恶性肿瘤,表 6-3-32
1490,C79.400x013,椎管内继发恶性肿瘤,表 6-3-32
1491,C79.400x014,泪管继发恶性肿瘤,表 6-3-32
1492,C79.400x018,马尾继发恶性肿瘤,表 6-3-32
1493,C79.400x019,上肢周围神经继发恶性肿瘤,表 6-3-32
1494,C79.400x020,下肢周围神经继发恶性肿瘤,表 6-3-32
1495,C79.400x021,交感神经继发恶性肿瘤,表 6-3-32
1496,C79.400x022,周围神经继发恶性肿瘤,表 6-3-32
1497,C79.401,中枢神经系统继发恶性肿瘤,表 6-3-32
1498,C79.402,脑神经继发恶性肿瘤,表 6-3-32
1499,C79.403,脊髓继发恶性肿瘤,表 6-3-32
1500,C79.404,脊膜继发恶性肿瘤,表 6-3-32
1501,C79.405,眼继发恶性肿瘤,表 6-3-32
1502,C79.406,眶内继发恶性肿瘤,表 6-3-32
1503,C79.407,眼球继发恶性肿瘤,表 6-3-32
1504,C79.408,眼外肌继发恶性肿瘤,表 6-3-32
1505,C79.409,脉络膜继发恶性肿瘤,表 6-3-32
1506,C79.500x001,骨继发恶性肿瘤,表 6-3-32
1507,C79.500x004,上颌骨继发恶性肿瘤,表 6-3-32
1508,C79.500x006,椎体继发恶性肿瘤,表 6-3-32
1509,C79.500x007,斜坡继发恶性肿瘤,表 6-3-32
1510,C79.500x008,指骨继发恶性肿瘤,表 6-3-32
1511,C79.500x009,髂骨继发恶性肿瘤,表 6-3-32
1512,C79.500x010,股骨继发恶性肿瘤,表 6-3-32
1513,C79.500x011,关节继发恶性肿瘤,表 6-3-32
1514,C79.500x012,桡骨继发恶性肿瘤,表 6-3-32
1515,C79.500x013,胸骨继发恶性肿瘤,表 6-3-32
1516,C79.500x016,眶骨继发恶性肿瘤,表 6-3-32
1517,C79.500x021,肋骨继发恶性肿瘤,表 6-3-32
1518,C79.500x022,锁骨继发恶性肿瘤,表 6-3-32
1519,C79.500x024,盆骨继发恶性肿瘤,表 6-3-32
1520,C79.500x025,骶骨继发恶性肿瘤,表 6-3-32
1521,C79.500x026,尾骨继发恶性肿瘤,表 6-3-32
1522,C79.500x028,舌骨继发恶性肿瘤,表 6-3-32
1523,C79.500x030,颈椎继发恶性肿瘤,表 6-3-32
1524,C79.500x031,胸椎继发恶性肿瘤,表 6-3-32
1525,C79.500x032,腰椎继发恶性肿瘤,表 6-3-32
1526,C79.501,骨髓继发恶性肿瘤,表 6-3-32
1527,C79.502,颅骨继发恶性肿瘤,表 6-3-32
1528,C79.503,面骨继发恶性肿瘤,表 6-3-32
1529,C79.504,颌骨继发恶性肿瘤,表 6-3-32
1530,C79.505,下颌骨继发恶性肿瘤,表 6-3-32
1531,C79.506,躯干骨继发恶性肿瘤,表 6-3-32
1532,C79.507,上肢骨继发恶性肿瘤,表 6-3-32
1533,C79.508,下肢骨继发恶性肿瘤,表 6-3-32
1534,C79.509,脊柱继发恶性肿瘤,表 6-3-32
1535,C79.600,卵巢继发性恶性肿瘤,表 6-3-32
1536,C79.700,肾上腺继发性恶性肿瘤,表 6-3-32
1537,C79.800x202,输卵管继发恶性肿瘤,表 6-3-32
1538,C79.800x205,子宫角继发恶性肿瘤,表 6-3-32
1539,C79.800x206,子宫体继发恶性肿瘤,表 6-3-32
1540,C79.800x209,子宫颈继发恶性肿瘤,表 6-3-32
1541,C79.800x211,子宫旁继发恶性肿瘤,表 6-3-32
1542,C79.800x213,子宫下段继发恶性肿瘤,表 6-3-32
1543,C79.800x214,子宫韧带继发恶性肿瘤,表 6-3-32
1544,C79.800x215,子宫圆韧带继发恶性肿瘤,表 6-3-32
1545,C79.800x216,子宫阔韧带继发恶性肿瘤,表 6-3-32
1546,C79.800x218,子宫卵巢韧带继发恶性肿瘤,表 6-3-32
1547,C79.800x219,子宫骶骨韧带继发恶性肿瘤,表 6-3-32
1548,C79.800x220,子宫内膜继发恶性肿瘤,表 6-3-32
1549,C79.800x222,子宫附件继发恶性肿瘤,表 6-3-32
1550,C79.800x223,子宫肌层继发恶性肿瘤,表 6-3-32
1551,C79.800x228,生殖器官继发恶性肿瘤,表 6-3-32
1552,C79.800x231,精索继发恶性肿瘤,表 6-3-32
1553,C79.800x233,附睾继发恶性肿瘤,表 6-3-32
1554,C79.800x804,躯干继发恶性肿瘤,表 6-3-32
1555,C79.800x806,头部继发恶性肿瘤,表 6-3-32
1556,C79.800x807,心包继发恶性肿瘤,表 6-3-32
1557,C79.800x809,胸壁继发恶性肿瘤,表 6-3-32
1558,C79.800x811,腋下继发恶性肿瘤,表 6-3-32
1559,C79.800x812,颌部继发恶性肿瘤,表 6-3-32
1560,C79.800x813,锁骨上继发恶性肿瘤,表 6-3-32
1561,C79.800x816,臀部继发恶性肿瘤,表 6-3-32
1562,C79.800x817,下肢继发恶性肿瘤,表 6-3-32
1563,C79.800x818,骶尾区继发恶性肿瘤,表 6-3-32
1564,C79.800x819,腹主动脉继发恶性肿瘤,表 6-3-32
1565,C79.800x824,悬雍垂继发恶性肿瘤,表 6-3-32
1566,C79.800x825,腭部继发恶性肿瘤,表 6-3-32
1567,C79.800x826,臼齿后区继发恶性肿瘤,表 6-3-32
1568,C79.800x828,鼻咽继发恶性肿瘤,表 6-3-32
1569,C79.800x829,胸腺继发恶性肿瘤,表 6-3-32
1570,C79.800x830,血管继发恶性肿瘤,表 6-3-32
1571,C79.800x831,皮下继发恶性肿瘤,表 6-3-32
1572,C79.800x833,面部继发恶性肿瘤,表 6-3-32
1573,C79.800x834,腹股沟继发恶性肿瘤,表 6-3-32
1574,C79.800x835,上肢继发恶性肿瘤,表 6-3-32
1575,C79.800x836,肌肉继发恶性肿瘤,表 6-3-32
1576,C79.800x837,鞘膜继发恶性肿瘤,表 6-3-32
1577,C79.800x838,胸导管继发恶性肿瘤,表 6-3-32
1578,C79.800x839,松果体继发恶性肿瘤,表 6-3-32
1579,C79.800x840,唇部继发恶性肿瘤,表 6-3-32
1580,C79.800x843,齿龈继发恶性肿瘤,表 6-3-32
1581,C79.800x844,颊黏膜继发恶性肿瘤,表 6-3-32
1582,C79.800x845,颊龈沟继发恶性肿瘤,表 6-3-32
1583,C79.800x847,髂窝继发恶性肿瘤,表 6-3-32
1584,C79.800x862,癌性淋巴管炎,表 6-3-32
1585,C79.800x863,恶性心包积液,表 6-3-32
1586,C79.801,口腔继发恶性肿瘤,表 6-3-32
1587,C79.802,舌继发恶性肿瘤,表 6-3-32
1588,C79.803,咽继发恶性肿瘤,表 6-3-32
1589,C79.804,扁桃体继发恶性肿瘤,表 6-3-32
1590,C79.805,甲状腺继发恶性肿瘤,表 6-3-32
1591,C79.806,乳腺继发恶性肿瘤,表 6-3-32
1592,C79.807,胸腔继发恶性肿瘤,表 6-3-32
1593,C79.808,心脏继发恶性肿瘤,表 6-3-32
1594,C79.809,腹腔继发恶性肿瘤,表 6-3-32
1595,C79.810,膈继发恶性肿瘤,表 6-3-32
1596,C79.811,盆腔继发恶性肿瘤,表 6-3-32
1597,C79.812,子宫继发恶性肿瘤,表 6-3-32
1598,C79.813,附件继发恶性肿瘤,表 6-3-32
1599,C79.814,阴道继发恶性肿瘤,表 6-3-32
1600,C79.815,输精管继发恶性肿瘤,表 6-3-32
1601,C79.816,精囊继发恶性肿瘤,表 6-3-32
1602,C79.817,睾丸继发恶性肿瘤,表 6-3-32
1603,C79.818,前列腺继发恶性肿瘤,表 6-3-32
1604,C79.819,阴囊继发恶性肿瘤,表 6-3-32
1605,C79.820,阴茎继发恶性肿瘤,表 6-3-32
1606,C79.821,会阴继发恶性肿瘤,表 6-3-32
1607,C79.822,外阴继发恶性肿瘤,表 6-3-32
1608,C79.823,前庭大腺继发恶性肿瘤,表 6-3-32
1609,C79.824,直肠阴道隔继发恶性肿瘤,表 6-3-32
1610,C79.825,垂体继发恶性肿瘤,表 6-3-32
1611,C79.826,淋巴管继发恶性肿瘤,表 6-3-32
1612,C79.827,结缔组织继发恶性肿瘤,表 6-3-32
1613,C79.828,神经节继发恶性肿瘤,表 6-3-32
1614,C79.829,骶尾部继发恶性肿瘤,表 6-3-32
1615,C79.830,颌下腺继发恶性肿瘤,表 6-3-32
1616,C79.831,腮腺继发恶性肿瘤,表 6-3-32
1617,C79.832,拉特克囊继发恶性肿瘤,表 6-3-32
1618,C79.833,纳博特腺继发恶性肿瘤,表 6-3-32
1619,C79.834,颈部继发性恶性肿瘤,表 6-3-32
1620,C79.835,舌下腺继发恶性肿瘤,表 6-3-32
1621,C79.900,继发恶性肿瘤，未特指部位,表 6-3-32
1622,C79.900x001,广泛转移性恶性肿瘤,表 6-3-32
1623,C80.000,恶性肿瘤,表 6-3-32
1624,C80.000x001,恶性肿瘤复发,表 6-3-32
1625,C80.000x002+G13.1*,癌性脑白质病,表 6-3-32
1626,C80.000x003+G13.1*,癌性脑病,表 6-3-32
1627,C80.001,恶性恶病质,表 6-3-32
1628,C80.002+G63.1*,恶性肿瘤性周围神经病,表 6-3-32
1629,C80.004+G73.1*,伊顿-兰伯特综合征,表 6-3-32
1630,C80.900,恶性肿瘤，原发部位未特指,表 6-3-32
1631,C80.901,癌，未特指,表 6-3-32
1632,C80.902,恶性上皮肿瘤，未特指,表 6-3-32
1633,C80.903,恶性肿瘤，未特指,表 6-3-32
1634,C80.904,恶性肿瘤恶病质，未特指,表 6-3-32
1635,C80.905,复合癌，未特指,表 6-3-32
1636,C81.000,结节性淋巴细胞为主型霍奇金淋巴瘤,表 6-3-33
1637,C81.100,结节性硬化型（经典型）霍奇金淋巴瘤,表 6-3-33
1638,C81.200,混合细胞型（经典型）霍奇金淋巴瘤,表 6-3-33
1639,C81.300,淋巴细胞减少型（经典型）霍奇金淋巴瘤,表 6-3-33
1640,C81.400,富淋巴细胞性（经典型）霍奇金淋巴瘤,表 6-3-33
1641,C81.700,经典型霍奇金淋巴瘤，其他类型的,表 6-3-33
1642,C81.701,霍奇金副肉芽肿,表 6-3-33
1643,C81.702,霍奇金肉芽肿,表 6-3-33
1644,C81.703,霍奇金肉瘤,表 6-3-33
1645,C81.900,霍奇金淋巴瘤，未特指,表 6-3-33
1646,C81.900x005,皮肤霍奇金淋巴瘤,表 6-3-33
1647,C82.000,滤泡性淋巴瘤I级,表 6-3-33
1648,C82.100,滤泡性淋巴瘤II级,表 6-3-33
1649,C82.200,滤泡性淋巴瘤III级,表 6-3-33
1650,C82.300,滤泡性淋巴瘤IIIa级,表 6-3-33
1651,C82.400,滤泡性淋巴瘤IIIb级,表 6-3-33
1652,C82.500,弥漫性滤泡中心细胞淋巴瘤,表 6-3-33
1653,C82.600,皮肤滤泡中心细胞淋巴瘤,表 6-3-33
1654,C82.700,滤泡性淋巴瘤，其他类型的,表 6-3-33
1655,C82.701,"恶性淋巴瘤,淋巴细胞性,高分化,结节性",表 6-3-33
1656,C82.702,"恶性淋巴瘤,淋巴细胞性,中分化,结节性",表 6-3-33
1657,C82.703,"恶性淋巴瘤,淋巴细胞性,低分化,结节性",表 6-3-33
1658,C82.704,"恶性淋巴瘤,中心母细胞性,滤泡性",表 6-3-33
1659,C82.900,滤泡性淋巴瘤,表 6-3-33
1660,C82.901,"恶性淋巴瘤,滤泡中心性",表 6-3-33
1661,C82.903,结节性淋巴瘤，未特指,表 6-3-33
1662,C83.000,小B细胞淋巴瘤,表 6-3-33
1663,C83.001,淋巴浆细胞性淋巴瘤,表 6-3-33
1664,C83.002,结节边缘区淋巴瘤,表 6-3-33
1665,C83.003,脾缘区淋巴瘤,表 6-3-33
1666,C83.004,非白血病B-CLL变异,表 6-3-33
1667,C83.100,曼特尔细胞淋巴瘤,表 6-3-33
1668,C83.101,中心细胞性淋巴瘤,表 6-3-33
1669,C83.102,恶性淋巴瘤性息肉病,表 6-3-33
1670,C83.300,弥漫性大B细胞淋巴瘤,表 6-3-33
1671,C83.300x006,原发中枢神经系统弥漫大B细胞淋巴瘤,表 6-3-33
1672,C83.300x007,原发皮肤弥漫大B细胞淋巴瘤(腿型),表 6-3-33
1673,C83.300x008,老年人EBV阳性弥漫大B细胞淋巴瘤,表 6-3-33
1674,C83.300x009,与慢性炎症相关弥漫大B细胞淋巴瘤,表 6-3-33
1675,C83.301,间变型弥漫大B细胞淋巴瘤,表 6-3-33
1676,C83.302,中心母细胞型弥漫大B细胞淋巴瘤,表 6-3-33
1677,C83.303,浆母细胞性弥漫大B细胞淋巴瘤,表 6-3-33
1678,C83.304,免疫母细胞型弥漫大B细胞淋巴瘤,表 6-3-33
1679,C83.305,未特指亚型的弥漫大B细胞淋巴瘤,表 6-3-33
1680,C83.306,富T细胞弥漫大B细胞淋巴瘤,表 6-3-33
1681,C83.307,CD30阳性弥漫大B细胞淋巴瘤,表 6-3-33
1682,C83.500,原淋巴细胞（弥漫性）淋巴瘤,表 6-3-33
1683,C83.501,前体B细胞淋巴瘤,表 6-3-33
1684,C83.502,B淋巴母细胞性淋巴瘤,表 6-3-33
1685,C83.503,淋巴母细胞性淋巴瘤NOS,表 6-3-33
1686,C83.504,T淋巴母细胞性淋巴瘤,表 6-3-33
1687,C83.505,前体T细胞淋巴瘤,表 6-3-33
1688,C83.700,伯基特淋巴瘤,表 6-3-33
1689,C83.702,伯基特样淋巴瘤,表 6-3-33
1690,C83.703,非典型伯基特淋巴瘤,表 6-3-33
1691,C83.800,其他非滤泡性淋巴瘤,表 6-3-33
1692,C83.800x006,脾红髓弥漫小B细胞淋巴瘤,表 6-3-33
1693,C83.800x008,"恶性淋巴瘤,淋巴浆细胞性",表 6-3-33
1694,C83.800x009,起源于HHV8相关多中心性Castleman病的大B细胞淋巴瘤,表 6-3-33
1695,C83.801,原发渗出性淋巴瘤,表 6-3-33
1696,C83.802,血管内大B细胞淋巴瘤,表 6-3-33
1697,C83.803,淋巴样肉芽肿病,表 6-3-33
1698,C83.900,非滤泡（弥漫性）淋巴瘤，未特指,表 6-3-33
1699,C84.000,蕈样真菌病,表 6-3-33
1700,C84.000x002,原发性皮肤T细胞淋巴瘤[蕈样肉芽肿],表 6-3-33
1701,C84.000x003,嗜毛囊性蕈样肉芽肿,表 6-3-33
1702,C84.100,塞扎里病,表 6-3-33
1703,C84.400,周围T细胞淋巴瘤，不可分类在他处,表 6-3-33
1704,C84.400x001,成熟T细胞淋巴瘤,表 6-3-33
1705,C84.401,血管免疫母细胞性T-细胞淋巴瘤,表 6-3-33
1706,C84.402,外周T-细胞淋巴瘤，多形性小细胞,表 6-3-33
1707,C84.403,外周T-细胞淋巴瘤，多形性中等细胞和大细胞,表 6-3-33
1708,C84.404,"间变大细胞T-细胞淋巴瘤,ALK阴性",表 6-3-33
1709,C84.405,"外周T-细胞淋巴瘤,AILD",表 6-3-33
1710,C84.406,Lennert淋巴瘤,表 6-3-33
1711,C84.407,淋巴上皮样淋巴瘤,表 6-3-33
1712,C84.500,其他成熟的T/NK细胞淋巴瘤,表 6-3-33
1713,C84.500x004,儿童系统性EBV阳性T细胞增殖性疾病,表 6-3-33
1714,C84.500x012,原发皮肤外周T细胞淋巴瘤(罕见类型),表 6-3-33
1715,C84.500x016,原发皮肤CD4+小/中多形性T细胞淋巴瘤,表 6-3-33
1716,C84.502,皮肤淋巴瘤,表 6-3-33
1717,C84.600,间变性大细胞淋巴瘤，ALK阳性,表 6-3-33
1718,C84.601,间变性大细胞淋巴瘤，CD30阳性,表 6-3-33
1719,C84.700,间变性大细胞淋巴瘤，ALK阴性,表 6-3-33
1720,C84.800,皮肤T细胞淋巴瘤，未特指,表 6-3-33
1721,C84.900,成熟T/NK细胞淋巴瘤，未特指,表 6-3-33
1722,C84.901,T/NK细胞淋巴瘤，未特指,表 6-3-33
1723,C85.100,B-细胞淋巴瘤,表 6-3-33
1724,C85.100x010,富T细胞/富组织细胞大B细胞淋巴瘤,表 6-3-33
1725,C85.100x017,ALK+大B细胞淋巴瘤,表 6-3-33
1726,C85.100x021,原发皮肤B细胞淋巴瘤,表 6-3-33
1727,C85.200,纵膈（胸腺）大B细胞淋巴瘤,表 6-3-33
1728,C85.700,非霍奇金淋巴瘤的其他特指类型,表 6-3-33
1729,C85.700x004,慢性NK细胞淋巴增殖性疾病,表 6-3-33
1730,C85.700x016,皮下NK细胞淋巴瘤,表 6-3-33
1731,C85.701,单核细胞样B细胞淋巴瘤,表 6-3-33
1732,C85.704,血管中心性T-细胞淋巴瘤,表 6-3-33
1733,C85.705,大细胞(ki-1+)淋巴瘤,表 6-3-33
1734,C85.707,NK/T-细胞淋巴瘤,表 6-3-33
1735,C85.709,间变大细胞淋巴瘤,表 6-3-33
1736,C85.715,血管内皮瘤病,表 6-3-33
1737,C85.900,非霍奇金淋巴瘤,表 6-3-33
1738,C85.900x001,鼻窦淋巴瘤,表 6-3-33
1739,C85.900x002,鼻腔淋巴瘤,表 6-3-33
1740,C85.900x003,扁桃体淋巴瘤,表 6-3-33
1741,C85.900x004,肠淋巴瘤,表 6-3-33
1742,C85.900x005,肠系膜淋巴瘤,表 6-3-33
1743,C85.900x006,淋巴瘤,表 6-3-33
1744,C85.900x008,肺淋巴瘤,表 6-3-33
1745,C85.900x009,腹膜后淋巴瘤,表 6-3-33
1746,C85.900x010,腹腔淋巴瘤,表 6-3-33
1747,C85.900x011,肝淋巴瘤,表 6-3-33
1748,C85.900x012,睾丸淋巴瘤,表 6-3-33
1749,C85.900x013,纵隔淋巴瘤,表 6-3-33
1750,C85.900x014,回盲部淋巴瘤,表 6-3-33
1751,C85.900x015,结肠淋巴瘤,表 6-3-33
1752,C85.900x016,卵巢淋巴瘤,表 6-3-33
1753,C85.900x017,盲肠淋巴瘤,表 6-3-33
1754,C85.900x019,脑淋巴瘤,表 6-3-33
1755,C85.900x020,脾淋巴瘤,表 6-3-33
1756,C85.900x022,舌淋巴瘤,表 6-3-33
1757,C85.900x023,胃淋巴瘤,表 6-3-33
1758,C85.900x024,小肠淋巴瘤,表 6-3-33
1759,C85.900x025,眼淋巴瘤,表 6-3-33
1760,C85.900x026,硬膜外淋巴瘤,表 6-3-33
1761,C85.900x027,肢体淋巴瘤,表 6-3-33
1762,C85.900x028,直肠淋巴瘤,表 6-3-33
1763,C85.900x029,骨淋巴瘤,表 6-3-33
1764,C85.900x030,腹股沟淋巴瘤,表 6-3-33
1765,C85.900x031,乳腺淋巴瘤,表 6-3-33
1766,C85.900x034,周围神经血管内淋巴瘤,表 6-3-33
1767,C85.900x036,甲状腺淋巴瘤,表 6-3-33
1768,C85.900x037,脊髓淋巴瘤,表 6-3-33
1769,C85.900x038,淋巴瘤结内侵及,表 6-3-33
1770,C85.900x039,淋巴瘤结外侵及,表 6-3-33
1771,C85.900x040,颈淋巴瘤,表 6-3-33
1772,C85.900x041,心脏淋巴瘤,表 6-3-33
1773,C85.900x042,胰腺淋巴瘤,表 6-3-33
1774,C85.900x043,肾淋巴瘤,表 6-3-33
1775,C85.901,复合性霍奇金和非霍奇金淋巴瘤,表 6-3-33
1776,C86.000,结外NK/T细胞淋巴瘤，鼻型,表 6-3-33
1777,C86.100,肝脾T细胞淋巴瘤,表 6-3-33
1778,C86.200,肠型T细胞淋巴瘤,表 6-3-33
1779,C86.300,皮下血管炎样T细胞淋巴瘤,表 6-3-33
1780,C86.400,原始NK细胞淋巴瘤,表 6-3-33
1781,C86.500,血管免疫母细胞性T细胞淋巴瘤,表 6-3-33
1782,C86.600,原发性皮肤CD30阳性T细胞增殖性病变,表 6-3-33
1783,C86.601,淋巴瘤样丘疹病,表 6-3-33
1784,C86.602,原发性皮肤间变性大细胞淋巴瘤,表 6-3-33
1785,C86.603,原发性皮肤CD30+间变性大细胞淋巴瘤,表 6-3-33
1786,C88.000,瓦尔登斯特伦巨球蛋白血症,表 6-3-33
1787,C88.000x002,高粘滞综合征,表 6-3-33
1788,C88.000x011,巨球蛋白血症伴缓解,表 6-3-33
1789,C88.000x012,高粘滞综合征伴缓解,表 6-3-33
1790,C88.200,其他重链病,表 6-3-33
1791,C88.200x011,γ重链病伴缓解,表 6-3-33
1792,C88.200x012,富兰克林病伴缓解,表 6-3-33
1793,C88.201,富兰克林病,表 6-3-33
1794,C88.202,γ重链病,表 6-3-33
1795,C88.203,Mµ重链病,表 6-3-33
1796,C88.300,免疫增生性小肠病,表 6-3-33
1797,C88.301,地中海淋巴瘤,表 6-3-33
1798,C88.302,α重链病,表 6-3-33
1799,C88.400,MALT-淋巴瘤,表 6-3-33
1800,C88.401,与黏膜有关的淋巴样组织淋巴瘤,表 6-3-33
1801,C88.402,与支气管有关的淋巴样组织淋巴瘤,表 6-3-33
1802,C88.403,与皮肤有关的淋巴样组织淋巴瘤,表 6-3-33
1803,C88.700,恶性免疫增生性疾病，其他的,表 6-3-33
1804,C88.700x002,重链病,表 6-3-33
1805,C88.700x003,μ重链病,表 6-3-33
1806,C88.700x012,重链病伴缓解,表 6-3-33
1807,C88.700x013,μ重链病伴缓解,表 6-3-33
1808,C88.701,血管中心性免疫增生性病变，恶性,表 6-3-33
1809,C88.900,恶性免疫增生性疾病,表 6-3-33
1810,C88.900x001,原发性免疫疾病相关性淋巴增殖性疾病,表 6-3-33
1811,C90.000,多发性骨髓瘤,表 6-3-33
1812,C90.000x004,卡勒病,表 6-3-33
1813,C90.000x005,浆细胞病,表 6-3-33
1814,C90.000x008+M90.6*,多发性骨髓瘤引起的变形性骨炎,表 6-3-33
1815,C90.000x011,多发性骨髓瘤伴缓解,表 6-3-33
1816,C90.000x012,浆细胞性骨髓瘤伴缓解,表 6-3-33
1817,C90.000x014,卡勒病伴缓解,表 6-3-33
1818,C90.000x021,多发性骨髓瘤(IgGλ型),表 6-3-33
1819,C90.000x022,多发性骨髓瘤(IgGк型),表 6-3-33
1820,C90.000x023,多发性骨髓瘤(轻链λ型),表 6-3-33
1821,C90.000x024,多发性骨髓瘤(轻链к型),表 6-3-33
1822,C90.000x025,多发性骨髓瘤(无分泌型),表 6-3-33
1823,C90.000x026,多发性骨髓瘤(IgDλ型),表 6-3-33
1824,C90.000x027,多发性骨髓瘤(IgAλ型),表 6-3-33
1825,C90.000x028,多发性骨髓瘤(IgAк型),表 6-3-33
1826,C90.000x029,多发性骨髓瘤(IgDк型),表 6-3-33
1827,C90.000x030,多发性骨髓瘤(DS分期I期),表 6-3-33
1828,C90.000x031,多发性骨髓瘤(DS分期II期B组),表 6-3-33
1829,C90.000x032,多发性骨髓瘤(DS分期II期),表 6-3-33
1830,C90.000x033,多发性骨髓瘤(DS分期III期B组),表 6-3-33
1831,C90.000x034,多发性骨髓瘤(DS分期III期),表 6-3-33
1832,C90.000x035,多发性骨髓瘤(DS分期I期B组),表 6-3-33
1833,C90.000x036,多发性骨髓瘤(ISS分期III期),表 6-3-33
1834,C90.000x037,多发性骨髓瘤(ISS分期III期B组),表 6-3-33
1835,C90.000x038,多发性骨髓瘤(ISS分期II期),表 6-3-33
1836,C90.000x039,多发性骨髓瘤(ISS分期II期B组),表 6-3-33
1837,C90.000x040,多发性骨髓瘤(ISS分期I期),表 6-3-33
1838,C90.000x041,多发性骨髓瘤(ISS分期I期B组),表 6-3-33
1839,C90.001,骨髓瘤病,表 6-3-33
1840,C90.002,浆细胞性骨髓瘤,表 6-3-33
1841,C90.004+N16.1*,多发性骨髓瘤伴肾小管间质病,表 6-3-33
1842,C90.005+N08.1*,骨髓瘤伴肾小球病变,表 6-3-33
1843,C90.100,浆细胞白血病,表 6-3-33
1844,C90.100x002,继发性浆细胞白血病,表 6-3-33
1845,C90.100x011,浆细胞白血病伴缓解,表 6-3-33
1846,C90.200,髓外浆细胞瘤,表 6-3-33
1847,C90.200x008,软组织浆细胞瘤,表 6-3-33
1848,C90.200x009,原发皮肤浆细胞瘤,表 6-3-33
1849,C90.200x013,髓外的浆细胞瘤伴缓解,表 6-3-33
1850,C90.300,孤立性浆细胞瘤,表 6-3-33
1851,C90.300x001,浆细胞瘤伴缓解,表 6-3-33
1852,C90.300x002,浆细胞肉瘤伴缓解,表 6-3-33
1853,C90.300x003,浆细胞肉瘤,表 6-3-33
1854,C90.300x004,孤立性骨髓瘤伴缓解,表 6-3-33
1855,C90.301,局限性恶性浆细胞瘤,表 6-3-33
1856,C90.302,浆细胞瘤,表 6-3-33
1857,C90.303,孤立性骨髓瘤,表 6-3-33
1858,C91.000,急性淋巴细胞白血病,表 6-3-33
1859,C91.000x006,前B细胞急性淋巴细胞白血病,表 6-3-33
1860,C91.000x007,前T细胞急性淋巴细胞白血病,表 6-3-33
1861,C91.000x009,B淋巴母细胞性白血病/淋巴瘤,表 6-3-33
1862,C91.000x012,急性淋巴细胞白血病L1伴缓解,表 6-3-33
1863,C91.000x013,急性淋巴细胞白血病L2伴缓解,表 6-3-33
1864,C91.000x014,急性淋巴细胞白血病L3伴缓解,表 6-3-33
1865,C91.000x015,慢性粒细胞性白血病伴缓解(急淋变),表 6-3-33
1866,C91.000x016,T淋巴母细胞白血病/淋巴瘤,表 6-3-33
1867,C91.000x017,前T细胞急性淋巴细胞白血病伴缓解,表 6-3-33
1868,C91.001,急性淋巴细胞性白血病，L1型,表 6-3-33
1869,C91.002,急性淋巴细胞性白血病，L2型,表 6-3-33
1870,C91.003,急性淋巴细胞性白血病，L3型,表 6-3-33
1871,C91.004,慢性粒细胞性白血病，急淋变,表 6-3-33
1872,C91.006,急性淋巴细胞白血病，完全缓解,表 6-3-33
1873,C91.007,成人Ph+急性淋巴细胞白血病（ALL）,表 6-3-33
1874,C91.008,成人Ph-急性淋巴细胞白血病（ALL）,表 6-3-33
1875,C91.100,B细胞型慢性淋巴细胞白血病,表 6-3-33
1876,C91.100x011,慢性淋巴细胞白血病伴缓解,表 6-3-33
1877,C91.100x012,慢性淋巴细胞性白血病，急性变,表 6-3-33
1878,C91.101,淋巴浆细胞性白血病,表 6-3-33
1879,C91.102,Richter综合征,表 6-3-33
1880,C91.300,幼淋巴细胞白血病，B细胞型,表 6-3-33
1881,C91.400,多毛细胞白血病,表 6-3-33
1882,C91.400x004,毛细胞白血病(变异型),表 6-3-33
1883,C91.400x013,毛细胞白血病伴缓解,表 6-3-33
1884,C91.401,白血病性网状内皮细胞增多症,表 6-3-33
1885,C91.500,成人T-细胞淋巴瘤/白血病[HTLV-1-相关性],表 6-3-33
1886,C91.500x011,成人T细胞白血病伴缓解,表 6-3-33
1887,C91.600,T细胞型早幼粒细胞白血病,表 6-3-33
1888,C91.700,淋巴样白血病，其他的,表 6-3-33
1889,C91.701,非白血性淋巴细胞性白血病,表 6-3-33
1890,C91.704,T-细胞大颗粒淋巴细胞白血病,表 6-3-33
1891,C91.800,伯基特型成熟B细胞白血病,表 6-3-33
1892,C91.900,淋巴样白血病,表 6-3-33
1893,C91.901,淋巴细胞白血病,表 6-3-33
1894,C92.000,急性髓细胞白血病,表 6-3-33
1895,C92.000x003,急性粒细胞性白血病,表 6-3-33
1896,C92.000x006,急性嗜碱性粒细胞白血病,表 6-3-33
1897,C92.000x011,急性粒细胞性白血病未分化型伴缓解(M1型),表 6-3-33
1898,C92.000x012,急性粒细胞性白血病部分分化型伴缓解(M2型),表 6-3-33
1899,C92.000x013,急性粒细胞性白血病伴缓解,表 6-3-33
1900,C92.000x014,急性髓系白血病，伴有异常的骨髓嗜酸性粒细胞,表 6-3-33
1901,C92.000x015,急性髓系白血病，最低分化,表 6-3-33
1902,C92.000x016,急性髓系白血病，伴有成熟,表 6-3-33
1903,C92.000x017,急性髓系白血病，完全缓解,表 6-3-33
1904,C92.000x018,急性髓系白血病，t(6;9)(p23;q34);DEK-NUP214,表 6-3-33
1905,C92.001,急性髓细胞白血病，微分化型,表 6-3-33
1906,C92.002,急性髓细胞白血病，不伴有成熟,表 6-3-33
1907,C92.003,急性髓细胞白血病，1/ETO型,表 6-3-33
1908,C92.004,急性髓细胞白血病，M0型,表 6-3-33
1909,C92.005,急性髓细胞白血病，M1型,表 6-3-33
1910,C92.006,急性髓细胞白血病，M2型,表 6-3-33
1911,C92.007,急性髓细胞白血病，t(8;21),表 6-3-33
1912,C92.008,急性髓细胞白血病(没有FAB分类)，未特指,表 6-3-33
1913,C92.009,转化过程中难治性贫血伴原始细胞增多,表 6-3-33
1914,C92.100,慢性髓系白血病（CML)，BCR/ABL阳性,表 6-3-33
1915,C92.100x001,慢性粒细胞性白血病,表 6-3-33
1916,C92.100x002,慢性粒细胞性白血病(急性变),表 6-3-33
1917,C92.100x004,慢性髓单核细胞性白血病,表 6-3-33
1918,C92.100x011,慢性粒细胞性白血病伴缓解,表 6-3-33
1919,C92.100x012,慢性粒细胞性白血病伴缓解(急性变),表 6-3-33
1920,C92.100x014,慢性髓单核细胞性白血病伴缓解,表 6-3-33
1921,C92.100x016,慢性髓系白血病伴缓解,表 6-3-33
1922,C92.100x017,慢性髓系白血病，急性发作,表 6-3-33
1923,C92.100x018,慢性中幼粒细胞性白血病,表 6-3-33
1924,C92.100x019,慢性髓系白血病，BCR/ABL阳性,表 6-3-33
1925,C92.101,费城染色体（Ph1）阳性慢性粒细胞白血病,表 6-3-33
1926,C92.102,慢性粒细胞白血病t(9:22)(q34；q11),表 6-3-33
1927,C92.103,慢性粒细胞白血病原始细胞危象,表 6-3-33
1928,C92.200,非典型性慢性髓系白血病，BCR/ABL阴性,表 6-3-33
1929,C92.200x001,慢性粒细胞白血病(加速期),表 6-3-33
1930,C92.200x011,慢性粒细胞白血病伴缓解(加速期),表 6-3-33
1931,C92.201,亚急性粒细胞性白血病,表 6-3-33
1932,C92.300,髓样肉瘤,表 6-3-33
1933,C92.300x001,绿色瘤,表 6-3-33
1934,C92.300x003,粒细胞肉瘤,表 6-3-33
1935,C92.300x011,绿色瘤伴缓解,表 6-3-33
1936,C92.300x013,粒细胞肉瘤伴缓解,表 6-3-33
1937,C92.400x011,急性早幼粒细胞白血病伴缓解(M3型),表 6-3-33
1938,C92.401,急性早幼粒细胞性白血病，完全缓解,表 6-3-33
1939,C92.402,急性髓细胞白血病，M3型,表 6-3-33
1940,C92.403,急性髓细胞白血病，M3伴（15；17）伴多样型,表 6-3-33
1941,C92.500x011,急性粒单核细胞白血病伴缓解(M4型),表 6-3-33
1942,C92.501,急性髓细胞白血病，M4型,表 6-3-33
1943,C92.502,急性髓细胞白血病，M4伴t（16；16）伴多样型,表 6-3-33
1944,C92.600,急性髓系白血病伴11q23异常,表 6-3-33
1945,C92.601,急性髓系白血病伴MLL基因变异,表 6-3-33
1946,C92.700,"髓样白血病,其他的",表 6-3-33
1947,C92.700x006,唐氏综合征相关的髓系白血病,表 6-3-33
1948,C92.700x012,嗜碱细胞性白血病伴缓解,表 6-3-33
1949,C92.700x013,嗜酸细胞性白血病伴缓解,表 6-3-33
1950,C92.701,非白血性髓系白血病,表 6-3-33
1951,C92.703,嗜碱细胞白血病,表 6-3-33
1952,C92.706,嗜酸细胞白血病,表 6-3-33
1953,C92.800,急性髓系白血病伴多系增生异常,表 6-3-33
1954,C92.900,髓样白血病,表 6-3-33
1955,C92.900x001,低增生性粒细胞性白血病,表 6-3-33
1956,C92.900x011,低增生性粒细胞性白血病伴缓解,表 6-3-33
1957,C92.901,粒细胞白血病,表 6-3-33
1958,C93.000x011,急性单核细胞性白血病伴缓解(M5型),表 6-3-33
1959,C93.000x016,急性单核细胞白血病伴缓解,表 6-3-33
1960,C93.001,急性髓细胞白血病，M5a型,表 6-3-33
1961,C93.002,急性髓细胞白血病，M5b型,表 6-3-33
1962,C93.003,急性髓细胞白血病，M5型,表 6-3-33
1963,C93.100,慢性粒单核细胞白血病,表 6-3-33
1964,C93.100x011,慢性单核细胞白血病伴缓解,表 6-3-33
1965,C93.100x012,慢性单核细胞白血病，急性加重,表 6-3-33
1966,C93.100x013,慢性粒单核细胞性白血病伴缓解,表 6-3-33
1967,C93.101,慢性单核细胞白血病,表 6-3-33
1968,C93.102,慢性粒单核细胞白血病-1,表 6-3-33
1969,C93.103,慢性粒单核细胞白血病-2,表 6-3-33
1970,C93.104,慢性粒单核细胞白血病伴嗜酸粒细胞增多,表 6-3-33
1971,C93.300,幼年型骨髓单核细胞白血病,表 6-3-33
1972,C93.300x001,幼年型粒单核细胞白血病伴缓解,表 6-3-33
1973,C93.700,单核细胞白血病，其他的,表 6-3-33
1974,C93.701,非白血性单核细胞白血病,表 6-3-33
1975,C93.900,单核细胞白血病,表 6-3-33
1976,C93.901,组织细胞白血病,表 6-3-33
1977,C94.000x001,急性红白血病(M6型),表 6-3-33
1978,C94.000x011,急性红白血病伴缓解(M6型),表 6-3-33
1979,C94.001,红白血病,表 6-3-33
1980,C94.004,"急性髓系白血病,M6(a)(b)",表 6-3-33
1981,C94.200,急性原巨核细胞白血病,表 6-3-33
1982,C94.200x011,急性巨核细胞白血病伴缓解(M7型),表 6-3-33
1983,C94.201,急性巨核细胞性白血病,表 6-3-33
1984,C94.202,急性髓系白血病，M7,表 6-3-33
1985,C94.300,肥大细胞白血病,表 6-3-33
1986,C94.300x011,肥大细胞白血病伴缓解,表 6-3-33
1987,C94.400,急性全骨髓增殖症伴骨髓纤维化,表 6-3-33
1988,C94.400x001,急性骨髓纤维化,表 6-3-33
1989,C94.600,骨髓增生异常和骨髓增生性疾病，不可归类在他处者,表 6-3-33
1990,C94.700,白血病，其他特指的,表 6-3-33
1991,C94.700x004,中枢神经系统白血病,表 6-3-33
1992,C94.700x014,中枢神经系统白血病伴缓解,表 6-3-33
1993,C94.702,急性嗜碱细胞性白血病,表 6-3-33
1994,C94.703,侵袭性NK细胞白血病,表 6-3-33
1995,C95.000,急性白血病,表 6-3-33
1996,C95.000x002,急性白血病髓外复发,表 6-3-33
1997,C95.000x003,急性非淋巴细胞性白血病,表 6-3-33
1998,C95.000x015,急性白血病(谱系未定),表 6-3-33
1999,C95.000x016,B淋巴细胞和髓系混合表型急性白血病,表 6-3-33
2000,C95.000x017,T淋巴细胞和髓系混合表型急性白血病,表 6-3-33
2001,C95.000x018,NK细胞淋巴母细胞性白血病/淋巴瘤,表 6-3-33
2002,C95.000x101,急性白血病伴缓解,表 6-3-33
2003,C95.000x102,急性白血病髓外复发伴缓解,表 6-3-33
2004,C95.000x115,急性白血病伴缓解(谱系未定),表 6-3-33
2005,C95.000x116,B淋巴细胞和髓系混合表型急性白血病伴缓解,表 6-3-33
2006,C95.000x117,T淋巴细胞和髓系混合表型急性白血病伴缓解,表 6-3-33
2007,C95.000x118,NK细胞淋巴母细胞性白血病/淋巴瘤伴缓解,表 6-3-33
2008,C95.002,干细胞白血病,表 6-3-33
2009,C95.003,未分化细胞白血病,表 6-3-33
2010,C95.004,急性双系白血病,表 6-3-33
2011,C95.005,急性混合型单系白血病,表 6-3-33
2012,C95.006,急性双表型白血病,表 6-3-33
2013,C95.100,慢性白血病,表 6-3-33
2014,C95.100x011,慢性白血病伴缓解,表 6-3-33
2015,C95.100x012,慢性白血病急性加重,表 6-3-33
2016,C95.700x001,高白细胞白血病,表 6-3-33
2017,C95.700x002,先天性白血病,表 6-3-33
2018,C95.700x003,皮肤白血病,表 6-3-33
2019,C95.700x011,高白细胞白血病伴缓解,表 6-3-33
2020,C95.900,白血病,表 6-3-33
2021,C95.900x003+M36.1*,白血病性关节病,表 6-3-33
2022,C95.900x005,难治性白血病,表 6-3-33
2023,C95.900x007+N16.1*,白血病致肾小管间质疾患,表 6-3-33
2024,C95.900x012,混合细胞性白血病伴缓解,表 6-3-33
2025,C95.900x013+M36.1*,白血病性关节病伴缓解,表 6-3-33
2026,C95.900x015,难治性白血病伴缓解,表 6-3-33
2027,C95.900x017+N16.1*,白血病致肾小管间质疾患伴缓解,表 6-3-33
2028,C95.901,混合细胞性白血病,表 6-3-33
2029,C96.000,莱特雷尔-西韦病,表 6-3-33
2030,C96.002,急性分化性进行性组织细胞增多症,表 6-3-33
2031,C96.004,组织细胞增生症X，多系统,表 6-3-33
2032,C96.200,恶性肥大细胞瘤,表 6-3-33
2033,C96.200x005,全身性肥大细胞病,表 6-3-33
2034,C96.200x006,皮肤外肥大细胞病,表 6-3-33
2035,C96.200x013,肥大细胞肉瘤伴缓解,表 6-3-33
2036,C96.201,侵袭性系统性肥大细胞增生症,表 6-3-33
2037,C96.202,肥大细胞肉瘤,表 6-3-33
2038,C96.400,树突细胞肉瘤,表 6-3-33
2039,C96.400x001,滤泡树突状细胞肉瘤,表 6-3-33
2040,C96.400x002,未定型树突细胞瘤,表 6-3-33
2041,C96.400x003,母细胞性浆细胞样树状突细胞肿瘤,表 6-3-33
2042,C96.400x004,指突状树突细胞肉瘤,表 6-3-33
2043,C96.401,交错树突细胞肉瘤,表 6-3-33
2044,C96.402,朗格汉斯细胞肉瘤,表 6-3-33
2045,C96.403,小结树突细胞肉瘤,表 6-3-33
2046,C96.500,朗格汉斯细胞组织细胞增生症，多病灶和单系统性,表 6-3-33
2047,C96.501,汉-许-克病,表 6-3-33
2048,C96.502,组织细胞增生症X，多病灶,表 6-3-33
2049,C96.600,朗格汉斯细胞组织细胞增生症，单病灶,表 6-3-33
2050,C96.601,嗜酸细胞性肉芽肿,表 6-3-33
2051,C96.602,组织细胞增生症X，单病灶,表 6-3-33
2052,C96.603,组织细胞增生症XNOS,表 6-3-33
2053,C96.604,朗格汉斯细胞组织细胞增生症NOS,表 6-3-33
2054,C96.700,淋巴、造血和有关组织其他特指的恶性肿瘤,表 6-3-33
2055,C96.704,原发皮肤γδ-T细胞淋巴瘤,表 6-3-33
2056,C96.705,种痘样水疱病样淋巴瘤,表 6-3-33
2057,C96.800,组织细胞肉瘤,表 6-3-33
2058,C96.801,恶性组织细胞增生症,表 6-3-33
2059,C96.900,淋巴、造血和有关组织的恶性肿瘤,表 6-3-33
2060,D00.100,食管原位癌,表 6-3-34
2061,D00.200,胃原位癌,表 6-3-34
2062,D00.200x002,贲门食管连接部原位癌,表 6-3-34
2063,D00.200x003,胃角原位癌,表 6-3-34
2064,D01.401,肠原位癌,表 6-3-34
2065,D01.402,小肠原位癌,表 6-3-34
2066,D01.403,空肠原位癌,表 6-3-34
2067,D01.404,回肠原位癌,表 6-3-34
2068,D01.405,十二指肠原位癌,表 6-3-34
2069,D03.200x002,耳原位黑色素瘤,表 6-3-34
2070,D03.201,外耳道原位黑色素瘤,表 6-3-34
2071,D03.400x002,头皮原位黑色素瘤,表 6-3-34
2072,D03.401,颈部原位黑色素瘤,表 6-3-34
2073,D03.500,躯干原位黑色素瘤,表 6-3-34
2074,D03.500x002,肛门原位黑色素瘤,表 6-3-34
2075,D03.501,乳房原位黑色素瘤,表 6-3-34
2076,D03.502,肛门边缘原位黑色素瘤,表 6-3-34
2077,D03.503,肛门皮肤原位黑色素瘤,表 6-3-34
2078,D03.504,肛周原位黑色素瘤,表 6-3-34
2079,D03.700x001,下肢原位黑色素瘤,表 6-3-34
2080,D03.700x002,下肢端原位黑色素瘤,表 6-3-34
2081,D03.701,髋原位黑色素瘤,表 6-3-34
2082,D04.500,躯干皮肤原位癌,表 6-3-34
2083,D04.501,乳房皮肤原位癌,表 6-3-34
2084,D04.502,肛门边缘皮肤原位癌,表 6-3-34
2085,D04.503,肛门皮肤原位癌,表 6-3-34
2086,D04.504,肛周皮肤原位癌,表 6-3-34
2087,D04.700x001,下肢皮肤原位癌,表 6-3-34
2088,D04.701,髋皮肤原位癌,表 6-3-34
2089,D05.000,乳房小叶原位癌,表 6-3-34
2090,D05.900,乳房的原位癌,表 6-3-34
2091,D06.000,宫颈内膜原位癌,表 6-3-34
2092,D06.100,宫颈外膜原位癌,表 6-3-34
2093,D07.500,前列腺原位癌,表 6-3-34
2094,D09.200,眼原位癌,表 6-3-34
2095,D09.201,眼球原位癌,表 6-3-34
2096,D09.202,角膜原位癌,表 6-3-34
2097,D37.200x001,十二指肠交界性肿瘤,表 6-3-35
2098,D37.200x002,小肠交界性肿瘤,表 6-3-35
2099,D37.200x003,空肠交界性肿瘤,表 6-3-35
2100,D37.200x004,回肠交界性肿瘤,表 6-3-35
2101,D37.201,小肠肿瘤,表 6-3-35
2102,D37.202,十二指肠动态未定肿瘤,表 6-3-35
2103,D37.203,十二指肠肿瘤,表 6-3-35
2104,D37.204,空肠动态未定肿瘤,表 6-3-35
2105,D37.205,空肠肿瘤,表 6-3-35
2106,D37.206,回肠动态未定肿瘤,表 6-3-35
2107,D37.207,回肠肿瘤,表 6-3-35
2108,D37.600x001,胆囊交界性肿瘤,表 6-3-35
2109,D37.600x002,法特壶腹交界性肿瘤,表 6-3-35
2110,D37.600x003,肝交界性肿瘤,表 6-3-35
2111,D37.600x004,肝胆管交界性肿瘤,表 6-3-35
2112,D37.601,肝肿瘤,表 6-3-35
2113,D37.602,胆囊动态未定肿瘤,表 6-3-35
2114,D37.603,胆囊肿瘤,表 6-3-35
2115,D37.604,胆管动态未定肿瘤,表 6-3-35
2116,D37.605,胆管肿瘤,表 6-3-35
2117,D37.606,壶腹部动态未定肿瘤,表 6-3-35
2118,D37.607,壶腹部肿瘤,表 6-3-35
2119,D38.500x001,鼻腔交界性肿瘤,表 6-3-35
2120,D38.500x003,鼻窦交界性肿瘤,表 6-3-35
2121,D38.500x004,鼻软骨交界性肿瘤,表 6-3-35
2122,D38.500x005,中耳交界性肿瘤,表 6-3-35
2123,D38.501,鼻腔动态未定肿瘤,表 6-3-35
2124,D38.502,鼻腔肿瘤,表 6-3-35
2125,D38.503,鼻旁窦动态未定肿瘤,表 6-3-35
2126,D38.504,鼻旁窦肿瘤,表 6-3-35
2127,D38.505,鼻软骨动态未定肿瘤,表 6-3-35
2128,D38.506,鼻软骨肿瘤,表 6-3-35
2129,D38.507,中耳动态未定肿瘤,表 6-3-35
2130,D38.508,中耳肿瘤,表 6-3-35
2131,D38.509,鼻颅底交通性肿瘤,表 6-3-35
2132,D40.700x001,附睾交界性肿瘤,表 6-3-35
2133,D40.700x002,精囊交界性肿瘤,表 6-3-35
2134,D40.700x003,阴茎纤维瘤病,表 6-3-35
2135,D40.701,阴茎动态未定肿瘤,表 6-3-35
2136,D40.702,阴茎肿瘤,表 6-3-35
2137,D40.703,男性生殖器官皮肤动态未定肿瘤,表 6-3-35
2138,D40.704,男性生殖器官皮肤肿瘤,表 6-3-35
2139,D40.900x001,男性生殖器官交界性肿瘤,表 6-3-35
2140,D40.901,男性生殖器官肿瘤,表 6-3-35
2141,D42.000x001,脑膜交界性肿瘤,表 6-3-35
2142,D42.000x002,硬脑膜下交界性肿瘤,表 6-3-35
2143,D42.001,脑膜肿瘤,表 6-3-35
2144,D42.002,硬脑膜下动态未定肿瘤,表 6-3-35
2145,D42.003,硬脑膜下肿瘤,表 6-3-35
2146,D43.700,中枢神经系统其他部位动态未定或动态未知的肿瘤,表 6-3-35
2147,D44.800,累及多个腺体动态未定或动态未知的肿瘤,表 6-3-35
2148,D44.800x002,多内分泌腺瘤病,表 6-3-35
2149,D44.801,累及多个腺体肿瘤,表 6-3-35
2150,D44.802,多发性内分泌腺瘤病,表 6-3-35
2151,D46.500,难治性贫血伴多系病态造血,表 6-3-35
2152,D46.600,MDS-5q-综合症,表 6-3-35
2153,D46.900,骨髓增生异常综合征,表 6-3-35
2154,D46.900x002,骨髓增生异常性贫血,表 6-3-35
2155,D46.900x004,骨髓发育不良综合征,表 6-3-35
2156,D46.900x006,治疗相关性AML和MDS,表 6-3-35
2157,D46.901,白血病前期综合征,表 6-3-35
2158,D47.100,慢性骨髓增生性疾病,表 6-3-35
2159,D47.100x004,慢性骨髓增殖性肿瘤,表 6-3-35
2160,D47.100x007,慢性骨髓增殖性疾病(不能分型),表 6-3-35
2161,D47.100x008,骨髓增生异常性/骨髓增殖性肿瘤(不能分型),表 6-3-35
2162,D47.100x009,唐氏综合征相关的骨髓增殖性疾病,表 6-3-35
2163,D47.100x017,慢性骨髓增殖性疾病伴缓解(不能分型),表 6-3-35
2164,D47.100x018,骨髓增生异常性/骨髓增殖性肿瘤伴缓解(不能分型),表 6-3-35
2165,D47.100x019,慢性中性粒细胞性白血病伴缓解,表 6-3-35
2166,D47.101,慢性中性粒细胞白血病,表 6-3-35
2167,D51.000,内在因子缺乏引起的维生素B12缺乏性贫血,表 6-3-36
2168,D51.001,恶性贫血,表 6-3-36
2169,D51.002,亨特舌炎,表 6-3-36
2170,D51.003+G32.0*,内在因子缺乏引起维生素B12缺乏性贫血性脊髓后侧索硬化,表 6-3-36
2171,D51.200,转钴胺素Ⅱ缺乏,表 6-3-36
2172,D51.200x001,转钴胺素Ⅱ缺乏性贫血,表 6-3-36
2173,D51.300,饮食性维生素B12缺乏性贫血，其他的,表 6-3-36
2174,D51.301,绝对素食者贫血,表 6-3-36
2175,D51.302+G32.0*,饮食性维生素B12缺乏性贫血性脊髓后侧索硬化,表 6-3-36
2176,D51.800,维生素B12缺乏性贫血，其他的,表 6-3-36
2177,D52.000x001,营养性大细胞性贫血,表 6-3-36
2178,D52.000x003,饮食性叶酸缺乏性贫血,表 6-3-36
2179,D52.001,营养性巨幼细胞性贫血,表 6-3-36
2180,D52.100,药物性叶酸盐缺乏性贫血,表 6-3-36
2181,D52.800,叶酸缺乏性贫血，其他的,表 6-3-36
2182,D52.900x001,叶酸缺乏性贫血,表 6-3-36
2183,D53.000,蛋白缺乏性贫血,表 6-3-36
2184,D53.001,乳清酸尿性贫血,表 6-3-36
2185,D53.002,氨基酸缺乏性贫血,表 6-3-36
2186,D55.100x001,谷胱甘肽代谢紊乱性贫血,表 6-3-37
2187,D55.100x003,已糖磷酸盐酶缺乏性贫血,表 6-3-37
2188,D55.101,遗传性非球形细胞性溶血性贫血Ⅰ型,表 6-3-37
2189,D58.200x002,异常的血红蛋白,表 6-3-37
2190,D58.200x004,血红蛋白病,表 6-3-37
2191,D58.200x006,不稳定血红蛋白溶血病,表 6-3-37
2192,D58.201,血红蛋白-C病,表 6-3-37
2193,D58.202,血红蛋白-D病,表 6-3-37
2194,D58.203,血红蛋白-E病,表 6-3-37
2195,D58.204,先天性海因茨小体性贫血,表 6-3-37
2196,D58.205,血红蛋白增高,表 6-3-37
2197,D58.206,不稳定血红蛋白病,表 6-3-37
2198,D58.900,遗传性溶血性贫血,表 6-3-37
2199,D58.901,溶血性贫血,表 6-3-37
2200,D59.200,药物性非自身免疫性溶血性贫血,表 6-3-37
2201,D59.201,药物性酶缺乏性贫血,表 6-3-37
2202,D59.800,后天性溶血性贫血，其他的,表 6-3-37
2203,D60.800,后天性纯红细胞再生障碍，其他的,表 6-3-38
2204,D60.900x001,纯红细胞再生障碍性贫血,表 6-3-38
2205,D61.101,化疗后骨髓抑制,表 6-3-38
2206,D61.102,药物性骨髓抑制,表 6-3-38
2207,D64.200,由药物和中毒引起的继发性铁粒幼细胞贫血,表 6-3-38
2208,D64.800x002,多红细胞的高粘稠综合征,表 6-3-38
2209,D64.801,婴儿假白血病性贫血,表 6-3-38
2210,D64.802,混合性贫血,表 6-3-38
2211,D64.803,幼白红细胞贫血,表 6-3-38
2212,D68.200x001,凝血酶原缺乏,表 6-3-39
2213,D68.200x005,先天性纤维蛋白原缺乏血症,表 6-3-39
2214,D68.200x006,AC球蛋白缺乏,表 6-3-39
2215,D68.200x007,低前转变素血症,表 6-3-39
2216,D68.200x008,奥夫伦病,表 6-3-39
2217,D68.200x009,前加速因子缺乏,表 6-3-39
2218,D68.200x010,先天性异常纤维蛋白原血症,表 6-3-39
2219,D68.201,纤维蛋白原缺乏血症,表 6-3-39
2220,D68.202,凝血因子Ⅰ缺乏症,表 6-3-39
2221,D68.203,凝血因子Ⅱ缺乏症,表 6-3-39
2222,D68.204,凝血因子Ⅴ缺乏症,表 6-3-39
2223,D68.205,凝血因子Ⅶ缺乏症,表 6-3-39
2224,D68.206,凝血因子Ⅹ缺乏症,表 6-3-39
2225,D68.207,凝血因子Ⅻ缺乏症,表 6-3-39
2226,D68.208,凝血因子XIII缺乏症,表 6-3-39
2227,D68.600x003,高凝状态,表 6-3-39
2228,D68.601,抗心磷脂抗体综合征,表 6-3-39
2229,D68.602,易栓症,表 6-3-39
2230,D68.603,抗磷脂综合征,表 6-3-39
2231,D68.604,狼疮抗凝物质出现,表 6-3-39
2232,D68.605,抗磷脂抗体综合征,表 6-3-39
2233,D69.100x001,血小板病,表 6-3-39
2234,D69.100x002,出血性血小板功能不全,表 6-3-39
2235,D69.100x003,贝尔纳德-苏利耶综合征[Bernard-Soulier综合征],表 6-3-39
2236,D69.100x004,格兰茨曼病,表 6-3-39
2237,D69.101,血小板功能不全,表 6-3-39
2238,D69.102,巨大血小板综合征,表 6-3-39
2239,D69.103,灰色血小板综合征,表 6-3-39
2240,D69.800,出血性情况，其他特指的,表 6-3-39
2241,D69.800x002,血管性假血友病,表 6-3-39
2242,D69.801,卡-梅综合征,表 6-3-39
2243,D69.802,毛细血管脆弱,表 6-3-39
2244,D73.000,脾功能减退症,表 6-3-40
2245,D73.001,脾萎缩,表 6-3-40
2246,D73.002,后天性脾缺失,表 6-3-40
2247,D73.100,脾功能亢进,表 6-3-40
2248,D76.100x003,除朗格汉斯细胞外的单核吞噬细胞的组织细胞增多症,表 6-3-40
2249,D76.100x004,家族性噬血细胞淋巴组织细胞增生症,表 6-3-40
2250,D76.100x005,噬血细胞淋巴组织细胞增生症,表 6-3-40
2251,D76.101,噬血细胞综合征,表 6-3-40
2252,D76.102,家族性噬红细胞性网状细胞增多,表 6-3-40
2253,D80.100,非家族性低丙球蛋白血症,表 6-3-41
2254,D80.100x003,无丙球蛋白血症伴载有免疫球蛋白的B型淋巴细胞,表 6-3-41
2255,D80.101,低丙种球蛋白血症,表 6-3-41
2256,D80.102,普通易变型无丙球蛋白血症,表 6-3-41
2257,D80.200x001,lgA缺乏,表 6-3-41
2258,D80.500,伴有免疫球蛋白M［IgM］增多的免疫缺陷,表 6-3-41
2259,D81.600,主要组织相容性复合体一级缺乏,表 6-3-41
2260,D81.601,淋巴细胞稀少综合征,表 6-3-41
2261,D82.400,高免疫球蛋白E［IgE］综合征,表 6-3-41
2262,D83.100,常见变异型免疫缺陷伴有显著的免疫调节的T细胞疾患,表 6-3-41
2263,D83.200,常见变异型免疫缺陷伴有对B或T细胞的自身抗体,表 6-3-41
2264,D86.900,结节病,表 6-3-41
2265,D86.901,伯克结节病,表 6-3-41
2266,E04.100,非毒性单个甲状腺结节,表 6-3-42
2267,E04.100x005,非毒性单结节性甲状腺肿,表 6-3-42
2268,E04.101,甲状腺结节,表 6-3-42
2269,E04.102,甲状腺囊肿,表 6-3-42
2270,E04.103,胸骨后甲状腺囊肿,表 6-3-42
2271,E04.104,胶性结节甲状腺肿,表 6-3-42
2272,E05.400,人为甲状腺毒症,表 6-3-42
2273,E05.400x001,医源性甲状腺功能亢进症,表 6-3-42
2274,E06.300,自身免疫性甲状腺炎,表 6-3-42
2275,E06.300x001,短暂性桥本甲状腺毒症,表 6-3-42
2276,E06.300x004,淋巴瘤性甲状腺肿,表 6-3-42
2277,E06.300x005,淋巴细胞性甲状腺炎,表 6-3-42
2278,E06.301,淋巴细胞性甲状腺肿,表 6-3-42
2279,E06.302+G94.8*,桥本脑病,表 6-3-42
2280,E06.303,淋巴瘤性甲状腺瘤,表 6-3-42
2281,E06.304,桥本甲状腺炎,表 6-3-42
2282,E07.000,降钙素分泌过多,表 6-3-42
2283,E07.000x001,高降钙素血症,表 6-3-42
2284,E07.000x002,甲状腺降钙素分泌过多,表 6-3-42
2285,E07.001,甲状腺C细胞增生,表 6-3-42
2286,E10.300x011+H36.0*,1型糖尿病性背景性视网膜病,表 6-3-43
2287,E10.300x012+H36.0*,1型糖尿病性背景性出血性视网膜病,表 6-3-43
2288,E10.300x013+H36.0*,1型糖尿病性背景性硬性渗出物性视网膜病,表 6-3-43
2289,E10.300x014+H36.0*,1型糖尿病性背景性小动脉瘤视网膜病,表 6-3-43
2290,E10.300x015+H36.0*,1型糖尿病性背景性静脉扩张性视网膜病,表 6-3-43
2291,E10.300x021+H36.0*,1型糖尿病性增殖性前期视网膜病,表 6-3-43
2292,E10.300x022+H36.0*,1型糖尿病性增殖性前期视网膜内微血管异常性视网膜病,表 6-3-43
2293,E10.300x023+H36.0*,1型糖尿病性增殖性前期絮状斑点性视网膜病,表 6-3-43
2294,E10.300x024+H36.0*,1型糖尿病性增殖性前期出血性视网膜病,表 6-3-43
2295,E10.300x025+H36.0*,1型糖尿病性增殖性前期局部缺血性视网膜病,表 6-3-43
2296,E10.300x031+H36.0*,1型糖尿病性增殖性视网膜病,表 6-3-43
2297,E10.300x032+H36.0*,1型糖尿病性增殖性出血性视网膜病,表 6-3-43
2298,E10.300x033+H36.0*,1型糖尿病性增殖性视网膜前出血性视网膜病,表 6-3-43
2299,E10.300x034+H36.0*,1型糖尿病性增殖性玻璃体出血性视网膜病,表 6-3-43
2300,E10.300x035+H36.0*,1型糖尿病性增殖性新生血管化性视网膜病,表 6-3-43
2301,E10.300x036+H36.0*,1型糖尿病性增殖性视网膜牵引性视网膜病,表 6-3-43
2302,E10.300x041+H36.0*,1型糖尿病性斑点性视网膜病,表 6-3-43
2303,E10.300x042+H36.0*,1型糖尿病性局部的水肿斑点性视网膜病,表 6-3-43
2304,E10.300x043+H36.0*,1型糖尿病性全面的水肿斑点性视网膜病,表 6-3-43
2305,E10.300x044+H36.0*,1型糖尿病性星状的斑点性视网膜病,表 6-3-43
2306,E10.300x045+H36.0*,1型糖尿病性环状的黄斑病性视网膜病,表 6-3-43
2307,E10.300x046+H36.0*,1型糖尿病性缺血性黄斑病性视网膜病,表 6-3-43
2308,E10.300x047+H36.0*,1型糖尿病性视网膜增厚性视网膜病,表 6-3-43
2309,E10.300x051+H42.0*,1型糖尿病性新生血管性青光眼,表 6-3-43
2310,E10.300x052+H22.1*,1型糖尿病性虹膜红变症,表 6-3-43
2311,E10.300x053+H36.0*,1型糖尿病性牵拉性视网膜脱离,表 6-3-43
2312,E10.300x091+H28.0*,1型糖尿病性早发的年龄相关性白内障,表 6-3-43
2313,E10.301+H36.0*,1型糖尿病性视网膜病变,表 6-3-43
2314,E10.302+H28.0*,1型糖尿病性白内障,表 6-3-43
2315,E10.303+H22.1*,1型糖尿病性虹膜炎,表 6-3-43
2316,E10.500x021+I79.2*,1型糖尿病性周围血管病及坏疽,表 6-3-43
2317,E10.500x043,1型糖尿病性下肢溃疡,表 6-3-43
2318,E10.500x044,1型糖尿病性足坏疽,表 6-3-43
2319,E10.500x045,1型糖尿病性急性皮肤坏疽,表 6-3-43
2320,E10.500x046,1型糖尿病性细菌性坏疽,表 6-3-43
2321,E10.500x047,1型糖尿病性溶血性坏疽,表 6-3-43
2322,E10.500x048,1型糖尿病性富尼埃坏疽,表 6-3-43
2323,E10.500x049,1型糖尿病性曼莱尼坏疽,表 6-3-43
2324,E10.500x051,1型糖尿病性下肢感染,表 6-3-43
2325,E10.501+I79.2*,1型糖尿病性周围血管病变,表 6-3-43
2326,E10.502+I79.2*,1型糖尿病性心肌病,表 6-3-43
2327,E10.503,1型糖尿病性足病,表 6-3-43
2328,E10.504,1型糖尿病性溃疡,表 6-3-43
2329,E10.505,1型糖尿病性坏疽,表 6-3-43
2330,E10.600x011+M14.6*,1型糖尿病性夏科关节病,表 6-3-43
2331,E10.600x012+M14.2*,1型糖尿病性手关节综合征,表 6-3-43
2332,E10.600x014+M14.2*,1型糖尿病性手掌筋膜纤维瘤病,表 6-3-43
2333,E10.600x015+M14.2*,1型糖尿病性肩关节周围炎,表 6-3-43
2334,E10.600x021,1型糖尿病性大疱症,表 6-3-43
2335,E10.600x023,1型糖尿病性红斑,表 6-3-43
2336,E10.600x024,1型糖尿病性潮红,表 6-3-43
2337,E10.600x025,1型糖尿病性皮肤硬化,表 6-3-43
2338,E10.600x026,1型糖尿病性皮肤增厚,表 6-3-43
2339,E10.600x027+L99.8*,1型糖尿病性糖尿病脂性渐进性坏死,表 6-3-43
2340,E10.600x028,1型糖尿病性甲周毛细血管扩张,表 6-3-43
2341,E10.600x031,1型糖尿病性急性牙周脓肿,表 6-3-43
2342,E10.600x032,1型糖尿病性牙周炎,表 6-3-43
2343,E10.600x042,1型糖尿病性低血糖性癫痫发作,表 6-3-43
2344,E10.600x043,1型糖尿病性低血糖症,表 6-3-43
2345,E10.600x051,1型糖尿病伴血糖控制不佳,表 6-3-43
2346,E10.600x910,1型糖尿病性肌坏死,表 6-3-43
2347,E10.600x911,1型糖尿病性坏死性筋膜炎,表 6-3-43
2348,E10.600x920,1型糖尿病性无菌性肌坏死,表 6-3-43
2349,E10.600x930,1型糖尿病性缺血性肌坏死,表 6-3-43
2350,E10.600x970,1型糖尿病性乳腺纤维化病变,表 6-3-43
2351,E10.601+M14.2*,1型糖尿病性关节病,表 6-3-43
2352,E10.602+M14.6*,1型糖尿病神经病性关节病,表 6-3-43
2353,E10.603+L99.8*,1型糖尿病性皮肤病,表 6-3-43
2354,E10.700,1型糖尿病伴有多个并发症,表 6-3-43
2355,E10.700x011,1型糖尿病性多发性微血管并发症,表 6-3-43
2356,E10.700x021,1型糖尿病性胰岛素抵抗,表 6-3-43
2357,E10.700x022,1型糖尿病性高血压,表 6-3-43
2358,E10.700x023,1型糖尿病性肥胖症性高血压,表 6-3-43
2359,E10.700x024,1型糖尿病性内脏脂肪沉积增加,表 6-3-43
2360,E10.700x025,1型糖尿病性黑棘皮症或血脂障碍或高胰岛素血症或肥胖症,表 6-3-43
2361,E10.700x031,1型糖尿病性足溃疡和周围血管病,表 6-3-43
2362,E10.700x032,1型糖尿病性足溃疡和周围神经病,表 6-3-43
2363,E11.400,2型糖尿病伴有神经的并发症,表 6-3-43
2364,E11.400x021+G63.2*,2型糖尿病性多发性神经病,表 6-3-43
2365,E11.400x022+G63.2*,2型糖尿病性胰岛素相关性神经炎,表 6-3-43
2366,E11.400x024+G63.2*,2型糖尿病性远端对称性周围神经病,表 6-3-43
2367,E11.400x025+G63.2*,2型糖尿病性小神经纤维周围神经病,表 6-3-43
2368,E11.400x026+G63.2*,2型糖尿病性感觉运动性周围神经病,表 6-3-43
2369,E11.400x110+G59.0*,2型糖尿病性单神经病,表 6-3-43
2370,E11.400x111+G59.0*,2型糖尿病性胸神经根病,表 6-3-43
2371,E11.400x112+G59.0*,2型糖尿病性躯干神经根病,表 6-3-43
2372,E11.400x121+G73.0*,2型糖尿病性肌无力综合征,表 6-3-43
2373,E11.400x130+G59.0*,2型糖尿病性脑神经麻痹,表 6-3-43
2374,E11.400x140+G59.0*,2型糖尿病性动眼神经麻痹,表 6-3-43
2375,E11.400x150+G59.0*,2型糖尿病性外展神经麻痹,表 6-3-43
2376,E11.400x160+G59.0*,2型糖尿病性股神经病,表 6-3-43
2377,E11.400x170+G59.0*,2型糖尿病性多发性单神经病,表 6-3-43
2378,E11.400x180+G59.0*,2型糖尿病性眼肌麻痹,表 6-3-43
2379,E11.400x190+G59.0*,2型糖尿病性神经根病,表 6-3-43
2380,E11.400x191+G59.0*,2型糖尿病腰骶神经根神经丛病,表 6-3-43
2381,E11.400x310+G99.0*,2型糖尿病性出汗异常,表 6-3-43
2382,E11.400x311+G99.0*,2型糖尿病性体位性低血压,表 6-3-43
2383,E11.400x330+G99.0*,2型糖尿病性腹泻,表 6-3-43
2384,E11.400x340+G99.0*,2型糖尿病性肛门直肠功能障碍,表 6-3-43
2385,E11.400x350+G99.0*,2型糖尿病性食管功能障碍,表 6-3-43
2386,E11.400x360+G99.0*,2型糖尿病性性无能,表 6-3-43
2387,E11.400x380+G99.0*,2型糖尿病性膀胱张力减弱,表 6-3-43
2388,E11.400x381+N33.8*,2型糖尿病神经源性膀胱炎,表 6-3-43
2389,E11.400x390+G99.0*,2型糖尿病性神经性水肿,表 6-3-43
2390,E11.400x901+G99.0*,2型糖尿病性脊髓病,表 6-3-43
2391,E11.401+G63.2*,2型糖尿病性周围神经病,表 6-3-43
2392,E11.402+G99.0*,2型糖尿病性自主神经病变,表 6-3-43
2393,E11.403+G63.2*,2型糖尿病性神经炎,表 6-3-43
2394,E11.404+G99.0*,2型糖尿病性神经源性膀胱,表 6-3-43
2395,E11.405+G73.0*,2型糖尿病性肌萎缩,表 6-3-43
2396,E11.406+G99.0*,2型糖尿病性胃轻瘫,表 6-3-43
2397,E11.500x021+I79.2*,2型糖尿病性周围血管病及坏疽,表 6-3-43
2398,E11.500x043,2型糖尿病性下肢溃疡,表 6-3-43
2399,E11.500x044,2型糖尿病性足坏疽,表 6-3-43
2400,E11.500x045,2型糖尿病性急性皮肤坏疽,表 6-3-43
2401,E11.500x046,2型糖尿病性细菌性坏疽,表 6-3-43
2402,E11.500x047,2型糖尿病性溶血性坏疽,表 6-3-43
2403,E11.500x048,2型糖尿病性富尼埃坏疽,表 6-3-43
2404,E11.500x049,2型糖尿病性曼莱尼坏疽,表 6-3-43
2405,E11.500x051,2型糖尿病性下肢感染,表 6-3-43
2406,E11.501+I79.2*,2型糖尿病性周围血管病变,表 6-3-43
2407,E11.502+I79.2*,2型糖尿病性心肌病,表 6-3-43
2408,E11.503,2型糖尿病足病,表 6-3-43
2409,E11.504,2型糖尿病性溃疡,表 6-3-43
2410,E11.505,2型糖尿病性坏疽,表 6-3-43
2411,E11.600x011+M14.6*,2型糖尿病性夏科关节病,表 6-3-43
2412,E11.600x012+M14.2*,2型糖尿病性手关节综合征,表 6-3-43
2413,E11.600x014+M14.2*,2型糖尿病性手掌筋膜纤维瘤病,表 6-3-43
2414,E11.600x015+M14.2*,2型糖尿病性肩关节周围炎,表 6-3-43
2415,E11.600x021,2型糖尿病性大疱症,表 6-3-43
2416,E11.600x023,2型糖尿病性红斑,表 6-3-43
2417,E11.600x024,2型糖尿病性潮红,表 6-3-43
2418,E11.600x025,2型糖尿病性皮肤硬化,表 6-3-43
2419,E11.600x026,2型糖尿病性皮肤增厚,表 6-3-43
2420,E11.600x027+L99.8*,2型糖尿病性糖尿病脂性渐进性坏死,表 6-3-43
2421,E11.600x028,2型糖尿病性甲周毛细血管扩张,表 6-3-43
2422,E11.600x031,2型糖尿病性急性牙周脓肿,表 6-3-43
2423,E11.600x032,2型糖尿病性牙周炎,表 6-3-43
2424,E11.600x042,2型糖尿病性低血糖性癫痫发作,表 6-3-43
2425,E11.600x043,2型糖尿病性低血糖症,表 6-3-43
2426,E11.600x051,2型糖尿病伴血糖控制不佳,表 6-3-43
2427,E11.600x910,2型糖尿病性肌坏死,表 6-3-43
2428,E11.600x911,2型糖尿病性坏死性筋膜炎,表 6-3-43
2429,E11.600x920,2型糖尿病性无菌性肌坏死,表 6-3-43
2430,E11.600x930,2型糖尿病性缺血性肌坏死,表 6-3-43
2431,E11.600x970,2型糖尿病性乳腺纤维化病变,表 6-3-43
2432,E11.601+M14.2*,2型糖尿病性关节病,表 6-3-43
2433,E11.602+M14.6*,2型糖尿病神经病性关节病,表 6-3-43
2434,E11.603+L99.8*,2型糖尿病性皮肤病,表 6-3-43
2435,E11.700x011,2型糖尿病性多发性微血管并发症,表 6-3-43
2436,E11.700x021,2型糖尿病性胰岛素抵抗,表 6-3-43
2437,E11.700x022,2型糖尿病性高血压,表 6-3-43
2438,E11.700x023,2型糖尿病性肥胖症性高血压,表 6-3-43
2439,E11.700x024,2型糖尿病性内脏脂肪沉积增加,表 6-3-43
2440,E11.700x025,2型糖尿病性黑棘皮症或血脂障碍或高胰岛素血症或肥胖症,表 6-3-43
2441,E11.700x031,2型糖尿病性足溃疡和周围血管病,表 6-3-43
2442,E11.700x032,2型糖尿病性足溃疡和周围神经病,表 6-3-43
2443,E11.700x033,2型糖尿病伴多个并发症,表 6-3-43
2444,E12.200,营养不良相关性糖尿病伴有肾的并发症,表 6-3-43
2445,E12.400,营养不良相关性糖尿病伴有神经的并发症,表 6-3-43
2446,E12.400x001+G99.0*,营养不良相关性糖尿病伴自主神经病变,表 6-3-43
2447,E12.400x002+N33.8*,营养不良相关性糖尿病伴神经源性膀胱,表 6-3-43
2448,E12.500,营养不良相关性糖尿病伴有周围循环并发症,表 6-3-43
2449,E12.600,营养不良相关性糖尿病伴有其他特指的并发症,表 6-3-43
2450,E12.700,营养不良相关性糖尿病伴有多个并发症,表 6-3-43
2451,E13.200x521+N08.3*,青少年发病的成人型糖尿病性肾病,表 6-3-43
2452,E13.201+N08.3*,脂肪萎缩性糖尿病性肾病,表 6-3-43
2453,E13.500x241+I79.2*,继发性糖尿病大血管病变,表 6-3-43
2454,E13.500x541+I79.2*,青少年发病的成人型糖尿病大血管病变,表 6-3-43
2455,E13.600,糖尿病伴有其他特指的并发症，其他特指的,表 6-3-43
2456,E13.700,"糖尿病伴有多个并发症,其他特指的",表 6-3-43
2457,E14.300x011+H36.0*,糖尿病性背景性视网膜病,表 6-3-43
2458,E14.300x012+H36.0*,糖尿病性背景性出血性视网膜病,表 6-3-43
2459,E14.300x013+H36.0*,糖尿病性背景性硬性渗出物性视网膜病,表 6-3-43
2460,E14.300x014+H36.0*,糖尿病性背景性小动脉瘤视网膜病,表 6-3-43
2461,E14.300x015+H36.0*,糖尿病性背景性静脉扩张性视网膜病,表 6-3-43
2462,E14.300x021+H36.0*,糖尿病性增殖性前期视网膜病,表 6-3-43
2463,E14.300x022+H36.0*,糖尿病性增殖性前期视网膜内微血管异常性视网膜病,表 6-3-43
2464,E14.300x023+H36.0*,糖尿病性增殖性前期絮状斑点性视网膜病,表 6-3-43
2465,E14.300x024+H36.0*,糖尿病性增殖性前期出血性视网膜病,表 6-3-43
2466,E14.300x025+H36.0*,糖尿病性增殖性前期局部缺血性视网膜病,表 6-3-43
2467,E14.300x031+H36.0*,糖尿病性增殖性视网膜病,表 6-3-43
2468,E14.300x032+H36.0*,糖尿病性增殖性出血性视网膜病,表 6-3-43
2469,E14.300x033+H36.0*,糖尿病性增殖性视网膜前出血性视网膜病,表 6-3-43
2470,E14.300x034+H36.0*,糖尿病性增殖性玻璃体出血性视网膜病,表 6-3-43
2471,E14.300x035+H36.0*,糖尿病性增殖性新生血管化性视网膜病,表 6-3-43
2472,E14.300x036+H36.0*,糖尿病性增殖性视网膜牵引性视网膜病,表 6-3-43
2473,E14.300x041+H36.0*,糖尿病性斑点性视网膜病,表 6-3-43
2474,E14.300x042+H36.0*,糖尿病性局部的水肿斑点性视网膜病,表 6-3-43
2475,E14.300x043+H36.0*,糖尿病性全面的水肿斑点性视网膜病,表 6-3-43
2476,E14.300x044+H36.0*,糖尿病性星状的斑点性视网膜病,表 6-3-43
2477,E14.300x045+H36.0*,糖尿病性环状的黄斑病性视网膜病,表 6-3-43
2478,E14.300x046+H36.0*,糖尿病性缺血性黄斑病性视网膜病,表 6-3-43
2479,E14.300x047+H36.0*,糖尿病性视网膜增厚性视网膜病,表 6-3-43
2480,E14.300x051+H42.0*,糖尿病性新生血管性青光眼,表 6-3-43
2481,E14.300x052+H22.1*,糖尿病性虹膜红变症,表 6-3-43
2482,E14.300x053+H36.0*,糖尿病性牵拉性视网膜脱离,表 6-3-43
2483,E14.300x054+H22.1*,糖尿病性虹膜炎,表 6-3-43
2484,E14.300x061+H28.0*,糖尿病性白内障,表 6-3-43
2485,E14.300x071+H36.0*,糖尿病性视网膜病变,表 6-3-43
2486,E14.300x091+H28.0*,糖尿病性早发的年龄相关性白内障,表 6-3-43
2487,E14.500x011+I79.2*,糖尿病性周围血管病,表 6-3-43
2488,E14.500x021+I79.2*,糖尿病性周围血管病及坏疽,表 6-3-43
2489,E14.500x031+I43.8*,糖尿病性缺血性心肌病,表 6-3-43
2490,E14.500x032+I43.8*,糖尿病性心肌病,表 6-3-43
2491,E14.500x041,糖尿病性溃疡,表 6-3-43
2492,E14.500x042,糖尿病性坏疽,表 6-3-43
2493,E14.500x043,糖尿病性下肢溃疡,表 6-3-43
2494,E14.500x044,糖尿病性足坏疽,表 6-3-43
2495,E14.500x045,糖尿病性急性皮肤坏疽,表 6-3-43
2496,E14.500x046,糖尿病性细菌性坏疽,表 6-3-43
2497,E14.500x047,糖尿病性溶血性坏疽,表 6-3-43
2498,E14.500x048,糖尿病性富尼埃坏疽,表 6-3-43
2499,E14.500x049,糖尿病性曼莱尼坏疽,表 6-3-43
2500,E14.500x050,糖尿病足,表 6-3-43
2501,E14.500x051,糖尿病性下肢感染,表 6-3-43
2502,E14.600x011+M14.6*,糖尿病性夏科关节病,表 6-3-43
2503,E14.600x012+M14.2*,糖尿病性手关节综合征,表 6-3-43
2504,E14.600x014+M14.2*,糖尿病性手掌筋膜纤维瘤病,表 6-3-43
2505,E14.600x015+M14.2*,糖尿病性肩关节周围炎,表 6-3-43
2506,E14.600x016+M14.2*,糖尿病性骨关节病,表 6-3-43
2507,E14.600x021,糖尿病性大疱症,表 6-3-43
2508,E14.600x022,糖尿病性皮肤病,表 6-3-43
2509,E14.600x023,糖尿病性红斑,表 6-3-43
2510,E14.600x024,糖尿病性潮红,表 6-3-43
2511,E14.600x025,糖尿病性皮肤硬化,表 6-3-43
2512,E14.600x026,糖尿病性皮肤增厚,表 6-3-43
2513,E14.600x027+L99.8*,糖尿病性糖尿病脂性渐进性坏死,表 6-3-43
2514,E14.600x028,糖尿病性甲周毛细血管扩张,表 6-3-43
2515,E14.600x031,糖尿病性急性牙周脓肿,表 6-3-43
2516,E14.600x032,糖尿病性牙周炎,表 6-3-43
2517,E14.600x042,糖尿病性低血糖性癫痫发作,表 6-3-43
2518,E14.600x043,糖尿病性低血糖症,表 6-3-43
2519,E14.600x051,糖尿病伴血糖控制不佳,表 6-3-43
2520,E14.600x910,糖尿病性肌坏死,表 6-3-43
2521,E14.600x911,糖尿病性坏死性筋膜炎,表 6-3-43
2522,E14.600x920,糖尿病性无菌性肌坏死,表 6-3-43
2523,E14.600x930,糖尿病性缺血性肌坏死,表 6-3-43
2524,E14.600x970,糖尿病性乳腺纤维化病变,表 6-3-43
2525,E14.700,糖尿病伴有多个并发症,表 6-3-43
2526,E14.700x011,糖尿病性多发性微血管并发症,表 6-3-43
2527,E14.700x021,糖尿病性胰岛素抵抗,表 6-3-43
2528,E14.700x022,糖尿病性高血压,表 6-3-43
2529,E14.700x023,糖尿病性肥胖症性高血压,表 6-3-43
2530,E14.700x024,糖尿病性内脏脂肪沉积增加,表 6-3-43
2531,E14.700x025,糖尿病性黑棘皮症或血脂障碍或高胰岛素血症或肥胖症,表 6-3-43
2532,E14.700x031,糖尿病性足溃疡和周围血管病,表 6-3-43
2533,E14.700x032,糖尿病性足溃疡和周围神经病,表 6-3-43
2534,E16.100x001,反应性低血糖症[餐后低血糖症],表 6-3-44
2535,E16.100x002,高胰岛素血症,表 6-3-44
2536,E16.100x004,胰岛β细胞增生,表 6-3-44
2537,E16.100x005,功能性非高胰岛素性低血糖,表 6-3-44
2538,E16.100x006,功能性胰岛素分泌过多,表 6-3-44
2539,E16.100x010,自身免疫性胰岛素综合征,表 6-3-44
2540,E16.100x013,婴儿持续性高胰岛素血症性低血糖,表 6-3-44
2541,E16.101,反应性低血糖症,表 6-3-44
2542,E16.102,自身免疫性低血糖症,表 6-3-44
2543,E16.103,功能性高胰岛素血症,表 6-3-44
2544,E16.104,功能性非胰岛素性低血糖,表 6-3-44
2545,E16.105,胰岛素自身免疫综合征,表 6-3-44
2546,E16.106,婴儿低血糖症,表 6-3-44
2547,E16.107+G94.8*,低血糖昏迷性脑病,表 6-3-44
2548,E16.108+G94.8*,低血糖性脑病,表 6-3-44
2549,E16.109,酒精性低血糖症,表 6-3-44
2550,E16.110,先天性高胰岛素性低血糖血症,表 6-3-44
2551,E16.111+G94.3*,低血糖性脑昏迷,表 6-3-44
2552,E16.112,先天性高胰岛素血症,表 6-3-44
2553,E16.400,胃泌素分泌异常,表 6-3-44
2554,E16.400x003,促胃液素分泌异常,表 6-3-44
2555,E16.401,高胃泌素血症,表 6-3-44
2556,E16.402,佐林格-埃利森综合征,表 6-3-44
2557,E20.100,假性甲状旁腺功能减退症,表 6-3-45
2558,E20.801,继发性甲状旁腺功能减退症,表 6-3-45
2559,E20.802,先天性甲状旁腺功能减退症,表 6-3-45
2560,E21.000,原发性甲状旁腺功能亢进症,表 6-3-45
2561,E21.000x007,股骨囊性纤维性骨炎,表 6-3-45
2562,E21.001,甲状旁腺增生,表 6-3-45
2563,E21.002,全身囊性纤维性骨炎,表 6-3-45
2564,E21.003,下颌骨囊性纤维性骨炎,表 6-3-45
2565,E21.004,脊柱囊性纤维性骨炎,表 6-3-45
2566,E21.005,上肢骨囊性纤维性骨炎,表 6-3-45
2567,E21.006,下肢骨囊性纤维性骨炎,表 6-3-45
2568,E24.200,药物性皮质醇增多症,表 6-3-45
2569,E24.200x001,正确用药所致药物性皮质醇增多症,表 6-3-45
2570,E24.201,医源性库欣综合征,表 6-3-45
2571,E24.202,类库欣综合征,表 6-3-45
2572,E26.800x002,高肾素性醛固酮增多症,表 6-3-45
2573,E26.801,家族性醛固酮增多症,表 6-3-45
2574,E26.802,巴特综合征,表 6-3-45
2575,E26.803,吉特尔曼综合征,表 6-3-45
2576,E27.000x001,肾上腺皮质功能亢进,表 6-3-45
2577,E27.000x002,促肾上腺皮质激素生成过多,表 6-3-45
2578,E27.000x003,肾上腺皮质功能亢进危象,表 6-3-45
2579,E27.000x011,肾上腺来源高雄激素血症,表 6-3-45
2580,E27.001,肾上腺皮质功能亢进，与库欣综合征无关,表 6-3-45
2581,E27.901,肾上腺肿物,表 6-3-45
2582,E29.000,睾丸功能亢进,表 6-3-45
2583,E29.000x002,男性性腺功能亢进,表 6-3-45
2584,E29.001,睾丸激素分泌过多,表 6-3-45
2585,E29.002,雄激素分泌过多,表 6-3-45
2586,E29.100,睾丸功能减退症,表 6-3-45
2587,E29.100x002,男性性腺功能低下,表 6-3-45
2588,E29.100x004,睾丸雄激素生物合成障碍,表 6-3-45
2589,E29.101,原发性睾丸功能减退症,表 6-3-45
2590,E29.102,继发性睾丸功能减退症,表 6-3-45
2591,E29.103,幼稚型睾丸,表 6-3-45
2592,E29.104,高促性腺激素性性腺功能减退症,表 6-3-45
2593,E29.105,5α-还原酶缺陷症,表 6-3-45
2594,E29.106,雄激素部分缺乏综合征,表 6-3-45
2595,E30.000,青春期延迟,表 6-3-45
2596,E30.000x003,性发育迟缓,表 6-3-45
2597,E30.001,第二性征发育不全,表 6-3-45
2598,E30.002,幼稚型子宫,表 6-3-45
2599,E31.100,多腺体功能亢进,表 6-3-45
2600,E31.900,多腺体功能障碍,表 6-3-45
2601,E31.901,多发性内分泌腺病,表 6-3-45
2602,E34.400,体质性高身材,表 6-3-45
2603,E34.900x003,激素失调,表 6-3-45
2604,E34.901+G73.5*,内分泌病性肌病,表 6-3-45
2605,E34.902+M82.1*,内分泌病性骨质疏松,表 6-3-45
2606,E34.903,内分泌功能障碍,表 6-3-45
2607,E50.400x001+H19.8*,维生素A缺乏伴角膜软化,表 6-3-46
2608,E51.200+G32.8*,韦尼克脑病,表 6-3-46
2609,E53.800x003+G32.0*,侧索联合变性病,表 6-3-46
2610,E53.800x010,叶酸盐缺乏,表 6-3-46
2611,E53.800x011,生物素缺乏,表 6-3-46
2612,E53.800x012,氰钻胺素缺乏,表 6-3-46
2613,E53.800x013,泛酸缺乏,表 6-3-46
2614,E53.800x014+G32.0*,维生素B12缺乏性贫血性脊髓后侧索硬化症,表 6-3-46
2615,E53.801+G32.0*,脊髓亚急性联合变性,表 6-3-46
2616,E53.802,叶酸缺乏症,表 6-3-46
2617,E53.803+G63.4*,维生素B12缺乏性周围神经病,表 6-3-46
2618,E53.804,维生素B12缺乏症,表 6-3-46
2619,E53.805+F02.8*,维生素B12缺乏性痴呆,表 6-3-46
2620,E53.900,维生素B缺乏病,表 6-3-46
2621,E53.900x002+G63.4*,维生素B缺乏性周围神经病,表 6-3-46
2622,E53.901,复合性维生素Ｂ缺乏症,表 6-3-46
2623,E55.900,维生素D缺乏病,表 6-3-46
2624,E56.900,维生素缺乏病,表 6-3-46
2625,E56.900x003+G63.4*,维生素缺乏性周围神经病,表 6-3-46
2626,E56.901+G63.4*,维生素缺乏性多神经炎,表 6-3-46
2627,E61.000,铜缺乏,表 6-3-46
2628,E61.300,锰缺乏,表 6-3-46
2629,E63.100,摄入食物结构失衡,表 6-3-46
2630,E63.800,营养缺乏，其他特指的,表 6-3-46
2631,E64.900,营养缺乏后遗症,表 6-3-46
2632,E66.200,极度肥胖症伴有小泡性肺换气不足,表 6-3-47
2633,E66.201,极度肥胖伴低通气综合征,表 6-3-47
2634,E66.801,病态性肥胖,表 6-3-47
2635,E66.900,肥胖症,表 6-3-47
2636,E66.900x001,单纯性肥胖,表 6-3-47
2637,E66.901,重度肥胖,表 6-3-47
2638,E66.902+N08.4*,肥胖相关性肾病,表 6-3-47
2639,E67.200,大剂量维生素B6综合征,表 6-3-47
2640,E72.100x003,胱硫醚尿症,表 6-3-48
2641,E72.100x004,高胱氨酸尿症,表 6-3-48
2642,E72.100x005,蛋氨酸血症,表 6-3-48
2643,E72.100x006,亚硫酸盐氧化酶缺乏症,表 6-3-48
2644,E72.100x007,同型半胱氨酸尿症,表 6-3-48
2645,E72.101,高同型半胱氨酸血症,表 6-3-48
2646,E72.102,同型半胱氨酸血症,表 6-3-48
2647,E72.400,鸟氨酸代谢紊乱,表 6-3-48
2648,E72.400x001,鸟氨酸血症I型,表 6-3-48
2649,E72.400x002,鸟氨酸血症II型,表 6-3-48
2650,E72.401,高鸟胺酸血症-高氨血症-高瓜胺酸血症候群,表 6-3-48
2651,E72.402,鸟氨酸氨甲酰基转移酶缺乏症,表 6-3-48
2652,E72.800x001,脲环代谢紊乱,表 6-3-48
2653,E72.800x002,直链氨基酸代谢障碍,表 6-3-48
2654,E72.800x004,β氨基酸代谢紊乱,表 6-3-48
2655,E72.800x005,γ氨基酸代谢紊乱,表 6-3-48
2656,E74.100,果糖代谢紊乱,表 6-3-48
2657,E74.100x002,原发性果糖尿症,表 6-3-48
2658,E74.100x004,"果糖-1,6-二磷酸缺乏",表 6-3-48
2659,E74.101,遗传性果糖不耐受症,表 6-3-48
2660,E74.200,半乳糖代谢紊乱,表 6-3-48
2661,E74.200x002,半乳糖激酶缺乏,表 6-3-48
2662,E74.201,半乳糖血症,表 6-3-48
2663,E75.600x001,脂贮积病,表 6-3-48
2664,E75.600x002+G32.8*,全身性脂贮积症性大脑变性,表 6-3-48
2665,E75.601+G73.6*,脂质沉积性肌病,表 6-3-48
2666,E75.602+F02.8*,脑脂质沉积性痴呆,表 6-3-48
2667,E76.000,黏多糖贮积症，Ⅰ型,表 6-3-48
2668,E76.300,黏多糖贮积症,表 6-3-48
2669,E76.300x002+I52.8*,粘多糖贮积性心脏病,表 6-3-48
2670,E77.801,低蛋白血症,表 6-3-48
2671,E80.300x001,过氧化氢酶缺乏,表 6-3-48
2672,E80.301,过氧化物酶缺乏,表 6-3-48
2673,E80.302,δ-氨基酮戊酸脱水酶缺陷型卟啉病,表 6-3-48
2674,E83.500x001,低钙血性惊厥,表 6-3-48
2675,E83.500x006+H28.1*,低钙血性白内障[手足搐搦性白内障],表 6-3-48
2676,E83.500x007,特发性高钙尿症,表 6-3-48
2677,E83.500x008,家族性低钙尿性高钙血症,表 6-3-48
2678,E83.500x009,钙质沉着症,表 6-3-48
2679,E83.500x011,肿瘤样钙盐沉着症,表 6-3-48
2680,E83.501,高钙危象,表 6-3-48
2681,E83.502,高钙血症,表 6-3-48
2682,E83.503,低钙血症,表 6-3-48
2683,E83.504,高钙尿症,表 6-3-48
2684,E83.505+F02.8*,高钙血症性痴呆,表 6-3-48
2685,E85.100x002,淀粉样多发性神经病变,表 6-3-48
2686,E85.101+G63.3*,淀粉样变性周围神经病,表 6-3-48
2687,E85.300x002,继发性淀粉样变性,表 6-3-48
2688,E85.300x003,透析相关性淀粉样变病,表 6-3-48
2689,E85.400x004,脾淀粉样变性,表 6-3-48
2690,E85.400x005,上呼吸道淀粉样变性,表 6-3-48
2691,E85.400x006,咽淀粉样变性,表 6-3-48
2692,E85.400x008+G99.0*,淀粉样变性性周围神经病,表 6-3-48
2693,E85.400x012,脑淀粉样变,表 6-3-48
2694,E85.400x014,局限性淀粉样变性,表 6-3-48
2695,E85.401,淀粉样变声带损害,表 6-3-48
2696,E85.402,淀粉样变鼻咽损害,表 6-3-48
2697,E85.403,淀粉样变膀胱损害,表 6-3-48
2698,E85.404,淀粉样变支气管损害,表 6-3-48
2699,E85.405,淀粉样变齿龈损害,表 6-3-48
2700,E85.406,淀粉样变甲状腺损害,表 6-3-48
2701,E85.407,淀粉样变气管损害,表 6-3-48
2702,E85.408,淀粉样变血管损害,表 6-3-48
2703,E85.409,淀粉样变喉损害,表 6-3-48
2704,E85.410,淀粉样变胸膜损害,表 6-3-48
2705,E85.411+N29.8*,淀粉样变肾损害,表 6-3-48
2706,E85.412+J99.8*,淀粉样变肺损害,表 6-3-48
2707,E85.413+L99.0*,淀粉样变皮肤损害,表 6-3-48
2708,E85.414+I68.0*,淀粉样变脑血管损害,表 6-3-48
2709,E85.415+K77.8*,淀粉样变肝损害,表 6-3-48
2710,E85.416+I43.1*,淀粉样变心脏损害,表 6-3-48
2711,E85.417+K93.8*,淀粉样变肠道损害,表 6-3-48
2712,E85.418,眼睑淀粉样变性,表 6-3-48
2713,E85.800,淀粉样变，其他的,表 6-3-48
2714,E85.900,淀粉样变,表 6-3-48
2715,E85.900x003,斑疹性淀粉样变性,表 6-3-48
2716,E85.901,原发性淀粉样变性,表 6-3-48
2717,E87.600,低钾血症,表 6-3-48
2718,E87.600x002,低钾性抽搐,表 6-3-48
2719,E87.600x003,钾缺乏,表 6-3-48
2720,E87.600x004,低钾性肌病,表 6-3-48
2721,E88.100x001,部分性脂肪营养不良,表 6-3-48
2722,E88.100x002,进行性脂肪营养不良,表 6-3-48
2723,E88.100x004,脂肪营养不良,表 6-3-48
2724,E88.100x005,胰岛素性脂肪营养不良,表 6-3-48
2725,E88.100x006,蛋白酶抑制剂相关性脂肪营养不良,表 6-3-48
2726,E88.101,全身性脂肪营养不良,表 6-3-48
2727,E88.900x010,先天性遗传代谢病[先天性代谢缺陷],表 6-3-48
2728,E88.901,代谢障碍,表 6-3-48
2729,E88.902+M90.8*,代谢性骨病,表 6-3-48
2730,E88.903,遗传性代谢病,表 6-3-48
2731,E88.904+G99.2*,代谢性脊髓病,表 6-3-48
2732,E88.905+G99.0*,代谢性周围神经病,表 6-3-48
2733,E88.906+H28.1*,代谢性白内障,表 6-3-48
2734,E88.907+I43.1*,代谢性心肌病,表 6-3-48
2735,E88.908+G73.6*,代谢性肌病,表 6-3-48
2736,E89.100,操作后血内胰岛素不足,表 6-3-48
2737,E89.101,手术后低血糖昏迷,表 6-3-48
2738,E89.102,手术后低胰岛素血症,表 6-3-48
2739,E89.200x001,甲状旁腺缺失性手足搐搦,表 6-3-48
2740,E89.201,手术后甲状旁腺功能减退,表 6-3-48
2741,E89.601,手术后肾上腺皮质功能减退,表 6-3-48
2742,F01.900,血管性痴呆,表 6-3-49
2743,F01.901,动脉硬化性痴呆,表 6-3-49
2744,F01.902,脑动脉硬化性精神病,表 6-3-49
2745,F06.300,器质性心境［情感］障碍,表 6-3-49
2746,F06.300x002,器质性躁狂障碍,表 6-3-49
2747,F06.300x010,器质性双相障碍,表 6-3-49
2748,F06.300x020,器质性抑郁障碍,表 6-3-49
2749,F06.300x021,卒中后抑郁,表 6-3-49
2750,F06.300x030,器质性混合型情感障碍,表 6-3-49
2751,F06.301,癫痫性情感障碍,表 6-3-49
2752,F06.302,颅脑外伤性情感障碍,表 6-3-49
2753,F07.100,脑炎后综合征,表 6-3-49
2754,F10.000,急性酒精中毒引起的精神和行为障碍,表 6-3-50
2755,F10.001,急性酒精中毒,表 6-3-50
2756,F10.002,病理性醉酒,表 6-3-50
2757,F10.003,复杂性醉酒,表 6-3-50
2758,F10.300,使用酒精引起的戒断状态,表 6-3-50
2759,F11.200,使用阿片类物质引起的依赖综合征,表 6-3-50
2760,F11.200x001,杜冷丁药物依赖,表 6-3-50
2761,F11.200x003,镇痛药物成瘾,表 6-3-50
2762,F11.201,吗啡型药物瘾,表 6-3-50
2763,F11.202,哌替啶药物瘾,表 6-3-50
2764,F11.203,咖啡型药物瘾,表 6-3-50
2765,F11.204,海洛因药物瘾,表 6-3-50
2766,F11.500,使用阿片类物质引起的精神性障碍,表 6-3-50
2767,F12.900,使用大麻类物质引起的精神和行为障碍,表 6-3-50
2768,F13.300,使用镇静剂或催眠剂引起的戒断状态,表 6-3-50
2769,F14.200,使用可卡因引起的依赖综合征,表 6-3-50
2770,F16.000,使用致幻剂急性中毒引起的精神和行为障碍,表 6-3-50
2771,F16.000x002,致幻剂急性中毒,表 6-3-50
2772,F18.800,使用挥发性溶剂引起的其他精神和行为障碍,表 6-3-50
2773,F19.200,使用多种药物和其他精神活性物质引起的依赖综合征,表 6-3-50
2774,F19.200x001,A.P.C药物成瘾,表 6-3-50
2775,F19.201,镇痛药物瘾,表 6-3-50
2776,F19.400,使用多种药物和其他精神活性物质引起的戒断状态伴有谵妄,表 6-3-50
2777,F19.400x001,伴有谵妄的多种药物和其他精神活性物质戒断状态,表 6-3-50
2778,F19.900,使用多种药物和其他精神活性物质引起的精神和行为障碍,表 6-3-50
2779,F19.900x002,A.P.C中毒致精神障碍,表 6-3-50
2780,F19.900x003,阿的平中毒致精神障碍,表 6-3-50
2781,F19.900x004,合霉素中毒致精神障碍,表 6-3-50
2782,F19.900x005,激素类药物致精神障碍,表 6-3-50
2783,F19.900x006,眠尔通中毒致精神障碍,表 6-3-50
2784,F19.900x007,药物源性精神障碍,表 6-3-50
2785,F19.900x008,抗帕金森药物所致精神障碍,表 6-3-50
2786,F19.900x009,利血平所致精神障碍,表 6-3-50
2787,F23.000,不伴有精神分裂症症状的急性多形性精神病性障碍,表 6-3-51
2788,F23.001,"妄想阵发,急性妄想发作",表 6-3-51
2789,F23.002,周期性精神病,表 6-3-51
2790,F25.100,分裂情感性障碍，抑郁型,表 6-3-51
2791,F25.100x001,分裂情感性障碍抑郁发作,表 6-3-51
2792,F25.200,分裂情感性障碍，混合型,表 6-3-51
2793,F25.200x001,周期性精神病性障碍,表 6-3-51
2794,F25.200x002,分裂情感性障碍混合发作,表 6-3-51
2795,F25.900,分裂情感性障碍,表 6-3-51
2796,F30.000,轻躁狂,表 6-3-52
2797,F30.200,伴有精神病性症状的躁狂,表 6-3-52
2798,F30.200x001,伴有精神病性症状的躁狂发作,表 6-3-52
2799,F30.200x002,躁狂性木僵,表 6-3-52
2800,F30.201,谵妄性躁狂症,表 6-3-52
2801,F31.100,双相情感障碍，目前为不伴有精神病性症状的躁狂发作,表 6-3-52
2802,F31.400,双相情感障碍，目前为不伴有精神病性症状的重度抑郁发作,表 6-3-52
2803,F31.500,双相情感障碍，目前为伴有精神病性症状的重度抑郁发作,表 6-3-52
2804,F31.600,双相情感障碍，目前为混合性发作,表 6-3-52
2805,F32.000x002,不伴有躯体症状的轻度抑郁发作,表 6-3-52
2806,F32.000x011,伴有躯体症状的轻度抑郁发作,表 6-3-52
2807,F33.200,复发性抑郁障碍，目前为不伴有精神病性症状的重度发作,表 6-3-52
2808,F33.300,复发性抑郁障碍，目前为伴有精神病性症状的重度发作,表 6-3-52
2809,F33.400,复发性抑郁障碍，目前为缓解状态,表 6-3-52
2810,F34.000,环性气质,表 6-3-52
2811,F34.001,环性心境人格,表 6-3-52
2812,F34.002,情感性人格障碍,表 6-3-52
2813,F34.100,恶劣心境,表 6-3-52
2814,F34.101,神经官能性抑郁症,表 6-3-52
2815,F34.102,抑郁性人格障碍,表 6-3-52
2816,F34.800,持久的心境［情感］障碍，其他的,表 6-3-52
2817,F38.800,心境［情感］障碍，其他特指的,表 6-3-52
2818,F40.900,恐怖性焦虑障碍,表 6-3-53
2819,F40.901,恐怖状态,表 6-3-53
2820,F41.800,焦虑障碍，其他特指的,表 6-3-53
2821,F42.000,以强迫思维或穷思竭虑为主,表 6-3-53
2822,F42.001,强迫性思维,表 6-3-53
2823,F42.003,强迫状态,表 6-3-53
2824,F42.100,以强迫动作［强迫仪式］为主,表 6-3-53
2825,F42.101,强迫性动作,表 6-3-53
2826,F42.200,混合性强迫思维和动作,表 6-3-53
2827,F44.000,分离性遗忘,表 6-3-53
2828,F44.100,分离性神游,表 6-3-53
2829,F44.800x002,甘泽综合征[Ganser综合征],表 6-3-53
2830,F44.800x011,双重人格障碍,表 6-3-53
2831,F44.800x012,多重人格障碍,表 6-3-53
2832,F44.800x021,见于儿童和青少年的短暂分离[转换]性障碍,表 6-3-53
2833,F44.801,心因性精神错乱,表 6-3-53
2834,F44.802,心因性意识障碍,表 6-3-53
2835,F44.804,癔症性情感暴发,表 6-3-53
2836,F44.805,分离型癔症,表 6-3-53
2837,F45.000,躯体化障碍,表 6-3-53
2838,F45.300,躯体形式的自主神经功能紊乱,表 6-3-53
2839,F45.300x021,"躯体化的自主神经功能障碍,上消化道",表 6-3-53
2840,F45.300x022,咽异感症,表 6-3-53
2841,F45.300x031,"躯体化的自主神经功能障碍,下消化道",表 6-3-53
2842,F45.300x041,"躯体化的自主神经功能障碍,呼吸系统",表 6-3-53
2843,F45.300x051,"躯体化的自主神经功能障碍,泌尿生殖系统",表 6-3-53
2844,F45.300x091,"躯体化的自主神经功能障碍,多种器官系统",表 6-3-53
2845,F45.301,心因性多尿症,表 6-3-53
2846,F45.302,换气过度综合征,表 6-3-53
2847,F45.303,功能性咳嗽,表 6-3-53
2848,F45.304,心血管性神经官能症,表 6-3-53
2849,F45.305,心因性吞气症,表 6-3-53
2850,F45.306,心脏神经官能症,表 6-3-53
2851,F45.307,心因性呃逆,表 6-3-53
2852,F45.308,胃肠神经官能症,表 6-3-53
2853,F45.309,肠神经官能症,表 6-3-53
2854,F45.310,胃神经官能症,表 6-3-53
2855,F45.900,躯体形式障碍,表 6-3-53
2856,F45.901,心因性幻觉症,表 6-3-53
2857,F48.100,人格解体-现实解体综合征,表 6-3-53
2858,F48.100x002,解离状态,表 6-3-53
2859,F50.300,非典型神经性贪食,表 6-3-54
2860,F50.501,心因性呕吐,表 6-3-54
2861,F50.502,神经性呕吐,表 6-3-54
2862,F51.500,梦魇,表 6-3-54
2863,F52.200,生殖器反应丧失,表 6-3-54
2864,F52.200x002,女性性唤起障碍,表 6-3-54
2865,F52.201,心因性阳痿,表 6-3-54
2866,F52.202,男性勃起障碍,表 6-3-54
2867,F52.300,性高潮功能障碍,表 6-3-54
2868,F52.800,性功能障碍，非由器质性障碍或疾病引起，其他的,表 6-3-54
2869,F53.100x001,与产褥期有关的重度精神和行为障碍,表 6-3-54
2870,F53.101,产褥期精神病,表 6-3-54
2871,F53.800,精神和行为障碍，其他与产褥期有关的不可归类在他处者,表 6-3-54
2872,F60.000,偏执型人格障碍,表 6-3-55
2873,F60.800x001,情感性人格,表 6-3-55
2874,F60.800x002,抑郁性人格,表 6-3-55
2875,F60.800x003,躁狂性人格,表 6-3-55
2876,F60.801,妄想狂样人格障碍,表 6-3-55
2877,F60.802,自恋型人格障碍,表 6-3-55
2878,F62.100,精神科疾病后持久性人格改变,表 6-3-55
2879,F63.000,病理性赌博,表 6-3-55
2880,F63.200,病理性偷窃［偷窃狂］,表 6-3-55
2881,F64.000x001,"易性症,男",表 6-3-55
2882,F64.000x002,"易性症,女",表 6-3-55
2883,F64.100,双重异装症,表 6-3-55
2884,F66.100,自我不和谐的性取向,表 6-3-55
2885,F68.000,由于心理原因渲染的躯体症状,表 6-3-55
2886,F68.000x001,赔偿神经症,表 6-3-55
2887,F68.800,成人人格和行为障碍，其他特指的,表 6-3-55
2888,F70.800,轻度精神发育迟缓，其他行为缺陷,表 6-3-56
2889,F71.100,中度精神发育迟缓，需要加以关注或治疗的显著行为缺陷,表 6-3-56
2890,F72.000,重度精神发育迟缓，无或轻微行为缺陷的,表 6-3-56
2891,F72.000x001,重度精神发育迟滞,表 6-3-56
2892,F72.800,重度精神发育迟缓，其他行为缺陷,表 6-3-56
2893,F73.900,极重度精神发育迟缓，未提及行为缺陷的,表 6-3-56
2894,F78.100,其他精神发育迟缓，需要加以关注或治疗的显著行为缺陷,表 6-3-56
2895,F79.800,精神发育迟缓引起的，其他的,表 6-3-56
2896,F80.800,言语和语言发育障碍，其他的,表 6-3-57
2897,F81.200,特定性计算技能障碍,表 6-3-57
2898,F81.201,格斯特曼综合征,表 6-3-57
2899,F81.800,发育障碍，其他学习技能,表 6-3-57
2900,F84.100,不典型孤独症,表 6-3-57
2901,F84.800,弥漫性［综合性］发育障碍，其他的,表 6-3-57
2902,F91.100,非社会化的品行障碍,表 6-3-58
2903,F91.100x002,孤独攻击性品行障碍,表 6-3-58
2904,F93.300,同胞竞争障碍,表 6-3-58
2905,F93.800,童年情绪障碍，其他特指的,表 6-3-58
2906,F94.900,童年社会功能障碍,表 6-3-58
2907,F95.800,抽动障碍，其他的,表 6-3-58
2908,F95.801,眨眼症,表 6-3-58
2909,F98.000,非器质性遗尿症,表 6-3-58
2910,F98.001,功能性遗尿,表 6-3-58
2911,F98.200,婴儿和儿童期的喂养障碍,表 6-3-58
2912,G00.100,肺炎球菌性脑膜炎,表 6-3-59
2913,G00.200,链球菌性脑膜炎,表 6-3-59
2914,G03.000,非化脓性脑膜炎,表 6-3-59
2915,G03.001,无菌性脑膜炎,表 6-3-59
2916,G03.002,局限性脑膜炎,表 6-3-59
2917,G03.800,脑膜炎，其他特指原因引起的,表 6-3-59
2918,G03.800x003,肥厚性硬脑膜炎,表 6-3-59
2919,G03.800x004,肥厚性硬脊膜炎,表 6-3-59
2920,G03.800x005,肥厚性硬脑脊膜炎,表 6-3-59
2921,G03.801,化学性脑膜炎,表 6-3-59
2922,G03.802,反应性脑膜炎,表 6-3-59
2923,G03.900,脑膜炎,表 6-3-59
2924,G03.900x008,脑脊膜炎,表 6-3-59
2925,G03.901,颅底蛛网膜炎,表 6-3-59
2926,G03.902,脊髓蛛网膜炎,表 6-3-59
2927,G03.903,硬脑膜炎,表 6-3-59
2928,G03.904,蛛网膜炎,表 6-3-59
2929,G03.905,原发性肥厚性硬脑膜炎,表 6-3-59
2930,G03.906,非特异性脑脊膜炎,表 6-3-59
2931,G03.907,急性脑膜炎,表 6-3-59
2932,G04.100,人类T细胞淋巴病毒相关脊髓病,表 6-3-59
2933,G04.101,热带痉挛性截瘫,表 6-3-59
2934,G04.200,细菌性脑膜脑炎和脊髓脊膜炎，不可归类在他处者,表 6-3-59
2935,G04.201,绿脓杆菌性脑膜脑炎,表 6-3-59
2936,G06.100x002,椎管内脓肿,表 6-3-59
2937,G06.100x003,脊髓脓肿,表 6-3-59
2938,G06.100x004,脊髓肉芽肿,表 6-3-59
2939,G06.100x006,硬脊膜外肉芽肿,表 6-3-59
2940,G06.100x008,硬脊膜下肉芽肿,表 6-3-59
2941,G06.100x009,椎管内感染,表 6-3-59
2942,G06.101,椎管内肉芽肿,表 6-3-59
2943,G06.102,硬脊膜下脓肿,表 6-3-59
2944,G06.103,硬脊膜外脓肿,表 6-3-59
2945,G11.100,早期发病的小脑性共济失调,表 6-3-60
2946,G11.100x002,脊髓小脑性共济失调,表 6-3-60
2947,G11.100x003,早发型小脑性共济失调增加遗传性共济失调-侏儒-智力缺陷综合征[Marinesco-Sjogren综合征],表 6-3-60
2948,G11.100x004,周期性共济失调[发作性共济失调],表 6-3-60
2949,G11.100x005,肌阵挛小脑性共济失调[Ramsay-Hunt综合征],表 6-3-60
2950,G11.100x006,反射保留型Friedreich共济失调,表 6-3-60
2951,G11.101,X-连锁隐性遗传脊髓小脑性共济失调,表 6-3-60
2952,G11.102,弗里德赖希共济失调,表 6-3-60
2953,G11.200,晚期发病的小脑性共济失调,表 6-3-60
2954,G11.200x002,进行性小脑共济失调[橄榄体脑桥小脑萎缩],表 6-3-60
2955,G11.200x004,晚发型Friedreich共济失调,表 6-3-60
2956,G11.201,遗传性小脑性共济失调[Marie共济失调],表 6-3-60
2957,G11.300,小脑共济失调伴有脱氧核糖核酸［DNA］修复缺陷,表 6-3-60
2958,G11.300x001,共济失调性毛细血管扩张症,表 6-3-60
2959,G11.300x002,"小脑性共济失调,伴有脱氧核糖核酸修复缺陷[Kearn-Sayre综合征]",表 6-3-60
2960,G11.301,路易斯-巴尔综合征,表 6-3-60
2961,G12.200,运动神经元病,表 6-3-60
2962,G12.200x002,继发性侧索硬化,表 6-3-60
2963,G12.200x005,进行性肌萎缩,表 6-3-60
2964,G12.200x007,遗传性运动神经元病,表 6-3-60
2965,G12.200x008,进行性假性延髓麻痹,表 6-3-60
2966,G12.200x009,运动神经元变性病,表 6-3-60
2967,G12.200x010,连枷臂综合征,表 6-3-60
2968,G12.200x011,上运动神经元综合征,表 6-3-60
2969,G12.200x012,真性球麻痹,表 6-3-60
2970,G12.200x013,下运动神经元综合征,表 6-3-60
2971,G12.200x015,免疫介导性运动神经元病,表 6-3-60
2972,G12.200x016,假性延髓麻痹,表 6-3-60
2973,G12.201,肌萎缩侧索硬化症(ALS),表 6-3-60
2974,G12.202,锥体束变性,表 6-3-60
2975,G12.203,球麻痹,表 6-3-60
2976,G12.204,进行性球麻痹,表 6-3-60
2977,G12.205,原发性侧索硬化症,表 6-3-60
2978,G12.206,进行性脊髓性肌萎缩,表 6-3-60
2979,G12.207,家族性运动神经元病,表 6-3-60
2980,G12.208,假性球麻痹,表 6-3-60
2981,G12.209,脊髓延髓肌萎缩症[肯尼迪病],表 6-3-60
2982,G21.400,血管性帕金森综合征,表 6-3-61
2983,G21.401,动脉硬化性帕金森综合征,表 6-3-61
2984,G23.300,小脑型多系统萎缩,表 6-3-61
2985,G23.800,基底核变性疾病，其他特指的,表 6-3-61
2986,G23.800x005,家族性特发性基底节钙化症[Fahr病],表 6-3-61
2987,G23.800x006,齿状红核苍白球丘脑底核萎缩症,表 6-3-61
2988,G23.800x007,关岛肌萎缩侧索硬化-帕金森-痴呆综合征,表 6-3-61
2989,G23.801,橄榄体脑桥小脑萎缩,表 6-3-61
2990,G23.802,原发性基底节钙化,表 6-3-61
2991,G23.803,皮质基底节变性,表 6-3-61
2992,G23.804,神经源性直立性低血压,表 6-3-61
2993,G24.900,张力失常,表 6-3-61
2994,G24.900x003,肌张力障碍,表 6-3-61
2995,G24.901,迟发性运动障碍,表 6-3-61
2996,G24.902,运动障碍,表 6-3-61
2997,G25.200,震颤，其他特指型的,表 6-3-61
2998,G25.200x002,小脑性震颤,表 6-3-61
2999,G25.200x003,任务特异性震颤,表 6-3-61
3000,G25.200x004,原发性书写震颤,表 6-3-61
3001,G25.200x005,直立性震颤,表 6-3-61
3002,G25.200x006,周围神经病性震颤,表 6-3-61
3003,G25.200x007,肌张力障碍性震颤,表 6-3-61
3004,G25.200x008,静止性震颤,表 6-3-61
3005,G25.200x009,姿势性震颤,表 6-3-61
3006,G25.201,意向性震颤,表 6-3-61
3007,G25.202,动作性震颤,表 6-3-61
3008,G25.600,药物性抽搐和其他器质性原因的抽搐,表 6-3-61
3009,G25.600x001,药物性抽搐,表 6-3-61
3010,G25.601,面肌抽搐,表 6-3-61
3011,G25.800x001,不安腿综合征[不宁腿综合征],表 6-3-61
3012,G25.800x004,器质性书写痉挛,表 6-3-61
3013,G25.800x005,非药物性静坐不能,表 6-3-61
3014,G25.802,僵人综合征,表 6-3-61
3015,G25.803,静坐不能（药物引起）（治疗引起）,表 6-3-61
3016,G30.100,阿尔茨海默病伴有晚期发病,表 6-3-62
3017,G30.100x002+F00.1*,家族性阿尔茨海默病性痴呆(老年型),表 6-3-62
3018,G30.100x003+F00.1*,阿尔茨海默病性痴呆(老年型),表 6-3-62
3019,G30.900,阿尔茨海默病,表 6-3-62
3020,G30.901+F00.9*,阿尔茨海默病性痴呆,表 6-3-62
3021,G31.000,局限性脑萎缩,表 6-3-62
3022,G31.000x003,进行性孤立性失语症,表 6-3-62
3023,G31.000x005+F02.8*,额颞叶痴呆,表 6-3-62
3024,G31.000x006+F02.8*,语义性痴呆,表 6-3-62
3025,G31.001,皮克病,表 6-3-62
3026,G31.002+F02.0*,皮克病性痴呆,表 6-3-62
3027,G31.200,酒精性神经系统变性,表 6-3-62
3028,G31.200x001,慢性酒精中毒性神经系统损害,表 6-3-62
3029,G31.200x005,酒精性大脑变性,表 6-3-62
3030,G31.201,酒精中毒性小脑共济失调,表 6-3-62
3031,G31.202,酒精性小脑变性,表 6-3-62
3032,G31.203,酒精中毒性脑病,表 6-3-62
3033,G37.100,胼胝体中枢性脱髓鞘,表 6-3-63
3034,G37.100x002,原发性胼胝体变性,表 6-3-63
3035,G37.500,同心性硬化［鲍洛］,表 6-3-63
3036,G40.400,"全身性癫痫和癫痫综合征,其他的",表 6-3-64
3037,G40.400x001,婴儿痉挛症[West综合征],表 6-3-64
3038,G40.400x002,伦诺克斯-加斯托综合征[Lennox-Gastaut综合征],表 6-3-64
3039,G40.400x003,早发性肌阵挛性脑病,表 6-3-64
3040,G40.400x005,早期婴儿癫痫性脑病伴暴发抑制,表 6-3-64
3041,G40.400x008,肌阵挛癫痫伴破碎肌红纤维,表 6-3-64
3042,G40.401,儿童期弥漫性慢棘-慢波(小发作变异型)癫痫性脑病,表 6-3-64
3043,G40.402,婴儿早期肌阵挛性脑病,表 6-3-64
3044,G40.403,肌阵挛站立不能发作性癫痫,表 6-3-64
3045,G40.404,婴儿严重肌阵挛性癫痫,表 6-3-64
3046,G40.405,韦斯特综合征,表 6-3-64
3047,G40.406,大田原综合征,表 6-3-64
3048,G40.800x003,简单部分性癫痫伴躯体感觉症状,表 6-3-64
3049,G40.800x004,症状性癫痫[继发性癫痫],表 6-3-64
3050,G40.800x008,呕吐型癫痫,表 6-3-64
3051,G40.800x010,反射性癫痫光敏性发作,表 6-3-64
3052,G40.800x013,觉醒时伴有全面强直阵挛性发作的癫痫,表 6-3-64
3053,G40.801,反射性癫痫,表 6-3-64
3054,G40.802,视觉敏感性癫痫,表 6-3-64
3055,G40.803,原发性阅读性癫痫,表 6-3-64
3056,G40.804,婴儿游走性部分性发作,表 6-3-64
3057,G40.805,难治性癫痫,表 6-3-64
3058,G41.200,复杂部分性癫痫持续状态,表 6-3-64
3059,G41.200x002,癫痫偏侧抽搐状态伴偏侧轻瘫,表 6-3-64
3060,G41.200x003,边缘叶性癫痫持续状态,表 6-3-64
3061,G41.200x004,癫痫单纯部分性发作持续状态,表 6-3-64
3062,G45.800,短暂性大脑缺血性发作和相关的综合征，其他的,表 6-3-64
3063,G45.800x002,无名动脉盗血综合征,表 6-3-64
3064,G45.800x003,锁骨下盗血综合征伴锁骨下动脉闭塞,表 6-3-64
3065,G45.800x004,锁骨下盗血综合征伴锁骨下动脉狭窄,表 6-3-64
3066,G45.801,锁骨下动脉盗血综合征,表 6-3-64
3067,G45.802,脑血管供血不足伴短暂性局灶性神经症状,表 6-3-64
3068,G45.900,短暂性大脑缺血性发作,表 6-3-64
3069,G45.901,脑动脉痉挛,表 6-3-64
3070,G47.200,睡眠-觉醒节律障碍,表 6-3-64
3071,G47.200x002,延迟睡眠阶段综合征,表 6-3-64
3072,G47.200x003,日节律性睡眠障碍,表 6-3-64
3073,G47.300,睡眠呼吸暂停,表 6-3-64
3074,G47.300x001,睡眠呼吸暂停低通气综合征,表 6-3-64
3075,G47.300x031,睡眠低通气综合征,表 6-3-64
3076,G47.300x033,混合性睡眠呼吸暂停低通气综合征,表 6-3-64
3077,G47.300x034,原发性肺泡低通气综合征,表 6-3-64
3078,G47.300x035,中枢性低通气综合征,表 6-3-64
3079,G47.300x036,中枢性睡眠呼吸暂停低通气综合征,表 6-3-64
3080,G47.300x037,阻塞性睡眠呼吸暂停低通气综合征,表 6-3-64
3081,G47.301,阻塞性睡眠呼吸暂停综合征,表 6-3-64
3082,G47.302,中枢性睡眠呼吸暂停综合征,表 6-3-64
3083,G47.303,混合性睡眠呼吸暂停综合征,表 6-3-64
3084,G47.304,上气道阻力综合征,表 6-3-64
3085,G47.400x002,发作性睡病,表 6-3-64
3086,G47.400x003,昏睡,表 6-3-64
3087,G47.401,猝倒发作,表 6-3-64
3088,G47.800x001,周期性瞌睡[Kleine-Levin综合征],表 6-3-64
3089,G47.800x002,快动眼睡眠行为障碍,表 6-3-64
3090,G47.801,发作性嗜睡强食综合征,表 6-3-64
3091,G50.801,味觉性出汗综合征,表 6-3-65
3092,G50.802,三叉神经麻痹,表 6-3-65
3093,G50.803,三叉神经炎,表 6-3-65
3094,G51.200,梅尔克松综合征,表 6-3-65
3095,G51.201,梅尔克松-罗森塔尔综合征,表 6-3-65
3096,G51.900,面神经疾患,表 6-3-65
3097,G52.200,迷走神经疾患,表 6-3-65
3098,G52.201,喉返神经麻痹,表 6-3-65
3099,G52.202,喉返神经疾患,表 6-3-65
3100,G52.203,迷走神经麻痹,表 6-3-65
3101,G52.204,喉返神经炎,表 6-3-65
3102,G52.205,迷走神经功能亢进,表 6-3-65
3103,G52.700,多发脑神经疾患,表 6-3-65
3104,G52.700x005,维拉雷综合征,表 6-3-65
3105,G52.701,多发性脑神经麻痹,表 6-3-65
3106,G52.702,多发性脑神经炎,表 6-3-65
3107,G52.703,多发性脑神经损害,表 6-3-65
3108,G52.704,颈静脉孔综合征,表 6-3-65
3109,G52.705,眶尖综合征,表 6-3-65
3110,G54.000,臂丛疾患,表 6-3-65
3111,G54.000x001,臂丛神经损害,表 6-3-65
3112,G54.000x004,颈肋综合征,表 6-3-65
3113,G54.000x006,过度外展综合征,表 6-3-65
3114,G54.001,肋锁综合征,表 6-3-65
3115,G54.002,胸廓出口综合征,表 6-3-65
3116,G54.003,臂丛神经麻痹,表 6-3-65
3117,G54.004,前斜角肌综合征,表 6-3-65
3118,G54.200,颈神经根疾患，不可归类在他处者,表 6-3-65
3119,G54.200x001,颈神经根损害,表 6-3-65
3120,G54.201,颈神经根囊肿,表 6-3-65
3121,G54.300,胸神经根疾患，不可归类在他处者,表 6-3-65
3122,G54.300x001,胸神经根损害,表 6-3-65
3123,G54.800x003,手术后神经根粘连,表 6-3-65
3124,G54.800x004,脊神经嵌压综合征,表 6-3-65
3125,G54.801,骶神经根囊肿,表 6-3-65
3126,G56.100,正中神经的其他损害,表 6-3-65
3127,G56.100x001,正中神经损害,表 6-3-65
3128,G56.100x002,正中神经卡压综合征,表 6-3-65
3129,G56.100x003,骨间背侧神经卡压综合征,表 6-3-65
3130,G56.100x004,旋前圆肌综合征,表 6-3-65
3131,G56.101,正中神经麻痹,表 6-3-65
3132,G56.800x001,指间神经瘤,表 6-3-65
3133,G56.900,上肢单神经病,表 6-3-65
3134,G57.300,外腘神经损害,表 6-3-65
3135,G57.300x001,腓深神经麻痹,表 6-3-65
3136,G57.300x005,腓总神经损害,表 6-3-65
3137,G57.301,腓神经麻痹,表 6-3-65
3138,G57.302,腓神经损害,表 6-3-65
3139,G57.303,腓总神经麻痹,表 6-3-65
3140,G57.304,腓浅神经卡压,表 6-3-65
3141,G57.800x001,趾间神经瘤,表 6-3-65
3142,G57.800x002,手术后下肢神经粘连,表 6-3-65
3143,G58.800x001,膈神经麻痹,表 6-3-65
3144,G58.800x004,手术后皮神经粘连,表 6-3-65
3145,G58.800x006,肩胛上卡压综合征,表 6-3-65
3146,G58.800x007,胸长神经麻痹,表 6-3-65
3147,G58.800x008,耳大神经痛,表 6-3-65
3148,G58.801,枕大神经痛,表 6-3-65
3149,G60.900,遗传性和特发性神经病,表 6-3-66
3150,G60.900x001,遗传性周围神经病,表 6-3-66
3151,G61.800x003,获得性多灶性感觉运动神经病,表 6-3-66
3152,G61.800x004,急性感觉运动神经病,表 6-3-66
3153,G61.800x005,亚急性感觉神经病,表 6-3-66
3154,G61.800x006,亚急性或慢性感觉运动神经病,表 6-3-66
3155,G61.801,慢性炎症性脱髓鞘性多发性神经病,表 6-3-66
3156,G61.900,炎性多神经病,表 6-3-66
3157,G62.100,酒精性多神经病,表 6-3-66
3158,G62.100x002,慢性酒精中毒性神经病,表 6-3-66
3159,G62.101,酒精中毒性周围神经病,表 6-3-66
3160,G62.900,多神经病,表 6-3-66
3161,G62.900x002,末梢神经病[末梢神经炎],表 6-3-66
3162,G62.900x003,末稍神经退行性改变,表 6-3-66
3163,G62.900x004,炎性和中毒性神经病,表 6-3-66
3164,G62.900x011,痛性周围神经病,表 6-3-66
3165,G62.901,周围神经病,表 6-3-66
3166,G62.908,多灶性感觉运动神经病,表 6-3-66
3167,G62.909,多灶性运动神经病,表 6-3-66
3168,G71.100,肌强直性疾患,表 6-3-67
3169,G71.101,神经性肌强直,表 6-3-67
3170,G71.102,萎缩性肌强直,表 6-3-67
3171,G71.103,营养不良性肌强直,表 6-3-67
3172,G71.104,先天性肌强直,表 6-3-67
3173,G71.105,先天性副肌强直,表 6-3-67
3174,G71.106,非营养不良性肌强直综合征,表 6-3-67
3175,G71.200,先天性肌病,表 6-3-67
3176,G71.200x002,先天性肌营养不良,表 6-3-67
3177,G71.200x003,多微小轴空病,表 6-3-67
3178,G71.200x004,先天性肌纤维类型不均衡,表 6-3-67
3179,G71.200x005,中央轴空病,表 6-3-67
3180,G71.800,肌肉的其他原发性疾患,表 6-3-67
3181,G71.800x002,肌-眼-脑病,表 6-3-67
3182,G71.801,肌萎缩,表 6-3-67
3183,G72.000,药物性肌病,表 6-3-67
3184,G80.200,痉挛性偏侧脑瘫,表 6-3-68
3185,G80.200x001,婴儿性偏瘫,表 6-3-68
3186,G81.100,痉挛性偏瘫,表 6-3-68
3187,G81.900,偏瘫,表 6-3-68
3188,G81.900x002,轻偏瘫,表 6-3-68
3189,G81.901,交替性偏瘫,表 6-3-68
3190,G81.902,完全性偏瘫,表 6-3-68
3191,G81.903,不完全性偏瘫,表 6-3-68
3192,G82.000,松弛性截瘫,表 6-3-68
3193,G82.000x011,急性驰缓性截瘫,表 6-3-68
3194,G82.000x021,慢性驰缓性截瘫,表 6-3-68
3195,G82.000x031,急性完全性驰缓性截瘫,表 6-3-68
3196,G82.000x041,慢性完全性驰缓性截瘫,表 6-3-68
3197,G82.000x051,急性不完全性驰缓性截瘫,表 6-3-68
3198,G82.000x061,慢性不完全性驰缓性截瘫,表 6-3-68
3199,G82.100,痉挛性截瘫,表 6-3-68
3200,G82.100x021,慢性痉挛性截瘫,表 6-3-68
3201,G82.100x031,急性完全性痉挛性截瘫,表 6-3-68
3202,G82.100x041,慢性完全性痉挛性截瘫,表 6-3-68
3203,G82.100x051,急性不完全性痉挛性截瘫,表 6-3-68
3204,G82.100x061,慢性不完全性痉挛性截瘫,表 6-3-68
3205,G82.101,急性痉挛性截瘫,表 6-3-68
3206,G82.300,松弛性四肢瘫痪,表 6-3-68
3207,G82.300x021,慢性驰缓性四肢瘫,表 6-3-68
3208,G82.300x031,急性完全性驰缓性四肢瘫,表 6-3-68
3209,G82.300x041,慢性完全性驰缓性四肢瘫,表 6-3-68
3210,G82.300x051,急性不完全性驰缓性四肢瘫,表 6-3-68
3211,G82.300x061,慢性不完全性驰缓性四肢瘫,表 6-3-68
3212,G82.301,急性弛缓性四肢瘫,表 6-3-68
3213,G82.500,四肢瘫痪,表 6-3-68
3214,G82.500x031,急性完全性四肢瘫,表 6-3-68
3215,G82.500x041,慢性完全性四肢瘫,表 6-3-68
3216,G82.501,急性四肢瘫,表 6-3-68
3217,G82.502,慢性四肢瘫,表 6-3-68
3218,G82.503,急性不完全性四肢瘫,表 6-3-68
3219,G82.504,慢性不完全性四肢瘫,表 6-3-68
3220,G83.000,双上肢瘫,表 6-3-68
3221,G83.000x002,完全性双上肢瘫,表 6-3-68
3222,G83.000x003,不完全性双上肢瘫,表 6-3-68
3223,G83.400,马尾综合征,表 6-3-68
3224,G83.500,闭锁综合征,表 6-3-68
3225,G83.800x001,脊髓半切综合征[布朗-塞卡尔氏综合征],表 6-3-68
3226,G83.800x003,交叉性瘫痪,表 6-3-68
3227,G83.801,布朗-塞卡尔综合征,表 6-3-68
3228,G83.802,脊髓完全性瘫痪,表 6-3-68
3229,G83.803,托德瘫痪,表 6-3-68
3230,G83.900,麻痹［瘫痪］综合征,表 6-3-68
3231,G83.900x001,痉挛性瘫痪[中枢性瘫痪],表 6-3-68
3232,G83.900x002,瘫痪,表 6-3-68
3233,G83.900x003,完全性瘫痪,表 6-3-68
3234,G83.900x004,不完全性瘫痪,表 6-3-68
3235,G83.900x005,弛缓性瘫痪[周围性瘫痪],表 6-3-68
3236,G83.901,轻度瘫痪,表 6-3-68
3237,G90.000,特发性周围自主神经病,表 6-3-69
3238,G90.001,颈动脉窦性晕厥,表 6-3-69
3239,G90.200,霍纳综合征,表 6-3-69
3240,G90.600,复杂性区域疼痛综合征II型,表 6-3-69
3241,G91.200,正常压力脑积水,表 6-3-69
3242,G93.200,良性颅内高压,表 6-3-69
3243,G93.200x003,弥漫性颅内压增高,表 6-3-69
3244,G93.200x004,局限性颅内压增高,表 6-3-69
3245,G93.201,良性颅内压增高综合征,表 6-3-69
3246,G95.100,血管性脊髓病,表 6-3-69
3247,G95.100x003,脊髓前动脉栓塞,表 6-3-69
3248,G95.100x004,脊髓前动脉血栓形成,表 6-3-69
3249,G95.100x007,缺血性脊髓病,表 6-3-69
3250,G95.100x008,缺血性脊髓血管病,表 6-3-69
3251,G95.100x013,缺氧缺血性脊髓病,表 6-3-69
3252,G95.101,脊髓出血,表 6-3-69
3253,G95.102,急性脊髓梗死,表 6-3-69
3254,G95.103,脊髓缺血,表 6-3-69
3255,G95.104,脊髓坏死,表 6-3-69
3256,G95.105,脊髓动脉血栓形成,表 6-3-69
3257,G95.106,脊髓水肿,表 6-3-69
3258,G95.107,脊髓后动脉综合征,表 6-3-69
3259,G95.108,脊髓栓塞,表 6-3-69
3260,G95.109,脊髓前动脉闭塞综合征,表 6-3-69
3261,G96.900,中枢神经系统疾患,表 6-3-69
3262,G96.900x002,脑脊髓神经病,表 6-3-69
3263,G96.900x003,脑脊髓神经根病,表 6-3-69
3264,G96.900x004,中枢神经系统并发症,表 6-3-69
3265,G96.901,脑脊髓病,表 6-3-69
3266,G96.902,中枢性疼痛,表 6-3-69
3267,G97.200,脑室分流后颅内低压,表 6-3-69
3268,H00.100,睑板腺囊肿,表 6-3-70
3269,H02.100,睑外翻,表 6-3-70
3270,H02.101,麻痹性睑外翻,表 6-3-70
3271,H02.102,瘢痕性睑外翻,表 6-3-70
3272,H02.103,老年性睑外翻,表 6-3-70
3273,H02.700,眼睑和眼周区域的其他变性性疾患,表 6-3-70
3274,H02.700x001,睑板腺脂肪变性,表 6-3-70
3275,H02.700x008,眼睑白癜风,表 6-3-70
3276,H02.702,眼睑萎缩,表 6-3-70
3277,H02.703,眼睑坏死,表 6-3-70
3278,H02.704,眼睑黄褐斑,表 6-3-70
3279,H02.705,眼睑睫毛脱落,表 6-3-70
3280,H04.200,溢泪,表 6-3-70
3281,H04.600,泪道的其他改变,表 6-3-70
3282,H04.600x003,泪囊粘液囊肿,表 6-3-70
3283,H04.601,泪囊囊肿,表 6-3-70
3284,H04.602,泪囊瘘,表 6-3-70
3285,H04.603,泪小管瘘,表 6-3-70
3286,H04.604,泪管肉芽肿,表 6-3-70
3287,H04.900,泪器系疾患,表 6-3-70
3288,H04.900x001,泪腺肿物,表 6-3-70
3289,H04.901,泪囊肿物,表 6-3-70
3290,H10.500,睑缘结膜炎,表 6-3-71
3291,H10.500x001,眼眦脓肿,表 6-3-71
3292,H11.200,结膜瘢痕,表 6-3-71
3293,H11.201,睑球粘连,表 6-3-71
3294,H11.300,结膜出血,表 6-3-71
3295,H11.301,结膜下出血,表 6-3-71
3296,H15.000,巩膜炎,表 6-3-72
3297,H15.000x002,巩膜脓肿,表 6-3-72
3298,H15.001,巩膜溃疡,表 6-3-72
3299,H15.900,巩膜疾患,表 6-3-72
3300,H18.000,角膜色素沉着和沉着物,表 6-3-72
3301,H18.000x004,角膜Kayser-Fleischer环[凯泽-弗莱舍尔环],表 6-3-72
3302,H18.000x005,克鲁肯贝格梭,表 6-3-72
3303,H18.000x006,施特里线,表 6-3-72
3304,H18.001,角膜沉着物,表 6-3-72
3305,H18.002,角膜黑变病,表 6-3-72
3306,H18.003,角膜血染,表 6-3-72
3307,H18.200,角膜水肿，其他的,表 6-3-72
3308,H18.700,角膜畸形，其他的,表 6-3-72
3309,H18.700x005,角膜突出,表 6-3-72
3310,H18.701,角膜葡萄肿,表 6-3-72
3311,H18.702,角膜后弹性层膨出,表 6-3-72
3312,H20.000x003,前房积脓,表 6-3-72
3313,H20.000x004,急性虹膜睫状体炎,表 6-3-72
3314,H20.001,亚急性虹膜睫状体炎,表 6-3-72
3315,H20.002,复发性虹膜睫状体炎,表 6-3-72
3316,H20.003,变态反应性虹膜睫状体炎,表 6-3-72
3317,H20.004,前房积脓性虹膜睫状体炎,表 6-3-72
3318,H20.800,虹膜睫状体炎，其他的,表 6-3-72
3319,H20.801,眼色素层脑膜炎,表 6-3-72
3320,H20.802,创伤性虹膜睫状体炎,表 6-3-72
3321,H20.803,Fuchs综合征,表 6-3-72
3322,H20.804,虹膜脓肿,表 6-3-72
3323,H21.100,虹膜和睫状体的其他血管疾患,表 6-3-72
3324,H21.101,虹膜新生血管,表 6-3-72
3325,H21.102,虹膜红变,表 6-3-72
3326,H21.103,睫状体新生血管,表 6-3-72
3327,H21.104,前房角新生血管,表 6-3-72
3328,H21.200,虹膜和睫状体变性,表 6-3-72
3329,H21.200x005,缩瞳性瞳孔囊肿,表 6-3-72
3330,H21.200x006,虹膜半透明,表 6-3-72
3331,H21.200x007,瞳孔缘变性,表 6-3-72
3332,H21.200x008,特发性虹膜萎缩,表 6-3-72
3333,H21.200x009,进行性虹膜萎缩,表 6-3-72
3334,H21.201,虹膜萎缩,表 6-3-72
3335,H21.202,虹膜变性,表 6-3-72
3336,H21.203,虹膜劈裂症,表 6-3-72
3337,H21.204,睫状体变性,表 6-3-72
3338,H21.800,虹膜和睫状体其他特指的疾患,表 6-3-72
3339,H21.800x001,前房积液,表 6-3-72
3340,H21.801,虹膜前增殖膜,表 6-3-72
3341,H21.802,虹膜脱出,表 6-3-72
3342,H21.900,虹膜和睫状体疾患,表 6-3-72
3343,H21.901,虹膜肿物,表 6-3-72
3344,H26.000x001,早老性白内障,表 6-3-73
3345,H26.000x002,青年期白内障,表 6-3-73
3346,H26.000x005,发育性白内障,表 6-3-73
3347,H26.001,婴儿期白内障,表 6-3-73
3348,H26.002,幼年性白内障,表 6-3-73
3349,H26.003,老年前期白内障,表 6-3-73
3350,H27.900,晶状体疾患,表 6-3-73
3351,H30.000,局灶性脉络膜视网膜炎,表 6-3-74
3352,H30.000x002,渗出性脉络膜炎,表 6-3-74
3353,H30.000x004,局灶性脉络膜炎,表 6-3-74
3354,H30.000x005,局灶性视网膜炎,表 6-3-74
3355,H30.001,近乳头性脉络膜视网膜炎,表 6-3-74
3356,H31.000,脉络膜视网膜瘢痕,表 6-3-74
3357,H31.000x001,视网膜瘢痕,表 6-3-74
3358,H31.000x002,日光性视网膜病,表 6-3-74
3359,H31.000x004,炎症后黄斑瘢痕,表 6-3-74
3360,H31.000x005,外伤后黄斑瘢痕,表 6-3-74
3361,H33.000,视网膜脱离伴视网膜断裂,表 6-3-74
3362,H33.000x005,巨大裂孔性视网膜脱离,表 6-3-74
3363,H33.000x006,脉络膜脱离型视网膜脱离,表 6-3-74
3364,H33.000x007,黄斑裂孔性视网膜脱离,表 6-3-74
3365,H33.001,孔源性视网膜脱离,表 6-3-74
3366,H33.002,锯齿缘离断,表 6-3-74
3367,H34.200,"视网膜动脉阻塞,其他的",表 6-3-74
3368,H34.200x002,视网膜血管痉挛,表 6-3-74
3369,H34.200x004,视网膜粥样栓塞[侯兰荷思特斑],表 6-3-74
3370,H34.200x005,视网膜微栓塞,表 6-3-74
3371,H34.201,视网膜部分性动脉阻塞,表 6-3-74
3372,H34.202,视网膜分支动脉阻塞,表 6-3-74
3373,H34.203,视网膜动脉供血不足,表 6-3-74
3374,H34.204,视网膜动脉栓塞,表 6-3-74
3375,H35.700,视网膜层分离,表 6-3-74
3376,H35.700x005,视网膜神经上皮层脱离,表 6-3-74
3377,H35.701,中心性浆液性脉络膜视网膜病变,表 6-3-74
3378,H35.702,视网膜色素上皮脱离,表 6-3-74
3379,H35.703,创伤性脉络膜视网膜病,表 6-3-74
3380,H40.600,药物性青光眼,表 6-3-75
3381,H40.600x002,糖皮质激素性青光眼,表 6-3-75
3382,H40.800x002,血影细胞性青光眼,表 6-3-75
3383,H40.800x004,发育性青光眼,表 6-3-75
3384,H40.800x005,分泌过多性青光眼,表 6-3-75
3385,H40.801,混合型青光眼,表 6-3-75
3386,H43.100,玻璃体积血,表 6-3-76
3387,H43.100x003,蛛网膜下腔出血合并玻璃体积血[Terson综合征],表 6-3-76
3388,H44.400,低眼压症,表 6-3-76
3389,H44.401,角膜瘘,表 6-3-76
3390,H44.402,巩膜瘘,表 6-3-76
3391,H49.300,全部(外部)眼肌麻痹,表 6-3-78
3392,H50.400,斜视，其他和未特指的,表 6-3-78
3393,H50.401,旋转斜视,表 6-3-78
3394,H50.402,分离性垂直斜视,表 6-3-78
3395,H50.403,微斜视,表 6-3-78
3396,H50.404,单眼固定综合征,表 6-3-78
3397,H50.405,共同性斜视,表 6-3-78
3398,H51.000,同向性注视麻痹,表 6-3-78
3399,H51.000x001,先天性水平注视麻痹,表 6-3-78
3400,H51.800,双眼运动疾患，其他特指的,表 6-3-78
3401,H51.801,眼球运动障碍,表 6-3-78
3402,H52.000,远视,表 6-3-78
3403,H52.400,老视,表 6-3-78
3404,H52.600,屈光的其他疾患,表 6-3-78
3405,H53.300,双眼视力的其他疾患,表 6-3-79
3406,H53.300x001,异常视网膜对应,表 6-3-79
3407,H53.300x002,融合及立体视觉障碍,表 6-3-79
3408,H53.300x003,同步性视觉感受不伴融合,表 6-3-79
3409,H53.300x004,双眼视觉抑制,表 6-3-79
3410,H54.600,中度视力缺损，单眼,表 6-3-79
3411,H54.601,单眼视力低下,表 6-3-79
3412,H59.900,眼和附器的操作后疾患,表 6-3-80
3413,H60.000,外耳脓肿,表 6-3-81
3414,H60.000x002,外耳道脓肿,表 6-3-81
3415,H60.000x004,耳廓痈,表 6-3-81
3416,H60.000x005,耳廓疖,表 6-3-81
3417,H60.001,外耳疖,表 6-3-81
3418,H60.002,外耳痈,表 6-3-81
3419,H60.400,外耳胆脂瘤,表 6-3-81
3420,H60.400x004,外耳道胆脂瘤,表 6-3-81
3421,H60.401,外耳肉芽肿,表 6-3-81
3422,H61.000,外耳软骨膜炎,表 6-3-81
3423,H61.001,慢性结节性耳轮软骨皮炎,表 6-3-81
3424,H61.901,外耳道肿物,表 6-3-81
3425,H61.902,后天性外耳道闭锁,表 6-3-81
3426,H65.000x002,急性分泌性中耳炎,表 6-3-82
3427,H65.101,蓝鼓膜综合征,表 6-3-82
3428,H65.102,急性变应性中耳炎,表 6-3-82
3429,H65.200,慢性浆液性中耳炎,表 6-3-82
3430,H65.900,非化脓性中耳炎,表 6-3-82
3431,H65.900x001,分泌性中耳炎,表 6-3-82
3432,H65.901,浆液性中耳炎,表 6-3-82
3433,H68.100,咽鼓管阻塞,表 6-3-82
3434,H68.100x003,咽鼓管受压,表 6-3-82
3435,H68.101,咽鼓管狭窄,表 6-3-82
3436,H70.000,急性乳突炎,表 6-3-82
3437,H70.000x007,乳突脓肿,表 6-3-82
3438,H70.000x009,急性乳突积脓,表 6-3-82
3439,H70.001,耳后脓肿,表 6-3-82
3440,H70.002,急性化脓性乳突炎,表 6-3-82
3441,H70.003,颈部贝佐尔德脓肿,表 6-3-82
3442,H70.004,乳突囊肿,表 6-3-82
3443,H72.200,鼓膜其他边缘性穿孔,表 6-3-82
3444,H72.800,鼓膜的其他穿孔,表 6-3-82
3445,H74.000,鼓室硬化,表 6-3-82
3446,H81.200,前庭神经元炎,表 6-3-83
3447,H81.400,中枢性眩晕,表 6-3-83
3448,H81.400x003,中枢性位置性眼球震颤,表 6-3-83
3449,H90.300,双侧感音神经性听觉丧失,表 6-3-84
3450,H90.400,单侧感音神经性听觉丧失，对侧听觉不受限制,表 6-3-84
3451,H90.500,感音神经性听觉丧失,表 6-3-84
3452,H90.501,先天性耳聋,表 6-3-84
3453,H90.502,非综合征性耳聋,表 6-3-84
3454,H91.000,耳毒性听觉丧失,表 6-3-84
3455,H91.001,药物性耳聋,表 6-3-84
3456,H92.000,耳痛,表 6-3-84
3457,H92.200,耳出血,表 6-3-84
3458,H93.300,听神经疾患,表 6-3-84
3459,H93.301,听神经炎,表 6-3-84
3460,I02.000x001,风湿性舞蹈病伴急性风湿性心脏病,表 6-3-85
3461,I02.900x001,风湿性舞蹈症[小舞蹈症],表 6-3-85
3462,I02.900x003,慢性风湿性舞蹈症,表 6-3-85
3463,I05.100,风湿性二尖瓣关闭不全,表 6-3-86
3464,I05.200,二尖瓣狭窄伴有关闭不全,表 6-3-86
3465,I05.200x001,风湿性二尖瓣狭窄伴关闭不全,表 6-3-86
3466,I06.000,风湿性主动脉瓣狭窄,表 6-3-86
3467,I06.200,风湿性主动脉瓣狭窄伴有关闭不全,表 6-3-86
3468,I06.800x001,其他风湿性主动脉瓣疾病,表 6-3-86
3469,I07.900,三尖瓣疾病,表 6-3-86
3470,I07.900x001,风湿性三尖瓣病,表 6-3-86
3471,I08.200,主动脉瓣和三尖瓣的疾患,表 6-3-86
3472,I08.200x001,风湿性主动脉瓣三尖瓣联合瓣膜病,表 6-3-86
3473,I08.200x002,风湿性主动脉瓣及三尖瓣关闭不全,表 6-3-86
3474,I08.201,主动脉瓣及三尖瓣关闭不全,表 6-3-86
3475,I08.800,多个心瓣膜疾病，其他的,表 6-3-86
3476,I08.800x002,风湿性二尖瓣狭窄伴三尖瓣关闭不全及肺动脉瓣关闭不全,表 6-3-86
3477,I08.800x003,风湿性二尖瓣狭窄及关闭不全肺动脉瓣关闭不全,表 6-3-86
3478,I08.801,二尖瓣狭窄及关闭不全肺动脉瓣关闭不全,表 6-3-86
3479,I08.900,多个心瓣膜疾病,表 6-3-86
3480,I08.901,风湿性联合瓣膜病,表 6-3-86
3481,I12.900x001,动脉硬化性肾病,表 6-3-87
3482,I12.900x002,动脉硬化性肾炎,表 6-3-87
3483,I12.900x003,高血压性肾病,表 6-3-87
3484,I12.900x005,肾萎缩伴高血压,表 6-3-87
3485,I12.900x006,小动脉性肾病,表 6-3-87
3486,I12.900x008,恶性肾小动脉硬化症,表 6-3-87
3487,I12.900x009,良性肾小动脉硬化症,表 6-3-87
3488,I12.902,肾动脉硬化,表 6-3-87
3489,I12.904,肾小动脉硬化症,表 6-3-87
3490,I13.900x001,高血压性心脏病和肾脏病,表 6-3-87
3491,I15.000,肾血管性高血压,表 6-3-87
3492,I15.200x001,原发性醛固酮增多症性高血压,表 6-3-87
3493,I15.200x002,肾上腺皮质醇增多症性高血压,表 6-3-87
3494,I15.200x003,肾上腺髓质增生性高血压,表 6-3-87
3495,I15.200x004,糖皮质激素增多综合征性高血压,表 6-3-87
3496,I15.200x005,嗜铬细胞瘤性高血压,表 6-3-87
3497,I15.900,继发性高血压,表 6-3-87
3498,I22.000x001,急性前壁再发心肌梗死,表 6-3-88
3499,I22.000x002,急性广泛前壁再发心肌梗死,表 6-3-88
3500,I22.000x003,急性前间壁再发心肌梗死,表 6-3-88
3501,I22.000x004,急性前尖壁再发心肌梗死,表 6-3-88
3502,I22.000x005,急性前侧壁再发心肌梗死,表 6-3-88
3503,I23.000x001,急性心肌梗死后心脏破裂伴心包积血,表 6-3-88
3504,I23.200x001,急性心肌梗死后室间隔穿孔,表 6-3-88
3505,I23.300x001,急性心肌梗死后心脏破裂,表 6-3-88
3506,I23.601,急性心肌梗死后心室附壁血栓形成,表 6-3-88
3507,I24.100x001,心肌梗死后综合征[德雷斯勒综合征][Dressler综合征],表 6-3-88
3508,I26.001,急性肺源性心脏病,表 6-3-89
3509,I28.800x003,肺小静脉炎,表 6-3-89
3510,I28.800x005,肺毛细血管瘤样病变,表 6-3-89
3511,I28.800x007,肺血管炎,表 6-3-89
3512,I28.800x008,特发性肺动脉扩张,表 6-3-89
3513,I28.800x010,肺动脉闭塞,表 6-3-89
3514,I28.801,肺动脉扩张,表 6-3-89
3515,I28.802,肺静脉狭窄,表 6-3-89
3516,I28.803,后天性肺动脉狭窄,表 6-3-89
3517,I28.804,肺静脉闭塞症,表 6-3-89
3518,I30.000,急性非特异性特发性心包炎,表 6-3-90
3519,I30.801,纤维蛋白性心包炎,表 6-3-90
3520,I30.900,急性心包炎,表 6-3-90
3521,I30.900x001,急性心包积液,表 6-3-90
3522,I30.900x003,急性心肌心包炎,表 6-3-90
3523,I31.000,慢性粘连性心包炎,表 6-3-90
3524,I31.000x002,慢性粘连性纵隔心包炎,表 6-3-90
3525,I31.001,心包粘连,表 6-3-90
3526,I31.200x001,心包积血,表 6-3-90
3527,I31.300,心包积液(非炎性),表 6-3-90
3528,I31.300x005,甲状腺功能减低性心包积液,表 6-3-90
3529,I31.301,乳糜性心包积液,表 6-3-90
3530,I31.302,包裹性心包积液,表 6-3-90
3531,I33.000x001,恶性心内膜炎,表 6-3-90
3532,I33.000x004,感染性心内膜炎,表 6-3-90
3533,I33.000x006,革兰阳性杆菌性心内膜炎,表 6-3-90
3534,I33.000x007,急性细菌性心内膜炎,表 6-3-90
3535,I33.000x008,假单胞菌性心内膜炎,表 6-3-90
3536,I33.000x011,葡萄球菌性心内膜炎,表 6-3-90
3537,I33.000x012,奥斯勒结节,表 6-3-90
3538,I33.000x018,HIV性心内膜炎,表 6-3-90
3539,I33.000x019,吸毒性心内膜炎,表 6-3-90
3540,I33.000x020,二尖瓣瓣周脓肿,表 6-3-90
3541,I33.000x021,右心感染性心内膜炎,表 6-3-90
3542,I33.000x022,左心自体瓣膜性心内膜炎,表 6-3-90
3543,I33.000x024,机械相关性心内膜炎,表 6-3-90
3544,I33.001,急性感染性心内膜炎,表 6-3-90
3545,I33.002,亚急性感染性心内膜炎,表 6-3-90
3546,I33.003,链球菌性心内膜炎,表 6-3-90
3547,I33.004,真菌性心内膜炎,表 6-3-90
3548,I33.005,细菌性心内膜炎,表 6-3-90
3549,I33.006,感染性心内膜炎性赘生物,表 6-3-90
3550,I33.007,亚急性细菌性心内膜炎,表 6-3-90
3551,I33.008,二尖瓣赘生物,表 6-3-90
3552,I33.009,主动脉瓣赘生物,表 6-3-90
3553,I33.010,三尖瓣赘生物,表 6-3-90
3554,I33.011,肺动脉瓣赘生物,表 6-3-90
3555,I35.000,主动脉瓣狭窄,表 6-3-90
3556,I35.000x002,经导管主动脉瓣植入术后再狭窄,表 6-3-90
3557,I35.000x003,主动脉瓣球囊扩张术后再狭窄,表 6-3-90
3558,I35.100,主动脉瓣关闭不全,表 6-3-90
3559,I35.100x003,经导管主动脉瓣植入术后关闭不全,表 6-3-90
3560,I35.101,心内膜炎伴主动脉瓣关闭不全,表 6-3-90
3561,I35.200,主动脉瓣狭窄伴有关闭不全,表 6-3-90
3562,I35.200x001,老年钙化性主动脉瓣狭窄伴关闭不全,表 6-3-90
3563,I40.900,急性心肌炎,表 6-3-90
3564,I42.000x001,家族性扩张性心肌病,表 6-3-90
3565,I42.001,扩张型心肌病（充血型心肌病）,表 6-3-90
3566,I42.100,梗阻性肥厚型心肌病,表 6-3-90
3567,I42.100x002,肥厚性主动脉瓣下狭窄,表 6-3-90
3568,I42.200x002,肥厚型心肌病,表 6-3-90
3569,I42.201,心尖肥厚型心肌病,表 6-3-90
3570,I42.401,先天性心肌病,表 6-3-90
3571,I42.500x001,限制性心肌病,表 6-3-90
3572,I42.501,缩窄性心肌病,表 6-3-90
3573,I42.800x001,心肌囊肿,表 6-3-90
3574,I42.800x002,致心律失常性右室心肌病,表 6-3-90
3575,I42.800x004,心肌炎后心肌病,表 6-3-90
3576,I42.800x005,右心心肌病,表 6-3-90
3577,I42.800x006,致心律失常性左室心肌病,表 6-3-90
3578,I42.800x007,应激性心肌病[心尖球形综合征],表 6-3-90
3579,I42.801,心尖球囊样综合征,表 6-3-90
3580,I42.802,心动过速性心肌病,表 6-3-90
3581,I42.803,右室心肌病,表 6-3-90
3582,I44.100,Ⅱ度房室传导阻滞,表 6-3-90
3583,I44.101,二度Ⅰ型房室传导阻滞,表 6-3-90
3584,I44.102,二度Ⅱ型房室传导阻滞,表 6-3-90
3585,I45.400x001,室内传导阻滞,表 6-3-90
3586,I45.401,束支传导阻滞,表 6-3-90
3587,I45.900x002,家族性传导系统障碍,表 6-3-90
3588,I45.900x003,心脏传导系统退行性变,表 6-3-90
3589,I45.901,阿-斯综合征[Stokes-Adams综合征],表 6-3-90
3590,I47.200,室性心动过速,表 6-3-90
3591,I47.200x001,尖端扭转型室性心动过速,表 6-3-90
3592,I47.200x003,右室室性心动过速,表 6-3-90
3593,I47.200x005,左室室性心动过速,表 6-3-90
3594,I47.200x006,宽QRS心动过速,表 6-3-90
3595,I47.200x007,非持续性室性心动过速,表 6-3-90
3596,I47.200x008,束支折返性室性心动过速,表 6-3-90
3597,I47.200x009,儿茶酚胺敏感性室性心动过速,表 6-3-90
3598,I47.200x010,多形性室性心动过速,表 6-3-90
3599,I47.200x011,单形性室性心动过速,表 6-3-90
3600,I47.200x013,双向性室性心动过速,表 6-3-90
3601,I47.200x014,心律失常电风暴,表 6-3-90
3602,I47.201,阵发性室性心动过速,表 6-3-90
3603,I47.202,非阵发性室性心动过速,表 6-3-90
3604,I47.203,持续性室性心动过速,表 6-3-90
3605,I47.204,儿茶酚胺敏感性多形性室性心动过速,表 6-3-90
3606,I48.000,阵发性心房颤动,表 6-3-90
3607,I48.900x003,心房扑动,表 6-3-90
3608,I48.900x004,心房颤动[心房纤颤],表 6-3-90
3609,I48.900x015,新诊断心房颤动,表 6-3-90
3610,I49.001,心室颤动,表 6-3-90
3611,I49.002,心室扑动,表 6-3-90
3612,I51.000x001,后天性室间隔缺损,表 6-3-90
3613,I51.001,后天性房间隔缺损,表 6-3-90
3614,I51.100x001,心脏腱索断裂,表 6-3-90
3615,I51.800x004,心肌功能不全,表 6-3-90
3616,I51.800x005,心室肿物,表 6-3-90
3617,I51.800x006,心房肿物,表 6-3-90
3618,I51.801,心室假腱索,表 6-3-90
3619,I51.802,全心炎,表 6-3-90
3620,I51.803,乳头肌功能不全,表 6-3-90
3621,I61.002,大脑皮质下出血,表 6-3-91
3622,I61.003,豆纹动脉出血,表 6-3-91
3623,I63.000,入脑前动脉血栓形成引起的脑梗死,表 6-3-91
3624,I63.001,基底动脉血栓形成脑梗死,表 6-3-91
3625,I63.002,颈动脉血栓形成脑梗死,表 6-3-91
3626,I63.003,椎动脉血栓形成脑梗死,表 6-3-91
3627,I63.200,入脑前动脉的闭塞或狭窄引起的脑梗死,表 6-3-91
3628,I63.201,颈内动脉狭窄脑梗死,表 6-3-91
3629,I63.202,颈总动脉狭窄脑梗死,表 6-3-91
3630,I63.203,颈动脉狭窄脑梗死,表 6-3-91
3631,I63.204,颈动脉闭塞脑梗死,表 6-3-91
3632,I63.205,基底动脉闭塞脑梗死,表 6-3-91
3633,I63.206,基底动脉狭窄脑梗死,表 6-3-91
3634,I63.207,椎动脉闭塞脑梗死,表 6-3-91
3635,I63.208,椎动脉狭窄脑梗死,表 6-3-91
3636,I63.500,大脑动脉的闭塞或狭窄引起的脑梗死,表 6-3-91
3637,I63.500x002,丘脑穿支动脉梗死,表 6-3-91
3638,I63.501,大脑动脉狭窄脑梗死,表 6-3-91
3639,I63.502,大脑动脉闭塞脑梗死,表 6-3-91
3640,I65.000x004,椎动脉栓塞,表 6-3-91
3641,I65.000x005,椎动脉迂曲,表 6-3-91
3642,I65.001,椎动脉狭窄,表 6-3-91
3643,I65.002,椎动脉闭塞,表 6-3-91
3644,I65.003,椎动脉血栓形成,表 6-3-91
3645,I65.100x004,基底动脉栓塞,表 6-3-91
3646,I65.101,基底动脉闭塞,表 6-3-91
3647,I65.102,基底动脉狭窄,表 6-3-91
3648,I65.103,基底动脉血栓形成,表 6-3-91
3649,I65.200x001,颈动脉狭窄,表 6-3-91
3650,I65.200x009,颈动脉栓塞,表 6-3-91
3651,I65.200x010,颈动脉血栓形成,表 6-3-91
3652,I65.200x011,颈外动脉血栓形成,表 6-3-91
3653,I65.200x012,颈外动脉栓塞,表 6-3-91
3654,I65.200x013,颈总动脉栓塞,表 6-3-91
3655,I65.200x014,颈总动脉血栓形成,表 6-3-91
3656,I65.200x015,颈动脉闭塞,表 6-3-91
3657,I65.201,颈内动脉狭窄,表 6-3-91
3658,I65.202,颈总动脉狭窄,表 6-3-91
3659,I65.203,颈内动脉闭塞,表 6-3-91
3660,I65.204,颈外动脉狭窄,表 6-3-91
3661,I65.205,颈外动脉闭塞,表 6-3-91
3662,I65.206,颈内动脉血栓形成,表 6-3-91
3663,I65.207,颈总动脉闭塞,表 6-3-91
3664,I65.208,颈内动脉栓塞,表 6-3-91
3665,I65.300x001,多个入脑前动脉闭塞和狭窄,表 6-3-91
3666,I65.300x002,双侧入脑前动脉闭塞,表 6-3-91
3667,I65.300x003,双侧入脑前动脉狭窄,表 6-3-91
3668,I65.900x001,入脑前动脉栓塞,表 6-3-91
3669,I65.900x002,入脑前动脉狭窄,表 6-3-91
3670,I65.900x003,入脑前动脉闭塞,表 6-3-91
3671,I66.001,大脑中动脉狭窄,表 6-3-91
3672,I66.002,大脑中动脉闭塞,表 6-3-91
3673,I66.003,大脑中动脉血栓形成,表 6-3-91
3674,I66.004+G46.0*,大脑中动脉综合征,表 6-3-91
3675,I66.100x003,大脑前动脉血栓形成,表 6-3-91
3676,I66.101,大脑前动脉狭窄,表 6-3-91
3677,I66.102,大脑前动脉闭塞,表 6-3-91
3678,I66.103+G46.1*,大脑前动脉综合征,表 6-3-91
3679,I66.200x002,大脑后动脉栓塞,表 6-3-91
3680,I66.201,大脑后动脉闭塞,表 6-3-91
3681,I66.202,大脑后动脉狭窄,表 6-3-91
3682,I66.203,红核丘脑综合征,表 6-3-91
3683,I66.204,大脑后动脉血栓形成,表 6-3-91
3684,I66.205+G46.2*,大脑后动脉综合征,表 6-3-91
3685,I66.300x005,迷路动脉栓塞,表 6-3-91
3686,I66.300x007,小脑后下动脉狭窄,表 6-3-91
3687,I66.300x008,小脑后下动脉闭塞,表 6-3-91
3688,I66.300x010,小脑前下动脉狭窄,表 6-3-91
3689,I66.300x011,小脑前下动脉闭塞,表 6-3-91
3690,I66.300x013,小脑上动脉狭窄,表 6-3-91
3691,I66.300x014,小脑上动脉闭塞,表 6-3-91
3692,I66.300x015,小脑动脉栓塞,表 6-3-91
3693,I66.301,小脑动脉狭窄,表 6-3-91
3694,I66.302,小脑动脉闭塞,表 6-3-91
3695,I66.303,小脑后下动脉血栓形成,表 6-3-91
3696,I66.304+G46.3*,瓦伦贝格综合征,表 6-3-91
3697,I66.400,多个和双侧大脑动脉闭塞和狭窄,表 6-3-91
3698,I66.400x002,双侧大脑动脉闭塞,表 6-3-91
3699,I66.400x003,双侧大脑动脉狭窄,表 6-3-91
3700,I66.401,多发性大脑动脉闭塞,表 6-3-91
3701,I66.900x003,脑栓塞,表 6-3-91
3702,I66.901,脑动脉狭窄,表 6-3-91
3703,I66.902,脑动脉闭塞,表 6-3-91
3704,I66.903,脑血栓形成,表 6-3-91
3705,I67.900,脑血管病,表 6-3-91
3706,I67.900x004+G46.3*,本尼迪克综合征,表 6-3-91
3707,I67.900x005,脑毛细血管扩张症,表 6-3-91
3708,I67.901+G46.3*,中脑红核综合征,表 6-3-91
3709,I67.902+G46.3*,韦伯综合征[大脑脚综合征],表 6-3-91
3710,I69.200x001,颅内出血后遗症,表 6-3-91
3711,I69.300,脑梗死后遗症,表 6-3-91
3712,I69.300x002,陈旧性脑梗死,表 6-3-91
3713,I69.300x003,脑梗死恢复期,表 6-3-91
3714,I69.400,脑卒中后遗症,表 6-3-91
3715,I70.100x002,肾动脉动脉硬化症,表 6-3-92
3716,I70.101,肾动脉狭窄,表 6-3-92
3717,I70.102,移植肾动脉狭窄,表 6-3-92
3718,I70.110,肾动脉动脉粥样硬化伴坏疽,表 6-3-92
3719,I70.111,肾动脉狭窄伴坏疽,表 6-3-92
3720,I70.112,移植肾动脉狭窄伴坏疽,表 6-3-92
3721,I70.200x002,肢体动脉硬化,表 6-3-92
3722,I70.200x004,肢体闭塞性动脉硬化,表 6-3-92
3723,I70.200x005,动脉中层硬化症,表 6-3-92
3724,I70.200x011,肢体动脉粥样硬化伴间歇性跛行,表 6-3-92
3725,I70.200x021,肢体动脉粥样硬化伴疼痛,表 6-3-92
3726,I70.200x031,肢体动脉粥样硬化伴溃疡,表 6-3-92
3727,I70.200x061,肱动脉粥样硬化,表 6-3-92
3728,I70.200x062,股动脉粥样硬化,表 6-3-92
3729,I70.200x063,腘动脉粥样硬化,表 6-3-92
3730,I70.200x064,胫动脉粥样硬化,表 6-3-92
3731,I70.200x065,腓动脉粥样硬化,表 6-3-92
3732,I70.201,上肢动脉粥样硬化,表 6-3-92
3733,I70.203,下肢动脉粥样硬化,表 6-3-92
3734,I70.204,下肢动脉硬化闭塞症,表 6-3-92
3735,I70.206,蒙克贝格硬化,表 6-3-92
3736,I70.207,趾动脉粥样硬化,表 6-3-92
3737,I70.208,闭塞性周围动脉粥样硬化,表 6-3-92
3738,I70.209,肢体动脉硬化性闭塞症,表 6-3-92
3739,I70.210,四肢动脉的动脉粥样硬化伴坏疽,表 6-3-92
3740,I70.211,上肢动脉粥样硬化性坏疽,表 6-3-92
3741,I70.213,下肢动脉粥样硬化伴坏疽,表 6-3-92
3742,I70.214,下肢动脉硬化闭塞症伴坏疽,表 6-3-92
3743,I70.217,趾动脉粥样硬化性坏疽,表 6-3-92
3744,I70.218,闭塞性周围动脉粥样硬化伴坏疽,表 6-3-92
3745,I70.219,肢体动脉硬化性闭塞症伴坏疽,表 6-3-92
3746,I70.900x002,闭塞性动脉硬化,表 6-3-92
3747,I70.900x003,动脉硬化,表 6-3-92
3748,I70.900x004,动脉粥样硬化,表 6-3-92
3749,I70.900x006,老年性动脉炎,表 6-3-92
3750,I70.900x007,外周动脉粥样硬化,表 6-3-92
3751,I70.901,闭塞性动脉炎,表 6-3-92
3752,I70.902,周身性动脉硬化,表 6-3-92
3753,I70.910,全身性的动脉粥样硬化伴坏疽,表 6-3-92
3754,I70.911,闭塞性动脉炎伴坏疽,表 6-3-92
3755,I70.912,周身性动脉硬化伴坏疽,表 6-3-92
3756,I71.100x002,升主动脉瘤破裂,表 6-3-92
3757,I71.100x003,主动脉弓动脉瘤破裂,表 6-3-92
3758,I71.101,主动脉弓破裂,表 6-3-92
3759,I71.200x006,主动脉根部假性动脉瘤,表 6-3-92
3760,I71.200x010,主动脉根部动脉瘤,表 6-3-92
3761,I71.200x011,胸主动脉瘤,表 6-3-92
3762,I71.200x014,主动脉弓扩张,表 6-3-92
3763,I71.201,升主动脉瘤,表 6-3-92
3764,I71.202,胸主动脉假性动脉瘤,表 6-3-92
3765,I71.203,升主动脉扩张,表 6-3-92
3766,I71.204,主动脉弓动脉瘤,表 6-3-92
3767,I71.205,主动脉弓假性动脉瘤,表 6-3-92
3768,I71.206,升主动脉假性动脉瘤,表 6-3-92
3769,I71.800,主动脉瘤破裂,表 6-3-92
3770,I71.801,主动脉破裂,表 6-3-92
3771,I71.900x002,主动脉瘤,表 6-3-92
3772,I71.900x004,真菌性主动脉瘤,表 6-3-92
3773,I71.901,主动脉扩张,表 6-3-92
3774,I71.902,降主动脉瘤,表 6-3-92
3775,I71.903,降主动脉假性动脉瘤,表 6-3-92
3776,I72.200,肾动脉瘤伴夹层,表 6-3-92
3777,I72.200x001,肾动脉瘤,表 6-3-92
3778,I72.200x003,肾动脉夹层,表 6-3-92
3779,I72.201,肾假性动脉瘤,表 6-3-92
3780,I72.500x001,基底动脉瘤,表 6-3-92
3781,I72.500x002,基底动脉顶端动脉瘤,表 6-3-92
3782,I72.501,基底动脉瘤伴夹层,表 6-3-92
3783,I72.800x023,锁骨下动脉夹层,表 6-3-92
3784,I72.800x042,腹腔动脉假性动脉瘤,表 6-3-92
3785,I72.800x051,腹腔干动脉瘤,表 6-3-92
3786,I72.800x053,腹腔干动脉夹层,表 6-3-92
3787,I72.800x061,肠系膜动脉瘤,表 6-3-92
3788,I72.800x063,肠系膜动脉夹层,表 6-3-92
3789,I72.800x072,肝动脉假性动脉瘤,表 6-3-92
3790,I72.800x093,脾动脉夹层,表 6-3-92
3791,I72.800x101,腋动脉瘤,表 6-3-92
3792,I72.800x102,腋动脉假性动脉瘤,表 6-3-92
3793,I72.800x103,腋动脉夹层,表 6-3-92
3794,I72.800x111,支气管动脉瘤,表 6-3-92
3795,I72.800x121,脊髓前动脉瘤,表 6-3-92
3796,I72.800x131,胃十二指肠动脉瘤,表 6-3-92
3797,I72.800x132,胃十二指肠假性动脉瘤,表 6-3-92
3798,I72.800x142,肠系膜上动脉假性动脉瘤,表 6-3-92
3799,I72.800x151,胰十二指肠动脉瘤,表 6-3-92
3800,I72.801,肠系膜上动脉夹层动脉瘤,表 6-3-92
3801,I72.802,肠系膜上动脉动脉瘤,表 6-3-92
3802,I72.803,眶内动脉瘤,表 6-3-92
3803,I72.804,锁骨下动脉瘤,表 6-3-92
3804,I72.805,锁骨下动脉假性动脉瘤,表 6-3-92
3805,I72.806,无名动脉瘤,表 6-3-92
3806,I72.807,胃十二指肠动脉假性动脉瘤,表 6-3-92
3807,I72.808,胰十二指肠动脉假性动脉瘤,表 6-3-92
3808,I72.809,肝动脉瘤,表 6-3-92
3809,I72.811,脾动脉瘤,表 6-3-92
3810,I72.812,脾动脉假性动脉瘤,表 6-3-92
3811,I72.813,腹腔动脉瘤,表 6-3-92
3812,I72.814,腹腔干动脉假性动脉瘤,表 6-3-92
3813,I72.815,腹腔动脉瘤破裂,表 6-3-92
3814,I72.816,腹腔动脉夹层动脉瘤,表 6-3-92
3815,I73.100,血栓闭塞性血管炎［伯格］,表 6-3-92
3816,I74.300x030,下肢动脉闭塞,表 6-3-92
3817,I74.300x111,股总动脉血栓形成,表 6-3-92
3818,I74.300x112,股深动脉血栓形成,表 6-3-92
3819,I74.300x113,股浅动脉血栓形成,表 6-3-92
3820,I74.300x121,股总动脉栓塞,表 6-3-92
3821,I74.300x122,股深动脉栓塞,表 6-3-92
3822,I74.300x123,股浅动脉栓塞,表 6-3-92
3823,I74.300x131,股总动脉闭塞,表 6-3-92
3824,I74.300x132,股深动脉闭塞,表 6-3-92
3825,I74.300x133,股浅动脉闭塞,表 6-3-92
3826,I74.300x210,胫动脉血栓形成,表 6-3-92
3827,I74.300x212,胫前动脉血栓形成,表 6-3-92
3828,I74.300x213,胫后动脉血栓形成,表 6-3-92
3829,I74.300x220,胫动脉栓塞,表 6-3-92
3830,I74.300x222,胫前动脉栓塞,表 6-3-92
3831,I74.300x223,胫后动脉栓塞,表 6-3-92
3832,I74.300x230,胫动脉闭塞,表 6-3-92
3833,I74.300x232,胫前动脉闭塞,表 6-3-92
3834,I74.300x233,胫后动脉闭塞,表 6-3-92
3835,I74.300x310,腓动脉血栓形成,表 6-3-92
3836,I74.300x320,腓动脉栓塞,表 6-3-92
3837,I74.300x330,腓动脉闭塞,表 6-3-92
3838,I74.300x410,胫腓干动脉血栓形成,表 6-3-92
3839,I74.300x420,胫腓干动脉栓塞,表 6-3-92
3840,I74.300x430,胫腓干动脉闭塞,表 6-3-92
3841,I74.300x510,腘动脉血栓形成,表 6-3-92
3842,I74.300x520,腘动脉栓塞,表 6-3-92
3843,I74.301,下肢动脉栓塞,表 6-3-92
3844,I74.302,下肢动脉血栓形成,表 6-3-92
3845,I74.303,创伤性股动脉血栓形成,表 6-3-92
3846,I74.304,股动脉栓塞,表 6-3-92
3847,I74.305,股动脉闭塞,表 6-3-92
3848,I74.307,股动脉血栓形成,表 6-3-92
3849,I74.308,腘动脉闭塞,表 6-3-92
3850,I74.310,蓝趾综合征,表 6-3-92
3851,I74.500x002,髂动脉闭塞,表 6-3-92
3852,I74.500x007,髂总动脉闭塞,表 6-3-92
3853,I74.500x008,髂动脉血栓形成,表 6-3-92
3854,I74.500x009,髂内动脉血栓形成,表 6-3-92
3855,I74.500x010,髂外动脉血栓形成,表 6-3-92
3856,I74.500x011,髂动脉栓塞,表 6-3-92
3857,I74.500x012,髂内动脉栓塞,表 6-3-92
3858,I74.500x013,髂外动脉栓塞,表 6-3-92
3859,I74.501,髂总动脉栓塞,表 6-3-92
3860,I74.502,髂总动脉血栓形成,表 6-3-92
3861,I74.503,髂内动脉闭塞,表 6-3-92
3862,I74.504,髂外动脉闭塞,表 6-3-92
3863,I74.800x001,腹腔动脉闭塞,表 6-3-92
3864,I74.800x004,脾栓塞,表 6-3-92
3865,I74.800x005,腋动脉栓塞,表 6-3-92
3866,I74.800x006,腋动脉闭塞,表 6-3-92
3867,I74.800x007,腋动脉血栓形成,表 6-3-92
3868,I74.800x008,腹腔干动脉栓塞,表 6-3-92
3869,I74.800x009,腹腔干动脉闭塞,表 6-3-92
3870,I74.800x010,脾动脉闭塞,表 6-3-92
3871,I74.800x011,肠系膜上动脉闭塞,表 6-3-92
3872,I74.800x012,脾动脉血栓,表 6-3-92
3873,I74.800x016,肝动脉闭塞,表 6-3-92
3874,I74.801,锁骨下动脉闭塞,表 6-3-92
3875,I74.802,锁骨下动脉血栓形成,表 6-3-92
3876,I74.803,肝动脉栓塞,表 6-3-92
3877,I74.804,肝动脉血栓形成,表 6-3-92
3878,I74.805,脾动脉栓塞,表 6-3-92
3879,I74.806,腹腔动脉栓塞,表 6-3-92
3880,I74.807,腹腔动脉血栓形成,表 6-3-92
3881,I77.100x004,髂动脉狭窄,表 6-3-92
3882,I77.100x005,髂动脉迂曲,表 6-3-92
3883,I77.100x011,肝动脉狭窄,表 6-3-92
3884,I77.100x012,降主动脉狭窄,表 6-3-92
3885,I77.100x014,股深动脉狭窄,表 6-3-92
3886,I77.100x015,股浅动脉狭窄,表 6-3-92
3887,I77.100x018,胫动脉狭窄,表 6-3-92
3888,I77.100x027,股总动脉狭窄,表 6-3-92
3889,I77.100x028,胫腓干动脉狭窄,表 6-3-92
3890,I77.100x029,脾动脉狭窄,表 6-3-92
3891,I77.100x031,肠系膜下动脉狭窄,表 6-3-92
3892,I77.100x032,桡动脉狭窄,表 6-3-92
3893,I77.101,颈动脉迂曲,表 6-3-92
3894,I77.102,锁骨下动脉狭窄,表 6-3-92
3895,I77.103,无名动脉迂曲,表 6-3-92
3896,I77.104,无名动脉狭窄,表 6-3-92
3897,I77.105,肱动脉狭窄,表 6-3-92
3898,I77.106,肱动脉迂曲,表 6-3-92
3899,I77.107,腋动脉狭窄,表 6-3-92
3900,I77.108,上肢动脉狭窄,表 6-3-92
3901,I77.109,主动脉迂曲,表 6-3-92
3902,I77.110,后天性主动脉狭窄,表 6-3-92
3903,I77.111,胸主动脉狭窄,表 6-3-92
3904,I77.112,腹主动脉狭窄,表 6-3-92
3905,I77.113,主动脉弓狭窄,表 6-3-92
3906,I77.114,腹腔干动脉狭窄,表 6-3-92
3907,I77.115,股动脉狭窄,表 6-3-92
3908,I77.117,腘动脉狭窄,表 6-3-92
3909,I77.118,腘动脉挤压综合征,表 6-3-92
3910,I77.120,胫前动脉狭窄,表 6-3-92
3911,I77.121,胫后动脉狭窄,表 6-3-92
3912,I77.123,腓动脉狭窄,表 6-3-92
3913,I77.125,髂总动脉狭窄,表 6-3-92
3914,I77.126,髂外动脉狭窄,表 6-3-92
3915,I77.127,髂内动脉狭窄,表 6-3-92
3916,I77.129,下肢动脉狭窄,表 6-3-92
3917,I77.131,移植肝动脉狭窄,表 6-3-92
3918,I77.200,动脉破裂,表 6-3-92
3919,I77.201,动脉瘘,表 6-3-92
3920,I77.202,支气管动脉-肺动脉瘘,表 6-3-92
3921,I77.203,肺动脉瘘,表 6-3-92
3922,I77.204,腹主动脉-空肠瘘,表 6-3-92
3923,I77.800x002,主动脉根部病变,表 6-3-92
3924,I77.800x006,颈动脉溃疡,表 6-3-92
3925,I77.800x007,锁骨下动脉溃疡,表 6-3-92
3926,I77.800x008,椎动脉溃疡,表 6-3-92
3927,I77.800x009,肾动脉溃疡,表 6-3-92
3928,I77.800x010,腹腔动脉溃疡,表 6-3-92
3929,I77.800x011,肠系膜动脉溃疡,表 6-3-92
3930,I77.800x012,腋动脉溃疡,表 6-3-92
3931,I77.800x013,肱动脉溃疡,表 6-3-92
3932,I77.800x014,髂动脉溃疡,表 6-3-92
3933,I77.800x015,股动脉溃疡,表 6-3-92
3934,I77.800x016,胫动脉溃疡,表 6-3-92
3935,I77.800x017,胫腓干动脉溃疡,表 6-3-92
3936,I77.800x018,腓动脉溃疡,表 6-3-92
3937,I77.800x019,腘动脉溃疡,表 6-3-92
3938,I77.800x020,升主动脉溃疡,表 6-3-92
3939,I77.800x021,主动脉弓溃疡,表 6-3-92
3940,I77.800x022,胸主动脉溃疡,表 6-3-92
3941,I77.800x024,胸腹主动脉溃疡,表 6-3-92
3942,I77.801,动脉溃疡,表 6-3-92
3943,I77.802,腹主动脉溃疡,表 6-3-92
3944,I77.803,主动脉溃疡,表 6-3-92
3945,I77.804,德戈病,表 6-3-92
3946,I77.805,后天性腹主动脉畸形,表 6-3-92
3947,I77.806,主动脉脓肿,表 6-3-92
3948,I77.807,动脉糜烂,表 6-3-92
3949,I77.900,动脉和小动脉的疾患,表 6-3-92
3950,I80.201,下肢深静脉血栓性静脉炎,表 6-3-93
3951,I80.202,下肢深静脉炎,表 6-3-93
3952,I80.203,髂内静脉血栓形成,表 6-3-93
3953,I80.204,髂外静脉血栓形成,表 6-3-93
3954,I80.206,髂静脉血栓形成,表 6-3-93
3955,I80.207,下肢深静脉血栓形成,表 6-3-93
3956,I80.208,下肢深静脉栓塞,表 6-3-93
3957,I80.209,手术后下肢深静脉血栓形成,表 6-3-93
3958,I82.100x001,游走性血栓性静脉炎,表 6-3-93
3959,I83.200x001,下肢静脉曲张伴静脉炎和溃疡,表 6-3-93
3960,I85.900x001,食管静脉曲张,表 6-3-93
3961,I85.901,食管静脉瘤,表 6-3-93
3962,I87.100x003,腔静脉综合征,表 6-3-93
3963,I87.100x007,上腔静脉梗阻,表 6-3-93
3964,I87.100x008,锁骨下静脉压迫综合征,表 6-3-93
3965,I87.100x009,头臂静脉狭窄[无名静脉狭窄],表 6-3-93
3966,I87.101,上肢静脉阻塞,表 6-3-93
3967,I87.102,上肢静脉狭窄,表 6-3-93
3968,I87.103,无名静脉狭窄,表 6-3-93
3969,I87.104,无名静脉阻塞,表 6-3-93
3970,I87.106,上腔静脉综合征,表 6-3-93
3971,I87.108,脾静脉狭窄,表 6-3-93
3972,I87.109,门静脉狭窄,表 6-3-93
3973,I87.110,肝静脉-下腔静脉阻塞,表 6-3-93
3974,I87.111,下腔静脉综合征,表 6-3-93
3975,I87.112,下腔静脉狭窄,表 6-3-93
3976,I87.113,下腔静脉阻塞,表 6-3-93
3977,I87.114,上下腔静脉回流障碍综合征,表 6-3-93
3978,I87.115,髂总静脉狭窄,表 6-3-93
3979,I87.116,髂总静脉压迫综合征[Cockett综合征],表 6-3-93
3980,I87.117,左肾静脉压迫综合征[胡桃夹现象],表 6-3-93
3981,I87.118,下肢静脉狭窄,表 6-3-93
3982,I87.119,下肢静脉阻塞,表 6-3-93
3983,I87.120,精索静脉压迫综合征,表 6-3-93
3984,I87.121,肝小静脉闭塞病,表 6-3-93
3985,I87.900,静脉疾患,表 6-3-93
3986,I88.800x001,其他非特异性淋巴结炎,表 6-3-93
3987,I89.800x002,非丝虫性乳糜胸,表 6-3-93
3988,I89.800x006,乳糜性腹水,表 6-3-93
3989,I89.800x007,乳糜性胸水,表 6-3-93
3990,I89.800x010,非丝虫性阴囊乳靡囊肿,表 6-3-93
3991,I89.800x011,脂肪黑变性网状细胞增多,表 6-3-93
3992,I89.800x012,乳糜回流障碍,表 6-3-93
3993,I89.800x013,乳糜反流,表 6-3-93
3994,I89.800x014,乳糜瘘,表 6-3-93
3995,I89.800x015,颈部乳糜瘘,表 6-3-93
3996,I89.800x016,原发性乳糜胸,表 6-3-93
3997,I89.800x017,继发性乳糜胸,表 6-3-93
3998,I89.800x018,肺淋巴回流淤滞,表 6-3-93
3999,I89.800x019,腹膜后乳糜囊肿,表 6-3-93
4000,I89.800x020,颈部乳糜囊肿,表 6-3-93
4001,I89.800x021,纵隔乳糜囊肿,表 6-3-93
4002,I89.800x022,腋窝乳糜囊肿,表 6-3-93
4003,I89.800x023,胸壁乳糜囊肿,表 6-3-93
4004,I89.800x024,躯干乳糜囊肿,表 6-3-93
4005,I89.800x025,盆腔乳糜囊肿,表 6-3-93
4006,I89.800x026,会阴区乳糜囊肿,表 6-3-93
4007,I89.800x027,髂部乳糜囊肿,表 6-3-93
4008,I89.800x028,腹壁乳糜囊肿,表 6-3-93
4009,I89.800x029,腰背部乳糜囊肿,表 6-3-93
4010,I89.800x030,臀部乳糜囊肿,表 6-3-93
4011,I89.800x031,下肢乳糜囊肿,表 6-3-93
4012,I89.800x032,子宫乳糜反流,表 6-3-93
4013,I89.800x033,阴道乳糜反流,表 6-3-93
4014,I89.801,肠系膜乳糜囊肿,表 6-3-93
4015,I89.802,淋巴管瘘,表 6-3-93
4016,I89.803,非丝虫性乳糜性腹水,表 6-3-93
4017,I89.804,胸导管断裂,表 6-3-93
4018,I89.806,淋巴结钙化,表 6-3-93
4019,I89.807,乳糜胸,表 6-3-93
4020,I89.900,淋巴管和淋巴结非感染性疾患,表 6-3-93
4021,I95.200,药物性低血压,表 6-3-94
4022,I97.000,心脏切开术后综合征,表 6-3-94
4023,I97.000x002,心包切开术后综合征,表 6-3-94
4024,I97.001,心脏手术后低心排综合征,表 6-3-94
4025,I97.900,循环系统的操作后疾患,表 6-3-94
4026,J01.100,急性额窦炎,表 6-3-95
4027,J01.300,急性蝶窦炎,表 6-3-95
4028,J06.800x001,急性咽气管炎,表 6-3-95
4029,J12.000,腺病毒肺炎,表 6-3-96
4030,J12.200,副流感病毒肺炎,表 6-3-96
4031,J12.300,人类偏肺病毒肺炎,表 6-3-96
4032,J12.800,病毒性肺炎，其他的,表 6-3-96
4033,J12.900,病毒性肺炎,表 6-3-96
4034,J16.800x001,中东呼吸综合征,表 6-3-96
4035,J20.100,流感嗜血杆菌急性支气管炎,表 6-3-97
4036,J20.700,艾柯病毒急性支气管炎,表 6-3-97
4037,J21.000,呼吸道合胞体病毒急性细支气管炎,表 6-3-97
4038,J32.400,慢性全鼻窦炎,表 6-3-98
4039,J32.400x001,全组鼻窦炎,表 6-3-98
4040,J33.000,鼻腔息肉,表 6-3-98
4041,J33.000x002,鼻咽部毛息肉,表 6-3-98
4042,J33.001,鼻咽息肉,表 6-3-98
4043,J33.002,鼻中隔息肉,表 6-3-98
4044,J33.003,鼻后孔息肉,表 6-3-98
4045,J33.100,鼻窦息肉样退行性变,表 6-3-98
4046,J33.900,鼻息肉,表 6-3-98
4047,J34.800x001,鼻部感染,表 6-3-98
4048,J34.800x002,鼻部瘘管,表 6-3-98
4049,J34.800x004,钩突肥大,表 6-3-98
4050,J34.800x006,铬鼻病,表 6-3-98
4051,J34.800x009,后天性鼻孔狭窄,表 6-3-98
4052,J34.800x019,鼻中隔血肿,表 6-3-98
4053,J34.800x020,泡性中鼻甲,表 6-3-98
4054,J34.800x033,鼻前庭肿物,表 6-3-98
4055,J34.800x034,鼻中隔肿物,表 6-3-98
4056,J34.801,鼻中隔-鼻甲粘连,表 6-3-98
4057,J34.802,后天性鼻腔闭锁,表 6-3-98
4058,J34.803,鼻漏,表 6-3-98
4059,J34.804,鼻石,表 6-3-98
4060,J34.805,鼻孔狭窄,表 6-3-98
4061,J34.806,鼻前庭炎,表 6-3-98
4062,J34.807,鼻甲粘连,表 6-3-98
4063,J34.809,鼻腔粘连,表 6-3-98
4064,J34.810,鼻腔肿物,表 6-3-98
4065,J34.811,鼻腔狭窄,表 6-3-98
4066,J34.812,鼻翼肥大,  表 6-3-98
4067,J34.813,鼻中隔穿孔,  表 6-3-98
4068,J38.000x001,喉上神经麻痹,  表 6-3-98
4069,J38.000x002,喉神经麻痹,  表 6-3-98
4070,J38.000x005,声门麻痹,  表 6-3-98
4071,J38.000x006,声带活动不良,  表 6-3-98
4072,J38.000x011,单侧不完全声带麻痹,  表 6-3-98
4073,J38.000x012,单侧不完全喉麻痹,  表 6-3-98
4074,J38.000x021,单侧完全声带麻痹,  表 6-3-98
4075,J38.000x022,单侧完全喉麻痹,  表 6-3-98
4076,J38.000x031,双侧不完全声带麻痹,  表 6-3-98
4077,J38.000x032,双侧不完全喉麻痹,  表 6-3-98
4078,J38.001,喉麻痹,  表 6-3-98
4079,J38.002,声带麻痹,  表 6-3-98
4080,J43.100,全叶肺气肿,  表 6-3-99
4081,J43.101,全腺泡性肺气肿,  表 6-3-99
4082,J43.200,小叶中心性肺气肿,  表 6-3-99
4083,J45.100,非变应性哮喘,  表 6-3-99
4084,J45.100x002,月经期支气管哮喘,  表 6-3-99
4085,J45.100x003,运动性支气管哮喘,  表 6-3-99
4086,J45.800,混合性哮喘,  表 6-3-99
4087,J63.300x001,石墨尘肺壹期,  表 6-3-100
4088,J63.300x002,石墨尘肺贰期,  表 6-3-100
4089,J63.300x003,石墨尘肺叁期,  表 6-3-100
4090,J63.301,石墨尘肺,  表 6-3-100
4091,J63.500,锡沉着病,  表 6-3-100
4092,J67.000,农民肺,  表 6-3-100
4093,J67.300,软木沉着病,  表 6-3-100
4094,J67.900,有机粉尘引起的过敏性肺炎,  表 6-3-100
4095,J70.001,放射性肺炎,  表 6-3-100
4096,J70.800,外部物质引起的呼吸性情况，其他特指的,  表 6-3-100
4097,J85.000x002,肺坏疽,  表 6-3-102
4098,J85.001,肺坏死,  表 6-3-102
4099,J85.002,坏疽性肺炎,  表 6-3-102
4100,J85.100,肺脓肿伴有肺炎,  表 6-3-102
4101,J85.200,肺脓肿不伴有肺炎,  表 6-3-102
4102,J85.300,纵隔脓肿,  表 6-3-102
4103,J92.000,胸膜斑伴有石棉沉着,  表 6-3-103
4104,J94.200,血胸,  表 6-3-103
4105,J94.201,血气胸,  表 6-3-103
4106,J94.900x001,胸膜病变,  表 6-3-103
4107,J94.901,胸膜肿物,  表 6-3-103
4108,J95.400,门德尔松综合征,表 6-3-104
4109,J95.401,吸入性麻醉引起的化学性肺炎,表 6-3-104
4110,J98.300,代偿性肺气肿,表 6-3-104
4111,K00.000,无牙症,表 6-3-105
4112,K00.000x003,少牙畸形,表 6-3-105
4113,K00.000x004,先天缺牙,表 6-3-105
4114,K00.001,牙齿发育不全,表 6-3-105
4115,K00.002,牙齿缺少,表 6-3-105
4116,K00.400,牙形成障碍,表 6-3-105
4117,K00.400x001,弯曲牙,表 6-3-105
4118,K00.400x002,特奈牙,表 6-3-105
4119,K00.400x004,牙根发育不良,表 6-3-105
4120,K00.401,区域性牙齿发育异常,表 6-3-105
4121,K00.402,釉质发育不全(新生儿)(生后)(生前),表 6-3-105
4122,K00.500x002,壳状牙,表 6-3-105
4123,K00.501,牙本质发育不全,表 6-3-105
4124,K00.502,牙生长不全,表 6-3-105
4125,K00.503,釉质发生不全,表 6-3-105
4126,K00.800x002,四环素牙,表 6-3-105
4127,K00.801,牙齿形成期间颜色改变,表 6-3-105
4128,K02.100,牙本质龋,表 6-3-105
4129,K02.101,乳牙中龋,表 6-3-105
4130,K03.000,牙过度磨耗,表 6-3-105
4131,K03.000x002,牙齿颌面磨损,表 6-3-105
4132,K03.001,邻面磨损,表 6-3-105
4133,K03.100x001,牙齿磨损,表 6-3-105
4134,K03.101,牙齿楔状缺损,表 6-3-105
4135,K03.102,净齿剂牙磨损,表 6-3-105
4136,K03.103,习惯性牙磨损,表 6-3-105
4137,K03.104,职业性牙磨损,表 6-3-105
4138,K03.105,宗教仪式性牙磨损,表 6-3-105
4139,K03.106,传统性牙磨损,表 6-3-105
4140,K03.400,牙骨质增生,表 6-3-105
4141,K03.401,齿槽骨质增生,表 6-3-105
4142,K03.600x001,牙齿变色,表 6-3-105
4143,K03.601,牙石,表 6-3-105
4144,K03.602,龈下牙石(龈下垢),表 6-3-105
4145,K03.603,龈上牙石(龈上垢),表 6-3-105
4146,K03.604,牙上沉积物,表 6-3-105
4147,K04.500,慢性根尖牙周炎,表 6-3-105
4148,K04.500x001,慢性根尖周炎,表 6-3-105
4149,K04.501,根尖肉芽肿,表 6-3-105
4150,K05.400,牙周变性,表 6-3-105
4151,K05.400x002,幼年牙周变性,表 6-3-105
4152,K06.000,牙龈退缩,表 6-3-105
4153,K06.000x002,局部性牙龈退缩,表 6-3-105
4154,K06.000x003,感染后牙龈退缩,表 6-3-105
4155,K06.000x004,手术后牙龈退缩,表 6-3-105
4156,K06.900,牙龈和无牙牙槽嵴疾患,表 6-3-105
4157,K06.901,牙龈肿物,表 6-3-105
4158,K07.900,牙面畸形,表 6-3-105
4159,K07.901,下颌畸形,表 6-3-105
4160,K07.902,颌骨畸形,表 6-3-105
4161,K07.903,颌骨先天畸形,表 6-3-105
4162,K09.900x001,口腔囊肿,表 6-3-105
4163,K10.000,颌的发育性疾患,表 6-3-105
4164,K10.000x002,腭隆凸,表 6-3-105
4165,K10.000x003,颌的潜伏性骨囊肿,表 6-3-105
4166,K10.000x004,斯塔夫尼囊肿,表 6-3-105
4167,K10.001,下颌隆凸,表 6-3-105
4168,K10.002,腭裂手术后畸形,表 6-3-105
4169,K11.000,涎腺萎缩,表 6-3-105
4170,K11.100x002,下颌下腺良性增生,表 6-3-105
4171,K11.100x004,唾液腺肥大,表 6-3-105
4172,K11.101,腮腺肥大,表 6-3-105
4173,K11.102,颌下腺肥大,表 6-3-105
4174,K11.400,涎腺瘘,表 6-3-105
4175,K11.400x003,唾液导管瘘,表 6-3-105
4176,K11.401,腮腺瘘,表 6-3-105
4177,K11.402,腮腺导管瘘,表 6-3-105
4178,K11.404,颌下腺瘘,表 6-3-105
4179,K11.800,涎腺的其他疾病,表 6-3-105
4180,K11.800x002,腮腺唾液潴留,表 6-3-105
4181,K11.800x006,坏死性唾液腺化生,表 6-3-105
4182,K11.800x007,唾液腺肉芽肿,表 6-3-105
4183,K11.800x010,腮腺结节病,表 6-3-105
4184,K11.801,涎腺管狭窄,表 6-3-105
4185,K11.802,米库利奇病,表 6-3-105
4186,K11.803,腮腺管扩张,表 6-3-105
4187,K11.804,腮腺肉芽肿,表 6-3-105
4188,K11.805,涎腺良性淋巴上皮损害,表 6-3-105
4189,K11.806,涎腺管扩张,表 6-3-105
4190,K11.807,涎腺导管阻塞,表 6-3-105
4191,K12.301,黏膜炎（口腔）（口咽）,表 6-3-105
4192,K12.302,药物性黏膜炎（口腔）（口咽）,表 6-3-105
4193,K12.303,放射性黏膜炎（口腔）（口咽）,表 6-3-105
4194,K12.304,病毒性黏膜炎（口腔）（口咽）,表 6-3-105
4195,K12.305,腭黏膜炎,表 6-3-105
4196,K13.300,毛状白斑,表 6-3-105
4197,K14.000,舌炎,表 6-3-105
4198,K14.000x006,舌创伤性溃疡,表 6-3-105
4199,K14.000x007,舌部嗜酸性溃疡,表 6-3-105
4200,K14.001,舌脓肿,表 6-3-105
4201,K14.002,舌炎性肿块,表 6-3-105
4202,K14.003,舌溃疡,表 6-3-105
4203,K14.004,舌乳突炎,表 6-3-105
4204,K14.300,舌乳头肥大,表 6-3-105
4205,K14.300x001,毛舌,表 6-3-105
4206,K14.300x003,舌苔,表 6-3-105
4207,K14.300x004,叶状乳头肥大,表 6-3-105
4208,K14.301,舌叶乳头增生,表 6-3-105
4209,K14.302,黑毛舌,表 6-3-105
4210,K14.800x003,舌瘘管,表 6-3-105
4211,K14.800x005,舌畸形,表 6-3-105
4212,K14.800x010,舌牙痕,表 6-3-105
4213,K14.800x012,舌息肉,表 6-3-105
4214,K14.800x013,舌粘连,表 6-3-105
4215,K14.801,舌肉芽肿,表 6-3-105
4216,K14.802,舌出血,表 6-3-105
4217,K14.803,舌肥大,表 6-3-105
4218,K14.804,舌萎缩,表 6-3-105
4219,K14.805,舌囊肿,表 6-3-105
4220,K14.807,舌肌阵挛,表 6-3-105
4221,K14.808,舌瘢痕,表 6-3-105
4222,K14.809,舌尖瘘管,表 6-3-105
4223,K21.900x003,胃食管反流,表 6-3-106
4224,K21.901,食管反流,表 6-3-106
4225,K21.902,贲门松弛,表 6-3-106
4226,K21.903,喉咽反流,表 6-3-106
4227,K22.300,食管穿孔,表 6-3-106
4228,K22.301,食管破裂,表 6-3-106
4229,K22.600x001,贲门撕裂症,表 6-3-106
4230,K22.601,食管贲门黏膜撕裂综合征,表 6-3-106
4231,K26.300,急性十二指肠溃疡不伴有出血和穿孔,表 6-3-106
4232,K26.600,慢性十二指肠溃疡伴有出血和穿孔,表 6-3-106
4233,K29.400,慢性萎缩性胃炎,表 6-3-106
4234,K31.400,胃憩室,表 6-3-106
4235,K31.500,十二指肠梗阻,表 6-3-106
4236,K31.501,十二指肠狭窄,表 6-3-106
4237,K31.502,十二指肠淤积,表 6-3-106
4238,K38.200,阑尾憩室,表 6-3-107
4239,K38.300,阑尾瘘,表 6-3-107
4240,K38.800x001,闭锁性阑尾,表 6-3-107
4241,K38.800x003,阑尾套叠,表 6-3-107
4242,K38.800x004,阑尾炎性假瘤,表 6-3-107
4243,K38.801,阑尾黏液囊肿,表 6-3-107
4244,K38.802,阑尾囊肿,表 6-3-107
4245,K41.200x001,双侧股疝,表 6-3-108
4246,K42.000x001,脐疝伴梗阻,表 6-3-108
4247,K42.001,嵌顿性脐疝,表 6-3-108
4248,K42.100x001,坏疽性脐疝,表 6-3-108
4249,K42.900,脐疝，不伴有梗阻或坏疽,表 6-3-108
4250,K42.901,脐旁疝,表 6-3-108
4251,K42.902,复发性脐疝,表 6-3-108
4252,K43.100,切口疝，伴有坏疽,表 6-3-108
4253,K43.500,造口旁疝，不伴梗阻和坏疽,表 6-3-108
4254,K43.601,上腹疝伴梗阻,表 6-3-108
4255,K43.602,下腹疝伴梗阻,表 6-3-108
4256,K43.603,腹中线疝伴梗阻,表 6-3-108
4257,K43.604,半月线疝伴梗阻,表 6-3-108
4258,K43.605,剑突下疝伴梗阻,表 6-3-108
4259,K43.700,其他未特指的坏疽性腹疝,表 6-3-108
4260,K45.000,腹疝，伴有梗阻，不伴有坏疽，其他特指的,表 6-3-108
4261,K45.002,嵌顿性闭孔疝,表 6-3-108
4262,K45.003,绞窄性腹疝伴肠梗阻,表 6-3-108
4263,K50.000,小肠克罗恩病,表 6-3-109
4264,K50.000x001,末端性回肠炎,表 6-3-109
4265,K50.000x005,十二指肠克罗恩病,表 6-3-109
4266,K50.001,空肠克罗恩病,表 6-3-109
4267,K50.002,回肠克罗恩病,表 6-3-109
4268,K50.900,克罗恩病,表 6-3-109
4269,K50.902+M07.4*,克罗恩病性关节病,表 6-3-109
4270,K51.000,溃疡性(慢性)全结肠炎,表 6-3-109
4271,K51.001,溃疡性全结肠炎，轻度,表 6-3-109
4272,K51.002,溃疡性全结肠炎，中度,表 6-3-109
4273,K51.003,溃疡性全结肠炎，重度,表 6-3-109
4274,K51.200x001,溃疡性直肠炎,表 6-3-109
4275,K51.201,溃疡性直肠炎，轻度,表 6-3-109
4276,K51.202,溃疡性直肠炎，中度,表 6-3-109
4277,K51.203,溃疡性直肠炎，重度,表 6-3-109
4278,K51.500,左侧结肠炎,表 6-3-109
4279,K52.000,放射性胃肠炎和结肠炎,表 6-3-109
4280,K52.000x001,放射性肠炎,表 6-3-109
4281,K52.001,放射性结肠炎,表 6-3-109
4282,K52.101,中毒性胃肠炎,表 6-3-109
4283,K52.102,中毒性肠炎,表 6-3-109
4284,K52.103,中毒性腹泻,表 6-3-109
4285,K52.104,药物性胃肠炎和结肠炎,表 6-3-109
4286,K52.200x004,胃肠道过敏症,表 6-3-109
4287,K52.201,过敏性腹泻,表 6-3-109
4288,K52.202,过敏性结肠炎,表 6-3-109
4289,K52.203,过敏性肠炎,表 6-3-109
4290,K52.204,饮食性腹泻,表 6-3-109
4291,K55.200,结肠血管发育不良,表 6-3-110
4292,K55.200x013,肠血管增生,表 6-3-110
4293,K55.201,结肠血管扩张症,表 6-3-110
4294,K55.202,肠血管发育不良,表 6-3-110
4295,K57.300x006,大肠憩室,表 6-3-110
4296,K57.301,盲肠憩室,表 6-3-110
4297,K57.302,直肠憩室,表 6-3-110
4298,K57.303,结肠憩室,表 6-3-110
4299,K57.304,结肠憩室炎,表 6-3-110
4300,K57.305,盲肠憩室炎,表 6-3-110
4301,K58.100,腹泻型肠易激综合征[IBS-D],表 6-3-110
4302,K58.300,混合型肠易激综合征[IBS-M],表 6-3-110
4303,K59.400,肛门痉挛,表 6-3-110
4304,K59.400x002,痉挛性肛部痛,表 6-3-110
4305,K59.401,盆底肌痉挛综合征,表 6-3-110
4306,K59.800x002,肠扩张,表 6-3-110
4307,K59.800x005,结肠松弛,表 6-3-110
4308,K59.801,脾曲综合征,表 6-3-110
4309,K60.500,肛门直肠瘘,表 6-3-110
4310,K61.400,括约肌内脓肿,表 6-3-110
4311,K63.000,肠脓肿,表 6-3-110
4312,K63.001,小肠脓肿,表 6-3-110
4313,K63.500,结肠息肉,表 6-3-110
4314,K63.500x002,色素沉着性结肠息肉,表 6-3-110
4315,K63.500x084,横结肠息肉,表 6-3-110
4316,K63.501,升结肠息肉,表 6-3-110
4317,K63.502,降结肠息肉,表 6-3-110
4318,K63.503,乙状结肠息肉,表 6-3-110
4319,K63.504,多发性结肠息肉,表 6-3-110
4320,K64.300,Ⅳ度痔,表 6-3-110
4321,K64.500,肛周静脉血栓形成,表 6-3-110
4322,K64.501,肛周血肿,表 6-3-110
4323,K66.100,腹腔积血,表 6-3-111
4324,K66.101,腹膜出血,表 6-3-111
4325,K66.102,腹膜后血肿,表 6-3-111
4326,K66.103,肠系膜出血,表 6-3-111
4327,K70.100,酒精性肝炎,表 6-3-112
4328,K71.200x001,中毒性肝病伴急性肝炎,表 6-3-112
4329,K71.300x001,中毒性肝病伴慢性迁延性肝炎,表 6-3-112
4330,K71.700,中毒性肝病伴有肝纤维化和肝硬化,表 6-3-112
4331,K71.701,药物性肝硬化,表 6-3-112
4332,K71.702,中毒性肝硬化,表 6-3-112
4333,K73.800x001,慢性复发性肝炎,表 6-3-112
4334,K73.801,慢性间质性肝炎,表 6-3-112
4335,K73.900,慢性肝炎,表 6-3-112
4336,K73.901,慢性重型肝炎,表 6-3-112
4337,K74.000,肝纤维化,表 6-3-112
4338,K74.100,肝硬化,表 6-3-112
4339,K74.200,肝纤维化伴有肝硬化,表 6-3-112
4340,K74.600,肝硬变,表 6-3-112
4341,K74.600x002,丙型肝炎肝硬化,表 6-3-112
4342,K74.600x003,乙型肝炎肝硬化,表 6-3-112
4343,K74.600x010,拉埃奈克肝硬化[Laennec肝硬化],表 6-3-112
4344,K74.600x021,乙肝后肝硬化合并甲肝感染,表 6-3-112
4345,K74.600x025,乙肝后肝硬化合并戊肝感染,表 6-3-112
4346,K74.600x027,丙肝后肝硬化合并戊肝感染,表 6-3-112
4347,K74.600x029,乙丙肝炎后肝硬化合并甲肝感染,表 6-3-112
4348,K74.600x030,乙丁肝炎后肝硬化合并甲肝感染,表 6-3-112
4349,K74.600x031,乙肝后肝硬化甲戊肝感染,表 6-3-112
4350,K74.600x034,乙丙肝炎后肝硬化合并戊肝感染,表 6-3-112
4351,K74.600x036,乙丁肝炎后肝硬化戊肝感染,表 6-3-112
4352,K74.600x041,乙肝后肝硬化合并丙肝感染,表 6-3-112
4353,K74.600x042,丙肝后肝硬化合并乙肝感染,表 6-3-112
4354,K74.601,特指肝硬化,表 6-3-112
4355,K74.602,乙型肝炎后肝硬化失代偿期,表 6-3-112
4356,K74.603,丙型肝炎后肝硬化失代偿期,表 6-3-112
4357,K74.604,自身免疫性肝炎后肝硬化失代偿期,表 6-3-112
4358,K74.605,肝炎后肝硬化失代偿期,表 6-3-112
4359,K74.606,混合型肝硬化失代偿期,表 6-3-112
4360,K74.607,肝硬化失代偿期,表 6-3-112
4361,K74.608,肝炎后肝硬化,表 6-3-112
4362,K74.610,结节性肝硬化,表 6-3-112
4363,K74.611,门脉性肝硬化,表 6-3-112
4364,K74.612,混合型肝硬化,表 6-3-112
4365,K74.613,隐源性肝硬化,表 6-3-112
4366,K74.614,自身免疫性肝硬化,表 6-3-112
4367,K74.615+I98.3*,肝硬化伴食管静脉曲张破裂出血,表 6-3-112
4368,K74.616+I98.2*,肝硬化伴食管静脉曲张,表 6-3-112
4369,K74.617+I98.3*,肝硬化伴食管胃底静脉曲张破裂出血,表 6-3-112
4370,K74.618+I98.3*,肝硬化伴胃底静脉曲张破裂出血,表 6-3-112
4371,K74.619+I98.2*,肝硬化伴食管胃底静脉曲张,表 6-3-112
4372,K74.620+I98.2*,肝硬化伴胃底静脉曲张,表 6-3-112
4373,K75.800x001,胆小管炎性肝炎,表 6-3-112
4374,K75.800x006,肝炎性肿物,表 6-3-112
4375,K75.801,肝旁炎性肿物,表 6-3-112
4376,K75.803,营养性肝炎,表 6-3-112
4377,K75.804,胆汁淤积性肝炎,表 6-3-112
4378,K75.805,肝胆管炎,表 6-3-112
4379,K75.806,非酒精性脂肪性肝炎,表 6-3-112
4380,K75.810,肝炎性假瘤,表 6-3-112
4381,K76.200,肝中心性出血性坏死,表 6-3-112
4382,K76.400,紫癜样肝病,表 6-3-112
4383,K76.401,肝血管瘤病,表 6-3-112
4384,K76.600x002,门脉高压,表 6-3-112
4385,K76.600x006,门静脉瘤栓,表 6-3-112
4386,K76.600x007,非肝硬化性门脉高压,表 6-3-112
4387,K76.601,胰源性门脉高压,表 6-3-112
4388,K76.602,特发性门脉高压,表 6-3-112
4389,K76.603,班蒂综合征,表 6-3-112
4390,K76.800x003,肝多发性再生肥大结节,表 6-3-112
4391,K76.800x006,肝功能不全,表 6-3-112
4392,K76.800x007,肝管出血,表 6-3-112
4393,K76.800x009,甲亢性肝损害,表 6-3-112
4394,K76.800x015,肝炎后黄疸,表 6-3-112
4395,K76.800x021,肝内型窦后阻塞,表 6-3-112
4396,K76.800x022,肝粘连,表 6-3-112
4397,K76.800x023,肝溃疡,表 6-3-112
4398,K76.800x026,急性淤血性肝损害,表 6-3-112
4399,K76.800x027,代谢性肝病,表 6-3-112
4400,K76.801,自发性肝破裂出血,表 6-3-112
4401,K76.803,肝出血,表 6-3-112
4402,K76.804,肝结节,表 6-3-112
4403,K76.805,肝肺综合征,表 6-3-112
4404,K76.806,多发性肝囊肿,表 6-3-112
4405,K76.807,肝囊肿,表 6-3-112
4406,K76.808,肝结节性局灶性增生,表 6-3-112
4407,K76.809,肝下垂,表 6-3-112
4408,K76.810,缺血性肝病,表 6-3-112
4409,K76.811,肝血肿,表 6-3-112
4410,K76.813,肝内钙化点,表 6-3-112
4411,K76.814,肝癌破裂出血,表 6-3-112
4412,K76.815,肝管息肉,表 6-3-112
4413,K76.816,肝细胞性黄疸,表 6-3-112
4414,K76.817,后天性肝内血管分流,表 6-3-112
4415,K76.818,单纯性肝囊肿,表 6-3-112
4416,K76.819,先天性胆汁酸合成障碍,表 6-3-112
4417,K80.000x002,胆囊结石伴急性胆囊炎,表 6-3-113
4418,K80.000x004,胆囊结石伴慢性胆囊炎急性发作,表 6-3-113
4419,K80.001,胆囊结石伴坏疽性胆囊炎,表 6-3-113
4420,K80.002,胆囊结石伴急性化脓性胆囊炎,表 6-3-113
4421,K80.100x001,胆囊结石伴胆囊炎,表 6-3-113
4422,K80.101,胆囊结石伴慢性胆囊炎,表 6-3-113
4423,K80.400,胆管结石伴有胆囊炎,表 6-3-113
4424,K80.400x004,肝内胆管结石伴慢性胆囊炎,表 6-3-113
4425,K80.401,胆管结石伴急性胆囊炎,表 6-3-113
4426,K80.402,胆总管结石伴急性胆囊炎,表 6-3-113
4427,K80.403,胆管结石伴慢性胆囊炎,表 6-3-113
4428,K80.404,胆总管结石伴慢性胆囊炎,表 6-3-113
4429,K80.405,肝胆管结石伴胆囊炎,表 6-3-113
4430,K80.406,肝管结石伴慢性胆囊炎,表 6-3-113
4431,K81.801,胆囊周炎,表 6-3-113
4432,K82.200,胆囊穿孔,表 6-3-113
4433,K82.200x002,胆囊破裂,表 6-3-113
4434,K83.501,胆管囊肿,表 6-3-113
4435,K83.502,胆总管囊肿,表 6-3-113
4436,K85.000,特发性急性胰腺炎,表 6-3-113
4437,K85.001,急性特发性胰腺炎，轻症,表 6-3-113
4438,K85.002,急性特发性胰腺炎，重症,表 6-3-113
4439,K85.100,胆汁型急性胰腺炎,表 6-3-113
4440,K85.101,急性胆源型胰腺炎，轻症,表 6-3-113
4441,K85.102,急性胆源型胰腺炎，重症,表 6-3-113
4442,K85.300,药物性急性胰腺炎,表 6-3-113
4443,K85.301,急性药物性胰腺炎，轻症,表 6-3-113
4444,K85.302,急性药物性胰腺炎，重症,表 6-3-113
4445,K85.900,急性胰腺炎,表 6-3-113
4446,K85.900x002,急性轻症胰腺炎,表 6-3-113
4447,K85.900x003,慢性胰腺炎急性发作,表 6-3-113
4448,K85.901,亚急性胰腺炎,表 6-3-113
4449,K85.902,急性重症胰腺炎,表 6-3-113
4450,K86.300,胰腺假囊肿,表 6-3-113
4451,K86.901,胰腺肿物,表 6-3-113
4452,K90.000,乳糜泻[腹腔病],表 6-3-114
4453,K90.000x001,非热带性口炎性腹泻,表 6-3-114
4454,K90.001,谷胶肠病,表 6-3-114
4455,K90.002,特发性脂肪痢,表 6-3-114
4456,K90.200,盲袢综合征,表 6-3-114
4457,K90.200x001,非手术性盲袢综合征,表 6-3-114
4458,K90.400,不耐受引起的吸收不良,表 6-3-114
4459,K90.400x003,肠原性脂肪代谢障碍,表 6-3-114
4460,K90.401,脂肪痢,表 6-3-114
4461,K90.402,蛋白丢失性胃肠病,表 6-3-114
4462,K90.403,碳水化合物吸收不良,表 6-3-114
4463,K90.404,蛋白吸收不良,表 6-3-114
4464,K90.405,淀粉吸收不良,表 6-3-114
4465,K90.406,脂肪吸收不良,表 6-3-114
4466,K91.200x002,手术后吸收不良综合征,表 6-3-114
4467,K91.201,短肠综合征,表 6-3-114
4468,K91.202,手术后盲袢综合征,表 6-3-114
4469,K91.300,手术后肠梗阻,表 6-3-114
4470,K91.300x002,手术后肠道狭窄,表 6-3-114
4471,K91.301,回肠肛管吻合口狭窄,表 6-3-114
4472,K91.302,手术后小肠储袋梗阻,表 6-3-114
4473,K91.303,手术后肠肠吻合口狭窄,表 6-3-114
4474,K91.305,直肠吻合口狭窄,表 6-3-114
4475,K91.401,小肠造口术后功能障碍,表 6-3-114
4476,K91.402,肠造口术后功能障碍,表 6-3-114
4477,K91.404,结肠造口术后狭窄,表 6-3-114
4478,K91.405,结肠造口脱垂,表 6-3-114
4479,K91.406,人工肛门脱垂,表 6-3-114
4480,K91.408,人工肛门狭窄,表 6-3-114
4481,K91.500,胆囊切除术后综合征,表 6-3-114
4482,L01.100,皮肤病的脓疱化，其他的,表 6-3-115
4483,L02.800,皮肤脓肿、疖和痈，其他部位的,表 6-3-115
4484,L02.801,头皮脓肿,表 6-3-115
4485,L02.802,帽状腱膜下脓肿,表 6-3-115
4486,L02.803,头部疖,表 6-3-115
4487,L02.804,头部痈,表 6-3-115
4488,L08.800x005,骶部炎性窦道,表 6-3-115
4489,L08.800x006,臀部感染性窦道,表 6-3-115
4490,L08.800x008,足跟感染性窦道,表 6-3-115
4491,L08.800x011,恶性脓皮病,表 6-3-115
4492,L08.801,皮肤感染性窦道,表 6-3-115
4493,L08.802,增殖性脓皮病,表 6-3-115
4494,L08.803,瘢痕感染,表 6-3-115
4495,L08.804,背部感染性窦道,表 6-3-115
4496,L08.805,腹壁感染性窦道,表 6-3-115
4497,L10.900,天疱疮,表 6-3-116
4498,L12.000,大疱性类天疱疮,表 6-3-116
4499,L12.200,儿童期慢性大疱性疾病,表 6-3-116
4500,L12.201,青少年疱疹样皮炎,表 6-3-116
4501,L12.202,线状IgA大疱性皮病,表 6-3-116
4502,L13.000,疱疹样皮炎,表 6-3-116
4503,L23.600,食物接触皮肤引起的变应性接触性皮炎,表 6-3-117
4504,L23.700,植物引起的变应性接触性皮炎，除外食物,表 6-3-117
4505,L23.801,毛皮变应性接触性皮炎,表 6-3-117
4506,L24.500,化学产品引起的刺激性接触性皮炎，其他的,表 6-3-117
4507,L24.501,碱刺激性接触性皮炎,表 6-3-117
4508,L24.502,尼龙刺激性接触性皮炎,表 6-3-117
4509,L24.503,砌砖工刺激性痒病,表 6-3-117
4510,L24.504,酸类刺激性接触性皮炎,表 6-3-117
4511,L25.000,化妆品引起的接触性皮炎,表 6-3-117
4512,L25.400,食物接触皮肤引起的接触性皮炎,表 6-3-117
4513,L25.800,接触性皮炎，其他物质引起的,表 6-3-117
4514,L27.000x004,剥脱性皮炎型药疹,表 6-3-117
4515,L27.000x006,大疱表皮松解症型药疹,表 6-3-117
4516,L27.002,红皮病型药疹,表 6-3-117
4517,L27.003,荨麻疹型药疹,表 6-3-117
4518,L27.004,药物性红斑,表 6-3-117
4519,L27.005,药物性皮炎,表 6-3-117
4520,L28.000,慢性单纯性苔藓,表 6-3-117
4521,L28.000x006,小棘苔癣,表 6-3-117
4522,L28.000x007,金黄色苔癣,表 6-3-117
4523,L28.001,局限性神经性皮炎,表 6-3-117
4524,L28.002,苔藓样皮炎,表 6-3-117
4525,L28.003,苔藓,表 6-3-117
4526,L29.100,阴囊瘙痒(症),表 6-3-117
4527,L29.200,外阴瘙痒(症),表 6-3-117
4528,L30.000,钱币状皮炎,表 6-3-117
4529,L30.201,念珠菌疹,表 6-3-117
4530,L30.202,皮肤癣菌疹,表 6-3-117
4531,L30.203,湿疹样疹,表 6-3-117
4532,L30.204,自体过敏性皮炎,表 6-3-117
4533,L30.500,白色糠疹,表 6-3-117
4534,L30.500x003,渗出性慢性单纯性糠疹,表 6-3-117
4535,L30.800,皮炎，其他特指的,表 6-3-117
4536,L30.801,寒冷性皮炎,表 6-3-117
4537,L30.802,激素依赖性皮炎,表 6-3-117
4538,L30.803,季节性大疱性皮炎,表 6-3-117
4539,L30.804,嗜酸性粒细胞增多性皮病,表 6-3-117
4540,L40.100,全身脓疱性银屑病,表 6-3-118
4541,L40.101,冯-聪布施病,表 6-3-118
4542,L40.102,脓疱性银屑病,表 6-3-118
4543,L40.103,疱疹样脓疱病,表 6-3-118
4544,L40.300,掌跖脓疱病,表 6-3-118
4545,L40.301,掌跖脓疱性银屑病,表 6-3-118
4546,L40.900,银屑病,表 6-3-118
4547,L41.100,慢性苔藓样糠疹,表 6-3-118
4548,L41.300,小斑块副银屑病,表 6-3-118
4549,L41.500,网状副银屑病,表 6-3-118
4550,L43.800,扁平苔藓，其他的,表 6-3-118
4551,L44.100,光泽苔藓,表 6-3-118
4552,L50.100,特发性荨麻疹,表 6-3-119
4553,L50.300,皮肤划痕性荨麻疹,表 6-3-119
4554,L51.000,非大疱型多形性红斑,表 6-3-119
4555,L51.200,中毒性表皮坏死松解症[莱尔],表 6-3-119
4556,L53.300,慢性回状红斑，其他的,表 6-3-119
4557,L55.900,晒斑[晒伤],表 6-3-120
4558,L56.100,药物光变应性反应,表 6-3-120
4559,L56.900,紫外线辐射引起的急性皮肤改变,表 6-3-120
4560,L57.000,光线性角化病,表 6-3-120
4561,L57.001,灰泥角化症,表 6-3-120
4562,L57.200,颈部菱形皮,表 6-3-120
4563,L59.000,火激红斑[火激皮炎],表 6-3-120
4564,L59.900,与辐射有关的皮肤和皮下组织疾患,表 6-3-120
4565,L66.400,网状红斑性毛囊炎,表 6-3-121
4566,L68.300,多毛症(基因变异),表 6-3-121
4567,L73.000,瘢瘤性痤疮,表 6-3-121
4568,L73.800,毛囊疾患，其他特指的,表 6-3-121
4569,L73.800x005,鼻毛假性毛囊炎,表 6-3-121
4570,L73.800x006,铜绿假单胞菌毛囊炎,表 6-3-121
4571,L73.800x007,细菌性毛囊炎,表 6-3-121
4572,L73.801,狼疮样须疮,表 6-3-121
4573,L73.802,毛囊闭锁三联征,表 6-3-121
4574,L73.803,皮脂腺增生,表 6-3-121
4575,L73.804,须疮,表 6-3-121
4576,L73.805,寻常须疮,表 6-3-121
4577,L74.100,晶状痱,表 6-3-121
4578,L75.000,臭汗症,表 6-3-121
4579,L81.400,其他黑色素沉着过度,表 6-3-122
4580,L81.400x001,着色病,表 6-3-122
4581,L81.401,黑皮病,表 6-3-122
4582,L81.402,黑变病,表 6-3-122
4583,L81.403,焦油性黑变病,表 6-3-122
4584,L81.404,里尔黑变病,表 6-3-122
4585,L81.405,雀斑痣,表 6-3-122
4586,L81.407,中毒性黑变病,表 6-3-122
4587,L81.800,色素沉着其他特指的疾患,表 6-3-122
4588,L81.800x003,色素分界线,表 6-3-122
4589,L81.800x005,斑蝥黄沉着,表 6-3-122
4590,L81.801,铁色素沉着,表 6-3-122
4591,L81.802,文身色素沉着,表 6-3-122
4592,L81.803,地方性砷中毒,表 6-3-122
4593,L85.200,点状角化病(掌跖),表 6-3-122
4594,L85.800,表皮增厚，其他特指的,表 6-3-122
4595,L85.801,角化棘皮瘤,表 6-3-122
4596,L85.803,皮角,表 6-3-122
4597,L85.804,砷角化病,表 6-3-122
4598,L85.900,表皮增厚,表 6-3-122
4599,L85.900x001,皮脂腺痣,表 6-3-122
4600,L87.100,反应性穿通性胶原病,表 6-3-122
4601,L90.000,硬化萎缩性苔藓,表 6-3-122
4602,L90.400,慢性萎缩性肢端皮炎,表 6-3-122
4603,L91.001,瘢痕疙瘩,表 6-3-122
4604,L91.002,瘤样瘢痕,表 6-3-122
4605,L91.900,皮肤肥厚性疾患,表 6-3-122
4606,L92.000,环状肉芽肿,表 6-3-122
4607,L92.800,皮肤和皮下组织其他肉芽肿性疾患,表 6-3-122
4608,L92.801,脐肉芽肿,表 6-3-122
4609,L94.100,线状硬皮病,表 6-3-122
4610,L94.200,皮肤钙质沉着症,表 6-3-122
4611,L94.500,血管萎缩性皮肤异色病,表 6-3-122
4612,L95.000,青斑血管炎,表 6-3-122
4613,L95.100,持久性隆起性红斑,表 6-3-122
4614,L98.500,皮肤黏蛋白沉积症,表 6-3-122
4615,L98.501,局部粘蛋白沉积症,表 6-3-122
4616,L98.502,黏液水肿性苔藓,表 6-3-122
4617,L98.503,网状红斑性黏蛋白沉积症,表 6-3-122
4618,M00.800,关节炎和多关节炎，其他特指的细菌性病原体引起的,表 6-3-123
4619,M02.300,赖特尔病,表 6-3-123
4620,M02.800,反应性关节病，其他的,表 6-3-123
4621,M05.301+G63.6*,类风湿性关节炎伴多神经病,表 6-3-124
4622,M05.302+I43.8*,类风湿性关节炎伴心肌病,表 6-3-124
4623,M05.303+G73.7*,类风湿性关节炎相关性肌病,表 6-3-124
4624,M05.304+I52.8*,类风湿性关节炎伴心炎,表 6-3-124
4625,M05.305+I32.8*,类风湿性关节炎伴心包炎,表 6-3-124
4626,M05.306+I41.8*,类风湿性关节炎伴心肌炎,表 6-3-124
4627,M05.307+I39.8*,类风湿性关节炎伴心内膜炎,表 6-3-124
4628,M05.308,累及全身类风湿性关节炎,表 6-3-124
4629,M06.000,血清反应阴性的类风湿性关节炎,表 6-3-124
4630,M06.001,复发性血清阴性对称性滑膜炎伴凹陷性水肿,表 6-3-124
4631,M06.002,缓解性血清阴性对称性滑膜炎伴凹陷性水肿综合征,表 6-3-124
4632,M06.003,滑膜炎-痤疮-脓疱疹-骨肥厚-骨炎综合征,表 6-3-124
4633,M06.400,炎性多关节病,表 6-3-124
4634,M06.800,类风湿性关节炎，其他特指的,表 6-3-124
4635,M06.800x051,类风湿性髋关节炎,表 6-3-124
4636,M06.800x071,类风湿性足关节炎,表 6-3-124
4637,M08.200,幼年型关节炎伴有全身性发病,表 6-3-124
4638,M08.201,幼年型斯蒂尔病,表 6-3-124
4639,M08.800x091,幼年型特发性关节炎,表 6-3-124
4640,M11.201,软骨钙质沉着,表 6-3-124
4641,M12.200,绒毛结节性滑膜炎(色素沉着的),表 6-3-124
4642,M12.200x011,肩关节色素沉着绒毛结节性滑膜炎,表 6-3-124
4643,M12.200x021,肘关节色素沉着绒毛结节性滑膜炎,表 6-3-124
4644,M12.200x031,腕关节色素沉着绒毛结节性滑膜炎,表 6-3-124
4645,M12.200x051,髋关节色素沉着绒毛结节性滑膜炎,表 6-3-124
4646,M12.200x061,膝色素沉着绒毛结节性滑膜炎,表 6-3-124
4647,M12.200x071,踝关节色素沉着绒毛结节性滑膜炎,表 6-3-124
4648,M12.300,复发性风湿病,表 6-3-124
4649,M15.100,赫伯登结节(伴有关节病),表 6-3-125
4650,M15.300,继发性多发性关节病,表 6-3-125
4651,M15.301,创伤后多关节病,表 6-3-125
4652,M15.900,多关节病,表 6-3-125
4653,M15.900x003,重度多关节病,表 6-3-125
4654,M15.901,萎缩性多关节炎,表 6-3-125
4655,M15.902,全身性骨关节炎,表 6-3-125
4656,M18.000,双侧第一腕掌关节的原发性关节病,表 6-3-125
4657,M18.400x001,继发性双侧第一腕掌关节病,表 6-3-125
4658,M19.101,创伤后关节病,表 6-3-125
4659,M19.201,继发性关节病,表 6-3-125
4660,M19.800,关节病，其他特指的,表 6-3-125
4661,M21.400,后天性扁平足[平足],表 6-3-126
4662,M21.401,足弓下陷,表 6-3-126
4663,M21.402,足弓松弛,表 6-3-126
4664,M21.600x071,后天性足变形,表 6-3-126
4665,M21.600x072,后天性踝变形,表 6-3-126
4666,M21.601,后天性弓形足,表 6-3-126
4667,M21.602,足旋前,表 6-3-126
4668,M21.603,足凹陷,表 6-3-126
4669,M21.604,后天性踝关节畸形,表 6-3-126
4670,M21.605,踝旋前,表 6-3-126
4671,M22.000,复发性髌骨脱位,表 6-3-126
4672,M22.100,复发性髌骨不全脱位,表 6-3-126
4673,M23.500x091,膝前内侧旋转不稳定,表 6-3-126
4674,M23.501,陈旧性膝韧带破裂,表 6-3-126
4675,M23.601,自发性膝韧带破裂,表 6-3-126
4676,M23.900,膝关节内紊乱,表 6-3-126
4677,M24.600,关节强硬,表 6-3-126
4678,M24.601,多发性关节强硬,表 6-3-126
4679,M24.602,肩关节强硬,表 6-3-126
4680,M24.603,肘关节强硬,表 6-3-126
4681,M24.604,腕关节强硬,表 6-3-126
4682,M24.605,手骨间关节强硬,表 6-3-126
4683,M24.606,髋关节强硬,表 6-3-126
4684,M24.607,膝关节强硬,表 6-3-126
4685,M24.608,踝关节强硬,表 6-3-126
4686,M24.609,关节骨性强硬,表 6-3-126
4687,M24.610,关节纤维变性,表 6-3-126
4688,M24.700,髋臼前突,表 6-3-126
4689,M24.701,髋关节内陷,表 6-3-126
4690,M25.200,连枷状关节,表 6-3-126
4691,M25.201,关节松弛,表 6-3-126
4692,M25.301,关节不稳定,表 6-3-126
4693,M40.100,继发性脊柱后凸，其他的,表 6-3-128
4694,M40.100x051,继发性胸腰段脊柱后凸,表 6-3-128
4695,M40.101,强直性脊柱炎后凸畸形,表 6-3-128
4696,M40.401,后天性脊柱前凸,表 6-3-128
4697,M40.402,姿势性脊柱前凸,表 6-3-128
4698,M41.500,继发性脊柱侧弯，其他的,表 6-3-128
4699,M41.501,创伤性脊柱侧弯,表 6-3-128
4700,M41.900,脊柱侧弯,表 6-3-128
4701,M41.900x061,腰椎侧弯,表 6-3-128
4702,M41.901,脊柱后侧凸,表 6-3-128
4703,M43.201,寰枢椎关节强硬,表 6-3-128
4704,M43.202,骶髂关节强硬,表 6-3-128
4705,M43.203,后天性脊柱关节强硬,表 6-3-128
4706,M43.901,后天性脊柱变形,表 6-3-128
4707,M46.400,关节盘炎,表 6-3-129
4708,M46.401,颈椎椎间盘炎,表 6-3-129
4709,M46.402,胸椎椎间盘炎,表 6-3-129
4710,M46.403,腰椎椎间盘炎,表 6-3-129
4711,M46.500x091,椎体感染,表 6-3-129
4712,M46.500x092,化脓性脊柱炎,表 6-3-129
4713,M46.501,颈椎脓肿,表 6-3-129
4714,M46.502,胸椎脓肿,表 6-3-129
4715,M46.503,腰椎脓肿,表 6-3-129
4716,M46.504,骶尾椎脓肿,表 6-3-129
4717,M46.900,炎性脊椎病,表 6-3-129
4718,M48.200,脊椎棘突吻合,表 6-3-129
4719,M48.200x021,颈椎棘突吻合,表 6-3-129
4720,M48.200x041,胸椎棘突吻合,表 6-3-129
4721,M48.200x061,腰椎棘突吻合,表 6-3-129
4722,M48.800x022,颈前纵韧带骨化,表 6-3-129
4723,M48.800x091,脊椎半切综合征,表 6-3-129
4724,M48.801,颈椎后纵韧带骨化,表 6-3-129
4725,M48.802,胸椎后纵韧带骨化,表 6-3-129
4726,M48.803,胸腰椎后纵韧带骨化,表 6-3-129
4727,M48.804,腰椎后纵韧带骨化,表 6-3-129
4728,M48.805,骶尾椎后纵韧带骨化,表 6-3-129
4729,M48.806,后纵韧带骨化,表 6-3-129
4730,M48.808,黄韧带骨化,表 6-3-129
4731,M48.810,棘突间韧带综合征,表 6-3-129
4732,M48.811,肌性脊柱炎,表 6-3-129
4733,M48.812,老年性脊椎萎缩,表 6-3-129
4734,M53.900,背部病,表 6-3-130
4735,M54.900,背痛,表 6-3-130
4736,M61.400,肌肉的其他钙化,表 6-3-131
4737,M61.900,肌肉钙化和骨化,表 6-3-131
4738,M62.400,肌肉挛缩,表 6-3-131
4739,M62.401,肩区肌肉挛缩,表 6-3-131
4740,M62.402,上臂肌肉挛缩,表 6-3-131
4741,M62.403,前臂肌肉挛缩,表 6-3-131
4742,M62.404,手部肌挛缩,表 6-3-131
4743,M62.405,臀肌挛缩,表 6-3-131
4744,M62.406,大腿肌肉挛缩,表 6-3-131
4745,M62.407,小腿肌肉挛缩,表 6-3-131
4746,M62.408,踝肌肉挛缩,表 6-3-131
4747,M62.409,足肌肉挛缩,表 6-3-131
4748,M62.410,头颈肌挛缩,表 6-3-131
4749,M62.411,躯干肌挛缩,表 6-3-131
4750,M62.501,上臂肌肉萎缩,表 6-3-131
4751,M62.502,前臂肌肉萎缩,表 6-3-131
4752,M62.503,手肌肉萎缩,表 6-3-131
4753,M62.504,大腿肌萎缩,表 6-3-131
4754,M62.505,小腿肌肉萎缩,表 6-3-131
4755,M62.506,咀嚼肌萎缩,表 6-3-131
4756,M62.507,头颈部肌萎缩,表 6-3-131
4757,M62.508,单侧肢体肌萎缩,表 6-3-131
4758,M62.509,弥漫性肌肉萎缩,表 6-3-131
4759,M62.510,失用性肌肉萎缩,表 6-3-131
4760,M62.511,原发性肌肉萎缩,表 6-3-131
4761,M62.512,全身性肌萎缩,表 6-3-131
4762,M62.513,少肌症,表 6-3-131
4763,M62.800x002,肌肉血肿,表 6-3-131
4764,M62.800x051,股四头肌内侧头囊肿,表 6-3-131
4765,M62.800x053,髂肌囊肿,表 6-3-131
4766,M62.800x061,腓骨长肌腱滑脱,表 6-3-131
4767,M62.800x062,腓肠肌肥大,表 6-3-131
4768,M62.800x081,咬肌肥大,表 6-3-131
4769,M62.800x095,肌肉脂肪浸润,表 6-3-131
4770,M62.800x096,肌肉血肿机化,表 6-3-131
4771,M62.800x097,肌玻璃体变性,表 6-3-131
4772,M62.800x101,筋膜病,表 6-3-131
4773,M62.800x102,发作性四肢强直,表 6-3-131
4774,M62.802,大腿肌肥厚,表 6-3-131
4775,M62.803,横纹肌溶解症,表 6-3-131
4776,M62.804,后天性肌强直,表 6-3-131
4777,M62.805,后天性肌鞘疝,表 6-3-131
4778,M62.806,后天性肌肉畸形,表 6-3-131
4779,M62.807,后天性筋膜疝,表 6-3-131
4780,M62.808,肌肉瘢痕,表 6-3-131
4781,M62.809,肌肉变性,表 6-3-131
4782,M62.810,肌肉肥大,表 6-3-131
4783,M62.811,肌肉纤颤,表 6-3-131
4784,M62.812,肌软化,表 6-3-131
4785,M62.813,肌疝,表 6-3-131
4786,M62.814,肌纤维变性,表 6-3-131
4787,M62.815,肌张力缺失,表 6-3-131
4788,M62.817,阔筋膜挛缩症,表 6-3-131
4789,M62.819,膝关节肌肥大,表 6-3-131
4790,M62.821,足筋膜挛缩,表 6-3-131
4791,M62.822,疼痛性肌痉挛综合征,表 6-3-131
4792,M65.101,感染性滑膜炎,表 6-3-132
4793,M66.101,多关节滑膜破裂,表 6-3-132
4794,M66.102,肩锁关节滑膜破裂,表 6-3-132
4795,M66.103,盂肱关节滑膜破裂,表 6-3-132
4796,M66.104,胸锁关节滑膜破裂,表 6-3-132
4797,M66.105,肘关节滑膜破裂,表 6-3-132
4798,M66.106,腕关节滑膜破裂,表 6-3-132
4799,M66.107,手骨间关节滑膜破裂,表 6-3-132
4800,M66.108,髋关节滑膜破裂,表 6-3-132
4801,M66.109,骶髂关节滑膜破裂,表 6-3-132
4802,M66.110,膝关节滑膜破裂,表 6-3-132
4803,M66.111,踝关节滑膜破裂,表 6-3-132
4804,M66.112,足关节滑膜破裂,表 6-3-132
4805,M66.113,滑膜囊肿破裂,表 6-3-132
4806,M66.201,肩区伸肌腱自发性破裂,表 6-3-132
4807,M66.202,上臂伸肌腱自发性破裂,表 6-3-132
4808,M66.203,前臂伸肌腱自发性破裂,表 6-3-132
4809,M66.204,手伸肌腱自发性破裂,表 6-3-132
4810,M66.205,骨盆区伸肌腱自发性破裂,表 6-3-132
4811,M66.206,大腿伸肌腱自发性破裂,表 6-3-132
4812,M66.207,小腿伸肌腱自发性破裂,表 6-3-132
4813,M66.208,踝伸肌腱自发性破裂,表 6-3-132
4814,M66.209,足伸肌腱自发性破裂,表 6-3-132
4815,M66.301,肩区屈肌腱自发性破裂,表 6-3-132
4816,M66.302,上臂屈肌腱自发性破裂,表 6-3-132
4817,M66.303,前臂屈肌腱自发性破裂,表 6-3-132
4818,M66.304,手屈肌腱自发性破裂,表 6-3-132
4819,M66.305,骨盆区屈肌腱自发性破裂,表 6-3-132
4820,M66.306,大腿屈肌腱自发性破裂,表 6-3-132
4821,M66.307,小腿屈肌腱自发性破裂,表 6-3-132
4822,M66.308,踝屈肌腱自发性破裂,表 6-3-132
4823,M66.309,足屈肌腱自发性破裂,表 6-3-132
4824,M67.001,跟腱挛缩,表 6-3-132
4825,M67.300,短暂性滑膜炎,表 6-3-132
4826,M67.301,中毒性滑膜炎,表 6-3-132
4827,M67.302,暂时性髋关节滑膜炎,表 6-3-132
4828,M70.500x002,膝假性滑囊炎,表 6-3-133
4829,M70.501,鹅趾滑囊炎,表 6-3-133
4830,M70.502,腘滑囊炎,表 6-3-133
4831,M70.503,过度打击膝,表 6-3-133
4832,M70.504,膝半膜肌肉滑囊炎,表 6-3-133
4833,M71.100,感染性滑囊炎，其他的,表 6-3-133
4834,M71.101,肩区感染性滑囊炎,表 6-3-133
4835,M71.102,上臂感染性滑囊炎,表 6-3-133
4836,M71.103,前臂感染性滑囊炎,表 6-3-133
4837,M71.104,手感染性滑囊炎,表 6-3-133
4838,M71.105,骨盆区感染性滑囊炎,表 6-3-133
4839,M71.106,大腿感染性滑囊炎,表 6-3-133
4840,M71.107,小腿感染性滑囊炎,表 6-3-133
4841,M71.108,踝感染性滑囊炎,表 6-3-133
4842,M71.109,足感染性滑囊炎,表 6-3-133
4843,M72.400,假肉瘤性纤维瘤病,表 6-3-133
4844,M72.401,肩区结节性筋膜炎,表 6-3-133
4845,M72.402,上臂结节性筋膜炎,表 6-3-133
4846,M72.403,前臂结节性筋膜炎,表 6-3-133
4847,M72.404,手结节性筋膜炎,表 6-3-133
4848,M72.405,骨盆区结节性筋膜炎,表 6-3-133
4849,M72.406,大腿结节性筋膜炎,表 6-3-133
4850,M72.407,小腿结节性筋膜炎,表 6-3-133
4851,M72.408,踝结节性筋膜炎,表 6-3-133
4852,M72.409,足结节性筋膜炎,表 6-3-133
4853,M72.410,结节性筋膜炎,表 6-3-133
4854,M75.200,二头肌腱炎,表 6-3-133
4855,M75.201,肱二头肌长头肌腱炎,表 6-3-133
4856,M75.600,退行性肩关节盂唇撕裂,表 6-3-133
4857,M75.802,肩胛肱骨肌纤维变性,表 6-3-133
4858,M75.803,肩胛肱骨肌纤维鞘炎,表 6-3-133
4859,M75.804,肩腱鞘炎,表 6-3-133
4860,M75.900,肩损害,表 6-3-133
4861,M76.100,髂肌腱炎,表 6-3-133
4862,M76.200,髂嵴骨刺,表 6-3-133
4863,M76.600,跟腱炎,表 6-3-133
4864,M76.602,跟腱滑囊炎,表 6-3-133
4865,M76.603,跟腱痛,表 6-3-133
4866,M76.700,腓肌腱炎,表 6-3-133
4867,M76.701,腓肠肌内外侧头肌腱炎,表 6-3-133
4868,M76.800x072,踝关节撞击综合征,表 6-3-133
4869,M76.801,髋部肌腱端病,表 6-3-133
4870,M76.802,腓骨肌腱撞击综合征,表 6-3-133
4871,M76.803,膝肌腱端病,表 6-3-133
4872,M76.804,胫前综合征,表 6-3-133
4873,M76.805,胫后综合征,表 6-3-133
4874,M76.806,胫后肌腱炎,表 6-3-133
4875,M76.807,踝滑囊炎,表 6-3-133
4876,M77.500,足的其他肌腱端病,表 6-3-133
4877,M77.501,踝肌腱端病,表 6-3-133
4878,M77.502,跟骨滑囊炎,表 6-3-133
4879,M77.503,脚趾滑囊炎,表 6-3-133
4880,M77.800x001,胫后肌腱失能,表 6-3-133
4881,M77.800x002,腓骨肌腱滑脱,表 6-3-133
4882,M77.801,肘肌腱端病,表 6-3-133
4883,M77.804,腕肌腱端病,表 6-3-133
4884,M79.200x001,多部位神经炎,表 6-3-133
4885,M79.201,多部位神经痛,表 6-3-133
4886,M79.203,下肢神经痛,表 6-3-133
4887,M79.204,神经束膜炎,表 6-3-133
4888,M79.205,慢性类风湿性神经炎,表 6-3-133
4889,M79.206,神经肌肉痛,表 6-3-133
4890,M79.207,神经痛,表 6-3-133
4891,M79.208,神经炎,表 6-3-133
4892,M79.209,神经病理性疼痛,表 6-3-133
4893,M79.300,脂膜炎,表 6-3-133
4894,M79.300x051,臀部脂膜炎,表 6-3-133
4895,M79.301,组织细胞吞噬性脂膜炎,表 6-3-133
4896,M79.302,结节性非化脓性脂膜炎,表 6-3-133
4897,M79.303,嗜酸性脂膜炎,表 6-3-133
4898,M79.700,纤维肌痛,表 6-3-133
4899,M79.701,肩部纤维肌炎,表 6-3-133
4900,M79.702,腰纤维肌炎,表 6-3-133
4901,M79.703,风湿性肌纤维组织炎,表 6-3-133
4902,M79.704,纤维织炎,表 6-3-133
4903,M79.705,肌纤维鞘炎,表 6-3-133
4904,M80.000,绝经后骨质疏松伴有病理性骨折,表 6-3-134
4905,M80.300,手术后吸收不良性骨质疏松伴有病理性骨折,表 6-3-134
4906,M81.000,绝经后骨质疏松,表 6-3-134
4907,M81.500,特发性骨质疏松,表 6-3-134
4908,M81.900,骨质疏松,表 6-3-134
4909,M81.900x101,脊椎松解,表 6-3-134
4910,M81.903,骨脱矿质,表 6-3-134
4911,M81.904,骨脱钙,表 6-3-134
4912,M85.100,氟骨症,表 6-3-134
4913,M85.300,致密性骨炎,表 6-3-134
4914,M85.500,动脉瘤性骨囊肿,表 6-3-134
4915,M86.000,急性血源性骨髓炎,表 6-3-135
4916,M86.300,慢性多病灶性骨髓炎,表 6-3-135
4917,M86.600x061,小腿慢性化脓性骨髓炎,表 6-3-135
4918,M86.601,肘关节慢性化脓性骨髓炎,表 6-3-135
4919,M86.602,手慢性化脓性骨髓炎,表 6-3-135
4920,M86.603,骨盆区慢性化脓性骨髓炎,表 6-3-135
4921,M86.604,大腿慢性化脓性骨髓炎,表 6-3-135
4922,M86.605,膝关节慢性化脓性骨髓炎,表 6-3-135
4923,M86.606,踝慢性化脓性骨髓炎,表 6-3-135
4924,M86.607,足慢性化脓性骨髓炎,表 6-3-135
4925,M86.608,慢性骨髓炎,表 6-3-135
4926,M86.609,慢性化脓性骨髓炎,表 6-3-135
4927,M86.610,骨内死骨形成,表 6-3-135
4928,M86.800x071,跖骨籽骨形成,表 6-3-135
4929,M86.800x095,布罗迪脓肿,表 6-3-135
4930,M86.801,股骨肉芽肿,表 6-3-135
4931,M86.803,骨干炎,表 6-3-135
4932,M86.804,水肿性波特瘤,表 6-3-135
4933,M86.805,骨残留异物性肉芽肿,表 6-3-135
4934,M86.807,骨膜骨赘形成伴骨髓炎,表 6-3-135
4935,M86.808,骨脓肿,表 6-3-135
4936,M86.809,骨肉芽肿,表 6-3-135
4937,M86.810,加雷骨髓炎,表 6-3-135
4938,M86.811,硬化性骨髓炎,表 6-3-135
4939,M86.812,籽骨炎,表 6-3-135
4940,M87.300,继发性骨坏死，其他的,表 6-3-135
4941,M89.000,痛性神经营养不良,表 6-3-135
4942,M89.000x093,祖德克萎缩,表 6-3-135
4943,M89.001,肩手综合征,表 6-3-135
4944,M89.002,创伤后骨质疏松,表 6-3-135
4945,M89.003,交感反射性营养不良,表 6-3-135
4946,M89.401,肥大性肺性骨关节病,表 6-3-135
4947,M89.402,厚皮性骨膜病,表 6-3-135
4948,M89.403,普罗蒂斯综合征,表 6-3-135
4949,M89.404,继发性肥大性骨关节病,表 6-3-135
4950,M89.600,脊髓灰质炎后骨病,表 6-3-135
4951,M92.200,幼年型手部骨软骨病,表 6-3-136
4952,M92.201,幼年型腕骨骨软骨病,表 6-3-136
4953,M92.202,幼年型掌骨骨软骨病,表 6-3-136
4954,M93.100,成人金伯克病,表 6-3-136
4955,M94.801,化脓性软骨炎,表 6-3-136
4956,M94.802,老年性软骨骨化,表 6-3-136
4957,M94.803,慢性萎缩性多软骨炎,表 6-3-136
4958,M94.804,软骨肥大,表 6-3-136
4959,M94.805,软骨脓肿,表 6-3-136
4960,M94.806,软骨实质丧失,表 6-3-136
4961,M94.807,软骨萎缩,表 6-3-136
4962,M94.808,软骨炎,表 6-3-136
4963,M95.901,后天性骨畸形,表 6-3-137
4964,M96.001,关节固定术后假关节形成,表 6-3-137
4965,M96.100,椎板切除术后综合征，不可归类在他处者,表 6-3-137
4966,M96.900,肌肉骨骼疾患，操作后的,表 6-3-137
4967,M99.400x001,枕颈椎管结缔组织性狭窄,表 6-3-137
4968,M99.400x002,颈胸椎管结缔组织性狭窄,表 6-3-137
4969,M99.400x003,胸腰椎管结缔组织性狭窄,表 6-3-137
4970,M99.400x004,腰骶椎管结缔组织性狭窄,表 6-3-137
4971,M99.400x005,骶尾椎管结缔组织性狭窄,表 6-3-137
4972,M99.400x006,骶髂椎管结缔组织性狭窄,表 6-3-137
4973,M99.700x002,椎间孔椎间盘狭窄,表 6-3-137
4974,N00.000,急性肾炎综合征伴有轻微的肾小球异常,表 6-3-138
4975,N00.100x001,局灶坏死性肾小球肾炎,表 6-3-138
4976,N00.200,急性肾炎综合征伴有弥漫性膜性肾小球肾炎,表 6-3-138
4977,N00.900,急性肾炎综合征,表 6-3-138
4978,N00.900x002,急性肾炎,表 6-3-138
4979,N00.900x006,急性肾小球病,表 6-3-138
4980,N00.900x008,急性肾病,表 6-3-138
4981,N00.900x009,慢性肾小球肾炎伴急进型肾小球性肾炎,表 6-3-138
4982,N00.901,急性链球菌感染后肾小球肾炎,表 6-3-138
4983,N00.902,急性肾小球肾炎,表 6-3-138
4984,N01.000,急进型肾炎综合征伴有轻微的肾小球异常,表 6-3-138
4985,N01.100x002,"急进型肾炎综合征,局灶性和节段性肾小球损害",表 6-3-138
4986,N01.200x001,"急进型肾炎综合征,弥漫性膜性肾小球肾炎",表 6-3-138
4987,N01.400x001,"急进型肾炎,毛细血管内增殖性肾炎",表 6-3-138
4988,N01.500x001,"急进型肾炎综合征,弥漫性肾小球膜毛细血管性肾小球肾炎",表 6-3-138
4989,N01.600x001,"急进型肾炎综合征,密集沉积物病",表 6-3-138
4990,N01.700x001,急进性新月体性肾小球肾炎,表 6-3-138
4991,N01.900,急进型肾炎综合征,表 6-3-138
4992,N01.900x001,急进性肾炎,表 6-3-138
4993,N01.900x002,急进性肾小球病,表 6-3-138
4994,N01.900x003,急进性肾小球肾炎,表 6-3-138
4995,N02.301,血尿，弥漫性肾小球系膜增殖性肾小球损害,表 6-3-138
4996,N02.302,系膜增生性IgA肾病,表 6-3-138
4997,N02.401,血尿，弥漫性毛细血管内增殖性肾炎,表 6-3-138
4998,N02.502,血尿，膜增殖性肾小球损害,表 6-3-138
4999,N02.600,复发性和持续性血尿伴有密集沉积物病,表 6-3-138
5000,N02.701,新月体性IgA肾病,表 6-3-138
5001,N02.702,血尿，新月体[形]肾小球肾炎,表 6-3-138
5002,N03.000,慢性肾炎综合征伴有轻微的肾小球异常,表 6-3-138
5003,N03.100,慢性肾炎综合征伴有局灶性和节段性肾小球损害,表 6-3-138
5004,N03.200x001,慢性膜性肾小球肾炎,表 6-3-138
5005,N03.300x001,慢性弥漫性系膜增殖性肾小球肾炎,表 6-3-138
5006,N03.400,慢性肾炎综合征伴有弥漫性毛细血管内增生性肾小球肾炎,表 6-3-138
5007,N03.500x003,慢性肾小球膜毛细血管性肾小球肾炎,表 6-3-138
5008,N03.501,膜增殖性肾小球肾炎Ⅰ型,表 6-3-138
5009,N03.502,膜增殖性肾小球肾炎Ⅲ型,表 6-3-138
5010,N03.503,膜性增生性肾小球肾炎,表 6-3-138
5011,N03.601,膜增殖性肾小球肾炎Ⅱ型,表 6-3-138
5012,N03.700,慢性肾炎综合征伴有弥漫性新月形肾小球肾炎,表 6-3-138
5013,N03.800x001,慢性弥漫性增殖性肾小球肾炎,表 6-3-138
5014,N03.800x003,慢性肾小球肾炎伴硬化性肾炎,表 6-3-138
5015,N03.800x004,慢性肾小球肾炎伴膜性增殖性肾小球肾炎,表 6-3-138
5016,N03.801,慢性增殖性肾小球肾炎,表 6-3-138
5017,N03.900,慢性肾炎综合征,表 6-3-138
5018,N03.900x002,慢性肾小球肾炎伴小管间质病变,表 6-3-138
5019,N03.900x003,慢性肾炎,表 6-3-138
5020,N03.900x004,隐匿型肾小球肾炎,表 6-3-138
5021,N03.900x005,肾小球内皮细胞病,表 6-3-138
5022,N03.900x006,慢性肾病,表 6-3-138
5023,N03.900x007,慢性肾小球病,表 6-3-138
5024,N03.901,慢性肾小球肾炎,表 6-3-138
5025,N04.200x001,肾病综合征伴膜性肾小球肾炎,表 6-3-138
5026,N04.300x001,肾病综合征伴膜增值性肾小球肾炎,表 6-3-138
5027,N04.300x003,肾病综合征伴膜性增殖性IgA肾病,表 6-3-138
5028,N04.400x001,肾病综合征伴毛细血管增殖性肾炎,表 6-3-138
5029,N04.501,肾病综合征，膜增殖性肾小球肾炎Ⅰ型,表 6-3-138
5030,N04.502,肾病综合征，膜增殖性肾小球肾炎Ⅲ型,表 6-3-138
5031,N04.700,肾病综合征伴有弥漫性新月形肾小球肾炎,表 6-3-138
5032,N05.000x001,肾小球微小病变,表 6-3-138
5033,N05.000x003,肥胖相关性肾小球肥大症,表 6-3-138
5034,N05.000x004,微小病变性肾小球肾炎,表 6-3-138
5035,N05.101,局灶性肾炎,表 6-3-138
5036,N05.201,膜性肾病,表 6-3-138
5037,N05.301,系膜增生性肾小球肾炎,表 6-3-138
5038,N05.400,肾炎综合征伴有弥漫性毛细血管内增生性肾小球肾炎,表 6-3-138
5039,N05.501,膜增殖性肾小球肾炎,表 6-3-138
5040,N05.701,新月体形肾小球肾炎,表 6-3-138
5041,N05.801,IgM肾病,表 6-3-138
5042,N05.802,增殖性肾小球肾炎,表 6-3-138
5043,N05.803,肾小球肾病,表 6-3-138
5044,N05.900,肾炎综合征,表 6-3-138
5045,N05.900x002,肾小球肾炎,表 6-3-138
5046,N05.900x003,肾炎,表 6-3-138
5047,N05.900x006,小血管炎肾损害,表 6-3-138
5048,N05.900x007,链球菌感染后肾小球肾炎,表 6-3-138
5049,N05.900x009,肾小球病,表 6-3-138
5050,N06.001,蛋白尿，肾小球轻微病变,表 6-3-138
5051,N06.200,孤立性蛋白尿伴有弥漫性膜性肾小球肾炎,表 6-3-138
5052,N06.300,孤立性蛋白尿伴有弥漫性肾小球系膜性增生性肾小球肾炎,表 6-3-138
5053,N06.400,孤立性蛋白尿伴有弥漫性毛细血管内增生性肾小球肾炎,表 6-3-138
5054,N06.500,孤立性蛋白尿伴有弥漫性肾小球系膜毛细血管性肾小球肾炎,表 6-3-138
5055,N06.700,孤立性蛋白尿伴有弥漫性新月形肾小球肾炎,表 6-3-138
5056,N07.200,遗传性肾病伴有弥漫性膜性肾小球肾炎，不可归类在他处者,表 6-3-138
5057,N07.300,遗传性肾病伴有弥漫性肾小球系膜增生性肾小球肾炎，不可归类在他处者,表 6-3-138
5058,N07.400,遗传性肾病伴有弥漫性毛细血管内增生性肾小球肾炎，不可归类在他处者,表 6-3-138
5059,N07.500,遗传性肾病伴有弥漫性肾小球系膜毛细血管性肾小球肾炎，不可归类在他处者,表 6-3-138
5060,N07.700,遗传性肾病伴有弥漫性新月形肾小球肾炎，不可归类在他处者,表 6-3-138
5061,N07.900x001,遗传性肾炎,表 6-3-138
5062,N11.000x001,返流性肾盂肾炎,表 6-3-139
5063,N11.100,慢性梗阻性肾盂肾炎,表 6-3-139
5064,N11.800x002,免疫相关的慢性间质性肾炎,表 6-3-139
5065,N11.800x003,代谢异常相关的慢性间质性肾炎,表 6-3-139
5066,N11.801,非梗阻性慢性肾盂肾炎,表 6-3-139
5067,N11.802,黄色肉芽肿性肾盂肾炎,表 6-3-139
5068,N11.900,慢性肾小管-间质肾炎,表 6-3-139
5069,N11.900x001,慢性肾盂肾炎,表 6-3-139
5070,N11.900x003,慢性肾盂炎,表 6-3-139
5071,N11.901,慢性间质性肾炎,表 6-3-139
5072,N13.701,膀胱输尿管反流,表 6-3-139
5073,N13.901,泌尿道梗阻,表 6-3-139
5074,N14.201,药物性肾病,表 6-3-139
5075,N14.301,汞中毒性肾病,表 6-3-139
5076,N18.100,慢性肾脏病1期,表 6-3-140
5077,N25.100,肾性尿崩症,表 6-3-141
5078,N27.000,单侧小肾,表 6-3-141
5079,N27.900,小肾,表 6-3-141
5080,N30.800x004,膀胱炎性病变,表 6-3-142
5081,N30.801,膀胱脓肿,表 6-3-142
5082,N30.802,钙化性膀胱炎,表 6-3-142
5083,N30.803,化学性膀胱炎,表 6-3-142
5084,N30.804,黄色肉芽肿性膀胱炎,表 6-3-142
5085,N30.805,滤泡性膀胱炎,表 6-3-142
5086,N30.806,囊性膀胱炎,表 6-3-142
5087,N30.807,嗜酸细胞性膀胱炎,表 6-3-142
5088,N30.808,息肉样膀胱炎,表 6-3-142
5089,N30.809,腺性膀胱炎,表 6-3-142
5090,N30.810,增生性膀胱炎,表 6-3-142
5091,N31.901,神经源性膀胱,表 6-3-142
5092,N32.900x002,膀胱颈肿物,表 6-3-142
5093,N32.901,膀胱肿物,表 6-3-142
5094,N34.000,尿道脓肿,表 6-3-142
5095,N34.000x005,尿道腺脓肿,表 6-3-142
5096,N34.001,尿道旁腺脓肿,表 6-3-142
5097,N34.002,尿道球腺脓肿,表 6-3-142
5098,N36.100,尿道憩室,表 6-3-142
5099,N36.300,尿道黏膜脱垂,表 6-3-142
5100,N36.301,男性尿道膨出,表 6-3-142
5101,N36.302,尿道脱垂,表 6-3-142
5102,N41.000,急性前列腺炎,表 6-3-143
5103,N41.300,前列腺膀胱炎,表 6-3-143
5104,N42.200,前列腺萎缩,表 6-3-143
5105,N43.100,感染性鞘膜积液,表 6-3-143
5106,N43.101,感染性睾丸鞘膜积液,表 6-3-143
5107,N43.400,精子囊肿,表 6-3-143
5108,N48.400,器质性原因的阳痿,表 6-3-143
5109,N48.400x005,神经源性勃起功能障碍,表 6-3-143
5110,N48.400x006,糖尿病性勃起功能障碍,表 6-3-143
5111,N48.400x007,1型糖尿病性勃起功能障碍,表 6-3-143
5112,N48.400x008,2型糖尿病性勃起功能障碍,表 6-3-143
5113,N48.401,静脉性阳痿,表 6-3-143
5114,N48.402,外伤后阳痿,表 6-3-143
5115,N48.403,血管瘘性阳痿,表 6-3-143
5116,N48.500,阴茎溃疡,表 6-3-143
5117,N49.201,阴囊蜂窝织炎,表 6-3-143
5118,N49.202,阴囊坏疽,表 6-3-143
5119,N49.203,阴囊疖肿,表 6-3-143
5120,N49.204,阴囊脓肿,表 6-3-143
5121,N49.205,阴囊炎,表 6-3-143
5122,N50.900x005,冠状沟肿物,表 6-3-143
5123,N50.900x006,神经源性射精功能障碍,表 6-3-143
5124,N50.900x007,神经源性生育功能障碍,表 6-3-143
5125,N50.900x008,逆向射精症,表 6-3-143
5126,N50.901,睾丸肿物,表 6-3-143
5127,N50.902,阴囊肿物,表 6-3-143
5128,N50.903,附睾肿物,表 6-3-143
5129,N60.300,乳房纤维硬化,表 6-3-144
5130,N60.900,良性乳腺发育不良,表 6-3-144
5131,N64.100,乳房脂肪坏死,表 6-3-144
5132,N73.500,女性盆腔腹膜炎,表 6-3-145
5133,N73.501,子宫直肠陷凹脓肿,表 6-3-145
5134,N75.900,前庭大腺疾病,表 6-3-145
5135,N80.300,盆腔腹膜的子宫内膜异位症,表 6-3-146
5136,N80.301,腹膜子宫内膜异位症,表 6-3-146
5137,N80.302,盆腔子宫内膜异位症,表 6-3-146
5138,N80.303,子宫直肠凹子宫内膜异位症,表 6-3-146
5139,N80.800x007,鼻腔子宫内膜异位症,表 6-3-146
5140,N80.800x010,腹壁子宫内膜异位,表 6-3-146
5141,N80.800x011,胸子宫内膜异位症,表 6-3-146
5142,N80.801,外耳道子宫内膜异位症,表 6-3-146
5143,N80.802,肺子宫内膜异位症,表 6-3-146
5144,N80.803,肝子宫内膜异位症,表 6-3-146
5145,N80.804,输尿管子宫内膜异位症,表 6-3-146
5146,N80.805,膀胱子宫内膜异位症,表 6-3-146
5147,N80.806,子宫韧带子宫内膜异位症,表 6-3-146
5148,N80.807,腹膜后子宫内膜异位症,表 6-3-146
5149,N80.808,骶前子宫内膜异位症,表 6-3-146
5150,N80.809,胸腔子宫内膜异位症,表 6-3-146
5151,N81.300,完全性子宫阴道脱垂,表 6-3-146
5152,N81.301,Ⅲ度子宫脱垂,表 6-3-146
5153,N82.200,阴道小肠瘘,表 6-3-146
5154,N82.201,手术后小肠阴道瘘,表 6-3-146
5155,N82.401,子宫直肠瘘,表 6-3-146
5156,N82.500,女性生殖道-皮肤瘘,表 6-3-146
5157,N82.501,子宫腹壁瘘,表 6-3-146
5158,N82.502,阴道会阴瘘,表 6-3-146
5159,N82.900,女性生殖道瘘,表 6-3-146
5160,N82.900x003,子宫颈窦道,表 6-3-146
5161,N82.901,阴道瘘,表 6-3-146
5162,N82.902,子宫瘘,表 6-3-146
5163,N83.300x001,卵巢萎缩,表 6-3-146
5164,N83.300x002,输卵管萎缩,表 6-3-146
5165,N83.700,阔韧带血肿,表 6-3-146
5166,N85.100,子宫内膜腺瘤性增生,表 6-3-146
5167,N85.101,子宫内膜非典型增生,表 6-3-146
5168,N85.700,子宫积血,表 6-3-146
5169,N87.200x001,重度宫颈发育不良,表 6-3-146
5170,N88.000,宫颈白斑,表 6-3-146
5171,N89.100,中度阴道发育不良,表 6-3-146
5172,N89.101,"阴道上皮内肿瘤,Ⅱ级",表 6-3-146
5173,N89.400,阴道白斑,表 6-3-146
5174,N89.600,处女膜环过紧,表 6-3-146
5175,N89.600x001,强直性处女膜,表 6-3-146
5176,N89.600x002,阴道入口过紧,表 6-3-146
5177,N89.601,处女膜伞,表 6-3-146
5178,N90.300,外阴发育不良,表 6-3-146
5179,N90.301,外阴鳞状上皮增生,表 6-3-146
5180,N90.302,外阴上皮内肿瘤,表 6-3-146
5181,N90.500,外阴萎缩,表 6-3-146
5182,N90.501,外阴狭窄,表 6-3-146
5183,N90.700,外阴囊肿,表 6-3-146
5184,N90.701,阴蒂囊肿,表 6-3-146
5185,N90.901,会阴非炎性疾病,表 6-3-146
5186,N90.902,外阴肿物,表 6-3-146
5187,N91.100,继发闭经,表 6-3-146
5188,N91.300,原发性月经稀少,表 6-3-146
5189,N92.100x001,月经频多,表 6-3-146
5190,N92.101,子宫不规则出血,表 6-3-146
5191,N92.200,青春期月经过多,表 6-3-146
5192,N92.300,排卵期出血,表 6-3-146
5193,N92.500,月经不规则，其他特指的,表 6-3-146
5194,N94.300,经前紧张征,表 6-3-146
5195,N97.900,女性不孕症,表 6-3-146
5196,N97.901,女性原发性不育,表 6-3-146
5197,N97.902,女性继发性不育,表 6-3-146
5198,N98.100,卵巢过度刺激,表 6-3-146
5199,O01.901,妊娠滋养细胞病,表 6-3-148
5200,O01.902,异位葡萄胎,表 6-3-148
5201,O03.800,完全性或未特指的自然流产，伴有其他的并发症,表 6-3-148
5202,O03.800x031,自然流产并发休克,表 6-3-148
5203,O03.800x041,自然流产并发肾衰竭,表 6-3-148
5204,O03.800x061,自然流产并发盆腔器官损伤,表 6-3-148
5205,O03.801,完全性自然流产伴有并发症,表 6-3-148
5206,O03.802,自然流产伴有并发症,表 6-3-148
5207,O04.000x003,不完全医疗性流产并发生殖道感染,表 6-3-148
5208,O04.001,不完全性医疗性流产并发盆腔感染,表 6-3-148
5209,O04.300,不完全性医疗性流产，伴有其他并发症,表 6-3-148
5210,O04.300x031,不完全医疗性流产并发休克,表 6-3-148
5211,O04.300x041,不完全医疗性流产并发子宫颈裂伤,表 6-3-148
5212,O04.300x081,不完全医疗性流产并发心率缓慢,表 6-3-148
5213,O04.800,完全性或未特指的医疗性流产，伴有其他并发症,表 6-3-148
5214,O04.800x031,医疗性流产并发休克,表 6-3-148
5215,O04.800x041,医疗性流产并发肾衰竭,表 6-3-148
5216,O04.800x061,医疗性流产并发子宫颈裂伤,表 6-3-148
5217,O04.801,医疗性流产并发会阴裂伤,表 6-3-148
5218,O04.802,医疗性流产并发阴道壁血肿,表 6-3-148
5219,O05.100,"不完全性流产，其他的,并发延迟或过度出血",表 6-3-148
5220,O05.301,其他不完全性流产伴有并发症,表 6-3-148
5221,O05.400,"不完全性流产，其他的,无并发症",表 6-3-148
5222,O05.500,完全性流产，其他的，并发生殖道和盆腔感染,表 6-3-148
5223,O05.801,其他完全性流产伴有并发症,表 6-3-148
5224,O06.400,不完全性流产，无并发症,表 6-3-148
5225,O07.401,人工流产失败,表 6-3-148
5226,O07.402,药物流产失败,表 6-3-148
5227,O08.800x006,腹腔妊娠后胎盘残留,表 6-3-148
5228,O08.800x007,流产后失血性贫血,表 6-3-148
5229,O08.801,流产后腹痛,表 6-3-148
5230,O08.802,流产后宫颈粘连,表 6-3-148
5231,O08.803,流产后宫腔粘连,表 6-3-148
5232,O08.805,流产后心脏停搏,表 6-3-148
5233,O08.806,异位妊娠后宫颈粘连,表 6-3-148
5234,O12.000,妊娠水肿,表 6-3-149
5235,O14.000x001,轻度先兆子痫,表 6-3-149
5236,O14.000x002,中度先兆子痫,表 6-3-149
5237,O14.200,HELLP综合征,表 6-3-149
5238,O15.101,产时子痫,表 6-3-149
5239,O15.900,子痫,表 6-3-149
5240,O21.200,妊娠晚期呕吐,表 6-3-150
5241,O22.500,妊娠期大脑静脉血栓形成,表 6-3-150
5242,O22.801,妊娠期子宫旁静脉曲张,表 6-3-150
5243,O23.000x001,妊娠期肾炎,表 6-3-150
5244,O23.001,妊娠期肾盂肾炎,表 6-3-150
5245,O23.200,妊娠期尿道感染,表 6-3-150
5246,O24.200x001,妊娠合并原有营养不良性糖尿病,表 6-3-150
5247,O26.100,妊娠期体重增加过低,表 6-3-150
5248,O26.200,习惯性流产者的妊娠医疗,表 6-3-150
5249,O28.200,孕产妇产前筛查的细胞学异常所见,表 6-3-150
5250,O28.501,产前染色体筛查异常,表 6-3-150
5251,O28.502,唐氏筛查高风险,表 6-3-150
5252,O29.200,妊娠期间麻醉的中枢神经系统并发症,表 6-3-150
5253,O30.900,多胎妊娠,表 6-3-151
5254,O31.000,纸样胎,表 6-3-151
5255,O31.000x001,压扁胎,表 6-3-151
5256,O31.100,一个或多个胎儿流产后的继续妊娠,表 6-3-151
5257,O32.301,额先露,表 6-3-151
5258,O32.302,颏先露,表 6-3-151
5259,O32.303,面先露,表 6-3-151
5260,O32.601,复合先露,表 6-3-151
5261,O34.500x001,妊娠合并子宫扭转,表 6-3-151
5262,O34.500x002,妊娠合并子宫嵌顿,表 6-3-151
5263,O34.500x005,妊娠合并子宫腺肌病,表 6-3-151
5264,O34.500x007,妊娠合并腹壁子宫内膜异位症,表 6-3-151
5265,O34.501,妊娠合并子宫后倾,表 6-3-151
5266,O34.502,妊娠合并子宫脱垂,表 6-3-151
5267,O34.503,妊娠合并子宫内膜异位症,表 6-3-151
5268,O35.101,胎儿染色体异常,表 6-3-151
5269,O35.102,胎儿先天愚型,表 6-3-151
5270,O36.201,妊娠伴胎儿水肿,表 6-3-151
5271,O36.202,镜像综合征,表 6-3-151
5272,O36.203,双胎镜像综合征,表 6-3-151
5273,O36.401,胎死宫内,表 6-3-151
5274,O46.900,产前出血,表 6-3-151
5275,O61.000x001,后叶催产素引产失败,表 6-3-152
5276,O61.000x002,前列腺素引产失败,表 6-3-152
5277,O61.100,器械引产失败,表 6-3-152
5278,O63.100,第二期(产程)延长,表 6-3-152
5279,O63.901,产程延长,表 6-3-152
5280,O65.401,头盆不称难产,表 6-3-152
5281,O66.001,肩位难产,表 6-3-152
5282,O67.000,产时出血伴有凝血缺陷,表 6-3-152
5283,O67.000x002,分娩期弥散性血管内凝血,表 6-3-152
5284,O69.301,脐带过短,表 6-3-152
5285,O69.400,产程和分娩并发前置血管,表 6-3-152
5286,O69.401,脐带血管前置,表 6-3-152
5287,O69.500x003,脐带血栓形成,表 6-3-152
5288,O69.500x004,脐带静脉曲张,表 6-3-152
5289,O69.501,脐带挫伤,表 6-3-152
5290,O69.503,脐带血肿,表 6-3-152
5291,O69.900x001,分娩伴脐带并发症,表 6-3-152
5292,O70.200,分娩时Ⅲ度会阴裂伤,表 6-3-152
5293,O70.200x001,分娩时会阴裂伤累及阴道直肠隔,表 6-3-152
5294,O70.200x003,分娩时会阴裂伤累及肛门括约肌,表 6-3-152
5295,O74.100,产程和分娩期间麻醉的其他肺部并发症,表 6-3-152
5296,O74.300,产程和分娩期间麻醉的中枢神经系统并发症,表 6-3-152
5297,O74.600,产程和分娩期间脊髓和硬膜外麻醉的其他并发症,表 6-3-152
5298,O74.800,产程和分娩期间麻醉的其他并发症,表 6-3-152
5299,O75.000,产程和分娩期间母体窘迫,表 6-3-152
5300,O75.401,产科术后心脏停搏,表 6-3-152
5301,O75.402,产科术中心脏停搏,表 6-3-152
5302,O75.403,分娩伴心力衰竭,表 6-3-152
5303,O75.600,自发或未特指的破膜后分娩延迟,表 6-3-152
5304,O80.100,臀位顺产,表 6-3-153
5305,O80.800,单胎顺产，其他的,表 6-3-153
5306,O81.100,中位产钳术,表 6-3-153
5307,O83.000,胎臀牵引术,表 6-3-153
5308,O86.400x001,产褥病率,表 6-3-154
5309,O86.401,产褥期不明原因发热,表 6-3-154
5310,O86.402,产褥期未特指的感染,表 6-3-154
5311,O87.900,产褥期的静脉并发症,表 6-3-154
5312,O87.900x003,产褥期血栓形成,表 6-3-154
5313,O87.901,产褥期静脉炎,表 6-3-154
5314,O90.300,产褥期心肌病,表 6-3-154
5315,O90.500,产后甲状腺炎,表 6-3-154
5316,O91.200x001,妊娠期实质性乳腺炎,表 6-3-154
5317,O91.200x003,妊娠期间质性乳腺炎,表 6-3-154
5318,O91.200x004,妊娠期乳房淋巴管炎,表 6-3-154
5319,O91.200x005,产褥期实质性乳腺炎,表 6-3-154
5320,O91.200x007,产褥期间质性乳腺炎,表 6-3-154
5321,O91.200x008,产褥期乳房淋巴管炎,表 6-3-154
5322,O91.201,产褥期乳腺炎,表 6-3-154
5323,O91.202,妊娠期乳腺炎,表 6-3-154
5324,O92.100,与分娩有关的乳头皲裂,表 6-3-154
5325,O92.100x001,产褥期乳头皲裂,表 6-3-154
5326,O98.000,结核并发于妊娠、分娩和产褥期,表 6-3-155
5327,O98.000x021,分娩合并结核病,表 6-3-155
5328,O98.000x031,产褥期结核病,表 6-3-155
5329,O98.001,妊娠合并结核病,表 6-3-155
5330,O98.100,梅毒并发于妊娠、分娩和产褥期,表 6-3-155
5331,O98.100x021,分娩合并梅毒,表 6-3-155
5332,O98.100x031,产褥期梅毒,表 6-3-155
5333,O98.101,妊娠合并梅毒,表 6-3-155
5334,O98.200,淋病并发于妊娠、分娩和产褥期,表 6-3-155
5335,O98.200x021,分娩合并淋病,表 6-3-155
5336,O98.200x031,产褥期淋病,表 6-3-155
5337,O98.201,妊娠合并淋病,表 6-3-155
5338,O98.300,主要为性传播模式的其他感染并发于妊娠、分娩和产褥期,表 6-3-155
5339,O98.300x013,妊娠合并生殖道沙眼衣原体感染,表 6-3-155
5340,O98.300x014,妊娠合并泌尿生殖道支原体感染,表 6-3-155
5341,O98.301,妊娠合并滴虫性阴道炎,表 6-3-155
5342,O98.302,妊娠合并尖锐湿疣,表 6-3-155
5343,O98.400x005,妊娠合并乙型丁型病毒性肝炎,表 6-3-155
5344,O98.400x011,妊娠合并病毒性肝炎,表 6-3-155
5345,O98.400x021,分娩合并病毒性肝炎,表 6-3-155
5346,O98.400x031,产褥期病毒性肝炎,表 6-3-155
5347,O98.401,妊娠合并甲型肝炎,表 6-3-155
5348,O98.402,妊娠合并乙型肝炎,表 6-3-155
5349,O98.403,妊娠合并丙型肝炎,表 6-3-155
5350,O98.404,妊娠合并戊型肝炎,表 6-3-155
5351,O98.406,妊娠合并重症病毒性肝炎,表 6-3-155
5352,O98.500,其他病毒性疾病，并发于妊娠、分娩和产褥期,表 6-3-155
5353,O98.501,妊娠合并病毒性脑炎,表 6-3-155
5354,O98.502,妊娠合并风疹,表 6-3-155
5355,O98.503,妊娠合并巨细胞病毒感染,表 6-3-155
5356,O98.506,妊娠合并水痘,表 6-3-155
5357,O98.600,原虫性疾病并发于妊娠、分娩和产褥期,表 6-3-155
5358,O98.600x001,孕妇疟疾,表 6-3-155
5359,O98.601,妊娠合并弓形虫病,表 6-3-155
5360,O98.700,HIV并发于妊娠、分娩和产褥期,表 6-3-155
5361,O98.800,孕产妇其他的传染病和寄生虫病并发于妊娠、分娩和产褥期,表 6-3-155
5362,O98.800x002,妊娠合并真菌性阴道炎,表 6-3-155
5363,O98.800x007,妊娠合并菌痢,表 6-3-155
5364,O98.800x009,妊娠合并沙眼衣原体感染,表 6-3-155
5365,O98.800x013,妊娠合并真菌性外阴炎,表 6-3-155
5366,O98.800x032,产褥期寄生虫病,表 6-3-155
5367,O98.800x033,妊娠合并肺毛霉菌病,表 6-3-155
5368,O98.800x035,妊娠合并急性胃肠炎,表 6-3-155
5369,O98.800x036,妊娠合并肠炎,表 6-3-155
5370,O98.800x037,妊娠合并腹泻,表 6-3-155
5371,O98.801,妊娠合并脓毒症,表 6-3-155
5372,O98.802,妊娠合并花斑癣,表 6-3-155
5373,O98.803,妊娠合并脊髓灰质炎后遗症,表 6-3-155
5374,O98.804,妊娠合并菌血症,表 6-3-155
5375,O98.805,妊娠合并利斯特菌病,表 6-3-155
5376,O98.806,妊娠合并霉菌性阴道炎,表 6-3-155
5377,O98.808,妊娠合并阴道溶血性链球菌感染,表 6-3-155
5378,O98.809,妊娠合并阴虱,表 6-3-155
5379,O98.810,妊娠合并急性传染性肠胃炎,表 6-3-155
5380,O98.811,妊娠合并传染性肠炎,表 6-3-155
5381,O98.900,孕产妇的传染病或寄生虫病并发于妊娠、分娩和产褥期,表 6-3-155
5382,P00.001,母体妊娠高血压新生儿,表 6-3-156
5383,P00.002,母体先兆子痫新生儿,表 6-3-156
5384,P00.500,胎儿和新生儿受母体损伤的影响,表 6-3-156
5385,P00.600,胎儿和新生儿受母体手术操作的影响,表 6-3-156
5386,P01.900,胎儿和新生儿受母体妊娠并发症的影响,表 6-3-156
5387,P02.000,胎儿和新生儿受前置胎盘的影响,表 6-3-156
5388,P02.100,胎儿和新生儿受胎盘剥离和出血的其他形式的影响,表 6-3-156
5389,P02.300x003,胎-母输血新生儿,表 6-3-156
5390,P02.301,新生儿双胎输血综合征,表 6-3-156
5391,P02.701,羊膜炎新生儿,表 6-3-156
5392,P03.101,头盆不称新生儿,表 6-3-156
5393,P03.201,产钳助产新生儿,表 6-3-156
5394,P03.501,急产婴儿,表 6-3-156
5395,P04.001,母体服麻醉药物新生儿,表 6-3-156
5396,P10.300,产伤引起的蛛网膜下隙出血,表 6-3-158
5397,P13.000,产伤引起的颅骨骨折,表 6-3-158
5398,P13.300,长骨的产伤，其他的,表 6-3-158
5399,P13.301,产伤致新生儿肱骨骨折,表 6-3-158
5400,P15.000,肝的产伤,表 6-3-158
5401,P15.300,眼的产伤,表 6-3-158
5402,P20.000,在产程开始前首先察觉到的子宫内低氧症,表 6-3-159
5403,P20.100,在产程和分娩中首先察觉到的子宫内低氧症,表 6-3-159
5404,P23.100,衣原体性先天性肺炎,表 6-3-159
5405,P23.300,B族链球菌性先天性肺炎,表 6-3-159
5406,P23.600,先天性肺炎，其他细菌性病原体引起的,表 6-3-159
5407,P23.600x001,新生儿支原体肺炎,表 6-3-159
5408,P23.600x002,新生儿流感嗜血杆菌肺炎,表 6-3-159
5409,P23.600x003,新生儿肺炎杆菌肺炎,表 6-3-159
5410,P23.600x004,新生儿链球菌肺炎（非B族）,表 6-3-159
5411,P24.001,新生儿胎粪吸入综合征,表 6-3-159
5412,P24.002,新生儿胎粪吸入性肺炎,表 6-3-159
5413,P25.100,起源于围生期的气胸,表 6-3-159
5414,P25.801,新生儿肺大疱,表 6-3-159
5415,P27.100,起源于围生期的支气管肺发育不良,表 6-3-159
5416,P29.800x201,新生儿心脏生理性杂音,表 6-3-159
5417,P29.800x901,新生儿循环衰竭,表 6-3-159
5418,P29.800x902,新生儿心包积液,表 6-3-159
5419,P29.802,新生儿低血压,表 6-3-159
5420,P35.000,先天性风疹综合征,表 6-3-160
5421,P35.000x001,先天性风疹肺炎,表 6-3-160
5422,P39.000,新生儿感染性乳腺炎,表 6-3-160
5423,P39.300,新生儿泌尿道感染,表 6-3-160
5424,P39.401,新生儿脓皮病,表 6-3-160
5425,P39.402,新生儿皮肤霉菌感染,表 6-3-160
5426,P39.403,新生儿臀炎,表 6-3-160
5427,P39.800x004,新生儿沙门菌感染,表 6-3-160
5428,P39.800x005,新生儿鼠伤寒沙门菌感染,表 6-3-160
5429,P39.800x006,新生儿猪霍乱沙门菌感染,表 6-3-160
5430,P39.800x007,新生儿梭状芽胞杆菌感染,表 6-3-160
5431,P39.800x008,新生儿大肠杆菌感染,表 6-3-160
5432,P39.801,新生儿颅内感染,表 6-3-160
5433,P50.300,出血流入双胎之另一胎儿,表 6-3-161
5434,P52.000,胎儿和新生儿脑室内(非创伤性)出血，Ⅰ度,表 6-3-161
5435,P52.100,胎儿和新生儿脑室内(非创伤性)出血，Ⅱ度,表 6-3-161
5436,P52.200x001,新生儿脑室内出血Ⅲ度(非创伤性),表 6-3-161
5437,P52.200x002,新生儿脑室内出血Ⅳ度(非创伤性),表 6-3-161
5438,P52.400,胎儿和新生儿大脑内(非创伤性)出血,表 6-3-161
5439,P52.801,非创伤性新生儿硬膜外出血,表 6-3-161
5440,P52.802,非创伤性新生儿硬膜下出血,表 6-3-161
5441,P54.400,新生儿肾上腺出血,表 6-3-161
5442,P54.900,新生儿出血,表 6-3-161
5443,P55.800x002,新生儿血型不合溶血病（Duffy系统）,表 6-3-161
5444,P55.801,新生儿MN溶血症,表 6-3-161
5445,P55.900,胎儿和新生儿的溶血性疾病,表 6-3-161
5446,P58.200,感染引起的新生儿黄疸,表 6-3-161
5447,P58.800,过度溶血引起的新生儿黄疸，其他特指的,表 6-3-161
5448,P58.800x001,新生儿葡萄糖-6-磷酸脱氢酶[G6PD]缺乏性溶血性贫血,表 6-3-161
5449,P59.100,胆汁浓缩综合征,表 6-3-161
5450,P61.300,胎儿失血所致的先天性贫血,表 6-3-161
5451,P61.900,围生期血液疾患,表 6-3-161
5452,P70.000,母亲伴有妊娠糖尿病的婴儿综合征,表 6-3-162
5453,P71.000,新生儿牛乳性低钙血症,表 6-3-162
5454,P71.300x001,新生儿手足搐搦,表 6-3-162
5455,P72.200x001,新生儿甲状腺功能减退症,表 6-3-162
5456,P72.900,新生儿暂时性内分泌疾患,表 6-3-162
5457,P74.301,新生儿高钾血症,表 6-3-162
5458,P74.302,新生儿低钾血症,表 6-3-162
5459,P76.100,新生儿暂时性肠梗阻,表 6-3-163
5460,P76.900,新生儿肠梗阻,表 6-3-163
5461,P78.200x001,新生儿咽下综合征,表 6-3-163
5462,P81.000,新生儿环境性高温,表 6-3-164
5463,P81.001,新生儿捂热综合征,表 6-3-164
5464,P81.800,新生儿其他特指的体温调节障碍,表 6-3-164
5465,P83.500,先天性鞘膜积液,表 6-3-164
5466,P83.500x002,先天性睾丸鞘膜积液,表 6-3-164
5467,P83.500x003,先天性精索鞘膜积液,表 6-3-164
5468,P91.200,新生儿脑白质软化,表 6-3-165
5469,P91.800x001,新生儿脑病,表 6-3-165
5470,P91.801,新生儿颅内静脉窦血栓形成,表 6-3-165
5471,P91.802,新生儿中毒性脑病,表 6-3-165
5472,P94.200x001,先天性肌张力减退,表 6-3-165
5473,P94.200x002,先天性肌弛缓综合征[松软儿],表 6-3-165
5474,P94.900,新生儿肌张力疾患,表 6-3-165
5475,P96.100x001,新生儿撤药综合征（母亲药瘾）,表 6-3-165
5476,P96.100x002,新生儿药物戒断综合征（母亲药瘾）,表 6-3-165
5477,P96.900x001,新生儿反应低下,表 6-3-165
5478,Q01.200,枕部脑膨出,表 6-3-166
5479,Q01.900,脑膨出,表 6-3-166
5480,Q01.900x001,脑膜脑膨出,表 6-3-166
5481,Q01.900x003,积水性脑膨出,表 6-3-166
5482,Q01.901,先天性脑疝,表 6-3-166
5483,Q03.800,先天性脑积水，其他的,表 6-3-166
5484,Q03.900,先天性脑积水,表 6-3-166
5485,Q04.500,巨脑,表 6-3-166
5486,Q04.800x002,先天性低脊髓畸形,表 6-3-166
5487,Q04.800x003,先天性胡桃脑,表 6-3-166
5488,Q04.800x005,先天性第五六脑室,表 6-3-166
5489,Q04.801,先天性巨大硬脊膜囊,表 6-3-166
5490,Q04.802,先天性脑灰质异位症,表 6-3-166
5491,Q04.803,先天性脑透明隔异常,表 6-3-166
5492,Q04.900,脑先天性畸形,表 6-3-166
5493,Q04.902,先天性脑发育异常,表 6-3-166
5494,Q05.400,脊柱裂伴有脑积水,表 6-3-166
5495,Q05.400x001,脊髓脊膜膨出伴脑积水,表 6-3-166
5496,Q05.900,脊柱裂,表 6-3-166
5497,Q05.900x002,脊柱裂伴脊膜膨出,表 6-3-166
5498,Q05.900x006,特发性脊髓疝,表 6-3-166
5499,Q05.900x007,脊膜膨出,表 6-3-166
5500,Q05.901,脑脊膜膨出,表 6-3-166
5501,Q05.902,脊膜脊髓膨出,表 6-3-166
5502,Q06.900,脊髓先天性畸形,表 6-3-166
5503,Q06.901,腰骶神经根囊肿,表 6-3-166
5504,Q07.000,阿-基综合征,表 6-3-166
5505,Q10.200,先天性睑内翻,表 6-3-167
5506,Q10.300,眼睑的其他先天性畸形,表 6-3-167
5507,Q10.300x008,先天性眼眦畸形,表 6-3-167
5508,Q10.300x011,先天性外眦赘皮,表 6-3-167
5509,Q10.300x012,先天性重睑不对称,表 6-3-167
5510,Q10.301,眼睑发育不全,表 6-3-167
5511,Q10.302,先天性睫毛倾斜度异常综合征,表 6-3-167
5512,Q10.303,先天性内眦赘皮,表 6-3-167
5513,Q10.304,先天性双行睫,表 6-3-167
5514,Q10.306,先天性小睑裂综合征,表 6-3-167
5515,Q10.307,先天性眼睑缺如,表 6-3-167
5516,Q11.000,囊状眼球,表 6-3-167
5517,Q12.100,先天性晶状体移位,表 6-3-167
5518,Q12.300,先天性无晶状体,表 6-3-167
5519,Q12.400,球形晶状体,表 6-3-167
5520,Q12.800,先天性晶状体畸形，其他的,表 6-3-167
5521,Q12.801,先天性圆锥形晶状体,表 6-3-167
5522,Q13.300,先天性角膜混浊,表 6-3-167
5523,Q13.301,先天性角膜白斑,表 6-3-167
5524,Q13.500,蓝色巩膜,表 6-3-167
5525,Q13.500x002,巩膜色素斑,表 6-3-167
5526,Q13.900,眼前段先天性畸形,表 6-3-167
5527,Q14.100,视网膜先天性畸形,表 6-3-167
5528,Q14.100x003,晶状体血管膜,表 6-3-167
5529,Q14.101,视网膜发育不良,表 6-3-167
5530,Q14.102,先天性视网膜色素异常,表 6-3-167
5531,Q14.103,先天性视网膜动脉瘤,表 6-3-167
5532,Q14.104,先天性视网膜劈裂症,表 6-3-167
5533,Q15.801,先天性大角膜,表 6-3-167
5534,Q15.802,先天性小角膜,表 6-3-167
5535,Q15.803,先天性球形角膜,表 6-3-167
5536,Q20.300,心室动脉连接不协调,表 6-3-168
5537,Q20.300x002,主动脉右转位,表 6-3-168
5538,Q20.301,纠正性大动脉转位,表 6-3-168
5539,Q20.302,完全性大动脉转位,表 6-3-168
5540,Q22.000,肺动脉瓣闭锁,表 6-3-168
5541,Q22.500,埃布斯坦异常,表 6-3-168
5542,Q24.000x002,镜面右位心,表 6-3-168
5543,Q24.000x003,单发右位心,表 6-3-168
5544,Q26.000x001,先天性上下腔静脉狭窄,表 6-3-168
5545,Q26.000x002,先天性上腔静脉狭窄,表 6-3-168
5546,Q26.000x003,先天性下腔静脉狭窄,表 6-3-168
5547,Q26.000x004,先天性下腔静脉闭锁,表 6-3-168
5548,Q27.300x006,先天性脊髓动静脉瘘,表 6-3-168
5549,Q27.300x007,腮腺动静脉畸形,表 6-3-168
5550,Q27.300x008,硬膜外动静脉畸形,表 6-3-168
5551,Q27.300x009,子宫动静脉畸形,表 6-3-168
5552,Q27.300x010,颌骨动静脉畸形,表 6-3-168
5553,Q27.301,先天性动静脉瘘,表 6-3-168
5554,Q27.302,先天性头颈部动静脉瘘,表 6-3-168
5555,Q27.303,先天性腋动静脉瘘,表 6-3-168
5556,Q27.304,先天性肝动静脉瘘,表 6-3-168
5557,Q27.305,先天性肾动静脉瘘,表 6-3-168
5558,Q27.306,先天性躯干部动静脉瘘,表 6-3-168
5559,Q27.307,先天性上肢动静脉瘘,表 6-3-168
5560,Q27.308,先天性下肢动静脉瘘,表 6-3-168
5561,Q27.309,先天性周围血管动静脉瘤,表 6-3-168
5562,Q27.900,周围血管系统先天性畸形,表 6-3-168
5563,Q28.200,大脑血管动静脉畸形,表 6-3-168
5564,Q28.200x006,颅内巨大动静脉畸形,表 6-3-168
5565,Q28.200x007,涉及功能区的动静脉畸形（Spetzler-Martin3级及以下）,表 6-3-168
5566,Q28.200x008,涉及功能区的动静脉畸形（Spetzler-Martin3级以上）,表 6-3-168
5567,Q28.201,先天性大脑动静脉瘤,表 6-3-168
5568,Q28.202,先天性硬脑膜动静脉瘘,表 6-3-168
5569,Q28.203,先天性脑动静脉瘘,表 6-3-168
5570,Q28.300x001,脑血管畸形,表 6-3-168
5571,Q28.300x005,基底动脉畸形,表 6-3-168
5572,Q28.300x007,脑静脉畸形,表 6-3-168
5573,Q28.301,先天性大脑动静脉畸形,表 6-3-168
5574,Q28.302,先天性大脑动脉瘤,表 6-3-168
5575,Q28.303,先天性大脑后动脉缺失,表 6-3-168
5576,Q28.304,先天性大脑中动脉动脉瘤,表 6-3-168
5577,Q28.305,先天性小脑动静脉畸形,表 6-3-168
5578,Q30.100x001,先天性鼻缺如,表 6-3-169
5579,Q30.101,鼻发育不良,表 6-3-169
5580,Q30.900,鼻先天性畸形,表 6-3-169
5581,Q31.900,喉先天性畸形,表 6-3-169
5582,Q32.200,先天性支气管软化,表 6-3-169
5583,Q32.300,先天性支气管狭窄,表 6-3-169
5584,Q33.100,副肺叶,表 6-3-169
5585,Q33.400,先天性支气管扩张,表 6-3-169
5586,Q33.500,肺的异位组织,表 6-3-169
5587,Q33.600,肺发育不全和发育异常,表 6-3-169
5588,Q33.900,肺先天性畸形,表 6-3-169
5589,Q34.801,先天性鼻咽闭锁,表 6-3-169
5590,Q35.700,腭垂裂,表 6-3-170
5591,Q37.800,腭裂伴有双侧唇裂,表 6-3-170
5592,Q38.000x003,先天性唇畸形,表 6-3-171
5593,Q38.000x005,先天性厚唇,表 6-3-171
5594,Q38.000x006,先天性薄唇,表 6-3-171
5595,Q38.000x007,先天性红唇缺如,表 6-3-171
5596,Q38.001,唇系带短缩,表 6-3-171
5597,Q38.002,范德沃德综合征,表 6-3-171
5598,Q38.003,先天性重唇,表 6-3-171
5599,Q38.004,先天性唇瘘,表 6-3-171
5600,Q38.600x001,颊系带附着异常,表 6-3-171
5601,Q38.600x002,先天性齿龈畸形,表 6-3-171
5602,Q38.600x004,先天性颊沟过浅,表 6-3-171
5603,Q38.600x006,先天性牙槽嵴裂,表 6-3-171
5604,Q38.601,先天性口畸形,表 6-3-171
5605,Q39.000x001,先天性食管闭锁,表 6-3-171
5606,Q39.600,食管憩室,表 6-3-171
5607,Q39.601,先天性咽食管憩室,表 6-3-171
5608,Q39.602,先天性食管中段憩室,表 6-3-171
5609,Q40.100,先天性食管裂孔疝,表 6-3-171
5610,Q40.800,上消化道其他特指的先天性畸形,表 6-3-171
5611,Q41.201,先天性回肠缺如,表 6-3-171
5612,Q41.202,先天性回肠狭窄,表 6-3-171
5613,Q41.203,先天性回肠闭锁,表 6-3-171
5614,Q42.301,肛门先天性狭窄，不伴有瘘,表 6-3-171
5615,Q42.302,肛门先天性闭锁，不伴有瘘,表 6-3-171
5616,Q43.300x201,先天性肠粘连,表 6-3-171
5617,Q43.300x901,先天性杰克逊膜,表 6-3-171
5618,Q43.301,先天性肠旋转不良,表 6-3-171
5619,Q43.700,永存泄殖腔,表 6-3-171
5620,Q44.100x002,先天性肝内胆囊,表 6-3-171
5621,Q44.100x003,胆囊重复畸形,表 6-3-171
5622,Q44.101,先天性胆囊闭锁,表 6-3-171
5623,Q44.102,胆囊憩室,表 6-3-171
5624,Q50.200,卵巢先天性扭转,表 6-3-172
5625,Q50.501,先天性卵巢旁囊肿,表 6-3-172
5626,Q50.502,加特纳管囊肿,表 6-3-172
5627,Q50.503,先天性卵巢冠囊肿,表 6-3-172
5628,Q50.504,女性莫尔加尼囊肿,表 6-3-172
5629,Q51.000,子宫缺如和不发育,表 6-3-172
5630,Q51.000x001,始基子宫,表 6-3-172
5631,Q51.001,先天性子宫缺失,表 6-3-172
5632,Q51.400,单角子宫,表 6-3-172
5633,Q52.601,先天性阴蒂肥大,表 6-3-172
5634,Q52.800x004,女性中肾管囊肿,表 6-3-172
5635,Q52.901,女性生殖道畸形综合征,表 6-3-172
5636,Q54.200,阴茎阴囊部尿道下裂,表 6-3-172
5637,Q54.800,尿道下裂，其他的,表 6-3-172
5638,Q55.501,阴茎不发育,表 6-3-172
5639,Q55.502,阴茎缺如,表 6-3-172
5640,Q55.800,男性生殖器官其他特指的先天性畸形,表 6-3-172
5641,Q55.800x001,前列腺囊,表 6-3-172
5642,Q55.801,先天性阴茎阴囊融合,表 6-3-172
5643,Q55.802,阴茎阴囊转位,表 6-3-172
5644,Q61.800,囊性肾病，其他的,表 6-3-173
5645,Q61.801,先天性纤维囊性肾,表 6-3-173
5646,Q61.900,囊性肾病,表 6-3-173
5647,Q61.901,麦克尔-格鲁贝尔综合征,表 6-3-173
5648,Q62.200,先天性巨输尿管,表 6-3-173
5649,Q62.201,先天性输尿管扩张,表 6-3-173
5650,Q62.202,单纯性输尿管膨出,表 6-3-173
5651,Q62.300x101,异位输尿管疝,表 6-3-173
5652,Q62.300x301,先天性输尿管息肉,表 6-3-173
5653,Q62.300x901,先天性输尿管疝,表 6-3-173
5654,Q62.300x902,先天性梗阻性肾病,表 6-3-173
5655,Q62.300x903,先天性泌尿道梗阻,表 6-3-173
5656,Q62.300x904,肾盂输尿管连接部瓣膜,表 6-3-173
5657,Q62.300x905,输尿管瓣膜,表 6-3-173
5658,Q62.301,先天性输尿管积水,表 6-3-173
5659,Q62.400,输尿管缺如,表 6-3-173
5660,Q62.400x001,先天性输尿管不发育,表 6-3-173
5661,Q62.400x002,先天性无输尿管,表 6-3-173
5662,Q62.500,重复输尿管,表 6-3-173
5663,Q62.700,先天性膀胱-输尿管-肾反流,表 6-3-173
5664,Q62.700x001,先天性膀胱输尿管反流,表 6-3-173
5665,Q62.700x101,先天性单侧膀胱输尿管反流,表 6-3-173
5666,Q62.700x201,先天性双侧膀胱输尿管反流,表 6-3-173
5667,Q63.200,异位肾,表 6-3-173
5668,Q63.201,肾旋转不良,表 6-3-173
5669,Q63.203,异位肾盂,表 6-3-173
5670,Q64.200,先天性后尿道瓣,表 6-3-173
5671,Q64.200x001,尿道瓣膜,表 6-3-173
5672,Q64.200x021,前尿道瓣膜,表 6-3-173
5673,Q64.301,先天性尿道瓣膜性狭窄,表 6-3-173
5674,Q64.302,先天性尿道闭锁,表 6-3-173
5675,Q64.303,先天性尿道狭窄,表 6-3-173
5676,Q64.304,先天性膀胱尿道口处狭窄,表 6-3-173
5677,Q64.501,尿道缺如,表 6-3-173
5678,Q64.502,膀胱缺如,表 6-3-173
5679,Q64.600,先天性膀胱憩室,表 6-3-173
5680,Q65.200,先天性髋脱位,表 6-3-174
5681,Q65.400,先天性髋半脱位，双侧,表 6-3-174
5682,Q66.200,内翻跖,表 6-3-174
5683,Q66.400,仰趾外翻足,表 6-3-174
5684,Q66.600,足的其他先天性外翻变形,表 6-3-174
5685,Q66.601,先天性马蹄外翻足,表 6-3-174
5686,Q66.900,足先天性变形,表 6-3-174
5687,Q67.600,漏斗胸,表 6-3-174
5688,Q68.500,先天性腿长骨弯曲,表 6-3-174
5689,Q68.501,先天性弓形腿,表 6-3-174
5690,Q70.000,指融合,表 6-3-174
5691,Q70.001,先天性并指伴骨连接,表 6-3-174
5692,Q70.200,趾融合,表 6-3-174
5693,Q70.201,先天性并趾伴骨连接,表 6-3-174
5694,Q71.300x021,先天性拇指缺如,表 6-3-174
5695,Q71.300x031,先天性指缺如,表 6-3-174
5696,Q71.301,先天性掌骨缺如,表 6-3-174
5697,Q71.500,尺骨纵向短小缺陷,表 6-3-174
5698,Q71.501,先天性尺骨缺如,表 6-3-174
5699,Q71.801,先天性短上肢,表 6-3-174
5700,Q71.802,先天性桡尺骨缺如,表 6-3-174
5701,Q72.000,下肢先天性完全缺如,表 6-3-174
5702,Q72.000x001,先天性单侧下肢完全缺如,表 6-3-174
5703,Q73.000,四肢先天性缺如,表 6-3-174
5704,Q74.100x004,先天性膝关节发育不良,表 6-3-174
5705,Q74.100x006,先天性二分髌骨,表 6-3-174
5706,Q74.101,先天性膝内翻,表 6-3-174
5707,Q74.102,先天性膝外翻,表 6-3-174
5708,Q74.103,先天性发育不全髌骨,表 6-3-174
5709,Q74.104,先天性高位髌骨,表 6-3-174
5710,Q74.105,先天性髌骨缺如,表 6-3-174
5711,Q74.106,先天性髌骨脱位,表 6-3-174
5712,Q75.000,颅缝早闭,表 6-3-174
5713,Q75.001,先天性尖头,表 6-3-174
5714,Q75.002,先天性三角头,表 6-3-174
5715,Q75.300,大头畸形,表 6-3-174
5716,Q75.800x101,颅面裂,表 6-3-174
5717,Q75.800x902,先天性颅骨缺损,表 6-3-174
5718,Q75.801,先天性面骨畸形,表 6-3-174
5719,Q75.802,扁平颅底,表 6-3-174
5720,Q75.803,颅底凹陷症,表 6-3-174
5721,Q75.804,颅裂畸形,表 6-3-174
5722,Q75.805,先天性额骨变形,表 6-3-174
5723,Q75.806,先天性前额畸形,表 6-3-174
5724,Q75.807,先天性茎突过长,表 6-3-174
5725,Q75.808,鸟嘴综合征,表 6-3-174
5726,Q75.809,先天性枕骨大孔区畸形,表 6-3-174
5727,Q76.300,骨先天性畸形引起的先天性脊柱侧弯,表 6-3-174
5728,Q76.300x011,先天性脊柱侧弯半椎体畸形,表 6-3-174
5729,Q76.500,颈肋,表 6-3-174
5730,Q76.900,胸廓先天性畸形,表 6-3-174
5731,Q77.200,短肋综合征,表 6-3-174
5732,Q77.201,窒息性胸廓发育不良,表 6-3-174
5733,Q77.300,点状软骨发育不良,表 6-3-174
5734,Q77.301,先天性多发性骨骺发育不良,表 6-3-174
5735,Q77.400,软骨发育不全,表 6-3-174
5736,Q77.500,弯曲变形性发育不良(骨骼),表 6-3-174
5737,Q77.600,软骨外胚层发育不良,表 6-3-174
5738,Q78.500,干骺端发育不良,表 6-3-174
5739,Q78.500x001,派尔综合征[Pyle综合征],表 6-3-174
5740,Q78.600,多发性先天性外生骨疣,表 6-3-174
5741,Q78.600x002,骨干续连症,表 6-3-174
5742,Q79.600,埃勒斯-当洛斯综合征,表 6-3-174
5743,Q80.100,性联鱼鳞病,表 6-3-175
5744,Q80.200,片层状鱼鳞癣,表 6-3-175
5745,Q80.200x002,胶样婴儿,表 6-3-175
5746,Q82.000,遗传性淋巴水肿,表 6-3-175
5747,Q82.100,着色性干皮病,表 6-3-175
5748,Q82.400,外胚层发育不良症(无汗的),表 6-3-175
5749,Q84.000,先天性秃发,表 6-3-175
5750,Q84.600x001,先天性趾甲畸形,表 6-3-175
5751,Q84.600x002,先天性指甲畸形,表 6-3-175
5752,Q84.600x003,先天性反甲,表 6-3-175
5753,Q84.600x004,先天性杵状甲,表 6-3-175
5754,Q84.601,先天性甲营养不良,表 6-3-175
5755,Q84.602,趾甲的其他先天性畸形,表 6-3-175
5756,Q85.000,神经纤维瘤病(非恶性),表 6-3-175
5757,Q89.100,肾上腺先天性畸形,表 6-3-175
5758,Q89.101,异位肾上腺,表 6-3-175
5759,Q89.400,联体儿,表 6-3-175
5760,Q92.800,常染色体其他特指的三体性和部分三体型,表 6-3-176
5761,Q93.500,染色体其他部分缺失,表 6-3-176
5762,Q93.500x001,22号染色体缺如综合征,表 6-3-176
5763,Q93.501,天使综合征,表 6-3-176
5764,Q93.800,常染色体的其他缺失,表 6-3-176
5765,Q95.800,平衡重排和结构标记，其他的,表 6-3-176
5766,Q96.100,核型46，X同种(Xq)，特纳综合征,表 6-3-176
5767,Q96.300,同源嵌合体，45，X/46，XX或XY，特纳综合征,表 6-3-176
5768,Q96.900,特纳综合征,表 6-3-176
5769,Q97.800,性染色体异常，其他特指的，女性表型,表 6-3-176
5770,Q98.000,克兰费尔特综合征，核型47，XXY,表 6-3-176
5771,Q98.400,克兰费尔特综合征,表 6-3-176
5772,R00.800,心脏搏动异常，其他和未特指的,表 6-3-177
5773,R00.800x001,三联律,表 6-3-177
5774,R00.800x003,四联律,表 6-3-177
5775,R00.801,心脏搏动异常,表 6-3-177
5776,R01.100,心脏杂音,表 6-3-177
5777,R07.300x002,肋软骨痛,表 6-3-177
5778,R07.301,前胸壁痛,表 6-3-177
5779,R26.800x001,异常步态,表 6-3-178
5780,R26.802,走路不稳,表 6-3-178
5781,R27.000,共济失调,表 6-3-178
5782,R29.000,手足搐搦,表 6-3-178
5783,R40.000,嗜眠,表 6-3-180
5784,R41.000,定向障碍,表 6-3-180
5785,R41.001,意识错乱,表 6-3-180
5786,R41.200,逆行性遗忘,表 6-3-180
5787,R44.100,幻视,表 6-3-180
5788,R45.800x091,癔症样发作,表 6-3-180
5789,R45.801,自杀倾向,表 6-3-180
5790,R47.801,言语不清,表 6-3-181
5791,R47.802,言语障碍,表 6-3-181
5792,R48.200,失用,表 6-3-181
5793,R48.800x001,计算不能,表 6-3-181
5794,R48.800x002,失写,表 6-3-181
5795,R48.800x004,计算困难,表 6-3-181
5796,R48.800x005,精神性聋,表 6-3-181
5797,R48.801,符号识别功能障碍,表 6-3-181
5798,R49.800x003,声音改变,表 6-3-181
5799,R49.801,语音障碍,表 6-3-181
5800,R68.100x001,新生儿呻吟,表 6-3-182
5801,R68.100x002,易激惹婴儿,表 6-3-182
5802,R68.101,婴儿过度哭闹,表 6-3-182
5803,R76.200,梅毒血清学试验假阳性,表 6-3-183
5804,R76.200x002,瓦塞尔曼反应假阳性,表 6-3-183
5805,R76.800x001,高免疫球蛋白血症,表 6-3-183
5806,R76.801,低补体血症,表 6-3-183
5807,R76.802,免疫球蛋白升高,表 6-3-183
5808,R79.900,血液化学的异常所见,表 6-3-183
5809,R82.400,丙酮尿,表 6-3-184
5810,R82.401,酮尿,表 6-3-184
5811,R82.500x001,尿中药物水平升高,表 6-3-184
5812,R82.500x003,尿中生物制剂水平升高,表 6-3-184
5813,R82.500x004,尿中17-甾酮类水平升高,表 6-3-184
5814,R82.500x005,尿中儿茶酚胺水平升高,表 6-3-184
5815,R82.500x006,尿中吲哚乙酸水平升高,表 6-3-184
5816,R82.500x007,尿中甾类水平升高,表 6-3-184
5817,R83.600,脑脊液异常的细胞学所见,表 6-3-185
5818,R84.000,呼吸器官和胸腔标本的酶水平异常,表 6-3-185
5819,R84.400,呼吸器官和胸腔标本的异常的免疫学所见,表 6-3-185
5820,R84.500,呼吸器官和胸腔标本的异常的微生物学所见,表 6-3-185
5821,R85.100,消化器官和腹腔标本的激素水平异常,表 6-3-185
5822,R85.600,消化器官和腹腔标本的异常的细胞学所见,表 6-3-185
5823,R87.600,女性生殖器官标本的异常的细胞学所见,表 6-3-185
5824,R89.000,器官、系统和组织标本的酶水平异常，其他的,表 6-3-185
5825,R89.100,器官、系统和组织标本的激素水平异常，其他的,表 6-3-185
5826,R89.800,器官、系统和组织标本的其他异常所见，其他的,表 6-3-185
5827,R90.000,颅内占位性病变,表 6-3-186
5828,R90.000x003,脑干占位性病变,表 6-3-186
5829,R93.100x002,心脏异常阴影,表 6-3-186
5830,R93.101,超声心动图异常,表 6-3-186
5831,R93.102,冠状循环诊断性影像异常,表 6-3-186
5832,R93.103,主动脉占位性病变,表 6-3-186
5833,R94.000,中枢神经系统功能检查的异常结果,表 6-3-186
5834,R94.001,脑电图异常,表 6-3-186
5835,R94.200,肺功能检查的异常结果,表 6-3-186
5836,R94.201,通气功能障碍,表 6-3-186
5837,R94.202,中枢性低通气,表 6-3-186
5838,R94.204,肺活量减低,表 6-3-186
5839,R94.700,内分泌功能检查的异常结果，其他的,表 6-3-186
5840,S00.100x001,眼睑挫伤,表 6-3-187
5841,S00.100x003,眼睑淤血,表 6-3-187
5842,S00.100x006,眉弓挫伤,表 6-3-187
5843,S00.101,眼周区挫伤,表 6-3-187
5844,S00.102,额部血肿,表 6-3-187
5845,S00.700,头部多处浅表损伤,表 6-3-187
5846,S00.900,头部的浅表损伤,表 6-3-187
5847,S01.000,头皮开放性伤口,表 6-3-187
5848,S01.000x002,眉弓裂伤,表 6-3-187
5849,S01.001,头皮裂伤,表 6-3-187
5850,S01.100,眼睑和眼周区开放性伤口,表 6-3-187
5851,S01.101,眼睑裂伤,表 6-3-187
5852,S01.102,开放性眼睑异物,表 6-3-187
5853,S01.103,眶部裂伤,表 6-3-187
5854,S01.200x011,鼻表皮开放性损伤,表 6-3-187
5855,S01.200x021,鼻孔开放性损伤,表 6-3-187
5856,S01.200x031,鼻中隔开放性损伤,表 6-3-187
5857,S01.200x091,鼻部开放性损伤伴蝶窦异物,表 6-3-187
5858,S01.200x092,创伤性鼻部缺损,表 6-3-187
5859,S01.300x002,耳道开放性损伤,表 6-3-187
5860,S01.300x011,外耳耳翼开放性损伤,表 6-3-187
5861,S01.300x012,耳廓开放性损伤,表 6-3-187
5862,S01.300x031,耳屏开放性损伤,表 6-3-187
5863,S01.300x051,耳咽管开放性损伤,表 6-3-187
5864,S01.300x061,听小骨开放性损伤,表 6-3-187
5865,S01.300x071,中耳开放性损伤,表 6-3-187
5866,S01.300x081,耳蜗开放性损伤,表 6-3-187
5867,S01.301,开放性外耳道损伤,表 6-3-187
5868,S01.302,开放性耳后损伤伴异物,表 6-3-187
5869,S01.400x011,颊部开放性损伤,表 6-3-187
5870,S01.400x021,上颌开放性损伤,表 6-3-187
5871,S01.400x031,腭部开放性损伤,表 6-3-187
5872,S01.401,开放性颞下颌损伤,表 6-3-187
5873,S01.500x001,口腔开放性损伤,表 6-3-187
5874,S01.500x021,口腔黏膜开放性损伤,表 6-3-187
5875,S01.500x022,脸颊内部开放性损伤,表 6-3-187
5876,S01.500x042,舌和口底开放性损伤,表 6-3-187
5877,S01.500x051,上腭开放性损伤,表 6-3-187
5878,S01.500x052,软腭开放性损伤,表 6-3-187
5879,S01.501,舌裂伤,表 6-3-187
5880,S01.502,开放性舌部损伤,表 6-3-187
5881,S01.503,牙龈裂伤,表 6-3-187
5882,S01.504,开放性唇部损伤,表 6-3-187
5883,S01.505,软腭穿通伤,表 6-3-187
5884,S01.506,唇裂伤,表 6-3-187
5885,S01.700,头部多处开放性伤口,表 6-3-187
5886,S01.800x011,开放性脑损伤伴颅骨骨折,表 6-3-187
5887,S01.800x021,开放性脑损伤伴颈椎脱位,表 6-3-187
5888,S01.800x031,开放性脑损伤,表 6-3-187
5889,S01.800x083,头骨开放性损伤,表 6-3-187
5890,S01.800x085,面部异物,表 6-3-187
5891,S01.800x086,前额开放性损伤,表 6-3-187
5892,S01.800x087,下颚开放性损伤,表 6-3-187
5893,S01.801,开放性颅内异物,表 6-3-187
5894,S01.802,面部裂伤,表 6-3-187
5895,S01.803,开放性面部损伤,表 6-3-187
5896,S01.804,开放性腮腺管断裂,表 6-3-187
5897,S01.900,头部的开放性伤口,表 6-3-187
5898,S02.000,颅骨穹隆骨折,表 6-3-187
5899,S02.000x003,颞骨鳞部骨折,表 6-3-187
5900,S02.000x004,额骨和颞骨鳞部骨折,表 6-3-187
5901,S02.000x005,额骨和顶骨骨折,表 6-3-187
5902,S02.001,额骨骨折,表 6-3-187
5903,S02.002,顶骨骨折,表 6-3-187
5904,S02.011,开放性额骨骨折,表 6-3-187
5905,S02.012,开放性顶骨骨折,表 6-3-187
5906,S02.100,颅底骨骨折,表 6-3-187
5907,S02.100x002,前颅凹骨折,表 6-3-187
5908,S02.100x003,中颅凹骨折,表 6-3-187
5909,S02.100x004,后颅凹骨折,表 6-3-187
5910,S02.100x006,眶顶骨折,表 6-3-187
5911,S02.100x008,额窦骨折,表 6-3-187
5912,S02.100x009,蝶骨骨折,表 6-3-187
5913,S02.101,枕骨骨折,表 6-3-187
5914,S02.102,颞骨骨折,表 6-3-187
5915,S02.103,筛窦骨折,表 6-3-187
5916,S02.111,开放性颅底骨骨折,表 6-3-187
5917,S02.112,开放性枕骨骨折,表 6-3-187
5918,S02.113,开放性颞骨骨折,表 6-3-187
5919,S02.114,开放性筛窦骨折,表 6-3-187
5920,S02.200,鼻骨骨折,表 6-3-187
5921,S02.201,鼻中隔骨折,表 6-3-187
5922,S02.211,开放性鼻骨骨折,表 6-3-187
5923,S02.300,眶底骨折,表 6-3-187
5924,S02.300x002,眶底粉碎性骨折,表 6-3-187
5925,S02.311,开放性眶底骨折,表 6-3-187
5926,S02.400x001,颧弓骨折,表 6-3-187
5927,S02.400x003,上颌骨骨折,表 6-3-187
5928,S02.400x005,上颌窦骨折,表 6-3-187
5929,S02.401,颧骨骨折,表 6-3-187
5930,S02.411,开放性上颌骨骨折,表 6-3-187
5931,S02.412,开放性颧骨骨折,表 6-3-187
5932,S02.500,创伤性牙折断,表 6-3-187
5933,S02.500x002,创伤性牙破损,表 6-3-187
5934,S02.501,创伤性牙齿脱落,表 6-3-187
5935,S02.600,下颌骨骨折,表 6-3-187
5936,S02.600x011,髁突骨折,表 6-3-187
5937,S02.600x021,髁突下部骨折,表 6-3-187
5938,S02.600x031,下颌骨冠突骨折,表 6-3-187
5939,S02.600x041,下颌骨支骨折,表 6-3-187
5940,S02.600x051,颌骨角骨折,表 6-3-187
5941,S02.600x061,下颌骨纤维软骨体骨折,表 6-3-187
5942,S02.600x081,下颌骨体骨折,表 6-3-187
5943,S02.600x091,下颌骨复合骨折,表 6-3-187
5944,S02.611,开放性下颌骨骨折,表 6-3-187
5945,S02.612,开放性髁状突骨折,表 6-3-187
5946,S02.700x001,颅骨多发性骨折,表 6-3-187
5947,S02.700x002,颅骨和面骨多发性骨折,表 6-3-187
5948,S02.700x004,鼻眶筛骨折,表 6-3-187
5949,S02.701,多发性面骨骨折,表 6-3-187
5950,S02.711,开放性多发性面骨骨折,表 6-3-187
5951,S02.712,开放性多发性颅骨骨折,表 6-3-187
5952,S02.800x003,上腭骨折,表 6-3-187
5953,S02.801,眶骨骨折,表 6-3-187
5954,S02.802,牙槽骨骨折,表 6-3-187
5955,S02.803,腭骨折,表 6-3-187
5956,S02.810,特指开放性颅骨和面骨骨折,表 6-3-187
5957,S02.811,开放性眶骨骨折,表 6-3-187
5958,S02.812,开放性牙槽骨骨折,表 6-3-187
5959,S02.813,开放性腭骨折,表 6-3-187
5960,S02.900x002,颅骨骨折,表 6-3-187
5961,S02.901,面骨骨折,表 6-3-187
5962,S02.902,颅骨凹陷性骨折,表 6-3-187
5963,S02.911,开放性颅骨骨折,表 6-3-187
5964,S02.912,开放性面骨骨折,表 6-3-187
5965,S03.000,颌关节脱位,表 6-3-187
5966,S03.000x001,颌软骨脱位,表 6-3-187
5967,S03.100,鼻中隔软骨脱位,表 6-3-187
5968,S03.200,牙脱位,表 6-3-187
5969,S03.301,头部脱位,表 6-3-187
5970,S03.400,颌关节扭伤和劳损,表 6-3-187
5971,S03.400x001,颞下颌关节损伤,表 6-3-187
5972,S03.400x002,颞下颌韧带损伤,表 6-3-187
5973,S03.501,头部关节和韧带扭伤和劳损,表 6-3-187
5974,S04.000x001,视神经损伤,表 6-3-187
5975,S04.000x002,视交叉损伤,表 6-3-187
5976,S04.000x003,视路损伤,表 6-3-187
5977,S04.000x004,视皮质损伤,表 6-3-187
5978,S04.100,动眼神经损伤,表 6-3-187
5979,S04.200,滑车神经损伤,表 6-3-187
5980,S04.300,三叉神经损伤,表 6-3-187
5981,S04.400,展神经损伤,表 6-3-187
5982,S04.500,面神经损伤,表 6-3-187
5983,S04.501,面神经断裂,表 6-3-187
5984,S04.502,眶下神经损伤,表 6-3-187
5985,S04.600,听神经损伤,表 6-3-187
5986,S04.700,副神经损伤,表 6-3-187
5987,S04.801,舌下神经损伤,表 6-3-187
5988,S04.802,嗅神经损伤,表 6-3-187
5989,S04.803,舌咽神经损伤,表 6-3-187
5990,S04.804,迷走神经损伤,表 6-3-187
5991,S04.900,脑神经损伤,表 6-3-187
5992,S05.000x002,结膜损伤,表 6-3-187
5993,S05.001,角膜擦伤,表 6-3-187
5994,S05.002,角膜磨损,表 6-3-187
5995,S05.100x004,眼球挫伤,表 6-3-187
5996,S05.101,眼眶挫伤,表 6-3-187
5997,S05.102,创伤性前房积血,表 6-3-187
5998,S05.103,晶状体挫伤,表 6-3-187
5999,S05.104,巩膜挫伤,表 6-3-187
6000,S05.200x003,外伤性玻璃体嵌顿,表 6-3-187
6001,S05.200x004,外伤性虹膜缺损,表 6-3-187
6002,S05.200x005,外伤性晶状体嵌顿,表 6-3-187
6003,S05.200x006,外伤性玻璃体溢出,表 6-3-187
6004,S05.200x007,外伤性虹膜根部离断,表 6-3-187
6005,S05.201,角膜穿通伤伴虹膜嵌顿,表 6-3-187
6006,S05.202,角膜穿通伤伴虹膜脱垂,表 6-3-187
6007,S05.203,角膜穿通伤伴晶状体嵌顿,表 6-3-187
6008,S05.204,角膜穿通伤伴玻璃体嵌顿,表 6-3-187
6009,S05.205,创伤性虹膜脱垂,表 6-3-187
6010,S05.206,创伤性虹膜嵌顿,表 6-3-187
6011,S05.207,创伤性虹膜疝,表 6-3-187
6012,S05.208,创伤性睫状体脱垂,表 6-3-187
6013,S05.209,创伤性玻璃体脱垂,表 6-3-187
6014,S05.210,创伤性玻璃体疝,表 6-3-187
6015,S05.300,眼撕裂伤不伴有眼内组织脱出或缺失,表 6-3-187
6016,S05.300x004,眼球破裂伤,表 6-3-187
6017,S05.300x005,外伤性前房角劈裂,表 6-3-187
6018,S05.300x010,眼撕裂伤,表 6-3-187
6019,S05.301,角膜裂伤,表 6-3-187
6020,S05.302,角膜全层裂伤,表 6-3-187
6021,S05.303,虹膜裂伤,表 6-3-187
6022,S05.304,巩膜裂伤,表 6-3-187
6023,S05.305,睫状体裂伤,表 6-3-187
6024,S05.306,结膜裂伤,表 6-3-187
6025,S05.307,角膜板层裂伤,表 6-3-187
6026,S05.400x001,眶内异物,表 6-3-187
6027,S05.400x002,眼肌异物,表 6-3-187
6028,S05.401,眶穿通伤,表 6-3-187
6029,S05.500x001,眼内异物,表 6-3-187
6030,S05.500x002,眼球穿通伤伴磁性异物,表 6-3-187
6031,S05.500x003,眼球穿通伤伴非磁性异物,表 6-3-187
6032,S05.600x002,眼球穿通伤,表 6-3-187
6033,S05.601,角膜穿通伤,表 6-3-187
6034,S05.602,虹膜穿通伤,表 6-3-187
6035,S05.603,晶状体穿通伤,表 6-3-187
6036,S05.604,巩膜穿通伤,表 6-3-187
6037,S05.605,视网膜穿通伤,表 6-3-187
6038,S05.700,眼撕脱伤,表 6-3-187
6039,S05.800x001,外伤性虹膜脱离,表 6-3-187
6040,S05.800x007,眼外肌断裂,表 6-3-187
6041,S05.800x008,眼内直肌断裂,表 6-3-187
6042,S05.800x009,眼外直肌断裂,表 6-3-187
6043,S05.801,眼震荡,表 6-3-187
6044,S05.802,眼挫伤,表 6-3-187
6045,S05.803,角膜损伤,表 6-3-187
6046,S05.804,虹膜损伤,表 6-3-187
6047,S05.805,晶状体损伤,表 6-3-187
6048,S05.806,创伤性晶状体脱位,表 6-3-187
6049,S05.807,巩膜损伤,表 6-3-187
6050,S05.808,视网膜震荡,表 6-3-187
6051,S05.809,视网膜损伤,表 6-3-187
6052,S05.810,泪小管裂伤,表 6-3-187
6053,S05.811,泪管损伤,表 6-3-187
6054,S05.812,冲击波性失明,表 6-3-187
6055,S05.900,眼和眶的损伤,表 6-3-187
6056,S05.900x003,眼部开放性损伤,表 6-3-187
6057,S05.901,眼损伤,表 6-3-187
6058,S05.902,创伤性失明,表 6-3-187
6059,S05.903,玻璃体损伤,表 6-3-187
6060,S06.000,脑震荡,表 6-3-187
6061,S06.100,创伤性大脑水肿,表 6-3-187
6062,S06.200x001,弥散性大脑损伤,表 6-3-187
6063,S06.200x002,弥散性小脑损伤,表 6-3-187
6064,S06.200x011,弥散性大脑损伤伴出血,表 6-3-187
6065,S06.200x021,弥散性小脑损伤伴出血,表 6-3-187
6066,S06.200x031,多发性大脑内出血,表 6-3-187
6067,S06.200x032,多发性大脑血肿,表 6-3-187
6068,S06.200x033,多发性小脑血肿,表 6-3-187
6069,S06.200x081,多发性大脑挫裂伤,表 6-3-187
6070,S06.200x082,多发性小脑挫裂伤,表 6-3-187
6071,S06.201,脑干挫伤,表 6-3-187
6072,S06.202,脑挫伤,表 6-3-187
6073,S06.203,大脑撕裂伤,表 6-3-187
6074,S06.205,创伤性脑受压,表 6-3-187
6075,S06.206,弥漫性轴索损伤,表 6-3-187
6076,S06.211,开放性脑挫伤,表 6-3-187
6077,S06.300x001,局灶性大脑损伤,表 6-3-187
6078,S06.300x002,局灶性小脑损伤,表 6-3-187
6079,S06.300x011,局灶性大脑挫伤伴出血,表 6-3-187
6080,S06.300x021,局灶性小脑挫伤伴出血,表 6-3-187
6081,S06.300x031,局灶性大脑挫伤伴血肿,表 6-3-187
6082,S06.300x032,局灶性大脑挫伤伴大量出血,表 6-3-187
6083,S06.300x041,局灶性小脑挫伤伴血肿,表 6-3-187
6084,S06.300x042,局灶性小脑挫伤伴大量出血,表 6-3-187
6085,S06.300x081,局灶性大脑挫裂伤,表 6-3-187
6086,S06.300x082,局灶性小脑挫裂伤,表 6-3-187
6087,S06.301,创伤性脑局灶出血,表 6-3-187
6088,S06.302,创伤性脑血肿,表 6-3-187
6089,S06.310,开放性局灶性脑损伤,表 6-3-187
6090,S06.410,开放性硬膜外出血,表 6-3-187
6091,S06.510,开放性硬膜下出血,表 6-3-187
6092,S06.600,创伤性蛛网膜下出血,表 6-3-187
6093,S06.600x002,创伤性蛛网膜下腔血肿,表 6-3-187
6094,S06.610,开放性蛛网膜下隙出血,表 6-3-187
6095,S06.800x005,创伤性小脑挫伤,表 6-3-187
6096,S06.800x009,创伤性颅内动脉瘤,表 6-3-187
6097,S06.800x010,创伤性脑梗塞,表 6-3-187
6098,S06.800x011,创伤性颅内积气,表 6-3-187
6099,S06.800x012,创伤性脑积水,表 6-3-187
6100,S06.800x013,创伤性硬脑膜下积液,表 6-3-187
6101,S06.803,创伤性脑干出血,表 6-3-187
6102,S06.805,创伤性颅内海绵窦损伤,表 6-3-187
6103,S06.811,开放性脑出血,表 6-3-187
6104,S06.812,开放性脑干出血,表 6-3-187
6105,S06.813,开放性小脑出血,表 6-3-187
6106,S06.814,开放性颅内出血,表 6-3-187
6107,S06.900,颅内损伤,表 6-3-187
6108,S06.901,脑干损伤,表 6-3-187
6109,S06.910,开放性颅内损伤,表 6-3-187
6110,S06.911,开放性脑干损伤,表 6-3-187
6111,S06.912,开放性颅内海绵窦损伤,表 6-3-187
6112,S07.000,面部挤压伤,表 6-3-187
6113,S07.100,颅骨挤压伤,表 6-3-187
6114,S07.800,头部其他部位的挤压伤,表 6-3-187
6115,S07.900,头部挤压伤,表 6-3-187
6116,S08.000,头皮撕脱,表 6-3-187
6117,S08.100,耳创伤性切断,表 6-3-187
6118,S08.900,头部的创伤性切断,表 6-3-187
6119,S09.000x001,头部血管损伤,表 6-3-187
6120,S09.100x001,头部肌肉损伤,表 6-3-187
6121,S09.101,头部肌腱损伤,表 6-3-187
6122,S09.200,耳鼓膜创伤性破裂,表 6-3-187
6123,S09.700,头部多处损伤,表 6-3-187
6124,S09.800x002,创伤性乳牙损伤,表 6-3-187
6125,S09.800x003,创伤性鼻窦积血,表 6-3-187
6126,S09.801,创伤性鼻中隔血肿,表 6-3-187
6127,S09.900,头部的损伤,表 6-3-187
6128,S09.900x006,唇部损伤,表 6-3-187
6129,S09.901,面部损伤,表 6-3-187
6130,S09.902,眉部损伤,表 6-3-187
6131,S09.903,鼻损伤,表 6-3-187
6132,S09.904,耳损伤,表 6-3-187
6133,S09.905,耳廓损伤,表 6-3-187
6134,S09.906,舌损伤,表 6-3-187
6135,S09.907,唾液腺损伤,表 6-3-187
6136,S10.700,颈部多处浅表损伤,表 6-3-188
6137,S11.001,开放性气管损伤,表 6-3-188
6138,S11.002,开放性喉损伤,表 6-3-188
6139,S11.003,开放性颈部气管断裂,表 6-3-188
6140,S11.004,喉气管贯通伤,表 6-3-188
6141,S11.100x001,甲状腺开放性损伤,表 6-3-188
6142,S11.201,开放性咽部损伤,表 6-3-188
6143,S11.202,开放性颈部食管损伤,表 6-3-188
6144,S11.700,颈部多处开放性伤口,表 6-3-188
6145,S11.800x011,颈部开放性损伤伴颈椎骨折,表 6-3-188
6146,S11.800x021,颈部开放性损伤伴颈椎脱位,表 6-3-188
6147,S11.800x081,会厌开放性损伤,表 6-3-188
6148,S11.800x082,锁骨上区开放性损伤,表 6-3-188
6149,S11.900,颈部的开放性伤口,表 6-3-188
6150,S12.000,第一颈椎骨折,表 6-3-188
6151,S12.000x002,寰椎骨折,表 6-3-188
6152,S12.010,开放性第一颈椎骨折,表 6-3-188
6153,S12.100,第二颈椎骨折,表 6-3-188
6154,S12.100x002,枢椎骨折,表 6-3-188
6155,S12.100x003,枢椎椎弓根骨折[Hangman骨折],表 6-3-188
6156,S12.110,开放性第二颈椎骨折,表 6-3-188
6157,S12.200x011,颈椎骨折C3,表 6-3-188
6158,S12.200x021,颈椎骨折C4,表 6-3-188
6159,S12.200x031,颈椎骨折C5,表 6-3-188
6160,S12.200x041,颈椎骨折C6,表 6-3-188
6161,S12.200x051,颈椎骨折C7,表 6-3-188
6162,S12.210,开放性特指颈椎骨折,表 6-3-188
6163,S12.700,颈椎多处骨折,表 6-3-188
6164,S12.710,开放性多发性颈椎骨折,表 6-3-188
6165,S12.803,舌骨断裂,表 6-3-188
6166,S12.813,开放性舌骨断裂,表 6-3-188
6167,S12.814,开放性环状软骨断裂,表 6-3-188
6168,S12.815,开放性气管软骨断裂,表 6-3-188
6169,S12.900x001,颈椎骨折,表 6-3-188
6170,S12.900x003,颈椎神经弓骨折,表 6-3-188
6171,S12.900x004,颈椎棘突骨折,表 6-3-188
6172,S12.900x005,颈椎横突骨折,表 6-3-188
6173,S12.900x006,颈椎椎弓骨折,表 6-3-188
6174,S12.910,开放性颈椎骨折,表 6-3-188
6175,S13.000,颈椎间盘创伤性破裂,表 6-3-188
6176,S13.100,颈椎脱位,表 6-3-188
6177,S13.100x021,颈椎半脱位C2/C3,表 6-3-188
6178,S13.100x022,颈椎脱位C2/C3,表 6-3-188
6179,S13.100x031,颈椎半脱位C3/C4,表 6-3-188
6180,S13.100x032,颈椎脱位C3/C4,表 6-3-188
6181,S13.100x041,颈椎半脱位C4/C5,表 6-3-188
6182,S13.100x042,颈椎脱位C4/C5,表 6-3-188
6183,S13.100x051,颈椎半脱位C5/C6,表 6-3-188
6184,S13.100x052,颈椎脱位C5/C6,表 6-3-188
6185,S13.100x061,颈椎半脱位C6/C7,表 6-3-188
6186,S13.100x062,颈椎脱位C6/C7,表 6-3-188
6187,S13.100x071,颈胸椎半脱位C7/T1,表 6-3-188
6188,S13.100x072,颈胸椎脱位C7/T1,表 6-3-188
6189,S13.100x081,寰枕关节半脱位,表 6-3-188
6190,S13.100x082,寰枕关节脱位,表 6-3-188
6191,S13.101,颈椎半脱位,表 6-3-188
6192,S13.102,寰枢椎半脱位,表 6-3-188
6193,S13.103,寰枢椎脱位,表 6-3-188
6194,S13.104,枢椎脱位,表 6-3-188
6195,S13.200x003,甲状软骨脱位,表 6-3-188
6196,S13.201,颈部脱位,表 6-3-188
6197,S13.202,环杓关节脱位,表 6-3-188
6198,S13.203,环甲软骨关节脱位,表 6-3-188
6199,S13.300,颈部多发性脱位,表 6-3-188
6200,S13.400,颈椎扭伤和劳损,表 6-3-188
6201,S13.400x003,颈部前纵韧带扭伤,表 6-3-188
6202,S13.400x005,寰枕关节扭伤,表 6-3-188
6203,S13.400x006,颈椎关节交锁,表 6-3-188
6204,S13.401,挥鞭伤,表 6-3-188
6205,S13.402,颈部韧带扭伤,表 6-3-188
6206,S13.403,寰枢关节扭伤,表 6-3-188
6207,S13.500,甲状腺区扭伤和劳损,表 6-3-188
6208,S13.500x003,环杓韧带扭伤,表 6-3-188
6209,S13.500x004,环甲关节扭伤,表 6-3-188
6210,S13.500x005,环甲韧带扭伤,表 6-3-188
6211,S13.500x006,喉软骨断裂,表 6-3-188
6212,S13.500x007,甲状软骨断裂,表 6-3-188
6213,S13.500x008,环状软骨断裂,表 6-3-188
6214,S13.500x009,气管软骨断裂,表 6-3-188
6215,S13.500x010,开放性喉软骨断裂,表 6-3-188
6216,S13.500x011,开放性甲状软骨断裂,表 6-3-188
6217,S13.501,甲状软骨扭伤,表 6-3-188
6218,S13.502,环杓关节扭伤,表 6-3-188
6219,S13.601,颈部扭伤,表 6-3-188
6220,S15.000x002,创伤性颈动脉瘘,表 6-3-188
6221,S15.001,颈内动脉裂伤,表 6-3-188
6222,S15.002,颈总动脉裂伤,表 6-3-188
6223,S15.003,颈外动脉裂伤,表 6-3-188
6224,S15.004,创伤性颈动脉瘤,表 6-3-188
6225,S15.005,创伤性颈动脉海绵窦瘘,表 6-3-188
6226,S15.100,椎动脉损伤,表 6-3-188
6227,S15.200,颈外静脉损伤,表 6-3-188
6228,S15.300,颈内静脉损伤,表 6-3-188
6229,S15.301,颈内静脉断裂,表 6-3-188
6230,S15.700x001,颈部多处血管损伤,表 6-3-188
6231,S15.800x002,创伤性椎动静脉瘘,表 6-3-188
6232,S15.800x003,创伤性甲状腺血管损伤,表 6-3-188
6233,S15.801,创伤性颈动静脉瘘,表 6-3-188
6234,S15.900x001,颈部血管损伤,表 6-3-188
6235,S17.000x001,喉气管挤压伤,表 6-3-188
6236,S17.000x002,喉挤压伤,表 6-3-188
6237,S17.001,气管挤压伤,表 6-3-188
6238,S17.800,颈部其他部位的挤压伤,表 6-3-188
6239,S17.801,咽喉挤压伤,表 6-3-188
6240,S17.900,颈部挤压伤,表 6-3-188
6241,S19.700,颈部多处损伤,表 6-3-188
6242,S19.800x002,颈部气管损伤,表 6-3-188
6243,S19.800x004,颈部胸导管损伤,表 6-3-188
6244,S19.801,咽喉损伤,表 6-3-188
6245,S19.802,喉损伤,表 6-3-188
6246,S19.900,颈部损伤,表 6-3-188
6247,S20.400x001,胸后壁浅表损伤,表 6-3-189
6248,S21.000,乳房开放性伤口,表 6-3-189
6249,S21.100x002,胸骨前区开放性损伤,表 6-3-189
6250,S21.101,开放性肋部前壁损伤,表 6-3-189
6251,S21.200x001,背部开放性损伤,表 6-3-189
6252,S21.200x002,胸壁外部开放性损伤,表 6-3-189
6253,S21.201,开放性胸后壁损伤,表 6-3-189
6254,S21.202,开放性肋后壁损伤,表 6-3-189
6255,S21.203,开放性肩胛间区损伤,表 6-3-189
6256,S21.700,胸壁多处开放性伤口,表 6-3-189
6257,S21.800x011,胸部开放性损伤伴骨折,表 6-3-189
6258,S21.800x021,胸部开放性损伤伴脱位,表 6-3-189
6259,S21.800x031,胸部开放性损伤伴胸内损伤,表 6-3-189
6260,S21.900x001,胸壁开放性损伤,表 6-3-189
6261,S21.900x003,创伤性胸部异物,表 6-3-189
6262,S21.901,开放性胸部损伤,表 6-3-189
6263,S22.100,胸椎多处骨折,表 6-3-189
6264,S22.110,开放性多发性胸椎骨折,表 6-3-189
6265,S22.200,胸骨骨折,表 6-3-189
6266,S22.210,开放性胸骨骨折,表 6-3-189
6267,S22.300,肋骨骨折,表 6-3-189
6268,S22.300x011,第一肋骨骨折,表 6-3-189
6269,S22.310,开放性肋骨骨折,表 6-3-189
6270,S22.400,肋骨多处骨折,表 6-3-189
6271,S22.400x011,肋骨多发性骨折伴第一肋骨骨折,表 6-3-189
6272,S22.400x021,两根肋骨骨折不伴第一肋骨骨折,表 6-3-189
6273,S22.400x031,三根肋骨骨折不伴第一肋骨骨折,表 6-3-189
6274,S22.400x041,四根以上肋骨骨折不伴第一肋骨骨折,表 6-3-189
6275,S22.410,开放性多发性肋骨骨折,表 6-3-189
6276,S22.500,连枷胸,表 6-3-189
6277,S22.800,骨性胸廓其他部位的骨折,表 6-3-189
6278,S22.810,开放性胸廓特指部位骨折,表 6-3-189
6279,S22.900,骨性胸廓的骨折,表 6-3-189
6280,S22.910,开放性胸廓骨折,表 6-3-189
6281,S23.000,胸椎间盘创伤性破裂,表 6-3-189
6282,S23.100x011,胸椎脱位T1/T2,表 6-3-189
6283,S23.100x012,胸椎脱位T2/T3,表 6-3-189
6284,S23.100x021,胸椎脱位T3/T4,表 6-3-189
6285,S23.100x022,胸椎脱位T4/T5,表 6-3-189
6286,S23.100x031,胸椎脱位T5/T6,表 6-3-189
6287,S23.100x032,胸椎脱位T6/T7,表 6-3-189
6288,S23.100x041,胸椎脱位T7/T8,表 6-3-189
6289,S23.100x042,胸椎脱位T8/T9,表 6-3-189
6290,S23.100x051,胸椎脱位T9/T10,表 6-3-189
6291,S23.100x052,胸椎脱位T10/T11,表 6-3-189
6292,S23.100x061,胸椎脱位T11/T12,表 6-3-189
6293,S23.100x071,胸腰椎脱位T12/L1,表 6-3-189
6294,S23.101,创伤性胸椎间盘突出,表 6-3-189
6295,S23.200x001,肋骨关节脱位,表 6-3-189
6296,S23.200x004,胸部气管脱位,表 6-3-189
6297,S23.200x005,剑状软骨脱位,表 6-3-189
6298,S23.201,气管脱位,表 6-3-189
6299,S23.202,肋软骨脱位,表 6-3-189
6300,S23.203,胸骨脱位,表 6-3-189
6301,S23.300,胸椎扭伤和劳损,表 6-3-189
6302,S23.400,肋骨和胸骨扭伤和劳损,表 6-3-189
6303,S23.401,胸骨扭伤和劳损,表 6-3-189
6304,S23.500,胸部其他和未特指部位的扭伤和劳损,表 6-3-189
6305,S23.501,胸部扭伤,表 6-3-189
6306,S24.000x002,胸部脊髓震荡,表 6-3-189
6307,S24.001,胸部脊髓水肿,表 6-3-189
6308,S24.100x011,胸部脊髓完全损伤,表 6-3-189
6309,S24.100x021,胸部脊髓前索综合征,表 6-3-189
6310,S24.100x022,胸部脊髓中央损伤综合征,表 6-3-189
6311,S24.100x023,胸部脊髓不完全损伤,表 6-3-189
6312,S24.100x024,胸部脊髓后索综合征,表 6-3-189
6313,S24.100x701,胸部脊髓功能损伤,表 6-3-189
6314,S24.100x711,胸部脊髓功能损伤T1,表 6-3-189
6315,S24.100x721,胸部脊髓功能损伤T2/T3,表 6-3-189
6316,S24.100x731,胸部脊髓功能损伤T4/T5,表 6-3-189
6317,S24.100x741,胸部脊髓功能损伤T6/T7,表 6-3-189
6318,S24.100x751,胸部脊髓功能损伤T8/T9,表 6-3-189
6319,S24.100x761,胸部脊髓功能损伤T10/T11,表 6-3-189
6320,S24.100x771,胸部脊髓功能损伤T12,表 6-3-189
6321,S24.101,胸部脊髓损伤,表 6-3-189
6322,S24.200,胸椎神经根损伤,表 6-3-189
6323,S24.300,胸部周围神经损伤,表 6-3-189
6324,S24.300x001,肋间神经损伤,表 6-3-189
6325,S24.400,胸部交感神经损伤,表 6-3-189
6326,S24.400x001,心丛神经损伤,表 6-3-189
6327,S24.400x002,食管丛神经损伤,表 6-3-189
6328,S24.400x003,肺丛神经损伤,表 6-3-189
6329,S24.400x004,星状神经丛损伤,表 6-3-189
6330,S24.400x005,胸部交感神经节损伤,表 6-3-189
6331,S24.500,胸部其他神经的损伤,表 6-3-189
6332,S24.500x001,膈神经损伤,表 6-3-189
6333,S24.600,胸部神经的损伤,表 6-3-189
6334,S25.500,肋间血管损伤,表 6-3-189
6335,S25.501,创伤性肋间动脉破裂,表 6-3-189
6336,S25.700,胸部多处血管损伤,表 6-3-189
6337,S25.800x003,乳房静脉损伤,表 6-3-189
6338,S25.801,奇静脉损伤,表 6-3-189
6339,S25.802,创伤性乳房动脉破裂,表 6-3-189
6340,S25.900,胸部血管的损伤,表 6-3-189
6341,S27.000,创伤性气胸,表 6-3-189
6342,S27.010,开放性气胸,表 6-3-189
6343,S27.400,支气管损伤,表 6-3-189
6344,S27.401,创伤性支气管断裂,表 6-3-189
6345,S27.410,开放性支气管损伤,表 6-3-189
6346,S27.500,胸部气管损伤,表 6-3-189
6347,S27.501,创伤性胸部气管破裂,表 6-3-189
6348,S27.510,开放性胸部气管损伤,表 6-3-189
6349,S27.600,胸膜损伤,表 6-3-189
6350,S27.610,开放性胸膜损伤,表 6-3-189
6351,S27.700,胸内器官多处损伤,表 6-3-189
6352,S27.710,开放性胸内器官多处损伤,表 6-3-189
6353,S27.800x013,创伤性纵隔血肿,表 6-3-189
6354,S27.801,食管黏膜擦伤,表 6-3-189
6355,S27.802,胸部食管损伤,表 6-3-189
6356,S27.803,贲门损伤,表 6-3-189
6357,S27.804,创伤性膈破裂,表 6-3-189
6358,S27.805,创伤性膈疝,表 6-3-189
6359,S27.806,胸部淋巴管损伤,表 6-3-189
6360,S27.807,胸腺损伤,表 6-3-189
6361,S27.808,创伤性胸腔积液,表 6-3-189
6362,S27.810,开放性特指胸内器官损伤,表 6-3-189
6363,S27.811,食管异物穿孔,表 6-3-189
6364,S27.812,开放性膈破裂,表 6-3-189
6365,S27.900,胸内器官的损伤,表 6-3-189
6366,S27.910,开放性胸腔异物,表 6-3-189
6367,S29.000x001,胸部肌腱损伤,表 6-3-189
6368,S29.000x002,胸部肌肉损伤,表 6-3-189
6369,S29.700,胸部多处损伤,表 6-3-189
6370,S29.800,胸部其他特指的损伤,表 6-3-189
6371,S29.900,胸部损伤,表 6-3-189
6372,S30.100,腹壁挫伤,表 6-3-190
6373,S30.100x001,腹部挫伤,表 6-3-190
6374,S30.100x002,胁腹挫伤,表 6-3-190
6375,S30.100x004,髂区挫伤,表 6-3-190
6376,S30.100x007,髂窝血肿,表 6-3-190
6377,S30.101,创伤性髂部血肿,表 6-3-190
6378,S30.102,创伤性髂腰肌血肿,表 6-3-190
6379,S30.104,腹股沟挫伤,表 6-3-190
6380,S31.000x003,骶骨区开放性损伤,表 6-3-190
6381,S31.000x004,骨盆开放性损伤,表 6-3-190
6382,S31.000x005,下背开放性损伤,表 6-3-190
6383,S31.000x006,臀部开放性损伤伴异物,表 6-3-190
6384,S31.001,创伤性会阴裂伤,表 6-3-190
6385,S31.002,腰背部皮肤撕脱伤,表 6-3-190
6386,S31.003,开放性会阴损伤,表 6-3-190
6387,S31.004,开放性臀部损伤,表 6-3-190
6388,S31.005,开放性腰背部损伤,表 6-3-190
6389,S31.006,臀部异物,表 6-3-190
6390,S31.100,腹壁开放性伤口,表 6-3-190
6391,S31.100x002,腹上部开放性损伤,表 6-3-190
6392,S31.100x003,胁腹开放性损伤,表 6-3-190
6393,S31.100x005,髂区开放性损伤,表 6-3-190
6394,S31.100x007,阴部开放性损伤,表 6-3-190
6395,S31.101,开放性季肋部损伤,表 6-3-190
6396,S31.102,开放性腹股沟损伤,表 6-3-190
6397,S31.200,阴茎开放性伤口,表 6-3-190
6398,S31.300x001,阴囊开放性损伤,表 6-3-190
6399,S31.300x002,开放性精囊损伤,表 6-3-190
6400,S31.301,开放性睾丸损伤,表 6-3-190
6401,S31.400x001,阴道开放性损伤,表 6-3-190
6402,S31.400x002,阴蒂开放性损伤,表 6-3-190
6403,S31.400x003,外阴开放性损伤,表 6-3-190
6404,S31.401,创伤性外阴裂伤,表 6-3-190
6405,S31.402,处女膜裂伤,表 6-3-190
6406,S31.501,开放性外生殖器损伤,表 6-3-190
6407,S31.700,腹部、下背和骨盆多处开放性伤口,表 6-3-190
6408,S31.800x003,创放性腹部异物,表 6-3-190
6409,S31.800x011,下背开放性损伤伴骨折,表 6-3-190
6410,S31.800x012,骨盆开放性损伤伴骨折,表 6-3-190
6411,S31.800x021,下背开放性损伤伴脱位,表 6-3-190
6412,S31.800x022,骨盆开放性损伤伴脱位,表 6-3-190
6413,S31.800x031,腹部开放性损伤伴腹内器官损伤,表 6-3-190
6414,S31.801,开放性腹部损伤,表 6-3-190
6415,S31.802,开放性腹部异物,表 6-3-190
6416,S31.803,阴道直肠贯通伤,表 6-3-190
6417,S31.804,创伤性肛括约肌裂伤,表 6-3-190
6418,S31.805,创伤性肛门裂伤,表 6-3-190
6419,S32.000x002,腰椎压缩性骨折,表 6-3-190
6420,S32.000x011,腰椎骨折L1,表 6-3-190
6421,S32.000x021,腰椎骨折L2,表 6-3-190
6422,S32.000x031,腰椎骨折L3,表 6-3-190
6423,S32.000x041,腰椎骨折L4,表 6-3-190
6424,S32.000x051,腰椎骨折L5,表 6-3-190
6425,S32.010,开放性腰椎骨折,表 6-3-190
6426,S32.100,骶骨骨折,表 6-3-190
6427,S32.110,开放性骶骨骨折,表 6-3-190
6428,S32.200,尾骨骨折,表 6-3-190
6429,S32.210,开放性尾骨骨折,表 6-3-190
6430,S32.300,髂骨骨折,表 6-3-190
6431,S32.310,开放性髂骨骨折,表 6-3-190
6432,S32.400,髋臼骨折,表 6-3-190
6433,S32.410,开放性髋臼骨折,表 6-3-190
6434,S32.500x002,耻骨分支骨折,表 6-3-190
6435,S32.500x003,耻骨联合骨折,表 6-3-190
6436,S32.510,开放性耻骨骨折,表 6-3-190
6437,S32.700,腰椎和骨盆多处骨折,表 6-3-190
6438,S32.701,多发性骨盆骨折,表 6-3-190
6439,S32.702,多发性腰椎骨折,表 6-3-190
6440,S32.710,开放性腰椎和骨盆多处骨折,表 6-3-190
6441,S32.711,开放性多发性骨盆骨折,表 6-3-190
6442,S32.712,开放性多发性腰椎骨折,表 6-3-190
6443,S32.800x021,腰骶棘突骨折,表 6-3-190
6444,S32.800x022,腰骶横突骨折,表 6-3-190
6445,S32.800x023,腰骶椎弓骨折,表 6-3-190
6446,S32.800x024,腰骶椎骨骨折,表 6-3-190
6447,S32.800x091,骨盆联合体骨折,表 6-3-190
6448,S32.800x092,骨盆侧方挤压骨折,表 6-3-190
6449,S32.800x093,骨盆开书样骨折,表 6-3-190
6450,S32.800x094,骨盆垂直剪切骨折,表 6-3-190
6451,S32.800x095,马耳盖尼骨折,表 6-3-190
6452,S32.801,坐骨骨折,表 6-3-190
6453,S32.802,骨盆骨折,表 6-3-190
6454,S32.810,开放性腰椎和骨盆特指部位骨折,表 6-3-190
6455,S32.811,开放性坐骨骨折,表 6-3-190
6456,S32.812,开放性骨盆骨折,表 6-3-190
6457,S32.813,开放性腰骶部脊柱骨折,表 6-3-190
6458,S33.000,腰椎间盘创伤性破裂,表 6-3-190
6459,S33.100x011,腰椎脱位L1/L2,表 6-3-190
6460,S33.100x021,腰椎脱位L2/L3,表 6-3-190
6461,S33.100x031,腰椎脱位L3/L4,表 6-3-190
6462,S33.100x041,腰椎脱位L4/L5,表 6-3-190
6463,S33.100x051,腰骶椎脱位L5/S1,表 6-3-190
6464,S33.200x001,尾骨脱位,表 6-3-190
6465,S33.200x002,骶骨脱位,表 6-3-190
6466,S33.200x003,骶髂关节脱位,表 6-3-190
6467,S33.201,骶尾关节脱位,表 6-3-190
6468,S33.300x001,耻骨联合脱位,表 6-3-190
6469,S33.300x004,骨盆脱位,表 6-3-190
6470,S33.301,腰椎和骨盆脱位,表 6-3-190
6471,S33.400,耻骨联合创伤性破裂,表 6-3-190
6472,S33.500,腰椎扭伤和劳损,表 6-3-190
6473,S33.500x011,腰骶关节扭伤,表 6-3-190
6474,S33.501,腰部扭伤,表 6-3-190
6475,S33.502,腰椎扭伤,表 6-3-190
6476,S33.600,骶髂关节扭伤和劳损,表 6-3-190
6477,S33.600x001,骶髂关节扭伤,表 6-3-190
6478,S33.601,骶部关节扭伤,表 6-3-190
6479,S33.700x001,骶尾韧带劳损,表 6-3-190
6480,S33.700x002,棘上韧带损伤,表 6-3-190
6481,S33.700x003,腰部关节扭伤,表 6-3-190
6482,S33.701,骶髂区扭伤,表 6-3-190
6483,S33.702,耻骨联合扭伤,表 6-3-190
6484,S33.703,腰椎和骨盆部位的扭伤和劳损,表 6-3-190
6485,S34.200x001,骶脊神经根损伤,表 6-3-190
6486,S34.200x002,腰脊神经根损伤,表 6-3-190
6487,S34.300,马尾损伤,表 6-3-190
6488,S34.400,腰骶丛损伤,表 6-3-190
6489,S34.500,腰部、骶部和骨盆交感神经损伤,表 6-3-190
6490,S34.500x001,腹腔交感神经节损伤,表 6-3-190
6491,S34.500x004,肠系膜下丛交感神经损伤,表 6-3-190
6492,S34.500x005,肠系膜上丛交感神经损伤,表 6-3-190
6493,S34.501,腹腔丛损伤,表 6-3-190
6494,S34.502,腹下丛损伤,表 6-3-190
6495,S34.503,肠系膜丛损伤,表 6-3-190
6496,S34.504,内脏神经损伤,表 6-3-190
6497,S34.600,腹部、下背和骨盆周围神经损伤,表 6-3-190
6498,S34.601,下背周围神经损伤,表 6-3-190
6499,S34.602,骨盆周围神经损伤,表 6-3-190
6500,S34.800x001,腰骶神经损伤,表 6-3-190
6501,S34.801,腹部神经损伤,表 6-3-190
6502,S34.802,下背神经损伤,表 6-3-190
6503,S34.803,骨盆神经损伤,表 6-3-190
6504,S35.900x001,腹部血管损伤,表 6-3-190
6505,S35.901,下背血管损伤,表 6-3-190
6506,S35.902,骨盆血管损伤,表 6-3-190
6507,S35.903,创伤性肠系膜血管损伤,表 6-3-190
6508,S37.900,盆腔器官的损伤,表 6-3-190
6509,S37.910,开放性盆腔器官损伤,表 6-3-190
6510,S39.000x001,腹部肌肉损伤,表 6-3-190
6511,S39.000x002,腹部肌腱损伤,表 6-3-190
6512,S39.000x003,下背肌肉损伤,表 6-3-190
6513,S39.000x004,下背肌腱损伤,表 6-3-190
6514,S39.000x005,骨盆肌肉损伤,表 6-3-190
6515,S39.000x006,骨盆肌腱损伤,表 6-3-190
6516,S39.001,腹直肌断裂,表 6-3-190
6517,S39.002,开放性腰大肌断裂,表 6-3-190
6518,S39.600,腹内器官伴有盆腔器官的损伤,表 6-3-190
6519,S39.700,腹部、下背和骨盆其他多处损伤,表 6-3-190
6520,S39.800x001,腹部软组织损伤,表 6-3-190
6521,S39.800x002,下背软组织损伤,表 6-3-190
6522,S39.800x003,骨盆软组织损伤,表 6-3-190
6523,S39.800x004,腹部和下背及骨盆软组织损伤,表 6-3-190
6524,S39.800x005,臀部软组织损伤,表 6-3-190
6525,S39.900x002,下背损伤,表 6-3-190
6526,S39.900x004,腹股沟损伤,表 6-3-190
6527,S39.900x007,阴囊损伤,表 6-3-190
6528,S39.900x009,附睾损伤,表 6-3-190
6529,S39.900x010,睾丸损伤,表 6-3-190
6530,S39.901,处女膜损伤,表 6-3-190
6531,S39.902,阴道损伤,表 6-3-190
6532,S39.903,会阴损伤,表 6-3-190
6533,S39.904,阴茎损伤,表 6-3-190
6534,S39.905,肛门损伤,表 6-3-190
6535,S39.906,腰部损伤,表 6-3-190
6536,S39.907,腹部损伤,表 6-3-190
6537,S39.908,盆腔损伤,表 6-3-190
6538,S39.909,腹部金属异物,表 6-3-190
6539,S39.910,腰部软组织损伤,表 6-3-190
6540,S39.911,腹壁软组织损伤,表 6-3-190
6541,S40.900,肩和上臂的浅表损伤,表 6-3-191
6542,S41.000,肩开放性伤口,表 6-3-191
6543,S41.000x002,肩胛带开放性损伤,表 6-3-191
6544,S41.100,上臂开放性伤口,表 6-3-191
6545,S41.700,肩和上臂多处开放性伤口,表 6-3-191
6546,S41.800x001,腋窝开放性损伤,表 6-3-191
6547,S41.800x011,肩部开放性损伤伴骨折,表 6-3-191
6548,S41.800x012,上臂开放性损伤伴骨折,表 6-3-191
6549,S41.800x021,肩部开放性损伤伴脱位,表 6-3-191
6550,S41.800x022,上臂开放性损伤伴脱位,表 6-3-191
6551,S41.801,开放性肩胛区损伤,表 6-3-191
6552,S41.802,开放性肩带损伤,表 6-3-191
6553,S42.000,锁骨骨折,表 6-3-191
6554,S42.000x011,锁骨胸骨端骨折,表 6-3-191
6555,S42.000x021,锁骨干骨折,表 6-3-191
6556,S42.000x031,锁骨肩峰端骨折,表 6-3-191
6557,S42.000x091,锁骨多发性骨折,表 6-3-191
6558,S42.010,开放性锁骨骨折,表 6-3-191
6559,S42.100,肩胛骨骨折,表 6-3-191
6560,S42.100x011,肩胛骨体骨折,表 6-3-191
6561,S42.100x021,肩峰骨折,表 6-3-191
6562,S42.100x031,肩胛骨喙突骨折,表 6-3-191
6563,S42.100x041,肩胛骨颈和肩关节盂骨折,表 6-3-191
6564,S42.100x042,肩关节盂骨折,表 6-3-191
6565,S42.100x091,肩胛骨多发性骨折,表 6-3-191
6566,S42.110,开放性肩胛骨骨折,表 6-3-191
6567,S42.200x001,肱骨近端骨折,表 6-3-191
6568,S42.200x011,肱骨近端骨骺分离,表 6-3-191
6569,S42.200x031,肱骨解剖颈骨折,表 6-3-191
6570,S42.200x041,肱骨大结节骨折,表 6-3-191
6571,S42.200x091,肱骨小结节骨折,表 6-3-191
6572,S42.200x092,肱骨近端多发性骨折,表 6-3-191
6573,S42.202,肱骨外科颈骨折,表 6-3-191
6574,S42.203,肱骨头骨折,表 6-3-191
6575,S42.210,开放性肱骨上端骨折,表 6-3-191
6576,S42.300,肱骨干骨折,表 6-3-191
6577,S42.300x002,肱骨干多发性骨折,表 6-3-191
6578,S42.301,肱骨骨折,表 6-3-191
6579,S42.310,开放性肱骨干骨折,表 6-3-191
6580,S42.311,开放性肱骨骨折,表 6-3-191
6581,S42.400x001,肱骨远端骨折,表 6-3-191
6582,S42.400x041,肱骨内上髁骨折,表 6-3-191
6583,S42.400x042,肱骨外上髁骨折,表 6-3-191
6584,S42.400x043,肱骨远端骨骺分离,表 6-3-191
6585,S42.400x051,肱骨远端T型骨折,表 6-3-191
6586,S42.400x091,肱骨远端多发性骨折,表 6-3-191
6587,S42.400x092,肱骨滑车骨折,表 6-3-191
6588,S42.400x093,肱骨小头骨折,表 6-3-191
6589,S42.401,肱骨髁上骨折,表 6-3-191
6590,S42.402,肱骨外髁骨折,表 6-3-191
6591,S42.403,肱骨髁间骨折,表 6-3-191
6592,S42.404,肱骨内髁骨折,表 6-3-191
6593,S42.410,开放性肱骨下端骨折,表 6-3-191
6594,S42.700,锁骨、肩胛骨和肱骨多处骨折,表 6-3-191
6595,S42.710,开放性锁骨、肩胛骨和肱骨多处骨折,表 6-3-191
6596,S42.800,肩和上臂其他部位的骨折,表 6-3-191
6597,S42.810,开放性肩和上臂特指部位骨折,表 6-3-191
6598,S42.900,肩胛带的骨折,表 6-3-191
6599,S42.910,开放性肩骨折,表 6-3-191
6600,S43.000,肩关节脱位,表 6-3-191
6601,S43.000x011,肱骨前脱位,表 6-3-191
6602,S43.000x021,肱骨后脱位,表 6-3-191
6603,S43.000x031,肱骨下脱位,表 6-3-191
6604,S43.001,肩关节半脱位,表 6-3-191
6605,S43.002,盂肱关节脱位,表 6-3-191
6606,S43.100,肩锁关节脱位,表 6-3-191
6607,S43.200,胸锁关节脱位,表 6-3-191
6608,S43.301,肩胛骨脱位,表 6-3-191
6609,S43.302,肩胛带脱位,表 6-3-191
6610,S43.400x001,肩关节扭伤,表 6-3-191
6611,S43.400x002,创伤性肩关节积血,表 6-3-191
6612,S43.400x003,肩袖关节囊扭伤,表 6-3-191
6613,S43.400x004,喙肱韧带扭伤,表 6-3-191
6614,S43.400x005,肩关节盂唇损伤,表 6-3-191
6615,S43.401,肩关节劳损,表 6-3-191
6616,S43.500,肩锁关节扭伤和劳损,表 6-3-191
6617,S43.500x001,肩锁关节扭伤,表 6-3-191
6618,S43.500x002,肩锁韧带扭伤,表 6-3-191
6619,S43.501,肩锁韧带损伤,表 6-3-191
6620,S43.600,胸锁关节扭伤和劳损,表 6-3-191
6621,S43.601,胸锁关节扭伤,表 6-3-191
6622,S43.700,肩胛带其他和未特指部位的扭伤和劳损,表 6-3-191
6623,S43.701,肩胛带扭伤,表 6-3-191
6624,S44.000x001,上臂尺神经损伤,表 6-3-191
6625,S44.100x001,上臂正中神经损伤,表 6-3-191
6626,S44.101,上臂正中神经断裂,表 6-3-191
6627,S44.200x001,上臂桡神经损伤,表 6-3-191
6628,S44.300,腋神经损伤,表 6-3-191
6629,S44.400,肌皮神经损伤,表 6-3-191
6630,S44.500,在肩和上臂水平的皮感觉神经损伤,表 6-3-191
6631,S44.500x001,臂内侧皮神经损伤,表 6-3-191
6632,S44.501,上臂皮感觉神经损伤,表 6-3-191
6633,S44.700x001,肩和上臂多处神经损伤,表 6-3-191
6634,S44.701,上臂多发神经损伤,表 6-3-191
6635,S44.800x001,肩胛上神经损伤,表 6-3-191
6636,S44.900x001,肩和上臂神经损伤,表 6-3-191
6637,S44.901,上臂神经损伤,表 6-3-191
6638,S45.000,腋动脉损伤,表 6-3-191
6639,S45.001,创伤性腋动脉破裂,表 6-3-191
6640,S45.101,创伤性肱动脉损伤,表 6-3-191
6641,S45.200x002,肱静脉损伤,表 6-3-191
6642,S45.201,创伤性腋静脉损伤,表 6-3-191
6643,S45.300x001,肩和上臂浅表静脉损伤,表 6-3-191
6644,S45.300x002,肩部浅表静脉损伤,表 6-3-191
6645,S45.301,上臂浅表静脉损伤,表 6-3-191
6646,S45.700x001,肩和上臂多处血管损伤,表 6-3-191
6647,S45.701,上臂多发血管损伤,表 6-3-191
6648,S45.800,在肩和上臂水平的其他血管损伤,表 6-3-191
6649,S45.900x001,肩和上臂血管损伤,表 6-3-191
6650,S46.000,肩回旋套肌肉和肌腱损伤,表 6-3-191
6651,S46.000x001,肩袖肌腱损伤,表 6-3-191
6652,S46.002,肩袖损伤,表 6-3-191
6653,S46.100x001,肱二头肌长头肌肉损伤,表 6-3-191
6654,S46.100x003,肱二头肌长头肌肉和肌腱损伤,表 6-3-191
6655,S46.101,二头肌长头肌腱损伤,表 6-3-191
6656,S46.200x001,肱二头肌肌肉损伤,表 6-3-191
6657,S46.200x002,肱二头肌肌腱损伤,表 6-3-191
6658,S46.200x003,肱二头肌肌肉和肌腱损伤,表 6-3-191
6659,S46.201,创伤性肱二头肌断裂,表 6-3-191
6660,S46.300x001,肱三头肌肌肉损伤,表 6-3-191
6661,S46.300x002,肱三头肌肌腱损伤,表 6-3-191
6662,S46.300x003,肱三头肌肌肉和肌腱损伤,表 6-3-191
6663,S46.301,创伤性肱三头肌断裂,表 6-3-191
6664,S46.700x001,肩和上臂多处肌肉损伤,表 6-3-191
6665,S46.700x002,肩和上臂多处肌腱损伤,表 6-3-191
6666,S46.701,肩多发肌腱损伤,表 6-3-191
6667,S46.702,上臂多发肌腱损伤,表 6-3-191
6668,S46.800x001,三角肌损伤,表 6-3-191
6669,S46.800x002,冈上肌肌肉损伤,表 6-3-191
6670,S46.800x003,冈上肌肌腱损伤,表 6-3-191
6671,S46.800x004,冈下肌肌肉损伤,表 6-3-191
6672,S46.800x005,冈下肌肌腱损伤,表 6-3-191
6673,S46.800x006,肩胛下肌肌肉损伤,表 6-3-191
6674,S46.800x007,肩胛下肌肌腱损伤,表 6-3-191
6675,S46.801,创伤性冈上肌断裂,表 6-3-191
6676,S46.802,创伤性三角肌断裂,表 6-3-191
6677,S46.900x001,肩和上臂肌肉损伤,表 6-3-191
6678,S46.900x002,肩和上臂肌腱损伤,表 6-3-191
6679,S49.700,肩和上臂多处损伤,表 6-3-191
6680,S49.800,肩和上臂其他特指的损伤,表 6-3-191
6681,S49.900x001,肩部损伤,表 6-3-191
6682,S49.901,上臂损伤,表 6-3-191
6683,S50.101,前臂挫伤,表 6-3-192
6684,S50.700,前臂的多处浅表损伤,表 6-3-192
6685,S50.701,前臂多处擦伤,表 6-3-192
6686,S51.000,肘开放性伤口,表 6-3-192
6687,S51.700,前臂多处开放性伤口,表 6-3-192
6688,S51.800x011,前臂开放性损伤伴骨折,表 6-3-192
6689,S51.800x021,前臂开放性损伤伴脱位,表 6-3-192
6690,S51.901,开放性前臂损伤,表 6-3-192
6691,S52.000x001,肘关节骨折,表 6-3-192
6692,S52.000x002,尺骨近端骨折,表 6-3-192
6693,S52.000x012,尺骨鹰嘴骨骺分离,表 6-3-192
6694,S52.000x021,尺骨冠突骨折,表 6-3-192
6695,S52.000x091,尺骨近端多发性骨折,表 6-3-192
6696,S52.001,鹰嘴骨折,表 6-3-192
6697,S52.002,蒙特贾骨折脱位,表 6-3-192
6698,S52.010,开放性尺骨上端骨折,表 6-3-192
6699,S52.011,开放性鹰嘴骨折,表 6-3-192
6700,S52.100x001,桡骨近端骨折,表 6-3-192
6701,S52.100x002,桡骨近端骨骺分离,表 6-3-192
6702,S52.100x012,桡骨头骨骺分离,表 6-3-192
6703,S52.100x091,桡骨近端多发性骨折,表 6-3-192
6704,S52.101,桡骨头骨折,表 6-3-192
6705,S52.102,桡骨颈骨折,表 6-3-192
6706,S52.110,开放性桡骨上端骨折,表 6-3-192
6707,S52.200,尺骨干骨折,表 6-3-192
6708,S52.200x011,孟氏骨折,表 6-3-192
6709,S52.201,尺骨骨折,表 6-3-192
6710,S52.210,开放性尺骨干骨折,表 6-3-192
6711,S52.211,开放性尺骨骨折,表 6-3-192
6712,S52.300,桡骨干骨折,表 6-3-192
6713,S52.300x011,盖氏骨折,表 6-3-192
6714,S52.310,开放性桡骨干骨折,表 6-3-192
6715,S52.400x001,桡尺骨骨干骨折,表 6-3-192
6716,S52.410,开放性尺骨桡骨骨干骨折,表 6-3-192
6717,S52.500x001,桡骨远端骨折,表 6-3-192
6718,S52.500x002,桡骨茎突骨折,表 6-3-192
6719,S52.500x003,桡骨远端骨骺分离,表 6-3-192
6720,S52.500x011,科雷骨折,表 6-3-192
6721,S52.500x021,巴顿骨折,表 6-3-192
6722,S52.500x022,史密斯骨折,表 6-3-192
6723,S52.500x091,桡骨关节内骨折,表 6-3-192
6724,S52.501,屈曲型桡骨下端骨折,表 6-3-192
6725,S52.502,伸直型桡骨下端骨折,表 6-3-192
6726,S52.510,开放性桡骨下端骨折,表 6-3-192
6727,S52.600x001,尺骨远端骨折伴桡骨远端骨折,表 6-3-192
6728,S52.600x002,尺骨茎突骨折伴桡骨远端骨折,表 6-3-192
6729,S52.610,开放性尺骨桡骨远端骨折,表 6-3-192
6730,S52.700,前臂多处骨折,表 6-3-192
6731,S52.701,尺骨桡骨闭合性骨折,表 6-3-192
6732,S52.710,开放性多发性前臂骨折,表 6-3-192
6733,S52.711,开放性尺骨桡骨骨折,表 6-3-192
6734,S52.800x002,尺骨远端骨骺分离,表 6-3-192
6735,S52.801,桡骨骨折,表 6-3-192
6736,S52.802,尺骨茎突骨折,表 6-3-192
6737,S52.803,尺骨头骨折,表 6-3-192
6738,S52.804,尺骨下端骨折,表 6-3-192
6739,S52.810,开放性前臂特指部位骨折,表 6-3-192
6740,S52.811,开放性桡骨骨折,表 6-3-192
6741,S52.812,开放性尺骨茎突骨折,表 6-3-192
6742,S52.813,开放性尺骨头骨折,表 6-3-192
6743,S52.814,开放性尺骨下端骨折,表 6-3-192
6744,S52.900,前臂骨折,表 6-3-192
6745,S53.000,桡骨头脱位,表 6-3-192
6746,S53.000x003,桡骨头半脱位,表 6-3-192
6747,S53.001,桡肱关节脱位,表 6-3-192
6748,S53.002,尺桡关节脱位,表 6-3-192
6749,S53.100,肘关节脱位,表 6-3-192
6750,S53.100x011,肘关节前脱位,表 6-3-192
6751,S53.100x021,肘关节后脱位,表 6-3-192
6752,S53.100x031,肘关节内脱位,表 6-3-192
6753,S53.100x041,肘关节侧方脱位,表 6-3-192
6754,S53.101,尺肱关节脱位,表 6-3-192
6755,S53.102,尺骨头脱位,表 6-3-192
6756,S53.200x001,桡侧副韧带断裂,表 6-3-192
6757,S53.300x001,尺侧副韧带断裂,表 6-3-192
6758,S53.400,肘关节扭伤和劳损,表 6-3-192
6759,S53.400x002,创伤性肘关节积血,表 6-3-192
6760,S53.400x012,桡侧副韧带扭伤,表 6-3-192
6761,S53.400x021,尺侧副韧带扭伤,表 6-3-192
6762,S53.400x031,桡肱关节扭伤,表 6-3-192
6763,S53.400x041,尺肱关节扭伤,表 6-3-192
6764,S53.401,桡骨环状韧带扭伤,表 6-3-192
6765,S53.402,肘关节扭伤,表 6-3-192
6766,S54.000x001,前臂尺神经损伤,表 6-3-192
6767,S54.001,前臂尺神经断裂,表 6-3-192
6768,S54.100x001,前臂正中神经损伤,表 6-3-192
6769,S54.101,前臂正中神经断裂,表 6-3-192
6770,S54.200x001,前臂桡神经损伤,表 6-3-192
6771,S54.300x001,前臂皮感觉神经损伤,表 6-3-192
6772,S54.700x001,前臂多处神经损伤,表 6-3-192
6773,S54.800,在前臂水平的其他神经损伤,表 6-3-192
6774,S54.900x001,前臂神经损伤,表 6-3-192
6775,S55.000x001,前臂尺动脉损伤,表 6-3-192
6776,S55.100x001,前臂桡动脉损伤,表 6-3-192
6777,S55.101,创伤性桡动脉断裂,表 6-3-192
6778,S55.200x001,前臂静脉损伤,表 6-3-192
6779,S55.700x001,前臂多处血管损伤,表 6-3-192
6780,S55.800,在前臂水平的其他血管损伤,表 6-3-192
6781,S55.900x001,前臂血管损伤,表 6-3-192
6782,S56.000x001,前臂拇指屈肌损伤,表 6-3-192
6783,S56.000x002,前臂拇指屈肌腱损伤,表 6-3-192
6784,S56.000x003,前臂拇指屈肌和肌腱损伤,表 6-3-192
6785,S56.001,前臂拇指屈肌断裂,表 6-3-192
6786,S56.100x001,前臂指屈肌损伤,表 6-3-192
6787,S56.100x002,前臂指屈肌腱损伤,表 6-3-192
6788,S56.100x003,前臂指屈肌和肌腱损伤,表 6-3-192
6789,S56.200x001,前臂屈肌损伤,表 6-3-192
6790,S56.200x002,前臂屈肌腱损伤,表 6-3-192
6791,S56.200x003,前臂屈肌和肌腱损伤,表 6-3-192
6792,S56.300x001,前臂拇指伸肌损伤,表 6-3-192
6793,S56.300x002,前臂拇指伸肌腱损伤,表 6-3-192
6794,S56.300x003,前臂拇指伸肌和肌腱损伤,表 6-3-192
6795,S56.300x004,前臂拇指外展肌损伤,表 6-3-192
6796,S56.300x005,前臂拇指外展肌腱损伤,表 6-3-192
6797,S56.300x006,前臂拇指外展肌和肌腱损伤,表 6-3-192
6798,S56.301,前臂拇指外展肌和肌腱断裂,表 6-3-192
6799,S56.400x001,前臂指伸肌损伤,表 6-3-192
6800,S56.400x002,前臂手指伸肌腱损伤,表 6-3-192
6801,S56.400x003,前臂手指伸肌和肌腱损伤,表 6-3-192
6802,S56.500x001,前臂伸肌损伤,表 6-3-192
6803,S56.500x002,前臂伸肌腱损伤,表 6-3-192
6804,S56.500x003,前臂伸肌和肌腱损伤,表 6-3-192
6805,S56.700x001,前臂多处肌肉和肌腱损伤,表 6-3-192
6806,S56.801,前臂肌肉和肌腱损伤,表 6-3-192
6807,S57.000,肘挤压伤,表 6-3-192
6808,S57.800,前臂其他部位的挤压伤,表 6-3-192
6809,S57.900,前臂的挤压伤,表 6-3-192
6810,S59.700,前臂多处损伤,表 6-3-192
6811,S59.701,肘关节后脱位，桡骨头和尺骨冠状突骨折,表 6-3-192
6812,S59.800,前臂其他特指的损伤,表 6-3-192
6813,S59.900,前臂损伤,表 6-3-192
6814,S61.000x001,手指开放性损伤,表 6-3-193
6815,S61.000x002,拇指开放性损伤,表 6-3-193
6816,S61.100x001,手指开放性损伤伴指甲损伤,表 6-3-193
6817,S61.100x002,拇指开放性损伤伴指甲损伤,表 6-3-193
6818,S61.700,腕和手多处开放性伤口,表 6-3-193
6819,S61.701,开放性腕部多发损伤,表 6-3-193
6820,S61.702,开放性手多发损伤,表 6-3-193
6821,S61.800x011,腕和手开放性损伤伴骨折,表 6-3-193
6822,S61.800x012,手部开放性损伤伴骨折,表 6-3-193
6823,S61.800x013,腕部开放性损伤伴骨折,表 6-3-193
6824,S61.800x021,腕和手开放性损伤伴脱位,表 6-3-193
6825,S61.800x022,手部开放性损伤伴脱位,表 6-3-193
6826,S61.800x023,腕部开放性损伤伴脱位,表 6-3-193
6827,S61.800x081,手掌开放性损伤,表 6-3-193
6828,S61.900,腕和手的开放性伤口,表 6-3-193
6829,S61.900x002,腕部开放性损伤,表 6-3-193
6830,S61.900x004,手部爆炸伤,表 6-3-193
6831,S61.901,开放性手部损伤,表 6-3-193
6832,S61.902,手套撕脱伤,表 6-3-193
6833,S62.000x001,腕舟骨骨折,表 6-3-193
6834,S62.010,开放性手舟状骨骨折,表 6-3-193
6835,S62.100x011,月骨骨折,表 6-3-193
6836,S62.100x021,三角骨骨折,表 6-3-193
6837,S62.100x031,豆骨骨折,表 6-3-193
6838,S62.100x041,大多角骨骨折,表 6-3-193
6839,S62.100x051,小多角骨骨折,表 6-3-193
6840,S62.100x061,头状骨骨折,表 6-3-193
6841,S62.100x071,钩骨骨折,表 6-3-193
6842,S62.100x091,腕骨多发性骨折,表 6-3-193
6843,S62.101,腕骨骨折,表 6-3-193
6844,S62.110,开放性特指腕骨骨折,表 6-3-193
6845,S62.111,开放性腕骨骨折,表 6-3-193
6846,S62.200,第一掌骨骨折,表 6-3-193
6847,S62.200x011,第一掌骨基底骨折,表 6-3-193
6848,S62.200x021,第一掌骨干骨折,表 6-3-193
6849,S62.200x031,第一掌骨颈骨折,表 6-3-193
6850,S62.200x041,第一掌骨头骨折,表 6-3-193
6851,S62.201,贝内特骨折,表 6-3-193
6852,S62.210,开放性第一掌骨骨折,表 6-3-193
6853,S62.300x002,掌骨骨骺分离,表 6-3-193
6854,S62.300x011,掌骨基底骨折,表 6-3-193
6855,S62.300x021,掌骨干骨折,表 6-3-193
6856,S62.300x031,掌骨颈骨折,表 6-3-193
6857,S62.300x041,掌骨头骨折,表 6-3-193
6858,S62.301,掌骨骨折,表 6-3-193
6859,S62.310,开放性特指掌骨骨折,表 6-3-193
6860,S62.311,开放性掌骨骨折,表 6-3-193
6861,S62.400,掌骨多处骨折,表 6-3-193
6862,S62.410,开放性多发性掌骨骨折,表 6-3-193
6863,S62.500,拇指骨折,表 6-3-193
6864,S62.500x002,拇指骨骺分离,表 6-3-193
6865,S62.500x011,拇指近节骨折,表 6-3-193
6866,S62.500x021,拇指远节骨折,表 6-3-193
6867,S62.510,开放性拇指骨折,表 6-3-193
6868,S62.600x002,指骨骨骺分离,表 6-3-193
6869,S62.600x011,指骨近节骨折,表 6-3-193
6870,S62.600x021,指骨中节骨折,表 6-3-193
6871,S62.600x031,指骨远节骨折,表 6-3-193
6872,S62.611,开放性指骨骨折,表 6-3-193
6873,S62.700,手指多处骨折,表 6-3-193
6874,S62.710,开放性多发性指骨骨折,表 6-3-193
6875,S62.801,手骨折,表 6-3-193
6876,S62.802,指骨骨折,表 6-3-193
6877,S62.810,开放性腕和手其他和未特指部位骨折,表 6-3-193
6878,S62.811,开放性手骨折,表 6-3-193
6879,S63.000,腕关节脱位,表 6-3-193
6880,S63.000x002,桡骨远端关节脱位,表 6-3-193
6881,S63.000x003,尺骨远端关节脱位,表 6-3-193
6882,S63.000x011,下尺桡关节脱位,表 6-3-193
6883,S63.000x021,桡腕关节脱位,表 6-3-193
6884,S63.000x031,腕骨间关节脱位,表 6-3-193
6885,S63.000x041,掌骨近端关节脱位,表 6-3-193
6886,S63.000x042,腕掌关节脱位,表 6-3-193
6887,S63.000x081,腕骨脱位,表 6-3-193
6888,S63.000x082,腕舟骨脱位,表 6-3-193
6889,S63.000x083,腕舟骨月骨周围脱位,表 6-3-193
6890,S63.100,指关节脱位,表 6-3-193
6891,S63.100x001,指间关节脱位,表 6-3-193
6892,S63.100x002,拇指关节脱位,表 6-3-193
6893,S63.100x011,掌指关节脱位,表 6-3-193
6894,S63.100x012,掌骨远端关节脱位,表 6-3-193
6895,S63.100x013,拇掌关节脱位,表 6-3-193
6896,S63.100x021,手指远端指间关节脱位,表 6-3-193
6897,S63.200,手指多处脱位,表 6-3-193
6898,S63.200x001,指关节多发性脱位,表 6-3-193
6899,S63.300x001,腕副韧带断裂,表 6-3-193
6900,S63.300x002,桡腕韧带断裂,表 6-3-193
6901,S63.300x003,尺腕韧带断裂,表 6-3-193
6902,S63.300x004,腕和腕关节韧带断裂,表 6-3-193
6903,S63.400x001,掌指关节韧带断裂,表 6-3-193
6904,S63.400x002,掌指关节副韧带断裂,表 6-3-193
6905,S63.400x003,手掌韧带断裂,表 6-3-193
6906,S63.400x004,手掌板断裂,表 6-3-193
6907,S63.400x005,指间关节韧带断裂,表 6-3-193
6908,S63.400x006,指间关节副韧带断裂,表 6-3-193
6909,S63.401,创伤性掌关节韧带破裂,表 6-3-193
6910,S63.500,腕关节扭伤和劳损,表 6-3-193
6911,S63.500x002,腕关节损伤,表 6-3-193
6912,S63.500x003,创伤性腕关节积血,表 6-3-193
6913,S63.500x011,腕骨关节扭伤,表 6-3-193
6914,S63.500x012,腕骨关节损伤,表 6-3-193
6915,S63.500x021,桡腕关节扭伤,表 6-3-193
6916,S63.500x022,桡腕关节损伤,表 6-3-193
6917,S63.500x031,腕掌关节扭伤,表 6-3-193
6918,S63.500x032,腕掌关节损伤,表 6-3-193
6919,S63.500x081,下尺桡关节扭伤,表 6-3-193
6920,S63.500x082,下尺桡关节损伤,表 6-3-193
6921,S63.500x101,腕关节三角纤维软骨损伤,表 6-3-193
6922,S63.501,腕关节扭伤,表 6-3-193
6923,S63.600,手指扭伤和劳损,表 6-3-193
6924,S63.600x001,拇指扭伤,表 6-3-193
6925,S63.600x002,指骨扭伤,表 6-3-193
6926,S63.601,指关节扭伤,表 6-3-193
6927,S63.602,掌指关节扭伤,表 6-3-193
6928,S63.700x001,腕中关节扭伤,表 6-3-193
6929,S63.701,手关节扭伤,表 6-3-193
6930,S64.000x001,腕部尺神经损伤,表 6-3-193
6931,S64.000x002,手部尺神经损伤,表 6-3-193
6932,S64.100x001,腕部正中神经损伤,表 6-3-193
6933,S64.100x002,手部正中神经损伤,表 6-3-193
6934,S64.200x001,腕部桡神经损伤,表 6-3-193
6935,S64.200x002,手部桡神经损伤,表 6-3-193
6936,S64.300,拇指指神经损伤,表 6-3-193
6937,S64.400x001,指神经损伤,表 6-3-193
6938,S64.700x001,腕和手多处神经损伤,表 6-3-193
6939,S64.800,在腕和手水平的其他神经损伤,表 6-3-193
6940,S64.900x001,腕和手神经损伤,表 6-3-193
6941,S65.000x001,手部尺动脉损伤,表 6-3-193
6942,S65.000x002,腕部尺动脉损伤,表 6-3-193
6943,S65.100x001,腕部桡动脉损伤,表 6-3-193
6944,S65.100x002,手部桡动脉损伤,表 6-3-193
6945,S65.200,掌浅动静脉弓损伤,表 6-3-193
6946,S65.300,掌深动静脉弓损伤,表 6-3-193
6947,S65.400,拇指血管损伤,表 6-3-193
6948,S65.401,创伤性拇指动脉破裂,表 6-3-193
6949,S65.500,"手指血管损伤,其他的",表 6-3-193
6950,S65.501,创伤性指动脉破裂,表 6-3-193
6951,S65.700x001,腕和手多处血管损伤,表 6-3-193
6952,S65.800,在腕和手水平的其他血管损伤,表 6-3-193
6953,S65.900x001,腕和手血管损伤,表 6-3-193
6954,S66.000x001,腕和手拇指长屈肌和肌腱损伤,表 6-3-193
6955,S66.000x002,腕和手拇指长屈肌损伤,表 6-3-193
6956,S66.000x003,腕和手拇指长屈肌腱损伤,表 6-3-193
6957,S66.000x004,腕部拇指长屈肌和肌腱损伤,表 6-3-193
6958,S66.000x005,腕部拇指长屈肌损伤,表 6-3-193
6959,S66.000x006,腕部拇指长屈肌腱损伤,表 6-3-193
6960,S66.000x007,手部拇指长屈肌和肌腱损伤,表 6-3-193
6961,S66.000x008,手部拇指长屈肌损伤,表 6-3-193
6962,S66.000x009,手部拇指长屈肌腱损伤,表 6-3-193
6963,S66.100x001,腕和手指屈肌和肌腱损伤,表 6-3-193
6964,S66.100x002,腕和手指屈肌损伤,表 6-3-193
6965,S66.100x003,腕和手指屈肌腱损伤,表 6-3-193
6966,S66.100x004,腕部指屈肌和肌腱损伤,表 6-3-193
6967,S66.100x005,腕部指屈肌损伤,表 6-3-193
6968,S66.100x006,腕部指屈肌腱损伤,表 6-3-193
6969,S66.100x007,手部指屈肌和肌腱损伤,表 6-3-193
6970,S66.100x008,手部指屈肌损伤,表 6-3-193
6971,S66.100x009,手部指屈肌腱损伤,表 6-3-193
6972,S66.200x001,腕和手拇指伸肌和肌腱损伤,表 6-3-193
6973,S66.200x002,腕和手拇指伸肌损伤,表 6-3-193
6974,S66.200x003,腕和手拇指伸肌腱损伤,表 6-3-193
6975,S66.200x004,腕部拇指伸肌和肌腱损伤,表 6-3-193
6976,S66.200x005,腕部拇指伸肌损伤,表 6-3-193
6977,S66.200x006,腕部拇指伸肌腱损伤,表 6-3-193
6978,S66.200x007,手部拇指伸肌和肌腱损伤,表 6-3-193
6979,S66.200x008,手部拇指伸肌损伤,表 6-3-193
6980,S66.200x009,手部拇指伸肌腱损伤,表 6-3-193
6981,S66.300x001,腕和手指伸肌和肌腱损伤,表 6-3-193
6982,S66.300x002,腕和手指伸肌损伤,表 6-3-193
6983,S66.300x003,腕和手指伸肌腱损伤,表 6-3-193
6984,S66.300x004,腕部指伸肌和肌腱损伤,表 6-3-193
6985,S66.300x005,腕部指伸肌损伤,表 6-3-193
6986,S66.300x006,腕部指伸肌腱损伤,表 6-3-193
6987,S66.300x007,手部指伸肌和肌腱损伤,表 6-3-193
6988,S66.300x008,手部指伸肌损伤,表 6-3-193
6989,S66.300x009,手部指伸肌腱损伤,表 6-3-193
6990,S66.400x001,腕和手拇指内在肌和肌腱损伤,表 6-3-193
6991,S66.400x002,腕和手拇指内在肌损伤,表 6-3-193
6992,S66.400x003,腕和手拇指内在肌腱损伤,表 6-3-193
6993,S66.400x004,腕部拇指内在肌和肌腱损伤,表 6-3-193
6994,S66.400x005,腕部拇指内在肌损伤,表 6-3-193
6995,S66.400x006,腕部拇指内在肌腱损伤,表 6-3-193
6996,S66.400x007,手部拇指内在肌和肌腱损伤,表 6-3-193
6997,S66.400x008,手部拇指内在肌损伤,表 6-3-193
6998,S66.400x009,手部拇指内在肌腱损伤,表 6-3-193
6999,S66.500x001,腕和手指内在肌和肌腱损伤,表 6-3-193
7000,S66.500x002,腕和手指内在肌损伤,表 6-3-193
7001,S66.500x003,腕和手指内在肌腱损伤,表 6-3-193
7002,S66.500x004,腕部指内在肌和肌腱损伤,表 6-3-193
7003,S66.500x005,腕部指内在肌损伤,表 6-3-193
7004,S66.500x006,腕部指内在肌腱损伤,表 6-3-193
7005,S66.500x007,手部指内在肌和肌腱损伤,表 6-3-193
7006,S66.500x008,手部指内在肌损伤,表 6-3-193
7007,S66.500x009,手部指内在肌腱损伤,表 6-3-193
7008,S66.600x001,腕和手多处屈肌和肌腱损伤,表 6-3-193
7009,S66.601,多发性手屈肌断裂,表 6-3-193
7010,S66.700x001,腕和手多处伸肌和肌腱损伤,表 6-3-193
7011,S66.800,在腕和手水平的其他肌肉和肌腱的损伤,表 6-3-193
7012,S66.900x001,腕和手肌肉和肌腱损伤,表 6-3-193
7013,S66.900x002,腕部肌肉损伤,表 6-3-193
7014,S66.900x003,手部肌肉损伤,表 6-3-193
7015,S66.900x004,手指肌肉损伤,表 6-3-193
7016,S67.000x001,拇指挤压伤,表 6-3-193
7017,S67.000x003,手指碾挫伤,表 6-3-193
7018,S67.001,手指挤压伤,表 6-3-193
7019,S67.800x001,腕部挤压伤,表 6-3-193
7020,S67.800x003,手部碾挫伤,表 6-3-193
7021,S67.801,手挤压伤,表 6-3-193
7022,S69.700,腕和手多处损伤,表 6-3-193
7023,S69.800,腕和手其他特指的损伤,表 6-3-193
7024,S69.900x001,腕部损伤,表 6-3-193
7025,S69.900x002,手部损伤,表 6-3-193
7026,S69.900x003,拇指损伤,表 6-3-193
7027,S69.900x004,手指损伤,表 6-3-193
7028,S71.000,髋开放性伤口,表 6-3-194
7029,S71.100,大腿开放性伤口,表 6-3-194
7030,S71.101,大腿撕脱伤,表 6-3-194
7031,S71.700,髋和大腿多处开放性伤口,表 6-3-194
7032,S71.800x011,髋部开放性损伤伴骨折,表 6-3-194
7033,S71.800x012,股部开放性损伤伴骨折,表 6-3-194
7034,S71.800x021,髋部开放性损伤伴脱位,表 6-3-194
7035,S71.800x022,股部开放性损伤伴脱位,表 6-3-194
7036,S71.801,开放性骨盆带损伤,表 6-3-194
7037,S72.000,股骨颈骨折,表 6-3-194
7038,S72.000x011,股骨关节囊内骨折,表 6-3-194
7039,S72.000x021,股骨头骨骺分离,表 6-3-194
7040,S72.000x031,股骨颈头下骨折,表 6-3-194
7041,S72.000x041,股骨颈经颈骨折,表 6-3-194
7042,S72.000x051,股骨颈基底骨折,表 6-3-194
7043,S72.000x081,股骨头骨折,表 6-3-194
7044,S72.000x082,股骨髋部骨折,表 6-3-194
7045,S72.010,开放性股骨颈骨折,表 6-3-194
7046,S72.100x001,股骨大粗隆骨折,表 6-3-194
7047,S72.100x002,股骨小粗隆骨折,表 6-3-194
7048,S72.101,股骨粗隆间骨折,表 6-3-194
7049,S72.110,开放性股骨粗隆间骨折,表 6-3-194
7050,S72.200x001,股骨粗隆下骨折,表 6-3-194
7051,S72.210,开放性股骨粗隆下骨折,表 6-3-194
7052,S72.300,股骨干骨折,表 6-3-194
7053,S72.310,开放性股骨干骨折,表 6-3-194
7054,S72.400x001,股骨远端骨折,表 6-3-194
7055,S72.400x012,股骨内髁骨折,表 6-3-194
7056,S72.400x013,股骨外髁骨折,表 6-3-194
7057,S72.400x021,股骨远端骨骺分离,表 6-3-194
7058,S72.400x031,股骨髁上骨折,表 6-3-194
7059,S72.400x041,股骨髁间骨折,表 6-3-194
7060,S72.401,股骨髁骨折,表 6-3-194
7061,S72.410,开放性股骨下端骨折,表 6-3-194
7062,S72.700,股骨多处骨折,表 6-3-194
7063,S72.710,开放性多发性股骨骨折,表 6-3-194
7064,S72.800,股骨其他部位的骨折,表 6-3-194
7065,S72.810,开放性股骨特指部位骨折,表 6-3-194
7066,S72.900,股骨骨折,表 6-3-194
7067,S72.900x002,股骨骨骺分离,表 6-3-194
7068,S72.910,开放性股骨骨折,表 6-3-194
7069,S73.000,髋脱位,表 6-3-194
7070,S73.000x003,髋臼脱位,表 6-3-194
7071,S73.000x011,髋关节后脱位,表 6-3-194
7072,S73.000x021,髋关节前脱位,表 6-3-194
7073,S73.001,髋关节半脱位,表 6-3-194
7074,S73.100,髋扭伤和劳损,表 6-3-194
7075,S73.100x002,创伤性髋关节积血,表 6-3-194
7076,S73.100x011,髂股韧带扭伤,表 6-3-194
7077,S73.100x021,髂关节囊韧带扭伤,表 6-3-194
7078,S73.101,髋扭伤,表 6-3-194
7079,S74.000x001,坐骨神经损伤,表 6-3-194
7080,S74.000x002,髋部坐骨神经损伤,表 6-3-194
7081,S74.000x003,大腿坐骨神经损伤,表 6-3-194
7082,S74.100x001,股神经损伤,表 6-3-194
7083,S74.100x002,髋部股神经损伤,表 6-3-194
7084,S74.100x003,大腿股神经损伤,表 6-3-194
7085,S74.200x001,髋部皮感觉神经损伤,表 6-3-194
7086,S74.200x002,大腿皮感觉神经损伤,表 6-3-194
7087,S74.700x001,髋部多处神经损伤,表 6-3-194
7088,S74.700x002,大腿多处神经损伤,表 6-3-194
7089,S74.801,闭孔神经损伤,表 6-3-194
7090,S74.900x001,髋部神经损伤,表 6-3-194
7091,S74.900x002,大腿神经损伤,表 6-3-194
7092,S75.000,股动脉损伤,表 6-3-194
7093,S75.000x002,股浅动脉损伤,表 6-3-194
7094,S75.000x003,股深动脉损伤,表 6-3-194
7095,S75.000x004,创伤性股动脉瘤,表 6-3-194
7096,S75.000x005,创伤性股假性动脉瘤,表 6-3-194
7097,S75.001,创伤性股深动脉破裂,表 6-3-194
7098,S75.100x001,股静脉损伤,表 6-3-194
7099,S75.100x002,髋部股静脉损伤,表 6-3-194
7100,S75.100x003,大腿股静脉损伤,表 6-3-194
7101,S75.200,在髋和大腿水平的大隐静脉损伤,表 6-3-194
7102,S75.200x001,大腿大隐静脉损伤,表 6-3-194
7103,S75.700x001,髋部多处血管损伤,表 6-3-194
7104,S75.700x002,大腿多处血管损伤,表 6-3-194
7105,S75.800,在髋和大腿水平的其他血管损伤,表 6-3-194
7106,S75.900x001,髋部血管损伤,表 6-3-194
7107,S75.900x002,大腿血管损伤,表 6-3-194
7108,S75.901,创伤性股动静脉瘘,表 6-3-194
7109,S76.000x002,髋部肌肉损伤,表 6-3-194
7110,S76.000x003,髋部肌腱损伤,表 6-3-194
7111,S76.100x001,股四头肌和肌腱损伤,表 6-3-194
7112,S76.100x002,股四头肌肌肉损伤,表 6-3-194
7113,S76.100x003,股四头肌肌腱损伤,表 6-3-194
7114,S76.100x004,髌腱断裂,表 6-3-194
7115,S76.101,股四头肌腱断裂,表 6-3-194
7116,S76.102,髌韧带损伤,表 6-3-194
7117,S76.200x002,大腿内收肌肌肉损伤,表 6-3-194
7118,S76.200x003,大腿内收肌肌腱损伤,表 6-3-194
7119,S76.300x001,大腿后部肌群和肌腱损伤,表 6-3-194
7120,S76.300x002,大腿后部肌群肌肉损伤,表 6-3-194
7121,S76.301,大腿后部肌腱损伤,表 6-3-194
7122,S76.401,大腿肌腱损伤,表 6-3-194
7123,S76.402,大腿肌断裂,表 6-3-194
7124,S76.700x001,髋和大腿多处肌肉和肌腱损伤,表 6-3-194
7125,S77.000,髋部挤压伤,表 6-3-194
7126,S77.100,大腿挤压伤,表 6-3-194
7127,S77.200,髋伴有大腿挤压伤,表 6-3-194
7128,S78.000,髋部创伤性切断,表 6-3-194
7129,S78.100x001,大腿部切断,表 6-3-194
7130,S78.900,髋和大腿水平的创伤性切断,表 6-3-194
7131,S79.700,髋和大腿多处损伤,表 6-3-194
7132,S79.701,多发性大腿损伤,表 6-3-194
7133,S79.800,髋和大腿其他特指的损伤,表 6-3-194
7134,S79.800x001,髋关节周围软组织损伤,表 6-3-194
7135,S79.900x001,髋部损伤,表 6-3-194
7136,S79.901,大腿损伤,表 6-3-194
7137,S79.902,髋周软组织损伤,表 6-3-194
7138,S80.100x002,小腿血肿,表 6-3-195
7139,S80.101,小腿挫伤,表 6-3-195
7140,S81.000,膝开放性伤口,表 6-3-195
7141,S81.700,小腿多处开放性伤口,表 6-3-195
7142,S81.800x011,小腿开放性损伤伴骨折,表 6-3-195
7143,S81.800x021,小腿开放性损伤伴脱位,表 6-3-195
7144,S81.800x081,腓部开放性损伤,表 6-3-195
7145,S81.800x082,腘窝开放性损伤,表 6-3-195
7146,S81.800x083,胫部开放性损伤,表 6-3-195
7147,S81.900,小腿开放性伤口,表 6-3-195
7148,S81.901,小腿撕脱伤,表 6-3-195
7149,S82.000,髌骨骨折,表 6-3-195
7150,S82.000x002,髌骨软骨骨折,表 6-3-195
7151,S82.000x004,髌骨袖套状骨折,表 6-3-195
7152,S82.010,开放性髌骨骨折,表 6-3-195
7153,S82.100x011,胫骨近端骨折伴腓骨骨折,表 6-3-195
7154,S82.100x012,胫骨平台伴腓骨骨折,表 6-3-195
7155,S82.100x081,胫骨近端骨折,表 6-3-195
7156,S82.100x082,胫骨近端骨骺分离,表 6-3-195
7157,S82.100x084,胫骨髁骨折,表 6-3-195
7158,S82.100x085,胫骨髁间棘骨折,表 6-3-195
7159,S82.100x086,胫骨外髁骨折,表 6-3-195
7160,S82.100x087,胫骨平台骨折,表 6-3-195
7161,S82.100x088,胫骨平台伴髁间骨折,表 6-3-195
7162,S82.100x089,胫骨结节骨折,表 6-3-195
7163,S82.101,闭合性胫骨平台骨折,表 6-3-195
7164,S82.102,胫骨头骨折,表 6-3-195
7165,S82.110,开放性胫骨上端骨折,表 6-3-195
7166,S82.111,开放性胫骨头骨折,表 6-3-195
7167,S82.200x011,胫骨干骨折伴腓骨骨折,表 6-3-195
7168,S82.200x081,胫骨干骨折,表 6-3-195
7169,S82.201,胫腓骨干骨折,表 6-3-195
7170,S82.202,胫骨骨折,表 6-3-195
7171,S82.203,胫腓骨闭合性骨折,表 6-3-195
7172,S82.210,开放性胫骨骨干骨折,表 6-3-195
7173,S82.211,开放性胫骨骨折,表 6-3-195
7174,S82.212,开放性胫腓骨干骨折,表 6-3-195
7175,S82.300x011,胫骨远端骨折伴腓骨骨折,表 6-3-195
7176,S82.300x012,胫腓骨下端骨骺分离,表 6-3-195
7177,S82.300x081,胫骨远端骨折,表 6-3-195
7178,S82.300x082,胫骨远端骨骺分离,表 6-3-195
7179,S82.300x083,Pilon骨折,表 6-3-195
7180,S82.301,胫腓骨下端骨折,表 6-3-195
7181,S82.310,开放性胫骨下端骨折,表 6-3-195
7182,S82.311,开放性胫腓骨下端骨折,表 6-3-195
7183,S82.400x001,腓骨骨折,表 6-3-195
7184,S82.400x002,腓骨远端骨骺分离,表 6-3-195
7185,S82.400x011,腓骨近端骨折,表 6-3-195
7186,S82.400x012,腓骨头骨折,表 6-3-195
7187,S82.400x013,腓骨颈骨折,表 6-3-195
7188,S82.400x014,腓骨小头骨折,表 6-3-195
7189,S82.400x091,腓骨多发性骨折,表 6-3-195
7190,S82.401,腓骨干骨折,表 6-3-195
7191,S82.410,开放性腓骨骨折,表 6-3-195
7192,S82.411,开放性腓骨干骨折,表 6-3-195
7193,S82.500,内踝骨折,表 6-3-195
7194,S82.500x001,胫骨骨折伴踝骨折,表 6-3-195
7195,S82.501,胫骨骨折累及踝关节,表 6-3-195
7196,S82.510,开放性内踝骨折,表 6-3-195
7197,S82.600,外踝骨折,表 6-3-195
7198,S82.600x001,腓骨骨折伴踝骨折,表 6-3-195
7199,S82.601,腓骨骨折累及踝关节,表 6-3-195
7200,S82.610,开放性外踝骨折,表 6-3-195
7201,S82.700,小腿多处骨折,表 6-3-195
7202,S82.710,开放性多发性小腿骨折,表 6-3-195
7203,S82.800x081,踝骨骨折,表 6-3-195
7204,S82.800x082,踝关节骨折,表 6-3-195
7205,S82.801,三踝骨折,表 6-3-195
7206,S82.802,双踝骨折,表 6-3-195
7207,S82.803,踝骨闭合性骨折,表 6-3-195
7208,S82.810,开放性小腿特指部位骨折,表 6-3-195
7209,S82.811,开放性三踝骨折,表 6-3-195
7210,S82.812,开放性双踝骨折,表 6-3-195
7211,S82.900,小腿骨折,表 6-3-195
7212,S82.910,开放性小腿骨折,表 6-3-195
7213,S83.000,髌骨脱位,表 6-3-195
7214,S83.001,髌骨半脱位,表 6-3-195
7215,S83.100,膝关节脱位,表 6-3-195
7216,S83.100x011,胫骨近端前脱位,表 6-3-195
7217,S83.100x012,股骨远端后脱位,表 6-3-195
7218,S83.100x021,胫骨近端后脱位,表 6-3-195
7219,S83.100x031,胫骨近端内侧脱位,表 6-3-195
7220,S83.100x041,胫骨近端外侧脱位,表 6-3-195
7221,S83.100x081,胫腓关节脱位,表 6-3-195
7222,S83.101,膝关节半脱位,表 6-3-195
7223,S83.102,胫腓关节近端脱位,表 6-3-195
7224,S83.200x001,膝半月板撕裂,表 6-3-195
7225,S83.200x002,膝外侧半月板桶柄状撕裂,表 6-3-195
7226,S83.200x003,膝内侧半月板桶柄状撕裂,表 6-3-195
7227,S83.200x004,膝半月板桶柄状撕裂,表 6-3-195
7228,S83.200x005,膝内侧半月板撕裂,表 6-3-195
7229,S83.200x006,膝外侧半月板撕裂,表 6-3-195
7230,S83.201,膝内侧半月板损伤,表 6-3-195
7231,S83.202,膝外侧半月板损伤,表 6-3-195
7232,S83.300x001,膝关节软骨撕裂,表 6-3-195
7233,S83.400x001,膝关节副韧带扭伤,表 6-3-195
7234,S83.400x002,膝关节副韧带断裂,表 6-3-195
7235,S83.400x003,膝关节副韧带损伤,表 6-3-195
7236,S83.400x011,膝关节外侧副韧带扭伤,表 6-3-195
7237,S83.400x012,膝关节外侧副韧带损伤,表 6-3-195
7238,S83.400x021,膝关节内侧副韧带扭伤,表 6-3-195
7239,S83.400x022,膝关节内侧副韧带损伤,表 6-3-195
7240,S83.400x031,膝关节外侧副韧带部分断裂,表 6-3-195
7241,S83.400x032,膝关节外侧副韧带完全断裂,表 6-3-195
7242,S83.400x041,膝关节内侧副韧带部分断裂,表 6-3-195
7243,S83.400x042,膝关节内侧副韧带完全断裂,表 6-3-195
7244,S83.401,膝关节副韧带劳损,表 6-3-195
7245,S83.500x001,膝关节十字韧带断裂,表 6-3-195
7246,S83.500x002,膝关节十字韧带扭伤,表 6-3-195
7247,S83.500x003,膝关节十字韧带损伤,表 6-3-195
7248,S83.500x011,膝关节前十字韧带扭伤,表 6-3-195
7249,S83.500x012,膝关节前十字韧带损伤,表 6-3-195
7250,S83.500x021,膝关节后十字韧带扭伤,表 6-3-195
7251,S83.500x022,膝关节后十字韧带损伤,表 6-3-195
7252,S83.500x031,膝关节前十字韧带部分断裂,表 6-3-195
7253,S83.500x032,膝关节前十字韧带完全断裂,表 6-3-195
7254,S83.500x041,膝关节后十字韧带部分断裂,表 6-3-195
7255,S83.500x042,膝关节后十字韧带完全断裂,表 6-3-195
7256,S83.501,膝关节十字韧带劳损,表 6-3-195
7257,S83.600x002,膝关节损伤,表 6-3-195
7258,S83.600x003,创伤性膝关节积血,表 6-3-195
7259,S83.600x004,胫腓近端关节扭伤,表 6-3-195
7260,S83.600x005,胫腓近端关节损伤,表 6-3-195
7261,S83.600x006,胫腓近端韧带扭伤,表 6-3-195
7262,S83.600x007,胫腓近端韧带损伤,表 6-3-195
7263,S83.601,膝关节扭伤,表 6-3-195
7264,S83.602,胫腓韧带上端撕裂,表 6-3-195
7265,S83.603,上胫腓关节扭伤,表 6-3-195
7266,S83.700x001,膝外侧半月板伴副韧带损伤,表 6-3-195
7267,S83.700x002,膝外侧半月板伴十字韧带损伤,表 6-3-195
7268,S83.700x003,膝关节多处损伤,表 6-3-195
7269,S83.700x004,膝内侧半月板伴副韧带损伤,表 6-3-195
7270,S83.700x005,膝内侧半月板伴十字韧带损伤,表 6-3-195
7271,S83.700x006,膝关节多处韧带损伤,表 6-3-195
7272,S84.000x001,胫后神经损伤,表 6-3-195
7273,S84.000x002,胫神经损伤,表 6-3-195
7274,S84.100x001,腓神经损伤,表 6-3-195
7275,S84.200x001,小腿皮感觉神经损伤,表 6-3-195
7276,S84.700x001,小腿多处神经损伤,表 6-3-195
7277,S84.800x001,腓总神经损伤,表 6-3-195
7278,S84.800x002,腓肠神经损伤,表 6-3-195
7279,S84.900x001,小腿神经损伤,表 6-3-195
7280,S85.000,腘动脉损伤,表 6-3-195
7281,S85.100x001,胫动脉损伤,表 6-3-195
7282,S85.100x002,胫前动脉损伤,表 6-3-195
7283,S85.101,胫后动脉损伤,表 6-3-195
7284,S85.102,创伤性胫后动脉血栓形成,表 6-3-195
7285,S85.200,腓动脉损伤,表 6-3-195
7286,S85.300x001,小腿大隐静脉损伤,表 6-3-195
7287,S85.400x001,小腿小隐静脉损伤,表 6-3-195
7288,S85.500,腘静脉损伤,表 6-3-195
7289,S85.700x001,小腿多处血管损伤,表 6-3-195
7290,S85.800x001,胫后血管损伤,表 6-3-195
7291,S85.801,创伤性胫后动静脉损伤,表 6-3-195
7292,S85.900x001,小腿血管损伤,表 6-3-195
7293,S86.001,跟腱断裂,表 6-3-195
7294,S86.100x001,小腿后部肌群和肌腱损伤,表 6-3-195
7295,S86.100x002,小腿后部肌群肌肉损伤,表 6-3-195
7296,S86.100x003,小腿后部肌群肌腱损伤,表 6-3-195
7297,S86.200x002,小腿前部肌群肌腱损伤,表 6-3-195
7298,S86.201,小腿水平前部肌群肌腱损伤,表 6-3-195
7299,S86.300x001,腓侧肌群和肌腱损伤,表 6-3-195
7300,S86.300x002,腓侧肌群肌肉损伤,表 6-3-195
7301,S86.300x003,腓侧肌群肌腱损伤,表 6-3-195
7302,S86.300x004,腓肠肌断裂,表 6-3-195
7303,S86.300x005,腓骨长短肌损伤,表 6-3-195
7304,S86.300x006,创伤性腓骨肌腱滑脱,表 6-3-195
7305,S86.301,小腿水平腓侧肌群肌腱损伤,表 6-3-195
7306,S86.700x001,小腿多处肌肉和肌腱损伤,表 6-3-195
7307,S86.700x002,胫腓肌腱断裂,表 6-3-195
7308,S86.701,小腿水平多发性肌腱损伤,表 6-3-195
7309,S86.800,在小腿水平的其他肌肉和肌腱损伤,表 6-3-195
7310,S86.901,小腿水平肌肉损伤,表 6-3-195
7311,S87.000,膝挤压伤,表 6-3-195
7312,S87.801,小腿挤压伤,表 6-3-195
7313,S88.000x001,膝部切断,表 6-3-195
7314,S88.100x001,小腿部切断,表 6-3-195
7315,S88.900,小腿水平的创伤性切断,表 6-3-195
7316,S89.700,小腿多处损伤,表 6-3-195
7317,S89.800,小腿其他特指的损伤,表 6-3-195
7318,S89.900,小腿损伤,表 6-3-195
7319,S90.900x002,踝部浅表损伤,表 6-3-196
7320,S90.900x003,足部浅表损伤,表 6-3-196
7321,S90.901,趾甲血肿,表 6-3-196
7322,S91.000,踝开放性伤口,表 6-3-196
7323,S91.100,趾开放性伤口不伴有趾甲损坏,表 6-3-196
7324,S91.200,趾开放性伤口伴有趾甲损坏,表 6-3-196
7325,S91.300x002,足部套脱伤,表 6-3-196
7326,S91.300x003,跟部开放性损伤,表 6-3-196
7327,S91.300x811,踝和足开放性损伤伴骨折,表 6-3-196
7328,S91.300x812,踝部开放性损伤伴骨折,表 6-3-196
7329,S91.300x813,足部开放性损伤伴骨折,表 6-3-196
7330,S91.300x821,踝和足开放性损伤伴脱位,表 6-3-196
7331,S91.300x822,踝部开放性损伤伴脱位,表 6-3-196
7332,S91.300x823,足部开放性损伤伴脱位,表 6-3-196
7333,S91.301,开放性足损伤,表 6-3-196
7334,S91.302,足部皮肤撕裂伤,表 6-3-196
7335,S91.303,足裂伤,表 6-3-196
7336,S91.700x002,踝部多处开放性损伤,表 6-3-196
7337,S91.700x003,足部多处开放性损伤,表 6-3-196
7338,S92.000,跟骨骨折,表 6-3-196
7339,S92.010,开放性跟骨骨折,表 6-3-196
7340,S92.100,距骨骨折,表 6-3-196
7341,S92.101,距骨颈骨折,表 6-3-196
7342,S92.110,开放性距骨骨折,表 6-3-196
7343,S92.200x001,跗骨骨折,表 6-3-196
7344,S92.200x081,跗间关节骨折,表 6-3-196
7345,S92.201,骰骨骨折,表 6-3-196
7346,S92.202,足舟状骨骨折,表 6-3-196
7347,S92.203,楔状骨骨折(足),表 6-3-196
7348,S92.210,开放性特指跗骨骨折,表 6-3-196
7349,S92.300,跖骨骨折,表 6-3-196
7350,S92.300x001,跖跗关节骨折,表 6-3-196
7351,S92.300x003,跖骨基底骨折,表 6-3-196
7352,S92.300x004,跖骨骨骺损伤,表 6-3-196
7353,S92.310,开放性跖骨骨折,表 6-3-196
7354,S92.400,拇趾骨折,表 6-3-196
7355,S92.410,开放性拇趾骨折,表 6-3-196
7356,S92.500x001,趾骨骨折,表 6-3-196
7357,S92.500x002,趾骨骨骺损伤,表 6-3-196
7358,S92.510,开放性特指趾骨骨折,表 6-3-196
7359,S92.700,足多处骨折,表 6-3-196
7360,S92.710,开放性多发性足骨折,表 6-3-196
7361,S92.900,足骨折,表 6-3-196
7362,S92.910,开放性足骨折,表 6-3-196
7363,S93.000,踝关节脱位,表 6-3-196
7364,S93.000x004,距骨脱位,表 6-3-196
7365,S93.000x005,腓骨脱位,表 6-3-196
7366,S93.001,踝关节半脱位,表 6-3-196
7367,S93.002,胫距关节脱位,表 6-3-196
7368,S93.003,胫腓远端关节脱位,表 6-3-196
7369,S93.100x001,趾骨脱位,表 6-3-196
7370,S93.101,趾关节脱位,表 6-3-196
7371,S93.102,跖趾关节半脱位,表 6-3-196
7372,S93.103,跖趾关节脱位,表 6-3-196
7373,S93.200x001,踝和足韧带断裂,表 6-3-196
7374,S93.200x002,踝部韧带断裂,表 6-3-196
7375,S93.200x003,足部韧带断裂,表 6-3-196
7376,S93.200x004,踝距腓前韧带断裂,表 6-3-196
7377,S93.200x005,跟腓韧带断裂,表 6-3-196
7378,S93.300x011,跗骨脱位,表 6-3-196
7379,S93.300x021,中跗关节脱位,表 6-3-196
7380,S93.300x031,跗跖关节骨折脱位[Lisfranc骨折脱位],表 6-3-196
7381,S93.300x032,跗跖关节脱位,表 6-3-196
7382,S93.300x081,距舟关节脱位,表 6-3-196
7383,S93.301,足部脱位,表 6-3-196
7384,S93.302,跖骨脱位,表 6-3-196
7385,S93.303,足舟骨脱位,表 6-3-196
7386,S93.400,踝扭伤和劳损,表 6-3-196
7387,S93.400x002,踝关节损伤,表 6-3-196
7388,S93.400x003,创伤性踝关节积血,表 6-3-196
7389,S93.400x004,踝内侧副韧带扭伤,表 6-3-196
7390,S93.400x012,踝三角韧带损伤,表 6-3-196
7391,S93.400x021,跟腓韧带扭伤,表 6-3-196
7392,S93.400x022,跟腓韧带损伤,表 6-3-196
7393,S93.400x031,胫腓远端韧带扭伤,表 6-3-196
7394,S93.400x032,胫腓远端韧带损伤,表 6-3-196
7395,S93.401,踝关节扭伤,表 6-3-196
7396,S93.402,踝内侧副韧带损伤,表 6-3-196
7397,S93.403,三角韧带断裂,表 6-3-196
7398,S93.404,三角韧带扭伤,表 6-3-196
7399,S93.405,胫腓韧带远端撕裂,表 6-3-196
7400,S93.500,足趾扭伤和劳损,表 6-3-196
7401,S93.500x001,趾间关节扭伤,表 6-3-196
7402,S93.500x002,趾间关节损伤,表 6-3-196
7403,S93.500x003,跖趾关节扭伤,表 6-3-196
7404,S93.500x004,跖趾关节损伤,表 6-3-196
7405,S93.500x005,足趾扭伤,表 6-3-196
7406,S93.500x006,足趾损伤,表 6-3-196
7407,S93.600x001,跗骨韧带扭伤,表 6-3-196
7408,S93.600x002,跗骨韧带损伤,表 6-3-196
7409,S93.600x003,跗跖韧带扭伤,表 6-3-196
7410,S93.600x004,跗跖韧带损伤,表 6-3-196
7411,S93.601,足扭伤,表 6-3-196
7412,S94.000,足底外侧神经损伤,表 6-3-196
7413,S94.100,足底内侧神经损伤,表 6-3-196
7414,S94.200x001,踝和足腓深神经损伤,表 6-3-196
7415,S94.200x002,腓深神经外侧支末端损伤,表 6-3-196
7416,S94.300x001,踝和足皮感觉神经损伤,表 6-3-196
7417,S94.700x001,踝和足多处神经损伤,表 6-3-196
7418,S94.800x001,趾神经损伤,表 6-3-196
7419,S94.900x001,踝和足神经损伤,表 6-3-196
7420,S95.000,足背动脉损伤,表 6-3-196
7421,S95.100,足底动脉损伤,表 6-3-196
7422,S95.200,足背静脉损伤,表 6-3-196
7423,S95.700x001,踝和足多处血管损伤,表 6-3-196
7424,S95.800,在踝和足水平的其他血管损伤,表 6-3-196
7425,S95.900x001,踝和足血管损伤,表 6-3-196
7426,S96.000x001,踝和足趾长屈肌和肌腱损伤,表 6-3-196
7427,S96.100x001,踝和足趾长伸肌和肌腱损伤,表 6-3-196
7428,S96.100x002,足拇长肌腱损伤,表 6-3-196
7429,S96.101,足拇长伸肌腱断裂,表 6-3-196
7430,S96.102,趾伸肌腱断裂,表 6-3-196
7431,S96.200x001,踝和足内在肌和肌腱损伤,表 6-3-196
7432,S96.700x001,踝和足多处肌肉和肌腱损伤,表 6-3-196
7433,S96.701,踝和足水平多发性肌腱损伤,表 6-3-196
7434,S96.800x001,踝部胫后肌腱损伤,表 6-3-196
7435,S96.800x002,趾肌腱损伤,表 6-3-196
7436,S96.801,趾肌腱断裂,表 6-3-196
7437,S96.900x002,踝和足肌肉和肌腱损伤,表 6-3-196
7438,S97.000,踝挤压伤,表 6-3-196
7439,S97.100,足趾挤压伤,表 6-3-196
7440,S97.800x002,踝和足挤压伤,表 6-3-196
7441,S97.801,足挤压伤,表 6-3-196
7442,S99.700x001,足部多处损伤,表 6-3-196
7443,S99.700x002,踝部多处损伤,表 6-3-196
7444,S99.800x001,足部软组织撕脱伤,表 6-3-196
7445,S99.900x001,足部损伤,表 6-3-196
7446,S99.900x002,踝部损伤,表 6-3-196
7447,T01.000x001,头和颈开放性损伤,表 6-3-197
7448,T01.100x001,胸伴腹和下背及骨盆开放性损伤,表 6-3-197
7449,T01.101,开放性胸腹损伤,表 6-3-197
7450,T01.200x001,上肢多处开放性损伤,表 6-3-197
7451,T01.300x001,下肢多处开放性损伤,表 6-3-197
7452,T01.301,下肢皮肤套脱伤,表 6-3-197
7453,T01.302,下肢多处裂伤,表 6-3-197
7454,T01.600x001,上肢和下肢多处开放性损伤,表 6-3-197
7455,T01.800x001,身体复合部位的开放性损伤,表 6-3-197
7456,T01.900,多处开放性伤口,表 6-3-197
7457,T01.901,多发性穿刺伤,表 6-3-197
7458,T01.902,多发性动物咬伤,表 6-3-197
7459,T01.903,多发性切割伤,表 6-3-197
7460,T01.904,多发性撕裂伤,表 6-3-197
7461,T02.000x001,头和颈骨折,表 6-3-197
7462,T02.010,开放性头部伴颈部骨折,表 6-3-197
7463,T02.100x001,躯干多发性骨折,表 6-3-197
7464,T02.200x001,单上肢多发性骨折,表 6-3-197
7465,T02.210,开放性多发性单上肢骨折,表 6-3-197
7466,T02.300x001,单下肢多发性骨折,表 6-3-197
7467,T02.310,开放性多发性单下肢骨折,表 6-3-197
7468,T02.400x001,双上肢多发性骨折,表 6-3-197
7469,T02.410,开放性多发性双上肢骨折,表 6-3-197
7470,T02.500x001,双下肢多发性骨折,表 6-3-197
7471,T02.510,开放性多发性双下肢骨折,表 6-3-197
7472,T02.600x001,上肢伴下肢多发性骨折,表 6-3-197
7473,T02.610,开放性多发性肢体骨折,表 6-3-197
7474,T02.700x001,胸伴下背和骨盆及四肢骨折,表 6-3-197
7475,T02.800x001,身体复合部位的骨折,表 6-3-197
7476,T02.810,开放性身体特指复合部位骨折,表 6-3-197
7477,T02.900,多处骨折,表 6-3-197
7478,T02.910,开放性多发性骨折,表 6-3-197
7479,T03.000x001,头和颈脱位,表 6-3-197
7480,T03.000x002,头和颈扭伤,表 6-3-197
7481,T03.000x003,头和颈损伤,表 6-3-197
7482,T03.100x001,胸伴下背及骨盆脱位,表 6-3-197
7483,T03.100x002,胸伴下背及骨盆扭伤,表 6-3-197
7484,T03.100x003,胸伴下背及骨盆损伤,表 6-3-197
7485,T03.200x001,上肢多处脱位,表 6-3-197
7486,T03.200x002,上肢多处扭伤,表 6-3-197
7487,T03.200x003,上肢多处损伤,表 6-3-197
7488,T03.300x001,下肢多处脱位,表 6-3-197
7489,T03.300x002,下肢多处扭伤,表 6-3-197
7490,T03.300x003,下肢多处损伤,表 6-3-197
7491,T03.400x001,上肢和下肢多处脱位,表 6-3-197
7492,T03.400x002,上肢和下肢多处扭伤,表 6-3-197
7493,T03.400x003,上肢和下肢多处损伤,表 6-3-197
7494,T03.800x001,身体复合部位的脱位,表 6-3-197
7495,T03.800x002,身体复合部位的扭伤,表 6-3-197
7496,T03.900,多处脱位、扭伤和劳损,表 6-3-197
7497,T03.900x001,多处脱位,表 6-3-197
7498,T03.900x002,多处扭伤,表 6-3-197
7499,T06.100x001,多处神经和脊髓损伤,表 6-3-197
7500,T06.101,脊周围神经损伤,表 6-3-197
7501,T06.200x001,多处神经损伤,表 6-3-197
7502,T06.300x001,多处血管损伤,表 6-3-197
7503,T06.400x001,多处肌肉和肌腱损伤,表 6-3-197
7504,T06.400x002,多处肌肉损伤,表 6-3-197
7505,T06.401,多发性肌腱损伤,表 6-3-197
7506,T06.500x002,胸内器官伴腹内及盆腔器官损伤,表 6-3-197
7507,T06.501,多脏器损伤,表 6-3-197
7508,T06.800x001,身体复合部位的损伤,表 6-3-197
7509,T09.000,躯干浅表损伤,表 6-3-198
7510,T09.000x011,躯干浅表擦伤,表 6-3-198
7511,T09.000x021,躯干浅表水疱,表 6-3-198
7512,T09.000x031,躯干浅表昆虫咬伤,表 6-3-198
7513,T09.000x041,躯干浅表异物,表 6-3-198
7514,T09.000x051,躯干浅表挫伤,表 6-3-198
7515,T09.100,躯干开放性伤口,表 6-3-198
7516,T09.200,躯干关节和韧带脱位、扭伤和劳损,表 6-3-198
7517,T09.200x001,躯干关节和韧带脱位,表 6-3-198
7518,T09.200x002,躯干关节脱位,表 6-3-198
7519,T09.200x003,躯干韧带脱位,表 6-3-198
7520,T09.200x004,躯干关节和韧带扭伤,表 6-3-198
7521,T09.200x005,躯干关节扭伤,表 6-3-198
7522,T09.200x006,躯干韧带扭伤,表 6-3-198
7523,T09.200x007,躯干关节和韧带损伤,表 6-3-198
7524,T09.200x008,躯干关节损伤,表 6-3-198
7525,T09.200x009,躯干韧带损伤,表 6-3-198
7526,T09.300,脊髓损伤,表 6-3-198
7527,T09.300x003,脊髓完全损伤,表 6-3-198
7528,T09.300x004,脊髓中央损伤综合征,表 6-3-198
7529,T09.300x005,脊髓前索综合征,表 6-3-198
7530,T09.300x006,脊髓后索综合征,表 6-3-198
7531,T09.300x007,脊髓血肿,表 6-3-198
7532,T09.301,创伤性截瘫,表 6-3-198
7533,T09.400,躯干神经、脊神经根和神经丛的损伤,表 6-3-198
7534,T09.400x001,脊神经损伤,表 6-3-198
7535,T09.400x002,脊神经根损伤,表 6-3-198
7536,T09.400x003,脊神经丛损伤,表 6-3-198
7537,T09.500,躯干肌肉和肌腱的损伤,表 6-3-198
7538,T09.500x002,躯干肌肉损伤,表 6-3-198
7539,T09.500x003,躯干肌腱损伤,表 6-3-198
7540,T09.600,躯干创伤性切断,表 6-3-198
7541,T09.800,躯干其他特指的损伤,表 6-3-198
7542,T09.900,躯干损伤,表 6-3-198
7543,T11.000,上肢浅表损伤,表 6-3-198
7544,T11.000x021,上肢浅表水疱,表 6-3-198
7545,T11.000x031,上肢浅表昆虫咬伤,表 6-3-198
7546,T11.000x041,上肢浅表异物,表 6-3-198
7547,T11.000x051,上肢浅表挫伤,表 6-3-198
7548,T11.001,上肢擦伤,表 6-3-198
7549,T11.100,上肢开放性伤口,表 6-3-198
7550,T11.101,上肢皮肤裂伤,表 6-3-198
7551,T11.102,上肢撕脱伤,表 6-3-198
7552,T11.200,上肢关节和韧带脱位、扭伤和劳损,表 6-3-198
7553,T11.200x001,上肢关节和韧带脱位,表 6-3-198
7554,T11.200x002,上肢关节脱位,表 6-3-198
7555,T11.200x003,上肢韧带脱位,表 6-3-198
7556,T11.200x004,上肢关节和韧带扭伤,表 6-3-198
7557,T11.200x005,上肢关节扭伤,表 6-3-198
7558,T11.200x006,上肢韧带扭伤,表 6-3-198
7559,T11.200x007,上肢关节和韧带损伤,表 6-3-198
7560,T11.200x008,上肢关节损伤,表 6-3-198
7561,T11.200x009,上肢韧带损伤,表 6-3-198
7562,T11.300,上肢神经的损伤,表 6-3-198
7563,T11.400,上肢血管的损伤,表 6-3-198
7564,T11.500,上肢肌肉和肌腱的损伤,表 6-3-198
7565,T11.500x002,上肢肌肉损伤,表 6-3-198
7566,T11.500x003,上肢肌腱损伤,表 6-3-198
7567,T11.600,上肢创伤性切断,表 6-3-198
7568,T11.600x001,臂创伤性切断,表 6-3-198
7569,T11.800,上肢其他特指的损伤,表 6-3-198
7570,T11.900,上肢损伤,表 6-3-198
7571,T13.000,下肢浅表损伤,表 6-3-198
7572,T13.000x011,下肢浅表擦伤,表 6-3-198
7573,T13.000x021,下肢浅表水疱,表 6-3-198
7574,T13.000x031,下肢浅表昆虫咬伤,表 6-3-198
7575,T13.000x041,下肢浅表异物,表 6-3-198
7576,T13.000x051,下肢浅表挫伤,表 6-3-198
7577,T13.001,下肢血肿,表 6-3-198
7578,T13.100,下肢开放性伤口,表 6-3-198
7579,T13.100x003,下肢撕脱伤,表 6-3-198
7580,T13.100x004,下肢剥脱伤,表 6-3-198
7581,T13.101,下肢皮肤撕裂伤,表 6-3-198
7582,T13.200x002,下肢关节脱位,表 6-3-198
7583,T13.200x003,下肢韧带脱位,表 6-3-198
7584,T13.200x005,下肢关节扭伤,表 6-3-198
7585,T13.200x006,下肢韧带扭伤,表 6-3-198
7586,T13.200x007,下肢关节和韧带损伤,表 6-3-198
7587,T13.200x008,下肢关节损伤,表 6-3-198
7588,T13.200x009,下肢韧带损伤,表 6-3-198
7589,T13.201,下肢关节和韧带脱位,表 6-3-198
7590,T13.202,下肢关节和韧带扭伤,表 6-3-198
7591,T13.203,下肢关节和韧带劳损,表 6-3-198
7592,T13.300,下肢神经的损伤,表 6-3-198
7593,T13.400,下肢血管的损伤,表 6-3-198
7594,T13.501,下肢肌肉损伤,表 6-3-198
7595,T13.502,下肢肌腱损伤,表 6-3-198
7596,T13.600,下肢创伤性切断,表 6-3-198
7597,T13.800,下肢其他特指的损伤,表 6-3-198
7598,T13.900,下肢损伤,表 6-3-198
7599,T14.000,浅表损伤,表 6-3-198
7600,T14.000x003,冲浪运动员结节,表 6-3-198
7601,T14.000x011,身体浅表擦伤,表 6-3-198
7602,T14.000x021,身体浅表水疱,表 6-3-198
7603,T14.000x031,身体浅表昆虫咬伤,表 6-3-198
7604,T14.000x041,身体浅表异物,表 6-3-198
7605,T14.001,皮肤挫伤,表 6-3-198
7606,T14.002,无毒蜘蛛咬伤,表 6-3-198
7607,T14.003,皮下血肿,表 6-3-198
7608,T14.101,皮肤裂伤,表 6-3-198
7609,T14.200,身体骨折,表 6-3-198
7610,T14.210,开放性骨折,表 6-3-198
7611,T14.300,脱位、扭伤和劳损,表 6-3-198
7612,T14.400,神经损伤,表 6-3-198
7613,T14.500,血管损伤,表 6-3-198
7614,T14.501,创伤性动脉瘤,表 6-3-198
7615,T14.601,肌腱损伤,表 6-3-198
7616,T14.602,肌肉损伤,表 6-3-198
7617,T14.701,挤压伤,表 6-3-198
7618,T14.702,创伤性切断,表 6-3-198
7619,T14.800,其他损伤,表 6-3-198
7620,T14.900,损伤,表 6-3-198
7621,T15.100x001,结膜异物,表 6-3-199
7622,T15.101,眼睑异物,表 6-3-199
7623,T17.300,喉内异物,表 6-3-199
7624,T17.801,多发性呼吸道异物,表 6-3-199
7625,T17.802,细支气管内异物,表 6-3-199
7626,T17.803,肺黏液栓塞,表 6-3-199
7627,T17.804,肺异物,表 6-3-199
7628,T18.200,胃内异物,表 6-3-199
7629,T18.400,结肠内异物,表 6-3-199
7630,T18.500x004,直肠乙状结肠连接部异物,表 6-3-199
7631,T18.501,肛门内异物,表 6-3-199
7632,T18.502,直肠内异物,表 6-3-199
7633,T18.801,多发性消化道异物,表 6-3-199
7634,T33.800x002,踝部浅表冻伤,表 6-3-203
7635,T33.800x003,足部浅表冻伤,表 6-3-203
7636,T36.500,氨基糖苷类中毒,表 6-3-204
7637,T36.500x003,链霉素中毒,表 6-3-204
7638,T36.501,丁胺卡那中毒,表 6-3-204
7639,T36.502,庆大霉素中毒,表 6-3-204
7640,T36.900,全身性抗生素中毒,表 6-3-204
7641,T36.900x001,抗生素中毒,表 6-3-204
7642,T38.100,甲状腺激素类及其代用品中毒,表 6-3-204
7643,T38.100x001,甲状腺激素及其衍生物中毒,表 6-3-204
7644,T38.300,胰岛素和口服降血糖[抗糖尿病]药中毒,表 6-3-204
7645,T38.300x001,医源性高胰岛素血症,表 6-3-204
7646,T38.300x003,口服抗糖尿病药中毒,表 6-3-204
7647,T38.301,胰岛素中毒,表 6-3-204
7648,T38.400,口服避孕药中毒,表 6-3-204
7649,T38.401,棉酚中毒,表 6-3-204
7650,T38.600,抗促性腺激素药、抗雌激素药、抗雄激素药中毒，不可归类在他处者,表 6-3-204
7651,T38.600x001,三苯氧胺中毒,表 6-3-204
7652,T41.100,静脉内麻醉药中毒,表 6-3-204
7653,T41.100x002,硫巴比妥盐类中毒,表 6-3-204
7654,T41.400,麻醉药中毒,表 6-3-204
7655,T42.500x001,混合型抗癫痫药中毒,表 6-3-204
7656,T42.600,镇癫痫药和镇静催眠药中毒，其他的,表 6-3-204
7657,T42.600x002,佐匹克隆中毒,表 6-3-204
7658,T42.600x004,丙戊酸钠中毒,表 6-3-204
7659,T42.600x005,丙戊酸中毒,表 6-3-204
7660,T42.600x006,苯乙哌啶酮类中毒,表 6-3-204
7661,T42.601,安眠酮中毒,表 6-3-204
7662,T42.602,芬那露中毒,表 6-3-204
7663,T44.000,抗胆碱酯酶剂中毒,表 6-3-204
7664,T44.001,吡啶斯明中毒,表 6-3-204
7665,T44.300,副交感神经抑制剂[抗胆碱能药和抗毒蕈碱药]和解痉药中毒，其他的，不可归类在他处者,表 6-3-204
7666,T44.301,阿托品中毒,表 6-3-204
7667,T44.302,莨菪碱类植物中毒,表 6-3-204
7668,T44.303,安坦中毒,表 6-3-204
7669,T45.000x001,抗过敏药中毒,表 6-3-204
7670,T45.001,止吐药中毒,表 6-3-204
7671,T45.002,胃复安中毒,表 6-3-204
7672,T45.003,乘晕宁中毒,表 6-3-204
7673,T45.400,铁及其化合物中毒,表 6-3-204
7674,T45.700x001,抗凝拮抗剂中毒,表 6-3-204
7675,T45.700x002,维生素K中毒,表 6-3-204
7676,T45.700x003,凝血药中毒,表 6-3-204
7677,T45.800x001,天然血中毒,表 6-3-204
7678,T45.800x002,血制品中毒,表 6-3-204
7679,T45.800x003,血浆代用品中毒,表 6-3-204
7680,T46.100,钙通道阻滞剂中毒,表 6-3-204
7681,T46.100x001,异搏定中毒,表 6-3-204
7682,T46.400,血管紧张素转换酶抑制剂中毒,表 6-3-204
7683,T46.500x002,胍乙啶中毒,表 6-3-204
7684,T46.500x003,萝芙木中毒,表 6-3-204
7685,T46.500x004,利血平中毒,表 6-3-204
7686,T46.500x005,降压药中毒,表 6-3-204
7687,T46.501,可乐定中毒,表 6-3-204
7688,T46.900x001,乌头碱中毒,表 6-3-204
7689,T46.901,主要影响心血管系统制剂中毒,表 6-3-204
7690,T47.000,组胺H2受体拮抗剂中毒,表 6-3-204
7691,T47.600,止泻药中毒,表 6-3-204
7692,T47.900,主要影响胃肠系统的制剂中毒,表 6-3-204
7693,T48.600,抗哮喘药中毒，不可归类在他处者,表 6-3-204
7694,T48.600x002,曼陀罗中毒,表 6-3-204
7695,T48.600x003,舒喘宁中毒,表 6-3-204
7696,T48.601,氨茶碱中毒,表 6-3-204
7697,T48.602,氨氯地平中毒,表 6-3-204
7698,T48.603,克仑特罗中毒,表 6-3-204
7699,T49.600,耳鼻喉科药物和制剂中毒,表 6-3-204
7700,T51.200,2-丙醇的毒性效应,表 6-3-205
7701,T51.200x001,异丙醇中毒,表 6-3-205
7702,T52.200,苯同类物的毒性效应,表 6-3-205
7703,T52.200x002,甲苯中毒,表 6-3-205
7704,T52.200x003,二甲苯中毒,表 6-3-205
7705,T52.800,毒性效应，其他有机溶剂的,表 6-3-205
7706,T52.800x001,二甲基甲酰胺中毒,表 6-3-205
7707,T52.800x002,甲醛水溶液中毒,表 6-3-205
7708,T52.800x003,二氯乙烷中毒,表 6-3-205
7709,T52.800x004,正己烷中毒,表 6-3-205
7710,T52.800x005,香蕉水中毒,表 6-3-205
7711,T52.800x006,硫酸二甲酯中毒,表 6-3-205
7712,T53.500,含氯氟烃类的毒性效应,表 6-3-205
7713,T53.600,脂环烃的其他卤素衍生物的毒性效应,表 6-3-205
7714,T53.600x001,氯乙烯中毒,表 6-3-205
7715,T53.600x002,三氯丙烷中毒,表 6-3-205
7716,T53.600x003,氯丁二烯中毒,表 6-3-205
7717,T53.600x004,氯丙烯中毒,表 6-3-205
7718,T54.100,腐蚀性有机化合物的毒性效应，其他的,表 6-3-205
7719,T57.000x001,砷中毒,表 6-3-205
7720,T57.000x002,砷化合物中毒,表 6-3-205
7721,T57.000x003,砷化氢中毒,表 6-3-205
7722,T57.100x001,磷中毒,表 6-3-205
7723,T57.100x002,磷化合物中毒,表 6-3-205
7724,T57.100x003,磷化氢中毒,表 6-3-205
7725,T57.100x004,磷化锌中毒,表 6-3-205
7726,T57.100x005,磷化铝中毒,表 6-3-205
7727,T59.000,氧化氮类的毒性效应,表 6-3-205
7728,T59.000x001,氮气中毒,表 6-3-205
7729,T59.601,硫化氢中毒,表 6-3-205
7730,T59.700,二氧化碳的毒性效应,表 6-3-205
7731,T61.000,鱼肉中毒,表 6-3-205
7732,T61.001,鱼胆中毒,表 6-3-205
7733,T61.200x001,鱼类中毒,表 6-3-205
7734,T61.200x003,贝类中毒,表 6-3-205
7735,T61.201,河豚中毒,表 6-3-205
7736,T62.000x001,蘑菇类中毒,表 6-3-205
7737,T62.000x002,蕈类中毒,表 6-3-205
7738,T62.001,食入毒蘑菇中毒,表 6-3-205
7739,T62.002,牛肝菌中毒,表 6-3-205
7740,T63.000,蛇毒液的毒性效应,表 6-3-205
7741,T63.001,毒蛇咬伤,表 6-3-205
7742,T63.300,蜘蛛毒液的毒性效应,表 6-3-205
7743,T63.600x001,接触海蜇后中毒,表 6-3-205
7744,T63.600x002,接触海葵后中毒,表 6-3-205
7745,T63.600x003,接触水生贝壳类动物后中毒,表 6-3-205
7746,T63.600x004,接触海生动物后中毒,表 6-3-205
7747,T63.600x005,接触海星后中毒,表 6-3-205
7748,T65.300,苯及其同类物的氮衍生物和胺衍生物的毒性效应,表 6-3-205
7749,T65.300x001,苯胺中毒,表 6-3-205
7750,T65.300x002,硝基苯中毒,表 6-3-205
7751,T65.300x003,三硝基甲苯中毒,表 6-3-205
7752,T65.300x004,硝基化合物中毒,表 6-3-205
7753,T65.900,物质的毒性效应,表 6-3-205
7754,T65.900x001,防冻液中毒,表 6-3-205
7755,T65.901+F02.8*,中毒性痴呆,表 6-3-205
7756,T67.000x001,热射病,表 6-3-206
7757,T67.000x002,热卒中,表 6-3-206
7758,T67.001,热性发热,表 6-3-206
7759,T67.002,日射病,表 6-3-206
7760,T67.200,中暑痉挛,表 6-3-206
7761,T69.000x001,浸泡手,表 6-3-206
7762,T69.000x002,浸泡足,表 6-3-206
7763,T69.000x003,战壕足,表 6-3-206
7764,T69.000x004,打猎反应,表 6-3-206
7765,T69.800x001,皲裂,表 6-3-206
7766,T69.800x002,手部皲裂,表 6-3-206
7767,T69.800x003,足部皲裂,表 6-3-206
7768,T70.300,潜水员病[减压病],表 6-3-206
7769,T70.300x002,潜水员瘫痪,表 6-3-206
7770,T70.300x004,潜水员麻痹,表 6-3-206
7771,T73.000,饥饿效应,表 6-3-206
7772,T73.000x001,绝食,表 6-3-206
7773,T75.000,雷电效应,表 6-3-206
7774,T75.000x001,雷击,表 6-3-206
7775,T75.000x002,雷电休克,表 6-3-206
7776,T75.100,淹死和非致命性溺水,表 6-3-206
7777,T75.100x001,溺水,表 6-3-206
7778,T75.100x002,游泳者痉挛,表 6-3-206
7779,T75.101,溺水性肺水肿,表 6-3-206
7780,T78.800,有害效应，其他不可归类在他处者,表 6-3-206
7781,T79.100,脂肪栓塞(创伤性),表 6-3-207
7782,T79.100x002,创伤性脑脂肪栓塞,表 6-3-207
7783,T79.101,脂肪栓塞综合征,表 6-3-207
7784,T79.500,创伤性无尿症,表 6-3-207
7785,T79.500x002,挤压后肾衰竭,表 6-3-207
7786,T79.501,挤压综合征,表 6-3-207
7787,T79.800x001,创伤性脂肪液化,表 6-3-207
7788,T79.800x002,创伤性下肢坏死,表 6-3-207
7789,T79.800x003,创伤性指坏死,表 6-3-207
7790,T79.800x004,创伤性头皮坏死,表 6-3-207
7791,T79.800x005,创伤性凝血病,表 6-3-207
7792,T79.800x006,创伤性低眼压,表 6-3-207
7793,T79.800x007,创伤性肺炎,表 6-3-207
7794,T79.801,创伤性脑膜炎,表 6-3-207
7795,T80.600x004,血清性皮疹,表 6-3-208
7796,T80.600x005,血清中毒,表 6-3-208
7797,T80.600x006,蛋白质过敏病,表 6-3-208
7798,T80.600x007,急性透析性脑病,表 6-3-208
7799,T80.600x008,慢性透析性脑病,表 6-3-208
7800,T80.600x009,透析性脑病,表 6-3-208
7801,T80.601,血清病,表 6-3-208
7802,T80.602,血清病样反应,表 6-3-208
7803,T80.603,血清反应性荨麻疹,表 6-3-208
7804,T80.604,血清性药疹,表 6-3-208
7805,T81.400x001,操作后伤口感染,表 6-3-208
7806,T81.400x002,操作后伤口积液,表 6-3-208
7807,T81.400x004,手术后切口脂肪液化,表 6-3-208
7808,T81.400x005,操作后感染性发热,表 6-3-208
7809,T81.400x006,操作后脓毒症,表 6-3-208
7810,T81.400x007,操作后口腔感染,表 6-3-208
7811,T81.400x008,操作后耳部感染,表 6-3-208
7812,T81.400x009,操作后胸腔感染,表 6-3-208
7813,T81.400x010,操作后胆道感染,表 6-3-208
7814,T81.400x011,操作后膝关节感染,表 6-3-208
7815,T81.400x012,操作后腹壁感染,表 6-3-208
7816,T81.400x013,操作后腹腔感染,表 6-3-208
7817,T81.400x014,操作后盆腔感染,表 6-3-208
7818,T81.401,手术后口腔感染,表 6-3-208
7819,T81.402,手术后耳部感染,表 6-3-208
7820,T81.403,手术后胸腔感染,表 6-3-208
7821,T81.404,手术后胆道感染,表 6-3-208
7822,T81.405,手术后膝关节感染,表 6-3-208
7823,T81.406,手术后切口感染,表 6-3-208
7824,T81.407,手术后腹壁脓肿,表 6-3-208
7825,T81.408,手术后腹内脓肿,表 6-3-208
7826,T81.409,手术后盆腔脓肿,表 6-3-208
7827,T81.411,手术后脓毒症,表 6-3-208
7828,T81.412,手术后发热,表 6-3-208
7829,T83.200,泌尿器官移植物的机械性并发症,表 6-3-208
7830,T83.600,生殖道中的假体装置、植入物和移植物引起的感染和炎症性反应,表 6-3-208
7831,T83.601,阴茎假体植入感染,表 6-3-208
7832,T83.800,泌尿生殖系假体装置、植入物和移植物的其他并发症,表 6-3-208
7833,T83.800x001,插管引起的尿道损伤,表 6-3-208
7834,T83.801,尿道悬吊带脱出,表 6-3-208
7835,T83.802,阴道网片侵蚀,表 6-3-208
7836,T83.804,移植肾输尿管瘘,表 6-3-208
7837,T83.900,泌尿生殖系假体装置、植入物和移植物的并发症,表 6-3-208
7838,T85.000,脑室颅内(交通)分流的机械性并发症,表 6-3-208
7839,T85.001,脑室腹腔分流管障碍,表 6-3-208
7840,T85.002,脑室腹腔分流管脱位,表 6-3-208
7841,T85.003,脑室腹腔分流管阻塞,表 6-3-208
7842,T85.100,神经系统植入的电子刺激器的机械性并发症,表 6-3-208
7843,T85.100x001,脑电子神经刺激器引起的机械性并发症,表 6-3-208
7844,T85.100x002,周围神经电子神经刺激器引起的机械性并发症,表 6-3-208
7845,T85.100x004,脊髓电子神经刺激器引起的机械性并发症,表 6-3-208
7846,T85.600,内部假体装置、植入物和移植物，其他特指的机械性并发症,表 6-3-208
7847,T85.600x001,硬膜外和硬膜下输注导管引起的机械性并发症,表 6-3-208
7848,T85.600x003,不可吸收性手术材料引起的机械性并发症,表 6-3-208
7849,T85.600x004,永久性缝线引起的机械性并发症,表 6-3-208
7850,T85.600x006,MEDPOR假体外露,表 6-3-208
7851,T85.600x007,扩张器外露,表 6-3-208
7852,T85.600x008,扩张器渗液,表 6-3-208
7853,T85.600x009,扩张器破裂,表 6-3-208
7854,T85.600x010,腹腔化疗泵外露,表 6-3-208
7855,T85.601,人工耳蜗松动,表 6-3-208
7856,T85.602,人工听骨移位,表 6-3-208
7857,T85.603,鼓膜置管移位,表 6-3-208
7858,T85.604,外耳道支架短缩,表 6-3-208
7859,T85.606,气管套管脱出,表 6-3-208
7860,T85.607,气管植入T管断裂,表 6-3-208
7861,T85.608,主支气管支架断裂,表 6-3-208
7862,T85.609,腹膜透析管移位,表 6-3-208
7863,T85.610,腹膜透析管阻塞,表 6-3-208
7864,T85.611,腹膜透析管并发症,表 6-3-208
7865,T86.300x001,心肺移植失败,表 6-3-208
7866,T86.300x002,心肺移植排斥,表 6-3-208
7867,T86.800x011,肺移植失败,表 6-3-208
7868,T86.800x021,胰移植失败,表 6-3-208
7869,T86.800x802,眼硅胶移植失败,表 6-3-208
7870,T86.800x804,角膜移植失败,表 6-3-208
7871,T86.800x805,骨移植失败,表 6-3-208
7872,T86.800x807,肠移植失败,表 6-3-208
7873,T86.800x808,肠移植排斥,表 6-3-208
7874,T86.800x809,皮肤移植失败,表 6-3-208
7875,T86.800x811,巩膜移植排斥,表 6-3-208
7876,T86.800x812,巩膜移植失败,表 6-3-208
7877,T86.800x813,皮瓣移植失败,表 6-3-208
7878,T86.800x814,皮瓣移植排斥,表 6-3-208
7879,T86.800x816,眼移植物失败,表 6-3-208
7880,T86.801,移植角膜排斥反应,表 6-3-208
7881,T86.802,舌移植皮瓣坏死,表 6-3-208
7882,T86.803,移植肺排斥反应,表 6-3-208
7883,T86.804,移植胰排斥反应,表 6-3-208
7884,T86.805,移植骨排斥反应,表 6-3-208
7885,T86.806,移植皮肤排斥反应,表 6-3-208
7886,T86.807,皮瓣移植感染,表 6-3-208
7887,T86.808,移植皮瓣坏死,表 6-3-208
7888,T86.809,眼硅胶排斥反应,表 6-3-208
7889,T86.810,眼植入物排斥反应,表 6-3-208
7890,T86.811,尿道悬吊带排斥,表 6-3-208
7891,T87.000,上肢再植(部位)的并发症,表 6-3-208
7892,T87.001,上肢再植术后感染,表 6-3-208
7893,T87.200,再植身体部位的并发症，其他的,表 6-3-208
7894,T87.500,截断术残端的坏死,表 6-3-208
7895,T88.100x002,免疫接种后皮疹,表 6-3-208
7896,T88.101,疫苗接种反应,表 6-3-208
7897,T88.102,免疫接种后反应,表 6-3-208
7898,T88.400x001,插管失败,表 6-3-208
7899,T88.400x002,插管困难,表 6-3-208
7900,T90.000,头部浅表损伤后遗症,表 6-3-209
7901,T91.000x001,颈部浅表损伤后遗症,表 6-3-209
7902,T91.000x002,躯干浅表损伤后遗症,表 6-3-209
7903,T91.000x003,颈部开放性损伤后遗症,表 6-3-209
7904,T91.000x004,躯干开放性损伤后遗症,表 6-3-209
7905,T91.001,陈旧性颈部和躯干浅表损伤,表 6-3-209
7906,T91.002,陈旧性开放性颈部和躯干损伤,表 6-3-209
7907,T92.200,腕和手水平骨折后遗症,表 6-3-209
7908,T92.201,陈旧性腕骨骨折,表 6-3-209
7909,T92.202,陈旧性掌骨骨折,表 6-3-209
7910,T92.203,陈旧性手指骨折,表 6-3-209
7911,T92.204,手骨折后畸形,表 6-3-209
7912,T92.500x001,屈肌腱断裂后遗症,表 6-3-209
7913,T92.500x002,屈肌腱粘连后遗症,表 6-3-209
7914,T92.500x003,屈拇长肌腱损伤后遗症,表 6-3-209
7915,T92.500x004,屈指肌腱损伤后遗症,表 6-3-209
7916,T92.500x006,伸肌腱断裂后遗症,表 6-3-209
7917,T92.500x007,伸肌腱粘连后遗症,表 6-3-209
7918,T92.500x008,伸拇长肌腱损伤后遗症,表 6-3-209
7919,T92.500x009,伸指肌腱损伤后遗症,表 6-3-209
7920,T92.500x010,手部肌腱挛缩后遗症,表 6-3-209
7921,T92.500x011,手部肌腱损伤后遗症,表 6-3-209
7922,T92.500x012,上肢肌腱粘连后遗症,表 6-3-209
7923,T92.500x013,指伸肌腱粘连后遗症,表 6-3-209
7924,T92.500x014,手部肌肉损伤后遗症,表 6-3-209
7925,T92.500x015,指屈肌腱粘连后遗症,表 6-3-209
7926,T92.500x016,肩袖损伤后遗症,表 6-3-209
7927,T92.500x017,上肢肌肉损伤后遗症,表 6-3-209
7928,T92.500x018,上肢肌腱损伤后遗症,表 6-3-209
7929,T92.501,陈旧性上肢肌腱断裂,表 6-3-209
7930,T92.502,陈旧性上肢肌肉撕裂,表 6-3-209
7931,T92.503,创伤后手指屈曲畸形,表 6-3-209
7932,T92.504,陈旧性腕关节肌腱损伤,表 6-3-209
7933,T92.505,陈旧性肱二头肌肌肉损伤,表 6-3-209
7934,T92.506,陈旧性肱二头肌建损伤,表 6-3-209
7935,T92.800x001,上肢血管损伤后遗症,表 6-3-209
7936,T92.800x002,陈旧性肩关节SLAP损伤,表 6-3-209
7937,T92.801,手其他损伤后遗症,表 6-3-209
7938,T93.000,下肢开放性伤口后遗症,表 6-3-209
7939,T93.001,陈旧性开放性下肢损伤,表 6-3-209
7940,T93.100,股骨骨折后遗症,表 6-3-209
7941,T93.100x007,陈旧性股骨头骨折,表 6-3-209
7942,T93.101,陈旧性股骨骨折,表 6-3-209
7943,T93.102,陈旧性股骨颈骨折,表 6-3-209
7944,T93.103,陈旧性股骨干骨折,表 6-3-209
7945,T93.104,陈旧性股骨粗隆间骨折,表 6-3-209
7946,T93.200,下肢其他骨折的后遗症,表 6-3-209
7947,T93.200x001,陈旧性距骨骨折,表 6-3-209
7948,T93.200x002,陈旧性胫骨平台骨折,表 6-3-209
7949,T93.200x007,陈旧性双踝骨折,表 6-3-209
7950,T93.200x008,陈旧性胫腓骨骨折,表 6-3-209
7951,T93.200x010,陈旧性跟骨骨折,表 6-3-209
7952,T93.200x011,陈旧性Pilon骨折,表 6-3-209
7953,T93.200x012,陈旧性跗骨骨折,表 6-3-209
7954,T93.200x013,陈旧性趾骨骨折,表 6-3-209
7955,T93.200x014,陈旧性跖骨骨折,表 6-3-209
7956,T93.201,陈旧性下肢骨折,表 6-3-209
7957,T93.202,陈旧性髌骨骨折,表 6-3-209
7958,T93.203,陈旧性胫骨骨折,表 6-3-209
7959,T93.204,陈旧性髁突骨折,表 6-3-209
7960,T93.205,陈旧性腓骨骨折,表 6-3-209
7961,T93.206,陈旧性踝关节骨折,表 6-3-209
7962,T93.207,陈旧性踝骨骨折,表 6-3-209
7963,T93.208,陈旧性足舟骨骨折,表 6-3-209
7964,T93.400,下肢神经损伤后遗症,表 6-3-209
7965,T93.400x002,坐骨神经损伤后遗症,表 6-3-209
7966,T93.400x003,股神经损伤后遗症,表 6-3-209
7967,T93.400x004,腓总神经损伤后遗症,表 6-3-209
7968,T93.400x005,胫神经损伤后遗症,表 6-3-209
7969,T93.400x006,腓肠神经损伤后遗症,表 6-3-209
7970,T93.500x001,下肢肌肉损伤后遗症,表 6-3-209
7971,T93.500x002,下肢肌腱损伤后遗症,表 6-3-209
7972,T93.501,跟腱断裂后遗症,表 6-3-209
7973,T93.800,下肢其他特指损伤的后遗症,表 6-3-209
7974,T93.800x001,趾浅表挫伤后遗症,表 6-3-209
7975,T93.800x002,下肢创伤性动静脉瘘后遗症,表 6-3-209
7976,T93.800x003,下肢血管损伤后遗症,表 6-3-209
7977,T93.801,陈旧性趾挫伤,表 6-3-209
7978,T94.000,涉及多个身体部位损伤的后遗症,表 6-3-209
7979,T94.001,陈旧性多处身体部位损伤,表 6-3-209
7980,T94.002,陈旧性多部位骨折,表 6-3-209
7981,T95.400,仅根据涉及体表范围分类的烧伤和腐蚀伤后遗症,表 6-3-209
7982,T95.800x001,眼部烧伤后遗症,表 6-3-209
7983,T95.800x002,眼部冻伤后遗症,表 6-3-209
7984,T95.800x003,眼部腐蚀伤后遗症,表 6-3-209
7985,T95.800x004,上肢和下肢烧伤后遗症,表 6-3-209
7986,T95.800x005,上肢和下肢冻伤后遗症,表 6-3-209
7987,T95.800x006,上肢和下肢腐蚀伤后遗症,表 6-3-209
7988,T95.800x007,食管烧伤后遗症,表 6-3-209
7989,T95.800x008,食管腐蚀伤后遗症,表 6-3-209
7990,T95.801,陈旧性眼烧伤,表 6-3-209
7991,T95.802,陈旧性四肢烧伤,表 6-3-209
7992,T95.803,陈旧性食管烧伤,表 6-3-209
7993,T95.900,烧伤、腐蚀伤和冻伤后遗症,表 6-3-209
7994,T98.200,创伤的某些早期并发症的后遗症,表 6-3-209
7995,T98.200x011,开放性损伤伴异物,表 6-3-209
7996,T98.200x012,开放性损伤伴异物合并感染,表 6-3-209
7997,T98.200x021,开放性损伤伴感染,表 6-3-209
7998,T98.200x031,开放性损伤延期愈合,表 6-3-209
7999,T98.200x032,开放性损伤延期治疗,表 6-3-209
8000,T98.200x033,开放性损伤愈合不良,表 6-3-209
8001,Z20.801,脊髓灰质炎接触者,表 6-3-210
8002,Z20.802,天花接触者,表 6-3-210
8003,Z22.000,伤寒带菌者,表 6-3-210
8004,Z51.400x001,自体外周血干细胞动员,表 6-3-211
8005,Z51.400x002,随后治疗的准备医疗,表 6-3-211
8006,Z51.400x003,自体血准备,表 6-3-211
8007,Z51.401,造血干细胞动员,表 6-3-211
8008,Z51.600,对变应原脱敏,表 6-3-211
