seq,code,name,excl
1,A00.100x001,埃尔托生物型霍乱,表 6-3-1
2,A02.100,沙门菌脓毒症,表 6-3-1
3,A02.100x002,鼠伤寒沙门菌脓毒症,表 6-3-1
4,A02.101,猪霍乱沙门菌脓毒症,表 6-3-1
5,A02.201+J17.0*,沙门菌肺炎,表 6-3-1
6,A02.202+M01.3*,沙门菌关节炎,表 6-3-1
7,A02.203+G01*,沙门菌脑膜炎,表 6-3-1
8,A02.204+M90.2*,沙门菌骨髓炎,表 6-3-1
9,A02.205+N16.0*,沙门菌性肾小管-间质病变,表 6-3-1
10,A02.900x002,鼠伤寒沙门菌感染,表 6-3-1
11,A02.900x003,沙门菌属食物中毒,表 6-3-1
12,A02.900x004,亚利桑那菌感染,表 6-3-1
13,A02.901,猪霍乱沙门菌感染,表 6-3-1
14,A03.200x001,鲍氏志贺菌痢疾,表 6-3-1
15,A04.500,弯曲菌肠炎,表 6-3-1
16,A04.600,小肠结肠耶尔森菌性小肠炎,表 6-3-1
17,A04.600x001,耶尔森菌肠炎,表 6-3-1
18,A04.700,艰难梭状芽孢杆菌性小肠结肠炎,表 6-3-1
19,A04.700x002,抗生素相关性肠炎,表 6-3-1
20,A04.701,艰难梭状芽孢杆菌性食物中毒,表 6-3-1
21,A04.702,伪膜性结肠炎,表 6-3-1
22,A05.300,食物媒介的副溶血性弧菌食物中毒,表 6-3-1
23,A05.300x001,副溶血性弧菌食物中毒,表 6-3-1
24,A05.400,食物媒介的蜡样芽孢杆菌食物中毒,表 6-3-1
25,A05.400x001,蜡样芽胞杆菌食物中毒,表 6-3-1
26,A05.800,食物中毒，其他特指的细菌性,表 6-3-1
27,A05.900,细菌性食物中毒,表 6-3-1
28,A06.200,阿米巴非痢疾性结肠炎,表 6-3-1
29,A06.200x001,非痢疾性阿米巴结肠炎,表 6-3-1
30,A06.300,肠道阿米巴瘤,表 6-3-1
31,A06.300x001,阿米巴肉芽肿,表 6-3-1
32,A06.400+K77.0*,阿米巴肝脓肿,表 6-3-1
33,A06.700,皮肤阿米巴病,表 6-3-1
34,A15.701,原发性呼吸道结核，病理(+),表 6-3-2
35,A15.702,肺原发性结核性复征，细菌学(+),表 6-3-2
37,A15.703,肺原发性结核性复征，病理(+),表 6-3-2
38,A16.300x002,结核性支气管淋巴瘘,表 6-3-2
39,A16.300x003,胸壁淋巴结结核,表 6-3-2
40,A16.300x007,结核性乳糜胸,表 6-3-2
41,A16.301,肺门淋巴结结核,表 6-3-2
42,A16.302,胸内淋巴结结核,表 6-3-2
43,A16.303,气管支气管淋巴结结核,表 6-3-2
44,A16.304,支气管淋巴结结核,表 6-3-2
45,A16.305,纵隔淋巴结结核,表 6-3-2
46,A19.100,多个部位的急性粟粒型结核,表 6-3-2
47,A20.000,腺鼠疫[腹股沟淋巴结鼠疫],表 6-3-3
48,A20.000x001,腺鼠疫,表 6-3-3
49,A20.100,蜂窝织皮下型鼠疫,表 6-3-3
50,A20.101,皮肤型鼠疫,表 6-3-3
51,A20.200,肺鼠疫,表 6-3-3
52,A20.700,脓毒症型鼠疫,表 6-3-3
53,A20.800x004,肠鼠疫,表 6-3-3
54,A20.800x005,眼鼠疫,表 6-3-3
55,A20.801,顿挫性鼠疫,表 6-3-3
56,A20.802,无症状鼠疫,表 6-3-3
57,A20.803,轻型鼠疫,表 6-3-3
58,A22.100x003,职业性炭疽,表 6-3-3
59,A22.102+J17.0*,炭疽肺炎,表 6-3-3
60,A22.700,炭疽性脓毒症,表 6-3-3
61,A23.800,布氏菌病，其他的,表 6-3-3
62,A26.000,皮肤类丹毒,表 6-3-3
63,A26.700,丹毒丝菌脓毒症,表 6-3-3
64,A26.700x001,类丹毒脓毒症,表 6-3-3
65,A27.000,出血性黄疸钩端螺旋体病,表 6-3-3
66,A28.801,人感染猪链球菌,表 6-3-3
67,A31.900x001,分枝杆菌病,表 6-3-4
68,A31.901,非典型分枝杆菌感染,表 6-3-4
69,A32.700,利斯特菌脓毒症,表 6-3-4
70,A32.701,单核细胞增多性利斯特菌脓毒症,表 6-3-4
71,A37.900,百日咳,表 6-3-4
72,A37.900x003,百日咳肺不张,表 6-3-4
73,A37.900x004,百日咳肺气肿,表 6-3-4
74,A37.900x005,百日咳脑病,表 6-3-4
75,A37.901+J17.0*,百日咳肺炎,表 6-3-4
76,A39.400,脑膜炎球菌血症,表 6-3-4
77,A40.000,A族链球菌性脓毒症,表 6-3-4
78,A40.100,B族链球菌性脓毒症,表 6-3-4
80,A40.200,D族链球菌和肠球菌所致脓毒症,表 6-3-4
81,A40.300,肺炎链球菌性脓毒症,表 6-3-4
82,A40.800,链球菌性脓毒症，其他的,表 6-3-4
83,A40.900,链球菌性脓毒症,表 6-3-4
84,A40.901+N08.0*,链球菌性脓毒症性肾小球病变,表 6-3-4
85,A40.903+N16.0*,链球菌性脓毒症性肾小管-间质病变,表 6-3-4
86,A41.000,金黄色葡萄球菌性脓毒症,表 6-3-4
87,A41.100x002,表皮葡萄球菌脓毒症,表 6-3-4
88,A41.101,凝固酶阴性葡萄球菌脓毒症,表 6-3-4
89,A41.200,葡萄球菌性脓毒症,表 6-3-4
90,A41.300,流感嗜血杆菌性脓毒症,表 6-3-4
91,A41.400,厌氧菌性脓毒症,表 6-3-4
92,A41.400x001,产气荚膜杆菌脓毒症,表 6-3-4
93,A41.500x083,革兰阴性杆菌脓毒症,表 6-3-4
94,A41.500x087,粘球杆菌脓毒症,表 6-3-4
95,A41.501,大肠杆菌脓毒症,表 6-3-4
96,A41.502,铜绿假单胞菌脓毒症,表 6-3-4
97,A41.503,克雷伯杆菌脓毒症,表 6-3-4
98,A41.504,阴沟肠杆菌脓毒症,表 6-3-4
99,A41.505,变形杆菌脓毒症,表 6-3-4
100,A41.506,不动杆菌属性脓毒症,表 6-3-4
101,A41.800x002,JK组棒状杆菌脓毒病,表 6-3-4
102,A41.801,枯草杆菌脓毒症,表 6-3-4
103,A41.802,类酵母菌脓毒症,表 6-3-4
104,A41.803,新型隐球菌脓毒症,表 6-3-4
105,A41.804,真菌脓毒症,表 6-3-4
106,A41.805,革兰阳性菌脓毒症,表 6-3-4
107,A41.806,微球菌属性脓毒症,表 6-3-4
108,A41.807,肠球菌性脓毒症,表 6-3-4
109,A41.900,脓毒症,表 6-3-4
110,A41.900x004,内毒素血症,表 6-3-4
111,A41.902+N08.0*,脓毒症性肾小球病变,表 6-3-4
112,A41.904+N16.0*,脓毒症性肾小管-间质病变,表 6-3-4
113,A42.700,放线菌病性脓毒症,表 6-3-4
114,A42.800x002,放线菌皮肤感染,表 6-3-4
115,A42.800x003+G01*,放线菌脑膜炎,表 6-3-4
116,A42.801,涎腺放线菌病,表 6-3-4
117,A42.802,乳腺放线菌病,表 6-3-4
118,A42.803,肝放线菌病,表 6-3-4
119,A42.804,盆腔放线菌病,表 6-3-4
120,A42.805,阴道放线菌病,表 6-3-4
121,A42.900,放线菌病,表 6-3-4
122,A43.100,皮肤诺卡菌病,表 6-3-4
123,A43.900,诺卡菌病,表 6-3-4
124,A44.000,全身性巴尔通体病,表 6-3-4
125,A48.000,气性坏疽,表 6-3-4
126,A48.200,非肺炎性军团病[庞蒂亚克热],表 6-3-4
127,A48.300,中毒性休克综合征,表 6-3-4
128,A48.800,细菌性疾病，其他特指的,表 6-3-4
129,A48.800x002,坏死性杆菌病,表 6-3-4
130,A48.801,鼻硬结病,表 6-3-4
131,A49.000,葡萄球菌感染,表 6-3-4
132,A49.001,葡萄球菌感染性菌血症,表 6-3-4
133,A49.002,耐甲氧西林金黄色葡萄球菌感染,表 6-3-4
134,A49.003,耐甲氧西林凝固酶阴性葡萄球菌感染,表 6-3-4
135,A49.004,甲氧西林敏感金黄色葡萄球菌感染,表 6-3-4
136,A49.900,细菌性感染,表 6-3-4
137,A49.901,菌血症,表 6-3-4
138,A49.902,革兰阴性杆菌感染,表 6-3-4
139,A50.000,有症状的早期先天性梅毒,表 6-3-5
140,A50.000x001+H32.0*,早期先天性梅毒性脉络膜视网膜炎,表 6-3-5
141,A50.000x002+K77.0*,早期先天性梅毒性肝炎,表 6-3-5
142,A50.001+H58.8*,早期先天性梅毒性眼病,表 6-3-5
143,A51.300x002,二期早发梅毒疹,表 6-3-5
144,A51.300x003,二期晚发梅毒疹,表 6-3-5
145,A51.300x004,二期复发梅毒疹,表 6-3-5
146,A51.300x005,二期梅毒湿疣,表 6-3-5
147,A51.301,皮肤二期梅毒,表 6-3-5
148,A51.302,黏膜二期梅毒,表 6-3-5
149,A51.303,皮肤梅毒,表 6-3-5
150,A51.304,外阴扁平湿疣,表 6-3-5
151,A52.000+I98.0*,心血管梅毒,表 6-3-5
152,A52.000x001+I52.0*,梅毒性冠状动脉口狭窄,表 6-3-5
153,A52.000x006+I39.1*,梅毒性主动脉瓣狭窄,表 6-3-5
154,A52.000x007+I39.1*,梅毒性主动脉瓣狭窄关闭不全,表 6-3-5
155,A52.000x011+I39.0*,梅毒性二尖瓣狭窄,表 6-3-5
156,A52.001+I68.1*,梅毒性大脑动脉炎,表 6-3-5
157,A52.002+I79.1*,梅毒性主动脉炎,表 6-3-5
158,A52.003+I79.0*,梅毒性主动脉动脉瘤,表 6-3-5
159,A52.004+I39.1*,梅毒性主动脉瓣关闭不全,表 6-3-5
160,A52.005+I52.0*,梅毒性心脏病,表 6-3-5
161,A52.006+I39.8*,梅毒性心内膜炎,表 6-3-5
162,A52.007+I41.0*,梅毒性心肌炎,表 6-3-5
163,A52.008+I32.0*,梅毒性心包炎,表 6-3-5
164,A52.009+I39.3*,梅毒性肺动脉反流,表 6-3-5
165,A54.001,淋球菌性膀胱炎,表 6-3-5
166,A54.002,淋球菌性尿道炎,表 6-3-5
167,A54.003,淋球菌性宫颈炎,表 6-3-5
168,A54.004,淋球菌性阴道炎,表 6-3-5
169,A54.005,淋球菌性外阴阴道炎,表 6-3-5
170,A54.200x004+N74.3*,淋球菌性输卵管炎,表 6-3-5
171,A54.201+N74.3*,淋球菌性女性盆腔炎性疾病,表 6-3-5
172,A54.202+N51.0*,淋球菌性前列腺炎,表 6-3-5
173,A54.203+N51.1*,淋球菌性睾丸炎,表 6-3-5
174,A54.204+N51.1*,淋球菌性附睾炎,表 6-3-5
175,A54.600x001,淋球菌性直肠炎,表 6-3-5
176,A54.601,直肠淋球菌感染,表 6-3-5
177,A54.602,肛门淋球菌感染,表 6-3-5
178,A54.801+G07*,淋球菌性脑脓肿,表 6-3-5
179,A54.802+I39.8*,淋球菌性心内膜炎,表 6-3-5
180,A54.803+G01*,淋球菌性脑膜炎,表 6-3-5
181,A54.804+I41.0*,淋球菌性心肌炎,表 6-3-5
182,A54.805+I32.0*,淋球菌性心包炎,表 6-3-5
183,A54.806+J17.0*,淋球菌性肺炎,表 6-3-5
184,A54.807+K67.1*,淋球菌性腹膜炎,表 6-3-5
185,A54.808,淋球菌性脓毒症,表 6-3-5
186,A54.809,淋球菌性皮肤病,表 6-3-5
187,A63.000,肛门生殖器(性病性)疣,表 6-3-5
188,A63.001,肛门生殖器尖锐湿疣,表 6-3-5
189,A63.002,外阴尖锐湿疣,表 6-3-5
190,A63.003,喉尖锐湿疣,表 6-3-5
191,A63.800,主要为性传播的疾病，其他特指的,表 6-3-5
192,A66.200,雅司病的其他早期皮肤损害,表 6-3-6
193,A68.100,蜱媒介的回归热,表 6-3-6
194,A69.200,莱姆病,表 6-3-6
195,A69.200x002+G63.0*,莱姆病性神经病,表 6-3-6
196,A69.800,螺旋体感染，其他特指的,表 6-3-6
197,A75.000x002,轻型斑疹伤寒,表 6-3-8
198,A75.000x003,典型斑疹伤寒,表 6-3-8
199,A75.000x004,重型斑疹伤寒,表 6-3-8
200,A75.001,流行性斑疹伤寒,表 6-3-8
201,A79.800x002,人粒细胞无形体病,表 6-3-8
202,A79.801,附红细胞体病,表 6-3-8
203,A80.300x001,脊髓灰质炎瘫痪型,表 6-3-9
204,A80.301,急性麻痹性脊髓灰质炎,表 6-3-9
205,A81.000,克罗伊茨费尔特-雅各布病,表 6-3-9
206,A81.000x002,亚急性海绵状脑病,表 6-3-9
207,A81.000x004,可传播性海绵状脑病,表 6-3-9
208,A81.000x006,常染色体显性遗传朊蛋白病,表 6-3-9
209,A81.000x007,家族性致死性睡眠症,表 6-3-9
210,A81.001+F02.1*,克罗伊茨费尔特-雅各布病性痴呆,表 6-3-9
211,A81.800,中枢神经系统其他的非典型病毒感染,表 6-3-9
212,A81.800x001,库鲁病[新几内亚震颤病],表 6-3-9
213,A81.801,朊蛋白病,表 6-3-9
214,A84.000,远东蜱媒介的脑炎[俄罗斯春-夏型脑炎],表 6-3-9
215,A84.000x001,森林脑炎,表 6-3-9
216,A84.100,中部欧洲蜱媒介的脑炎,表 6-3-9
217,A85.100+G05.1*,腺病毒性脑炎,表 6-3-9
218,A85.101+G05.1*,腺病毒性脑脊髓炎,表 6-3-9
219,A87.800,病毒性脑膜炎，其他的,表 6-3-9
220,A87.801,乙脑病毒性脑膜炎,表 6-3-9
221,A95.100,城市黄热病,表 6-3-10
222,A96.100,马丘波出血热,表 6-3-10
223,A96.100x001,玻利维亚出血热,表 6-3-10
224,A96.200,拉沙热,表 6-3-10
225,A96.800,"沙粒病毒性出血热,其他的",表 6-3-10
226,A97.100,登革热伴预警,表 6-3-10
227,A98.100,鄂木斯克出血热,表 6-3-10
228,A98.300,马尔堡病毒病,表 6-3-10
229,B00.400+G05.1*,疱疹病毒性脑炎,表 6-3-11
230,B00.400x001+G05.1*,单纯疱疹病毒性脑炎,表 6-3-11
231,B00.401+G05.1*,疱疹病毒性脑膜脑炎,表 6-3-11
232,B01.000+G02.0*,水痘脑膜炎,表 6-3-11
233,B01.000x001+G02.0*,水痘性脑膜炎,表 6-3-11
234,B05.800x001+H19.2*,麻疹并发角膜结膜炎,表 6-3-11
235,B05.800x003+K77.0*,麻疹并发肝炎,表 6-3-11
236,B05.800x008,麻疹综合征,表 6-3-11
237,B05.800x009,麻疹合并上呼吸道感染,表 6-3-11
238,B05.800x010,重型麻疹,表 6-3-11
239,B05.801,麻疹并发喉炎,表 6-3-11
240,B05.802,麻疹并发支气管炎,表 6-3-11
241,B05.803,麻疹并发心肌炎,表 6-3-11
242,B15.000,甲型肝炎，伴有肝昏迷,表 6-3-12
243,B15.001,急性甲型病毒性肝炎伴肝昏迷,表 6-3-12
244,B15.002,急性重型甲型病毒性肝炎伴肝昏迷,表 6-3-12
245,B15.003,亚急性重型甲型病毒性肝炎伴肝昏迷,表 6-3-12
246,B16.000,急性乙型肝炎，伴有δ因子(共同感染)，并伴有肝昏迷,表 6-3-12
247,B16.000x001,病毒性肝炎乙型丁型亚急性重型,表 6-3-12
248,B16.001,急性乙型丁型病毒性肝炎伴肝昏迷,表 6-3-12
249,B17.900,急性病毒性肝炎,表 6-3-12
250,B17.900x002,病毒性肝炎急性淤胆型,表 6-3-12
251,B17.900x004,病毒性肝炎急性无黄疸型,表 6-3-12
252,B17.900x005,病毒性肝炎急性重型(暴发型),表 6-3-12
253,B17.900x006,病毒性肝炎亚急性重型,表 6-3-12
254,B17.902,急性黄疸型病毒性肝炎,表 6-3-12
255,B17.903,急性传染性肝炎，未特指,表 6-3-12
256,B17.904,急性肝炎，未特指,表 6-3-12
257,B19.000,病毒性肝炎，伴有肝昏迷,表 6-3-12
258,B19.001,急性重型病毒性肝炎伴肝昏迷,表 6-3-12
259,B19.002,亚急性重型病毒性肝炎伴肝昏迷,表 6-3-12
260,B20.000x001,艾滋病伴分枝杆菌感染,表 6-3-13
261,B20.001,人类免疫缺陷病毒病性结核菌感染,表 6-3-13
262,B20.002,人类免疫缺陷病毒病性颈淋巴结结核,表 6-3-13
263,B20.003,人类免疫缺陷病毒病性肺结核,表 6-3-13
264,B20.004,人类免疫缺陷病毒病性结核性胸膜炎,表 6-3-13
265,B20.005,人类免疫缺陷病毒病性肠结核,表 6-3-13
266,B20.006,人类免疫缺陷病毒病性结核性腹膜炎,表 6-3-13
267,B20.100x001,艾滋病伴细菌感染,表 6-3-13
268,B20.200x001,艾滋病伴巨细胞病毒感染,表 6-3-13
269,B20.300x001,艾滋病伴病毒感染,表 6-3-13
270,B20.301,人类免疫缺陷病毒病性带状疱疹,表 6-3-13
271,B20.400x001,艾滋病伴念珠菌病,表 6-3-13
272,B20.500x001,艾滋病伴真菌病,表 6-3-13
273,B20.600x001,艾滋病伴卡氏肺孢子虫肺炎,表 6-3-13
274,B20.700x001,艾滋病伴多发性感染,表 6-3-13
275,B20.801,人类免疫缺陷病毒病性弓形虫病,表 6-3-13
276,B20.901,人类免疫缺陷病毒病造成寄生虫病,表 6-3-13
277,B21.000x001,艾滋病伴卡波西肉瘤,表 6-3-13
278,B21.100x001,艾滋病伴伯基特淋巴瘤,表 6-3-13
279,B21.200x001,艾滋病伴非霍奇金淋巴瘤,表 6-3-13
280,B21.300,人类免疫缺陷病毒[HIV]病造成的淋巴造血和有关组织的其他恶性肿瘤,表 6-3-13
281,B21.700,人类免疫缺陷病毒[HIV]病造成的多发性恶性肿瘤,表 6-3-13
282,B21.800,人类免疫缺陷病毒[HIV]病造成的其他恶性肿瘤,表 6-3-13
283,B21.900,人类免疫缺陷病毒[HIV]病造成的恶性肿瘤,表 6-3-13
284,B22.000x001,艾滋病相关的脑病,表 6-3-13
285,B22.000x003,艾滋病性脑炎,表 6-3-13
286,B22.000x004,艾滋病性脑膜炎,表 6-3-13
287,B22.000x005,艾滋病性脑膜脑炎,表 6-3-13
288,B22.001+F02.4*,人类免疫缺陷病毒病性痴呆,表 6-3-13
289,B22.100,人类免疫缺陷病毒[HIV]病造成的淋巴组织间质性肺炎,表 6-3-13
290,B22.200,人类免疫缺陷病毒[HIV]病造成的消瘦综合征,表 6-3-13
291,B22.700,人类免疫缺陷病毒[HIV]病造成的分类于他处的多种疾病,表 6-3-13
292,B22.701,人类免疫缺陷病毒病性多发性疾病,表 6-3-13
293,B23.000,急性人类免疫缺陷病毒[HIV]感染综合征,表 6-3-13
294,B23.100,人类免疫缺陷病毒[HIV]病造成的(持续的)全身性淋巴结病,表 6-3-13
295,B23.100x001,持续性全身淋巴结肿大综合征,表 6-3-13
296,B23.100x002,HIV感染的不典型皮肤淋巴细胞增生性疾病,表 6-3-13
297,B23.200,人类免疫缺陷病毒[HIV]病造成的不可归类在他处的血液学和免疫学的异常,表 6-3-13
298,B23.201,人类免疫缺陷病毒病造成免疫学异常,表 6-3-13
299,B23.800,人类免疫缺陷病毒[HIV]病造成的其他特指的情况,表 6-3-13
300,B23.800x001,空泡样脊髓病,表 6-3-13
301,B23.800x002,艾滋病神经综合征,表 6-3-13
302,B23.801,免疫重建炎症综合征,表 6-3-13
303,B25.000+J17.1*,巨细胞病毒性肺炎,表 6-3-14
304,B25.800x001,巨细胞病毒血症,表 6-3-14
305,B25.800x002+H19.2*,巨细胞病毒性角膜炎,表 6-3-14
306,B25.801+G05.1*,巨细胞病毒性脑炎,表 6-3-14
307,B25.802+H32.0*,巨细胞病毒性视网膜炎,表 6-3-14
308,B25.803+I41.1*,巨细胞病毒性心肌炎,表 6-3-14
309,B26.200+G05.1*,流行性腮腺炎性脑炎,表 6-3-14
310,B26.201+G05.1*,流行性腮腺炎性脑膜脑炎,表 6-3-14
311,B26.202+G05.1*,流行性腮腺炎性脑脊髓炎,表 6-3-14
312,B27.100,巨细胞病毒性单核细胞增多症,表 6-3-14
313,B33.200,病毒性心炎,表 6-3-14
314,B33.200x001+I32.1*,柯萨奇病毒性心包炎,表 6-3-14
315,B33.200x002+I39.8*,柯萨奇病毒性心内膜炎,表 6-3-14
316,B33.200x004+I41.1*,柯萨奇病毒性心肌炎,表 6-3-14
317,B33.201+I41.1*,新生儿无菌性心肌炎,表 6-3-14
318,B33.400x001+J17.1*,汉坦病毒心肺综合征,表 6-3-14
319,B37.700,念珠菌性脓毒症,表 6-3-15
320,B37.700x001,念珠菌脓毒症,表 6-3-15
321,B37.800x083,呼吸道念珠菌感染,表 6-3-15
322,B37.800x084,念珠菌性唇炎,表 6-3-15
323,B37.800x085,脑念珠菌感染,表 6-3-15
324,B37.800x088,念珠菌性扁桃体炎,表 6-3-15
325,B37.800x089+M01.6*,念珠菌性髋关节炎,表 6-3-15
326,B37.800x090,腰椎念珠菌感染,表 6-3-15
327,B37.800x091,念珠菌性腹膜炎,表 6-3-15
328,B37.801,念珠菌性眼内炎,表 6-3-15
329,B37.802,念珠菌性中耳炎,表 6-3-15
330,B37.803,支气管念珠菌感染,表 6-3-15
331,B37.804,食管念珠菌病,表 6-3-15
332,B37.805,胃肠道念珠菌感染,表 6-3-15
333,B37.806,肠道念珠菌病,表 6-3-15
334,B37.807+H48.8*,视神经念珠菌感染,表 6-3-15
335,B37.808,播散性念珠菌病,表 6-3-15
336,B37.900,念珠菌病,表 6-3-15
337,B37.900x001,克柔念珠菌感染,表 6-3-15
338,B37.900x002,近平滑念珠菌感染,表 6-3-15
339,B37.900x003,光滑念珠菌感染,表 6-3-15
340,B37.901,热带白色念珠菌感染,表 6-3-15
341,B39.000,急性肺荚膜组织胞浆菌病,表 6-3-15
342,B39.000x001+J17.2*,急性肺荚膜组织胞浆菌肺炎,表 6-3-15
343,B39.100,慢性肺荚膜组织胞浆菌病,表 6-3-15
344,B39.100x001+J17.2*,慢性肺荚膜组织胞浆菌肺炎,表 6-3-15
345,B42.900,孢子丝菌病,表 6-3-15
346,B43.900,着色真菌病,表 6-3-15
347,B44.700,播散性曲霉病,表 6-3-15
348,B45.300,骨隐球菌病,表 6-3-15
349,B46.000x001+J99.8*,肺毛霉菌病,表 6-3-15
350,B46.200x001+K93.8*,胃肠型毛霉菌病,表 6-3-15
351,B46.800x001,蝇疫霉病,表 6-3-15
352,B46.800x002,虫霉病,表 6-3-15
353,B47.900,足菌肿,表 6-3-15
354,B53.000x001,卵形疟,表 6-3-16
355,B58.100+K77.0*,弓形虫肝炎,表 6-3-16
356,B60.800x001,肺蠊缨滴虫感染,表 6-3-16
357,B65.100x001,曼氏血吸虫病,表 6-3-17
358,B65.101,慢性结肠血吸虫病,表 6-3-17
359,B65.800x001,湄公血吸虫病,表 6-3-17
360,B65.800x002,间插血吸虫病,表 6-3-17
361,B65.800x003,异位血吸虫病,表 6-3-17
362,B66.800x001,棘口吸虫病,表 6-3-17
363,B66.800x002,异形吸虫病,表 6-3-17
364,B66.800x003,后殖吸虫病,表 6-3-17
365,B66.800x004,隐孔吸虫病,表 6-3-17
366,B66.800x005,沃森吸虫病,表 6-3-17
367,B66.800x006,横川吸虫病,表 6-3-17
368,B66.800x007,胰阔盘吸虫病,表 6-3-17
369,B67.600x001,肺泡型棘球蚴病,表 6-3-17
370,B67.600x002,脑泡型棘球蚴病,表 6-3-17
371,B67.600x003,骨泡型棘球蚴病,表 6-3-17
372,B67.601,多部位多房棘球蚴感染,表 6-3-17
373,B68.100,牛肉绦虫的绦虫病,表 6-3-17
374,B77.000x001+K93.8*,肠蛔虫病,表 6-3-17
375,B77.001+K93.8*,蛔虫性肠穿孔,表 6-3-17
376,B81.300,肠道血管圆线虫病,表 6-3-17
377,B81.400,混合型肠道蠕虫病,表 6-3-17
378,B83.300,比翼(线虫)病,表 6-3-17
379,B83.900,蠕虫病,表 6-3-17
380,B87.100,伤口蝇蛆病,表 6-3-18
381,B88.100,潜蚤病[沙蚤侵染],表 6-3-18
382,B88.200x001,肠蜣螂病,表 6-3-18
383,B88.300,外部水蛭病,表 6-3-18
384,B94.900,传染病或寄生虫病的后遗症,表 6-3-19
385,D01.000,结肠原位癌,表 6-3-34
386,D01.100,直肠乙状结肠连接处原位癌,表 6-3-34
387,D01.200,直肠原位癌,表 6-3-34
388,D01.700,消化器官其他特指的原位癌,表 6-3-34
389,D01.701,胰腺原位癌,表 6-3-34
390,D02.200x002,肺原位癌,表 6-3-34
391,D02.201,支气管原位癌,表 6-3-34
392,D04.100x001,眼皮肤原位癌,表 6-3-34
393,D04.101,眦原位癌,表 6-3-34
394,D07.100,外阴原位癌,表 6-3-34
395,D07.100x002,外阴上皮内瘤变III级[VINIII级],表 6-3-34
396,D07.301,卵巢原位癌,表 6-3-34
397,D07.302,输卵管原位癌,表 6-3-34
398,D07.303,子宫体原位癌,表 6-3-34
399,D07.304,女性生殖器官原位癌,表 6-3-34
400,D09.700,原位癌，其他特指部位的,表 6-3-34
401,D09.700x001,骶尾原位癌,表 6-3-34
402,D09.700x002,腹腔原位癌,表 6-3-34
403,D09.701,颊原位癌,表 6-3-34
404,D37.300x001,阑尾交界性肿瘤,表 6-3-35
405,D37.301,阑尾肿瘤,表 6-3-35
406,D41.200x001,输尿管交界性肿瘤,表 6-3-35
407,D41.201,输尿管肿瘤,表 6-3-35
408,D41.300x001,尿道交界性肿瘤,表 6-3-35
409,D41.301,尿道肿瘤,表 6-3-35
410,D42.900x001,脑脊膜交界性肿瘤,表 6-3-35
411,D42.900x002,硬膜下交界性肿瘤,表 6-3-35
412,D42.901,脑脊膜肿瘤,表 6-3-35
413,D44.500x001,松果体交界性肿瘤,表 6-3-35
414,D44.500x003,松果体区交界性肿瘤,表 6-3-35
415,D44.501,松果体肿瘤,表 6-3-35
416,D44.600x002,颈动脉体交界性肿瘤,表 6-3-35
417,D44.601,颈动脉体肿瘤,表 6-3-35
418,D46.200,难治性贫血伴有胚细胞过多,表 6-3-35
419,D46.201x001,难治贫血伴有胚细胞过多-I型,表 6-3-35
420,D46.203,难治性贫血伴有胚细胞过多-II型,表 6-3-35
421,D47.000,动态未定和动态未知的组织细胞和肥大细胞瘤,表 6-3-35
422,D47.001,懒性系统性肥大细胞增多症,表 6-3-35
423,D47.002,肥大细胞肿瘤，未特指,表 6-3-35
424,D47.003,肥大细胞瘤，未特指,表 6-3-35
425,D47.004,非肥大细胞系的造血系统增生疾病,表 6-3-35
426,D47.200,意义未明的单克隆丙种球蛋白病,表 6-3-35
427,D47.200x003,单克隆免疫球蛋白沉积病,表 6-3-35
428,D47.200x004+G63.1*,副蛋白血症相关神经病,表 6-3-35
429,D47.200x005+G63.1*,神经病伴副蛋白血症,表 6-3-35
430,D47.500,慢性嗜酸性粒细胞白血病,表 6-3-35
431,D47.700,淋巴、造血和有关组织其他特指的动态未定或动态未知的肿瘤,表 6-3-35
432,D47.700x005,B淋巴细胞克隆性疾病,表 6-3-35
433,D47.700x006,原发性系统性淀粉样变性,表 6-3-35
434,D47.700x007,Castleman病,表 6-3-35
435,D47.700x008,儿童Castleman病,表 6-3-35
436,D47.700x009,局限性Castleman病,表 6-3-35
437,D47.700x010,多中心性Castleman病,表 6-3-35
438,D47.700x011,血管滤泡性淋巴细胞增生病,表 6-3-35
439,D47.701,血管中心性免疫增生性损害,表 6-3-35
440,D47.702,血管免疫母细胞淋巴结病,表 6-3-35
441,D47.703,T-γ淋巴组织增生性疾病,表 6-3-35
442,D47.900,淋巴、造血和有关组织的动态未定或动态未知的肿瘤,表 6-3-35
443,D47.900x001,淋巴细胞增殖性疾病,表 6-3-35
444,D47.900x002,移植后淋巴增殖性疾病,表 6-3-35
445,D48.100x003,骶前结缔组织交界性肿瘤,表 6-3-35
446,D48.100x006,滑膜交界性肿瘤,表 6-3-35
447,D48.100x007,结缔组织交界性肿瘤,表 6-3-35
448,D48.100x008,颈静脉交界性肿瘤,表 6-3-35
449,D48.100x009,软组织交界性肿瘤,表 6-3-35
450,D48.100x018,腹部结缔组织交界性肿瘤,表 6-3-35
451,D48.100x020,盆腔结缔组织交界性肿瘤,表 6-3-35
452,D48.100x021,背部结缔组织交界性肿瘤,表 6-3-35
453,D48.100x023,脑血管交界性肿瘤,表 6-3-35
454,D48.100x024,血管交界性肿瘤,表 6-3-35
455,D48.100x025,肢端结缔组织交界性肿瘤,表 6-3-35
456,D48.101,头部结缔组织动态未定肿瘤,表 6-3-35
457,D48.102,头部结缔组织肿瘤,表 6-3-35
458,D48.103,面结缔组织动态未定肿瘤,表 6-3-35
459,D48.104,面结缔组织肿瘤,表 6-3-35
460,D48.105,耳结缔组织动态未定肿瘤,表 6-3-35
461,D48.106,耳结缔组织肿瘤,表 6-3-35
462,D48.107,颈部结缔组织动态未定肿瘤,表 6-3-35
463,D48.108,颈部结缔组织肿瘤,表 6-3-35
464,D48.109,躯干结缔组织动态未定肿瘤,表 6-3-35
465,D48.110,躯干结缔组织肿瘤,表 6-3-35
466,D48.111,腋下结缔组织动态未定肿瘤,表 6-3-35
467,D48.112,腋下结缔组织肿瘤,表 6-3-35
468,D48.113,肩结缔组织动态未定肿瘤,表 6-3-35
469,D48.114,肩结缔组织肿瘤,表 6-3-35
470,D48.115,胸壁结缔组织动态未定肿瘤,表 6-3-35
471,D48.116,胸壁结缔组织肿瘤,表 6-3-35
472,D48.117,腹壁结缔组织动态未定肿瘤,表 6-3-35
473,D48.118,腹壁结缔组织肿瘤,表 6-3-35
474,D48.119,腰结缔组织动态未定肿瘤,表 6-3-35
475,D48.120,腰结缔组织肿瘤,表 6-3-35
476,D48.121,腹股沟结缔组织动态未定肿瘤,表 6-3-35
477,D48.122,腹股沟结缔组织肿瘤,表 6-3-35
478,D48.123,骶结缔组织动态未定肿瘤,表 6-3-35
479,D48.124,骶结缔组织肿瘤,表 6-3-35
480,D48.125,臀结缔组织动态未定肿瘤,表 6-3-35
481,D48.126,臀结缔组织肿瘤,表 6-3-35
482,D48.127,会阴结缔组织动态未定肿瘤,表 6-3-35
483,D48.128,会阴结缔组织肿瘤,表 6-3-35
484,D48.129,直肠阴道隔结缔组织动态未定肿瘤,表 6-3-35
485,D48.130,直肠阴道隔结缔组织肿瘤,表 6-3-35
486,D48.131,上肢结缔组织动态未定肿瘤,表 6-3-35
487,D48.132,上肢结缔组织肿瘤,表 6-3-35
488,D48.133,下肢结缔组织动态未定肿瘤,表 6-3-35
489,D48.134,下肢结缔组织肿瘤,表 6-3-35
490,D51.900,维生素B12缺乏性贫血,表 6-3-36
491,D51.901+G32.0*,维生素B12缺乏性贫血性脊髓后侧索硬化,表 6-3-36
492,D55.200,糖酵解酶代谢紊乱性贫血,表 6-3-37
493,D55.201,遗传性非球形细胞性溶血性贫血Ⅱ型,表 6-3-37
494,D55.202,己糖激酶缺乏性贫血,表 6-3-37
495,D55.203,磷酸丙糖异构酶缺乏性贫血,表 6-3-37
496,D55.204,丙酮酸激酶缺乏性贫血,表 6-3-37
497,D55.900,酶代谢紊乱性贫血,表 6-3-37
498,D56.300,地中海贫血特性,表 6-3-37
499,D56.301,(β型)地中海贫血轻型,表 6-3-37
500,D57.300,镰状细胞特性,表 6-3-37
501,D57.301,杂合血红蛋白S病,表 6-3-37
502,D57.302,血红蛋白S病,表 6-3-37
503,D59.000,药物性自身免疫性溶血性贫血,表 6-3-37
504,D59.300x001,溶血-尿毒综合征,表 6-3-37
505,D59.301,非典型溶血性尿毒症,表 6-3-37
506,D59.600,血红蛋白尿，其他外因性溶血症引起的,表 6-3-37
507,D59.600x004,外因性溶血性血红蛋白尿,表 6-3-37
508,D59.601,劳力性血红蛋白尿,表 6-3-37
509,D59.602,行军性血红蛋白尿,表 6-3-37
510,D59.603,阵发性冷性血红蛋白尿,表 6-3-37
511,D59.604,血红蛋白尿伴溶血性贫血,表 6-3-37
512,D60.100x001,短暂后天性纯红细胞再生障碍性贫血,表 6-3-38
513,D61.000,体质性再生障碍性贫血,表 6-3-38
514,D61.000x006,全血细胞减少症伴畸形,表 6-3-38
515,D61.001,先天性纯红细胞再生障碍性贫血,表 6-3-38
516,D61.002,婴儿纯红细胞再生障碍性贫血,表 6-3-38
517,D61.003,原发性纯红细胞再生障碍性贫血,表 6-3-38
518,D61.004,布拉克凡-戴蒙德综合征,表 6-3-38
519,D61.005,家族性再生不良性贫血,表 6-3-38
520,D61.006,先天性再生障碍性贫血,表 6-3-38
521,D61.007,范科尼贫血,表 6-3-38
522,D61.200x002,外因性再生障碍性贫血,表 6-3-38
523,D61.201,中毒性贫血,表 6-3-38
524,D61.202,放疗后骨髓抑制,表 6-3-38
525,D61.900,再生障碍性贫血,表 6-3-38
526,D61.900x001,骨髓抑制,表 6-3-38
527,D61.901,骨髓抑制性贫血,表 6-3-38
528,D61.902,慢性再生障碍性贫血,表 6-3-38
529,D61.903,全血细胞减少,表 6-3-38
530,D61.904,增生低下性贫血,表 6-3-38
531,D61.905,重度再生障碍性贫血,表 6-3-38
532,D61.906,急性骨髓造血功能抑制,表 6-3-38
533,D61.907,全骨髓病,表 6-3-38
534,D61.908,髓性再生不良,表 6-3-38
535,D61.909,急性再生障碍性贫血,表 6-3-38
536,D68.100x001,血浆凝血致活酶前质缺乏,表 6-3-39
537,D68.101,血友病C型,表 6-3-39
538,D68.300,循环抗凝物引起的出血性疾患,表 6-3-39
539,D68.300x001,因子Ⅷ抗体形成,表 6-3-39
540,D68.300x003,血循环中抗凝物质存在,表 6-3-39
541,D68.300x004,抗凝血酶增多,表 6-3-39
542,D68.301,高肝素血症,表 6-3-39
543,D68.302,抗凝血酶增多导致的出血症,表 6-3-39
544,D68.303,长期使用抗凝剂引起的出血,表 6-3-39
545,D68.500,原发性血栓形成倾向,表 6-3-39
546,D68.501,抗活化蛋白C症,表 6-3-39
547,D68.502,抗凝血酶原Ⅲ缺乏症,表 6-3-39
548,D68.503,遗传性蛋白C缺陷症,表 6-3-39
549,D68.504,遗传性蛋白S缺陷症,表 6-3-39
550,D68.505,凝血酶原基因突变,表 6-3-39
551,D68.801,凝血因子缺乏,表 6-3-39
552,D69.500,继发性血小板减少,表 6-3-39
553,D69.500x003,症状性血小板减少性紫癜,表 6-3-39
554,D69.501,继发性血小板减少性紫癜,表 6-3-39
555,D69.502,药物性血小板减少症,表 6-3-39
556,D69.503,药物性血小板减少性紫癜,表 6-3-39
557,D69.504,获得性巨细胞性血小板减少症,表 6-3-39
558,D72.000,白细胞遗传性异常,表 6-3-40
559,D72.001,佩尔格-许特综合征,表 6-3-40
560,D72.900,白细胞疾患,表 6-3-40
561,D73.300,脾脓肿,表 6-3-40
562,D74.800x001,后天性高铁血红蛋白血症伴硫化血红蛋白血症,表 6-3-40
563,D74.800x003,硫化血红蛋白血症,表 6-3-40
564,D74.801,中毒性高铁血红蛋白血症,表 6-3-40
565,D76.200,噬红细胞综合征，与感染有关的,表 6-3-40
566,D80.601,免疫缺陷伴高免疫球蛋白血症,表 6-3-41
567,D81.000,重症联合免疫缺陷［SCID］伴有网状组织发育不全,表 6-3-41
568,D81.000x002,网状组织发育不全,表 6-3-41
569,D81.100,重症联合免疫缺陷［SCID］伴有低数量的T和B细胞,表 6-3-41
570,D81.800,联合免疫缺陷，其他的,表 6-3-41
571,D81.801,生物素依赖羧化酶缺乏,表 6-3-41
572,D81.802,全羧化酶合成酶缺乏症,表 6-3-41
573,D81.803,生物素酶缺乏症,表 6-3-41
574,D82.000,威斯科特-奥尔德里奇综合征,表 6-3-41
575,D82.200,免疫缺陷伴有短肢身材,表 6-3-41
576,D83.800,常见变异型免疫缺陷，其他的,表 6-3-41
577,D84.100,补体系统中的缺陷,表 6-3-41
578,D84.100x002,遗传性血管神经性水肿,表 6-3-41
579,D84.100x005,补体缺陷综合征,表 6-3-41
580,D84.101,补体成分缺乏,表 6-3-41
581,D84.102,补体1酯酶抑制剂［C1-INH］缺乏,表 6-3-41
582,D84.103,遗传性血管水肿,表 6-3-41
583,D84.800,免疫缺陷，其他特指的,表 6-3-41
584,D84.800x001,细胞免疫缺陷,表 6-3-41
585,D86.300,皮肤结节病,表 6-3-41
586,D86.300x002,冻疮样狼疮型皮肤结节病,表 6-3-41
587,D89.000,多克隆高丙球蛋白血症,表 6-3-41
588,D89.000x003,良性高丙球蛋白血症性紫癜,表 6-3-41
589,D89.000x004,多克隆丙球蛋白病,表 6-3-41
590,D89.001,高球蛋白血症性紫癜,表 6-3-41
591,D89.002,多克隆免疫球蛋白增多症,表 6-3-41
592,D89.200,高丙球蛋白血症,表 6-3-41
593,D89.900,涉及免疫机制的疾患,表 6-3-41
594,E00.100,先天性碘缺乏综合征，黏液水肿型,表 6-3-42
595,E00.100x002,粘液水肿型地方性呆小病,表 6-3-42
596,E00.100x003,甲状腺功能减退型地方性呆小病,表 6-3-42
597,E03.000,先天性甲状腺功能减退症伴有弥漫性甲状腺肿,表 6-3-42
598,E03.000x002,先天性非毒性甲状腺肿,表 6-3-42
599,E03.000x004,先天性实质的甲状腺肿,表 6-3-42
600,E03.001,先天性甲状腺肿,表 6-3-42
601,E03.500,黏液性水肿昏迷,表 6-3-42
602,E04.200,非毒性多结节性甲状腺肿,表 6-3-42
603,E04.200x001,囊性甲状腺肿,表 6-3-42
604,E04.200x003,非毒性多个甲状腺结节,表 6-3-42
605,E04.201,甲状腺肿伴囊性变,表 6-3-42
606,E05.300,来自异位甲状腺组织的甲状腺毒症,表 6-3-42
607,E05.301,异位甲状腺肿,表 6-3-42
608,E05.302,纵隔甲状腺肿,表 6-3-42
609,E06.200,慢性甲状腺炎伴有短暂性甲状腺毒症,表 6-3-42
610,E06.500x001,慢性侵袭性甲状腺炎,表 6-3-42
611,E06.500x002,慢性纤维性甲状腺炎,表 6-3-42
612,E06.500x004,甲状腺炎性包块,表 6-3-42
613,E06.501,里德尔甲状腺炎,表 6-3-42
614,E06.502,慢性甲状腺炎,表 6-3-42
615,E07.100,激素生成障碍性甲状腺肿,表 6-3-42
616,E07.100x002,彭德莱综合征[家族性呆小聋哑症],表 6-3-42
617,E07.100x003,家族性激素生成障碍性甲状腺肿,表 6-3-42
618,E10.000,1型糖尿病伴有昏迷,表 6-3-43
619,E10.000x001,1型糖尿病性高渗性高血糖状态昏迷,表 6-3-43
620,E10.000x002,1型糖尿病性高血糖状态昏迷,表 6-3-43
621,E10.000x005,1型糖尿病性乳酸性酸中毒并昏迷,表 6-3-43
622,E10.000x006,1型糖尿病性酮症酸中毒和乳酸性酸中毒并昏迷,表 6-3-43
623,E10.001,1型糖尿病性高渗性昏迷,表 6-3-43
624,E10.002,1型糖尿病性低血糖昏迷,  表 6-3-43
625,E10.003,1型糖尿病性酮症酸中毒昏迷,  表 6-3-43
626,E10.100,1型糖尿病伴有酮症酸中毒,  表 6-3-43
627,E10.100x012,1型糖尿病性酮症,  表 6-3-43
628,E10.100x031,1型糖尿病性乳酸性酸中毒,  表 6-3-43
629,E10.100x051,1型糖尿病性酮症酸中毒和乳酸性酸中毒,  表 6-3-43
630,E10.100x061,成人晚发自身免疫性糖尿病酮症,  表 6-3-43
631,E10.101,1型糖尿病性酮症酸中毒,  表 6-3-43
632,E10.102,1型糖尿病性乳酸酸中毒,  表 6-3-43
633,E10.103,1型糖尿病酮症,  表 6-3-43
634,E10.400x021+G63.2*,1型糖尿病性多发性神经病,  表 6-3-43
635,E10.400x022+G63.2*,1型糖尿病性胰岛素相关性神经炎,  表 6-3-43
636,E10.400x024+G63.2*,1型糖尿病性远端对称性周围神经病,  表 6-3-43
637,E10.400x025+G63.2*,1型糖尿病性小神经纤维周围神经病,  表 6-3-43
638,E10.400x026+G63.2*,1型糖尿病性感觉运动性周围神经病,  表 6-3-43
639,E10.400x110+G59.0*,1型糖尿病性单神经病,  表 6-3-43
640,E10.400x111+G59.0*,1型糖尿病性胸神经根病,  表 6-3-43
641,E10.400x112+G59.0*,1型糖尿病性躯干神经根病,  表 6-3-43
642,E10.400x121+G73.0*,1型糖尿病性肌无力综合征,  表 6-3-43
643,E10.400x130+G59.0*,1型糖尿病性脑神经麻痹,  表 6-3-43
644,E10.400x140+G59.0*,1型糖尿病性动眼神经麻痹,  表 6-3-43
645,E10.400x150+G59.0*,1型糖尿病性外展神经麻痹,  表 6-3-43
646,E10.400x160+G59.0*,1型糖尿病性股神经病,  表 6-3-43
647,E10.400x170+G59.0*,1型糖尿病性多发性单神经病,  表 6-3-43
648,E10.400x180+G59.0*,1型糖尿病性眼肌麻痹,  表 6-3-43
649,E10.400x190+G59.0*,1型糖尿病性神经根病,  表 6-3-43
650,E10.400x191+G59.0*,1型糖尿病腰骶神经根神经丛病,  表 6-3-43
651,E10.400x310+G99.0*,1型糖尿病性出汗异常,  表 6-3-43
652,E10.400x311+G99.0*,1型糖尿病性体位性低血压,  表 6-3-43
653,E10.400x330+G99.0*,1型糖尿病性腹泻,  表 6-3-43
654,E10.400x340+G99.0*,1型糖尿病性肛门直肠功能障碍,  表 6-3-43
655,E10.400x350+G99.0*,1型糖尿病性食管功能障碍,  表 6-3-43
656,E10.400x360+G99.0*,1型糖尿病性性无能,  表 6-3-43
657,E10.400x370+G99.0*,1型糖尿病性胃轻瘫,  表 6-3-43
658,E10.400x380+G99.0*,1型糖尿病性膀胱张力减弱,  表 6-3-43
659,E10.400x381+N33.8*,1型糖尿病神经源性膀胱炎,  表 6-3-43
660,E10.400x390+G99.0*,1型糖尿病性神经性水肿,  表 6-3-43
661,E10.400x901+G99.0*,1型糖尿病性脊髓病,  表 6-3-43
662,E10.400x910+G63.2*,1型糖尿病伴神经系统并发症,  表 6-3-43
663,E10.401+G63.2*,1型糖尿病性周围神经病,  表 6-3-43
664,E10.402+G99.0*,1型糖尿病性自主神经病变,  表 6-3-43
665,E10.403+G63.2*,1型糖尿病性神经炎,  表 6-3-43
666,E10.404+G99.0*,1型糖尿病性神经源性膀胱,表 6-3-43
667,E10.405+G73.0*,1型糖尿病性肌萎缩,表 6-3-43
668,E11.000,2型糖尿病伴有昏迷,表 6-3-43
669,E11.000x001,2型糖尿病性高渗性高血糖状态昏迷,表 6-3-43
670,E11.000x005,2型糖尿病性乳酸性酸中毒并昏迷,表 6-3-43
671,E11.000x006,2型糖尿病性酮症酸中毒和乳酸性酸中毒并昏迷,表 6-3-43
672,E11.001,2型糖尿病性高渗性昏迷,表 6-3-43
673,E11.002,2型糖尿病性低血糖性昏迷,表 6-3-43
674,E11.003,2型糖尿病性酮症酸中毒昏迷,表 6-3-43
675,E11.100x051,2型糖尿病性酮症酸中毒和乳酸性酸中毒,表 6-3-43
676,E11.101,2型糖尿病性酮症酸中毒,表 6-3-43
677,E11.102,2型糖尿病性乳酸酸中毒,表 6-3-43
678,E11.103,2型糖尿病性酮症,表 6-3-43
679,E12.000,营养不良相关性糖尿病伴有昏迷,表 6-3-43
680,E12.100,营养不良相关性糖尿病伴有酮症酸中毒,表 6-3-43
681,E13.000,糖尿病伴有昏迷，其他特指的,表 6-3-43
682,E13.101,继发性糖尿病性酮症酸中毒,表 6-3-43
683,E13.102,继发性糖尿病性酮症,表 6-3-43
684,E14.000,糖尿病伴有昏迷,表 6-3-43
685,E14.000x001,糖尿病性高渗性高血糖状态昏迷,表 6-3-43
686,E14.000x002,糖尿病性高血糖状态昏迷,表 6-3-43
687,E14.000x003,糖尿病性低血糖昏迷,表 6-3-43
688,E14.000x004,糖尿病性酮症酸中毒并昏迷,表 6-3-43
689,E14.000x005,糖尿病性乳酸性酸中毒并昏迷,表 6-3-43
690,E14.000x006,糖尿病性酮症酸中毒和乳酸性酸中毒并昏迷,表 6-3-43
691,E14.100,糖尿病伴有酮症酸中毒,表 6-3-43
692,E14.100x012,糖尿病性酮症,表 6-3-43
693,E14.100x031,糖尿病性乳酸性酸中毒,表 6-3-43
694,E14.100x051,糖尿病性酮症酸中毒和乳酸性酸中毒,表 6-3-43
695,E16.300,高血糖素分泌增多,表 6-3-44
696,E16.300x001,胰腺内分泌细胞增生伴胰升糖素过多,表 6-3-44
697,E16.300x002,胰升糖素分泌过多,表 6-3-44
698,E16.300x003+L54.8*,坏死松解性游走性红斑,表 6-3-44
699,E16.301,胰高血糖素血症,表 6-3-44
700,E16.900x002,胰腺内分泌细胞增生,表 6-3-44
701,E16.901,胰岛细胞增生症,表 6-3-44
702,E20.000,特发性甲状旁腺功能减退症,表 6-3-45
703,E21.500,甲状旁腺的疾患,表 6-3-45
704,E23.100,药物性垂体功能减退症,表 6-3-45
705,E23.200,尿崩症,表 6-3-45
706,E23.200x003,中枢性尿崩症,表 6-3-45
707,E23.200x005,完全性尿崩症,表 6-3-45
708,E23.201,脑外伤后尿崩症,表 6-3-45
709,E23.202,部分性垂体性尿崩症,表 6-3-45
710,E23.203,完全性垂体性尿崩症,表 6-3-45
711,E23.204,继发性尿崩症,表 6-3-45
712,E23.300x001,垂体功能不良,表 6-3-45
713,E23.301,垂体功能紊乱,表 6-3-45
714,E23.302,下丘脑综合征,表 6-3-45
715,E24.300,异位促肾上腺皮质激素综合征,表 6-3-45
716,E27.100x003,自身免疫性肾上腺炎,表 6-3-45
717,E27.101,艾迪生病,表 6-3-45
718,E27.300,药物性肾上腺皮质功能减退症,表 6-3-45
719,E28.000,雌激素过多,表 6-3-45
720,E28.300x001,早发绝经,表 6-3-45
721,E28.300x002,卵巢功能减退,表 6-3-45
722,E28.300x005,女性性腺功能低下,表 6-3-45
723,E28.300x008,抗卵巢综合征,表 6-3-45
724,E28.301,卵巢早衰,表 6-3-45
725,E28.302,雌激素减少,表 6-3-45
726,E28.303,卵巢功能衰竭,表 6-3-45
727,E28.800x002,卵巢功能亢进,表 6-3-45
728,E28.900,卵巢功能障碍,表 6-3-45
729,E29.900,睾丸功能障碍,表 6-3-45
730,E31.000,自身免疫性多腺体衰竭,表 6-3-45
731,E31.001,施密特综合征,表 6-3-45
732,E31.002,自身免疫性多内分泌腺病综合征,表 6-3-45
733,E32.100,胸腺脓肿,表 6-3-45
734,E34.000,类癌瘤综合征,表 6-3-45
735,E50.100x001+H13.8*,少年儿童的比托斑点,表 6-3-46
736,E50.100x002+H13.8*,维生素A缺乏伴比托斑点及结膜干燥症,表 6-3-46
737,E50.800x002+L86*,维生素A缺乏伴毛囊角化病,表 6-3-46
738,E50.801+L86*,维生素A缺乏合并皮肤干燥病,表 6-3-46
739,E51.100,脚气病,表 6-3-46
740,E51.100x002+G63.4*,糙皮病性多神经病,表 6-3-46
741,E51.100x003+G63.4*,脚气病性多神经炎,表 6-3-46
742,E51.100x005+I98.8*,湿性脚气病,表 6-3-46
743,E51.100x006,干性脚气病,表 6-3-46
744,E56.000,维生素E缺乏病,表 6-3-46
745,E61.800,营养元素缺乏，其他特指的,表 6-3-46
746,E64.200,维生素C缺乏后遗症,表 6-3-46
747,E64.300,佝偻病后遗症,表 6-3-46
748,E67.800,营养过度，其他特指的,表 6-3-47
749,E71.000,槭糖尿病,表 6-3-48
750,E72.200x002,一过性高氨血症,表 6-3-48
751,E72.200x004,精氨酸血症,表 6-3-48
752,E72.200x007,先天性高氨血症,表 6-3-48
753,E72.200x008,尿素循环障碍,表 6-3-48
754,E72.201,高氨血症,表 6-3-48
755,E72.202,瓜氨酸血症,表 6-3-48
756,E72.203,精氨基琥珀酸尿症,表 6-3-48
757,E72.204,精氨酸酶缺乏症,表 6-3-48
758,E72.205,N-乙酰谷氨酸合成酶缺乏症,表 6-3-48
759,E73.000,先天性乳糖缺乏,表 6-3-48
760,E74.300x001,葡萄糖及半乳糖吸收不良,表 6-3-48
761,E74.300x002,肠二糖酶缺乏及二糖吸收不良,表 6-3-48
762,E74.300x003,庶糖酶缺乏,表 6-3-48
763,E75.300,神经鞘脂贮积症,表 6-3-48
764,E76.900x001,氨基葡聚糖代谢紊乱,表 6-3-48
765,E83.000,铜代谢紊乱,表 6-3-48
766,E83.000x005,毛发纽结型门克病,表 6-3-48
767,E83.000x006,坚硬发型门克病,表 6-3-48
768,E83.001,肝豆状核变性,表 6-3-48
769,E83.002,门克斯综合征,表 6-3-48
770,E83.003+F02.8*,肝豆状核变性痴呆,表 6-3-48
771,E83.401,低镁血症,表 6-3-48
772,E83.402,高镁血症,表 6-3-48
773,E83.403,遗传性低镁血症,表 6-3-48
774,E87.001,高钠血症,表 6-3-48
775,E88.202,疼痛性脂肪过多症,表 6-3-48
776,E88.203,脂肪堆积,表 6-3-48
777,E88.300,肿瘤溶解综合征,表 6-3-48
778,E89.300x002,医源性垂体功能减退症,表 6-3-48
779,E89.300x003,放射后垂体功能减退症,表 6-3-48
780,E89.301,手术后垂体功能减退,表 6-3-48
781,E89.302,后天性垂体缺失,表 6-3-48
782,E89.303,手术后尿崩症,表 6-3-48
783,E89.400x001,放射后卵巢功能衰竭,表 6-3-48
784,E89.400x002,手术后卵巢功能衰竭,表 6-3-48
785,E89.401,医源性卵巢功能衰竭,表 6-3-48
786,E89.900,"内分泌和代谢紊乱,操作后的",表 6-3-48
787,F01.000,急性发作的血管性痴呆,表 6-3-49
788,F01.800x001,出血性痴呆,表 6-3-49
789,F05.000,谵妄，描述为并非附加于痴呆的,表 6-3-49
790,F05.000x001,药物中毒性意识障碍(包括谵妄状态),表 6-3-49
791,F05.001,老年性谵妄,表 6-3-49
792,F05.900,谵妄,表 6-3-49
793,F05.901,感染性精神病,表 6-3-49
794,F05.902,急性脑病综合征,表 6-3-49
795,F06.000,器质性幻觉症,表 6-3-49
796,F06.100,器质性紧张性障碍,表 6-3-49
797,F06.700,轻度认知障碍,表 6-3-49
798,F07.000,器质性人格障碍,表 6-3-49
799,F07.001,额叶综合征,表 6-3-49
800,F10.600,使用酒精引起的遗忘综合征,表 6-3-50
801,F10.600x002,酒精中毒性科尔萨科夫综合征,表 6-3-50
802,F10.601,慢性酒精性谵妄,表 6-3-50
803,F11.000,急性阿片类物质中毒引起的精神和行为障碍,表 6-3-50
804,F11.000x001,阿片类药急性中毒,表 6-3-50
805,F13.000,急性镇静剂或催眠剂中毒引起的精神和行为障碍,表 6-3-50
806,F13.000x001,镇静剂或催眠剂急性中毒,表 6-3-50
807,F13.100,有害性使用镇静剂或催眠剂引起的精神和行为障碍,表 6-3-50
808,F13.100x001,镇静剂或催眠剂的有害使用,表 6-3-50
809,F13.500,使用镇静剂或催眠剂引起的精神性障碍,表 6-3-50
810,F15.300x001,含有咖啡因的兴奋剂戒断状态,表 6-3-50
811,F15.300x002,咖啡因戒断状态,表 6-3-50
812,F15.300x003,苯丙胺类兴奋剂戒断状态,表 6-3-50
813,F15.300x004,氯胺酮戒断状态,表 6-3-50
814,F15.500x001,含有咖啡因的兴奋剂所致的精神病性障碍,表 6-3-50
815,F15.500x002,咖啡因所致的精神病性障碍,表 6-3-50
816,F15.500x003,苯丙胺类兴奋剂所致的精神病性障碍,表 6-3-50
817,F15.500x004,氯胺酮所致的精神病性障碍,表 6-3-50
818,F15.501,苯丙胺类中毒性精神病,表 6-3-50
819,F15.800,使用其他兴奋剂(包括咖啡因)引起的其他精神和行为障碍,表 6-3-50
820,F16.500,使用致幻剂引起的精神性障碍,表 6-3-50
821,F18.000,使用挥发性溶剂急性中毒引起的精神和行为障碍,表 6-3-50
822,F18.000x001,挥发性溶剂急性中毒,表 6-3-50
823,F19.100,有害性使用多种药物和其他精神活性物质引起的精神和行为障碍,表 6-3-50
824,F19.100x004,多种药物和其他精神活性物质的有害使用,表 6-3-50
825,F19.800,使用多种药物和其他精神活性物质引起的其他精神和行为障碍,表 6-3-50
826,F20.400,精神分裂症后抑郁,表 6-3-51
827,F22.900,持久妄想性障碍,表 6-3-51
828,F23.300x001,偏执性反应,表 6-3-51
829,F23.300x002,心因性偏执性精神障碍,表 6-3-51
830,F23.300x003,以妄想为主的急性精神病性障碍,表 6-3-51
831,F23.301,急性偏执性反应状态,表 6-3-51
832,F25.000,分裂情感性障碍，躁狂型,表 6-3-51
833,F25.000x001,分裂情感性障碍躁狂发作,表 6-3-51
834,F25.800,分裂情感性障碍，其他的,表 6-3-51
835,F30.800x002,兴奋状态,表 6-3-52
836,F30.900,躁狂发作,表 6-3-52
837,F30.901,兴奋躁动状态,表 6-3-52
838,F31.700,双相情感障碍，目前为缓解状态,表 6-3-52
839,F31.800x001,复发性躁狂发作,表 6-3-52
840,F31.800x002,双相情感障碍2型,表 6-3-52
841,F31.800x003,难治性双相情感障碍,表 6-3-52
842,F31.801,慢性躁狂症,表 6-3-52
843,F31.802,"双相情感障碍,快速循环型",表 6-3-52
844,F31.803,非典型双相情感障碍,表 6-3-52
845,F34.900,心境［情感］障碍，持久的,表 6-3-52
846,F40.000,广场恐怖,表 6-3-53
847,F40.100,社交恐怖,表 6-3-53
848,F40.200x001,高空恐怖,表 6-3-53
849,F40.200x002,动物恐怖,表 6-3-53
850,F40.200x003,幽闭恐怖,表 6-3-53
851,F40.200x004,单纯恐怖,表 6-3-53
852,F41.300x001,混合性焦虑障碍,表 6-3-53
853,F42.800,"强迫性障碍,其他的",表 6-3-53
854,F42.800x001,难治性强迫症,表 6-3-53
855,F44.300,昼游和附体障碍,表 6-3-53
856,F44.301,附体综合征,表 6-3-53
857,F44.600,分离性感觉麻木和感觉丧失,表 6-3-53
858,F44.600x002,心因性耳聋,表 6-3-53
859,F44.601,癔病性耳聋,表 6-3-53
860,F44.602,癔症性失明,表 6-3-53
861,F44.603,癔症性视觉模糊,表 6-3-53
862,F44.700,混合性分离［转换］性障碍,表 6-3-53
863,F45.100,未分化的躯体形式障碍,表 6-3-53
864,F48.801,精神衰弱,表 6-3-53
865,F48.802,混合型神经症,表 6-3-53
866,F50.000,神经性厌食,表 6-3-54
867,F50.401,心因性暴食,表 6-3-54
868,F50.900,进食障碍,表 6-3-54
869,F51.400,睡惊症［夜惊症］,表 6-3-54
870,F51.800,非器质性睡眠障碍，其他的,表 6-3-54
871,F52.000,性欲减退或缺失,表 6-3-54
872,F52.001,性欲缺失,表 6-3-54
873,F52.500,非器质性阴道痉挛,表 6-3-54
874,F52.900,性功能障碍，非由器质性障碍或疾病引起的,表 6-3-54
875,F60.600,焦虑［回避］型人格障碍,表 6-3-55
876,F63.300,拔毛狂,表 6-3-55
877,F63.800,习惯和冲动障碍，其他的,表 6-3-55
878,F63.800x001,病理性网络使用,表 6-3-55
879,F63.801,青少年网络成瘾,表 6-3-55
880,F63.900,习惯和冲动障碍,表 6-3-55
881,F66.000,性成熟障碍,表 6-3-55
882,F66.900,性心理发育障碍,表 6-3-55
883,F70.900,轻度精神发育迟缓，未提及行为缺陷的,表 6-3-56
884,F71.900,中度精神发育迟缓，未提及行为缺陷的,表 6-3-56
885,F72.900,重度精神发育迟缓，未提及行为缺陷的,表 6-3-56
886,F73.800,极重度精神发育迟缓，其他行为缺陷,表 6-3-56
887,F78.000,其他的精神发育迟缓，无或轻微行为缺陷的,表 6-3-56
888,F78.800,其他精神发育迟缓，其他行为缺陷的,表 6-3-56
889,F80.000,特定性言语构音障碍,表 6-3-57
890,F80.200,感受性语言障碍,表 6-3-57
891,F80.201,感觉性失语,表 6-3-57
892,F80.202,韦尼克失语,表 6-3-57
893,F80.203,先天性听力无知觉,表 6-3-57
894,F80.204,接受型言语障碍或失语症,表 6-3-57
895,F80.205,辨语聋,表 6-3-57
896,F81.000,特定性阅读障碍,表 6-3-57
897,F81.300,混合性学习技能障碍,表 6-3-57
898,F91.300,对立违抗性障碍,表 6-3-58
899,F93.000,童年离别焦虑障碍,表 6-3-58
900,F95.000,一过性抽动障碍,表 6-3-58
901,F95.100,慢性运动或发声抽动障碍,表 6-3-58
902,F95.101,慢性运动抽动障碍,表 6-3-58
903,F95.200,发声和多种运动联合抽动障碍［德拉图雷特综合征］,表 6-3-58
904,F95.201,抽动秽语综合征,表 6-3-58
905,F98.100,非器质性遗粪症,表 6-3-58
906,F98.101,功能性遗粪症,表 6-3-58
907,F98.400,刻板性运动障碍,表 6-3-58
908,G04.800,脑炎、脊髓炎和脑脊髓炎，其他的,表 6-3-59
909,G04.800x003,化脓性脊髓炎,表 6-3-59
910,G04.800x004,抗NMDA受体脑炎,表 6-3-59
911,G04.800x005,脱髓鞘性脊髓炎,表 6-3-59
912,G04.800x007,边缘叶脑炎,表 6-3-59
913,G04.800x008,肺炎支原体性脑炎,表 6-3-59
914,G04.800x009,猫抓性脑炎,表 6-3-59
915,G04.800x010,感染性边缘叶脑炎,表 6-3-59
916,G04.800x012,免疫介导性脑脊髓炎,表 6-3-59
917,G04.800x013,免疫介导性脑炎,表 6-3-59
918,G04.800x014,免疫介导性脊髓炎,表 6-3-59
919,G04.800x015,免疫介导性脊髓神经根神经病,表 6-3-59
920,G04.800x016,免疫介导性脑干脑炎,表 6-3-59
921,G04.801,自体免疫性脑炎,表 6-3-59
922,G04.802,感染后脑炎,表 6-3-59
923,G04.803,感染后脑脊髓炎,表 6-3-59
924,G04.804,变态反应性脑炎,表 6-3-59
925,G04.805,化脓性脑炎,表 6-3-59
926,G04.807,化脓性脑膜脑炎,表 6-3-59
927,G04.808,化脓性脑室炎,表 6-3-59
928,G04.900x001,非特异性脑炎,表 6-3-59
929,G04.900x005,脊髓神经根病,表 6-3-59
930,G04.900x010,脑干脑炎,表 6-3-59
931,G04.900x011,脑脊髓神经根炎,表 6-3-59
932,G04.900x019,散发性脑炎,表 6-3-59
933,G04.900x021,脑室管膜炎,表 6-3-59
934,G04.900x024,急性脑膜脑炎,表 6-3-59
935,G04.900x025,急性小脑炎,表 6-3-59
936,G04.900x027,大脑性脑室炎,表 6-3-59
937,G04.900x031,脊髓神经根炎,表 6-3-59
938,G04.902,急性上行性脊髓炎,表 6-3-59
939,G04.903,脑室炎,表 6-3-59
940,G04.904,中枢神经系统感染,表 6-3-59
941,G04.905,急性神经根脊髓炎,表 6-3-59
942,G04.906,室管膜炎,表 6-3-59
943,G04.907,局灶性脑炎,表 6-3-59
944,G04.908,脊髓炎,表 6-3-59
945,G04.909,急性脊髓炎,表 6-3-59
946,G04.910,上行性脊髓炎,表 6-3-59
947,G04.911,脑脊髓炎,表 6-3-59
948,G04.912,神经根脊髓炎,表 6-3-59
949,G04.913,脑炎,表 6-3-59
950,G04.914,脑膜脑炎,表 6-3-59
951,G04.915,脑炎性假瘤,表 6-3-59
952,G04.916,脑炎性肿物,表 6-3-59
953,G04.917,脑炎性病变,表 6-3-59
954,G04.918,椎管内炎性肿物,表 6-3-59
955,G04.919,小脑炎,表 6-3-59
956,G04.920,复发性多灶性炎性脑病,表 6-3-59
957,G04.921,脑干炎,表 6-3-59
958,G04.922,脑性发热,表 6-3-59
959,G06.000x001,小脑脓肿,表 6-3-59
960,G06.000x002,额叶脓肿,表 6-3-59
961,G06.000x003,顶叶脓肿,表 6-3-59
962,G06.000x004,颞叶脓肿,表 6-3-59
963,G06.000x005,枕叶脓肿,表 6-3-59
964,G06.000x007,基底节脓肿,表 6-3-59
965,G06.000x008,丘脑脓肿,表 6-3-59
966,G06.000x009,下丘脑脓肿,表 6-3-59
967,G06.000x011,半卵圆中心脓肿,表 6-3-59
968,G06.000x012,胼胝体脓肿,表 6-3-59
969,G06.000x013,中脑脓肿,表 6-3-59
970,G06.000x014,脑桥脓肿,表 6-3-59
971,G06.000x015,延髓脓肿,表 6-3-59
972,G06.000x018,颅内硬脑膜外肉芽肿,表 6-3-59
973,G06.000x020,颅内硬脑膜下肉芽肿,表 6-3-59
974,G06.000x021,侧窦周围脓肿,表 6-3-59
975,G06.000x022,耳源性脑脓肿,表 6-3-59
976,G06.001,脑脓肿,表 6-3-59
977,G06.002,脑肉芽肿,表 6-3-59
978,G06.003,海绵窦脓肿,表 6-3-59
979,G06.004,颅内脓肿,表 6-3-59
980,G06.005,颅内炎性肉芽肿,表 6-3-59
981,G06.006,颅内感染,表 6-3-59
982,G06.008,硬脑膜下脓肿,表 6-3-59
983,G06.009,硬脑膜外脓肿,表 6-3-59
984,G06.200,硬膜外和硬膜下脓肿,表 6-3-59
985,G06.200x003,硬脑膜下炎性肉芽肿,表 6-3-59
986,G06.201,硬膜下脓肿,表 6-3-59
987,G06.202,硬膜下肉芽肿,表 6-3-59
988,G06.203,硬膜外脓肿,表 6-3-59
989,G11.000,先天性非进行性共济失调,表 6-3-60
990,G11.000x002,小脑性发育不良及发育不全,表 6-3-60
991,G11.000x003,先天性小脑性共济失调,表 6-3-60
992,G11.000x004,先天性小脑性共济失调双侧瘫痪,表 6-3-60
993,G11.000x005,先天性小脑蚓部发育不全,表 6-3-60
994,G11.000x006,先天性小脑颗粒细胞发育不全,表 6-3-60
995,G11.000x007,"先天性共济失调,精神发育迟缓及部分无虹膜",表 6-3-60
996,G11.000x008,先天性平衡失调综合征,表 6-3-60
997,G11.400,遗传性痉挛性截瘫,表 6-3-60
998,G11.400x001,遗传性痉挛性截瘫[Strumpell-Lorrain病],表 6-3-60
999,G12.000,婴儿脊髓性肌萎缩，Ⅰ型［韦德尼希-霍夫曼］,表 6-3-60
1000,G12.100,肌萎缩，其他遗传性脊髓性的,表 6-3-60
1001,G12.100x001,成人型脊髓性肌萎缩(IV型),表 6-3-60
1002,G12.100x003,幼年型进行性球麻痹[Fazio-Londe病],表 6-3-60
1003,G12.100x004,远端型脊髓性肌萎缩,表 6-3-60
1004,G12.100x008,青年上肢远端肌萎缩症[平山病],表 6-3-60
1005,G12.101,肩腓型脊髓性肌萎缩,表 6-3-60
1006,G12.102,少年型脊髓性肌萎缩，Ⅲ型,表 6-3-60
1007,G12.103,婴儿型脊髓性肌萎缩，Ⅱ型,表 6-3-60
1008,G12.104,成人型进行性脊髓性肌萎缩,表 6-3-60
1009,G21.100,帕金森综合征，其他药物性继发性的,表 6-3-61
1010,G21.101,中毒性帕金森综合征,表 6-3-61
1011,G21.102,药源性静坐不能,表 6-3-61
1012,G21.200,继发性帕金森综合征，其他外部因素引起的,表 6-3-61
1013,G21.201,外伤性帕金森综合征,表 6-3-61
1014,G23.000,哈勒沃登-施帕茨病,表 6-3-61
1015,G23.000x002,进行性苍白球变性,表 6-3-61
1016,G23.000x003,苍白球黑质红核色素变性,表 6-3-61
1017,G23.200,帕金森型多系统萎缩,表 6-3-61
1018,G24.100,特发性家族性张力失常,表 6-3-61
1019,G24.101,扭转痉挛,表 6-3-61
1020,G24.102,特发性肌张力异常,表 6-3-61
1021,G24.103,多巴胺反应性肌张力障碍,表 6-3-61
1022,G24.104,特发性扭转性肌张力障碍,表 6-3-61
1023,G24.105,原发性肌张力障碍,表 6-3-61
1024,G24.106,原发性遗传性肌张力不全,表 6-3-61
1025,G24.300,痉挛性斜颈,表 6-3-61
1026,G24.300x002,痉挛性颈后倾,表 6-3-61
1027,G24.300x003,痉挛性颈前倾,表 6-3-61
1028,G24.300x004,痉挛性颈侧倾,表 6-3-61
1029,G25.400,药物性舞蹈症,表 6-3-61
1030,G30.800,"阿尔茨海默病,其他的",表 6-3-62
1031,G30.800x001,阿尔茨海默病(混合型),表 6-3-62
1032,G30.800x003+F00.2*,混合性痴呆,表 6-3-62
1033,G30.801+F00.2*,混合型阿尔茨海默病性痴呆伴幻觉妄想状态,表 6-3-62
1034,G30.802+F00.2*,混合型阿尔茨海默病性痴呆伴抑郁状态,表 6-3-62
1035,G36.800,急性播散性脱髓鞘，其他特指的,表 6-3-63
1036,G36.900,急性播散性脱髓鞘,表 6-3-63
1037,G36.901,急性脱髓鞘性脊髓病,表 6-3-63
1038,G37.200,中枢性脑桥髓鞘破坏,表 6-3-63
1039,G37.200x001,脑桥中央髓鞘溶解症,表 6-3-63
1040,G37.200x002,脑桥外髓鞘溶解症,表 6-3-63
1041,G37.300,中枢神经系统脱髓鞘病的急性横贯性脊髓炎,表 6-3-63
1042,G37.301,急性横贯性脊髓炎,表 6-3-63
1043,G41.801,慢波睡眠中持续棘慢复合波癫痫,表 6-3-64
1044,G41.802,全面性癫痫持续状态,表 6-3-64
1045,G41.806,局灶性癫痫持续状态,表 6-3-64
1046,G41.807,局灶性癫痫持续性先兆,表 6-3-64
1047,G44.300,慢性创伤后头痛,表 6-3-64
1048,G50.100,非典型性面部痛,表 6-3-65
1049,G52.000,嗅神经疾患,表 6-3-65
1050,G52.300,舌下神经疾患,表 6-3-65
1051,G52.301,舌下神经痛,表 6-3-65
1052,G52.302,舌下神经麻痹,表 6-3-65
1053,G54.500,神经痛性肌萎缩,表 6-3-65
1054,G54.600,幻肢综合征伴有疼痛,表 6-3-65
1055,G58.700,多发性单神经炎,表 6-3-65
1056,G58.900,单神经病,表 6-3-65
1057,G58.900x002,神经功能障碍,表 6-3-65
1058,G58.900x003,神经麻痹,表 6-3-65
1059,G60.100,植烷酸贮积症,表 6-3-66
1060,G62.200,毒性物质引起的多神经病，其他的,表 6-3-66
1061,G62.200x001,化学性多神经病,表 6-3-66
1062,G62.200x003,中毒性多神经病,表 6-3-66
1063,G62.201,有机磷中毒迟发性神经病,表 6-3-66
1064,G62.800x005,感觉神经元病,表 6-3-66
1065,G62.800x007,血管炎相关神经病,表 6-3-66
1066,G62.800x008,轴索性周围神经病,表 6-3-66
1067,G62.800x009,小纤维神经病,表 6-3-66
1068,G62.803,放射性多神经病,表 6-3-66
1069,G62.804,运动性周围神经病,表 6-3-66
1070,G62.805,混合性周围神经病,表 6-3-66
1071,G62.806,感染性周围神经病,表 6-3-66
1072,G62.807,免疫相关性周围神经病,表 6-3-66
1073,G62.808,缺血性周围神经病,表 6-3-66
1074,G62.809,创伤性周围神经病,表 6-3-66
1075,G62.810,后天获得性周围神经病,表 6-3-66
1076,G70.800x001,非癌性肌无力综合征,表 6-3-67
1077,G71.300,线粒体肌病，不可归类在他处者,表 6-3-67
1078,G71.300x001,线粒体脑肌病伴高乳酸血症和卒中样发作,表 6-3-67
1079,G71.300x003,线粒体肌病,表 6-3-67
1080,G71.301,线粒体脑肌病,表 6-3-67
1081,G72.100,酒精性肌病,表 6-3-67
1082,G72.800x001,肌麻痹,表 6-3-67
1083,G72.800x002,血管源性肌病,表 6-3-67
1084,G72.800x003,缺血缺氧性肌病,表 6-3-67
1085,G72.800x006,风湿免疫病合并肌病,表 6-3-67
1086,G72.800x007,杆状体肌病,表 6-3-67
1087,G72.800x008,还原体肌病,表 6-3-67
1088,G72.800x009,肌管肌病,表 6-3-67
1089,G72.800x010,肌球蛋白缺乏性肌病,表 6-3-67
1090,G72.800x011,肌小管肌病,表 6-3-67
1091,G72.800x012,远端性肌病,表 6-3-67
1092,G72.800x013,指印体肌病,表 6-3-67
1093,G82.400,痉挛性四肢瘫痪,表 6-3-68
1094,G82.400x011,急性痉挛性四肢瘫,表 6-3-68
1095,G82.400x031,急性完全性痉挛性四肢瘫,表 6-3-68
1096,G82.400x041,慢性完全性痉挛性四肢瘫,表 6-3-68
1097,G82.400x051,急性不完全性痉挛性四肢瘫,表 6-3-68
1098,G82.400x061,慢性不完全性痉挛性四肢瘫,表 6-3-68
1099,G82.401,慢性痉挛性四肢瘫,表 6-3-68
1100,G83.600,上运动神经元性面瘫,表 6-3-68
1101,G90.800x001,交感神经炎,表 6-3-69
1102,G90.800x002,直立不耐受,表 6-3-69
1103,G90.800x003,直立性调节障碍,表 6-3-69
1104,G90.800x004,β受体亢进综合征[β受体过敏综合征],表 6-3-69
1105,G90.800x005,胆碱能神经功能亢进,表 6-3-69
1106,G90.801,交感神经链综合征,表 6-3-69
1107,G91.000,交通性脑积水,表 6-3-69
1108,G91.000x002,颅内出血后脑积水,表 6-3-69
1109,G91.000x003,感染性脑积水,表 6-3-69
1110,G91.100,梗阻性脑积水,表 6-3-69
1111,G91.100x002,中脑导水管梗阻,表 6-3-69
1112,G91.100x003,孤立性第四脑室[第四脑室积水],表 6-3-69
1113,G91.900,脑积水,表 6-3-69
1114,G93.501,脑疝,表 6-3-69
1115,G93.600,脑水肿,表 6-3-69
1116,G93.600x002,脑干水肿,表 6-3-69
1117,G93.600x003,血管源性脑水肿,表 6-3-69
1118,G93.600x004,细胞性脑水肿[细胞毒性脑水肿],表 6-3-69
1119,G93.600x005,脑积水性脑水肿[间质性脑水肿],表 6-3-69
1120,G93.600x006,缺血性脑水肿,表 6-3-69
1121,G93.600x007,渗透压性脑水肿,表 6-3-69
1122,G93.600x008,粒细胞性脑水肿,表 6-3-69
1123,G93.600x009,离子性脑水肿,表 6-3-69
1124,G96.100,脑脊膜疾患，不可归类在他处者,表 6-3-69
1125,G96.100x001,脊髓蛛网膜粘连,表 6-3-69
1126,G96.100x002,蛛网膜粘连,表 6-3-69
1127,G96.100x003,马尾粘连,表 6-3-69
1128,G96.100x004,脊髓粘连,表 6-3-69
1129,G96.100x005,脑膜粘连,表 6-3-69
1130,G96.100x007,髓外硬膜外囊肿,表 6-3-69
1131,G96.100x008,硬脊膜外粘连,表 6-3-69
1132,G96.100x009,椎管内胆脂瘤,表 6-3-69
1133,G96.100x010,椎管内蛛网膜囊肿,表 6-3-69
1134,G96.100x013,硬脊膜内囊肿,表 6-3-69
1135,G96.101,脊膜粘连,表 6-3-69
1136,G96.103,脑室粘连,表 6-3-69
1137,G96.104,硬膜外囊肿,表 6-3-69
1138,G97.800x001,手术后马尾神经损伤,表 6-3-69
1139,G97.800x002,手术后脑膜膨出,表 6-3-69
1140,G97.800x003,手术后肢体功能障碍,表 6-3-69
1141,G97.800x004,手术后瘫痪,表 6-3-69
1142,G97.800x005,手术后颅内积气,表 6-3-69
1143,G97.800x006,手术后脑积水,表 6-3-69
1144,G97.800x008,手术后脑神经损伤,表 6-3-69
1145,G97.800x009,脑部手术后皮下积液,表 6-3-69
1146,G97.801,操作后缺氧性脑损害,表 6-3-69
1147,G97.802,脑血管造影后脑血管痉挛,表 6-3-69
1148,G97.803,裂隙脑室综合征,表 6-3-69
1149,H01.801,眼睑瘘,表 6-3-70
1150,H01.802,眼睑肉芽肿,表 6-3-70
1151,H02.900,眼睑疾患,表 6-3-70
1152,H02.900x003,眼睑细胞组织增生症,表 6-3-70
1153,H02.901,眼睑肿物,表 6-3-70
1154,H04.000,泪腺炎,表 6-3-70
1155,H04.000x004,慢性泪腺肥大,表 6-3-70
1156,H04.001,急性泪腺炎,表 6-3-70
1157,H04.002,慢性泪腺炎,表 6-3-70
1158,H04.003,泪腺炎性假瘤,表 6-3-70
1159,H05.300,眼眶畸形,表 6-3-70
1160,H05.300x003,眼眶外生骨疣,表 6-3-70
1161,H05.301,眼眶萎缩,表 6-3-70
1162,H05.500,眼眶贯通伤后残留(陈旧性)异物,表 6-3-70
1163,H05.500x001,陈旧性眶内异物,表 6-3-70
1164,H05.500x002,陈旧性球后异物,表 6-3-70
1165,H10.400,慢性结膜炎,表 6-3-71
1166,H10.401,结膜肉芽肿,表 6-3-71
1167,H18.900,角膜疾患,表 6-3-72
1168,H18.901,角膜肿物,表 6-3-72
1169,H20.200,晶体诱发性虹膜睫状体炎,表 6-3-72
1170,H20.200x001,晶状体相关性葡萄膜炎,表 6-3-72
1171,H21.300x005,炎症渗出性虹膜囊肿,表 6-3-72
1172,H21.300x006,外伤植入性虹膜囊肿,表 6-3-72
1173,H21.300x007,寄生虫性虹膜囊肿,表 6-3-72
1174,H21.300x008,炎症渗出性睫状体囊肿,表 6-3-72
1175,H21.300x009,外伤植入性睫状体囊肿,表 6-3-72
1176,H21.300x010,寄生虫性睫状体囊肿,表 6-3-72
1177,H21.300x011,炎症渗出性前房囊肿,表 6-3-72
1178,H21.300x012,外伤植入性前房囊肿,表 6-3-72
1179,H21.300x013,寄生虫性前房囊肿,表 6-3-72
1180,H21.301,虹膜囊肿,表 6-3-72
1181,H21.302,睫状体囊肿,表 6-3-72
1182,H21.303,前房囊肿,表 6-3-72
1183,H21.400,瞳孔膜,表 6-3-72
1184,H21.401,瞳孔闭锁,表 6-3-72
1185,H21.402,瞳孔闭合,表 6-3-72
1186,H21.403,虹膜膨隆,表 6-3-72
1187,H25.200,老年性白内障，莫尔加尼型,表 6-3-73
1188,H27.800,晶状体其他特指的疾患,表 6-3-73
1189,H27.800x001,真性晶状体囊膜剥脱,表 6-3-73
1190,H30.100,播散性脉络膜视网膜炎,表 6-3-74
1191,H30.100x002,播散性视网膜炎,表 6-3-74
1192,H30.100x003,播散性脉络膜炎,表 6-3-74
1193,H30.900,脉络膜视网膜炎,表 6-3-74
1194,H30.900x001,陈旧性脉络膜视网膜炎,表 6-3-74
1195,H30.900x002,结节性脉络膜炎,表 6-3-74
1196,H30.901,视神经视网膜炎,表 6-3-74
1197,H30.902,脉络膜炎,表 6-3-74
1198,H30.903,视网膜炎,表 6-3-74
1199,H31.200,遗传性脉络膜营养障碍,表 6-3-74
1200,H31.200x002,无脉络膜症,表 6-3-74
1201,H31.200x003,中心小区性脉络膜营养不良,表 6-3-74
1202,H31.200x004,广泛性脉络膜营养不良,表 6-3-74
1203,H31.200x005,视乳头周围脉络膜营养不良,表 6-3-74
1204,H31.200x006,回旋状脉络膜萎缩,表 6-3-74
1205,H31.300,脉络膜出血和破裂,表 6-3-74
1206,H31.300x004,驱逐性脉络膜出血,表 6-3-74
1207,H31.301,脉络膜破裂,表 6-3-74
1208,H31.302,脉络膜出血,表 6-3-74
1209,H31.400,脉络膜脱离,表 6-3-74
1210,H31.400x003,化脓性脉络膜脱离,表 6-3-74
1211,H31.401,出血性脉络膜脱离,表 6-3-74
1212,H31.402,手术后脉络膜脱离,表 6-3-74
1213,H31.403,创伤性脉络膜脱离,表 6-3-74
1214,H31.404,渗出性脉络膜脱离,表 6-3-74
1215,H33.100,视网膜劈裂症及视网膜囊肿,表 6-3-74
1216,H33.100x004,假性视网膜囊肿,表 6-3-74
1217,H33.100x005,寄生虫性视网膜囊肿,表 6-3-74
1218,H33.100x006,锯齿缘囊肿,表 6-3-74
1219,H33.101,视网膜囊肿,表 6-3-74
1220,H33.102,视网膜劈裂症,表 6-3-74
1221,H33.300,视网膜断裂不伴有脱离,表 6-3-74
1222,H33.300x006,视网膜撕裂,表 6-3-74
1223,H33.301,视网膜缺损,表 6-3-74
1224,H33.302,创伤性视网膜裂孔,表 6-3-74
1225,H33.303,视网膜破裂,表 6-3-74
1226,H33.304,视网膜裂孔,表 6-3-74
1227,H35.200,增生性视网膜病变，其他的,表 6-3-74
1228,H35.200x001,外伤性增殖性视网膜病,表 6-3-74
1229,H35.400,周围性视网膜变性,表 6-3-74
1230,H35.400x001,视网膜变性,表 6-3-74
1231,H35.400x003,视网膜格状变性,表 6-3-74
1232,H35.400x004,视网膜微囊样变性,表 6-3-74
1233,H35.400x005,视网膜栅栏状变性,表 6-3-74
1234,H35.400x006,视网膜铺路石状变性,表 6-3-74
1235,H35.400x007,视网膜网状变性,表 6-3-74
1236,H35.500,遗传性视网膜变性,表 6-3-74
1237,H35.500x003,遗传性视网膜营养障碍,表 6-3-74
1238,H35.500x004,眼底黄色斑点症[Stargardt病],表 6-3-74
1239,H35.500x005,色素性视网膜炎,表 6-3-74
1240,H35.500x006,毯样视网膜营养障碍,表 6-3-74
1241,H35.500x007,白点状视网膜营养障碍,表 6-3-74
1242,H35.500x008,色素性视网膜营养障碍,表 6-3-74
1243,H35.500x009,卵黄性视网膜营养障碍,表 6-3-74
1244,H35.501,视网膜色素变性,表 6-3-74
1245,H35.502,视网膜营养障碍,表 6-3-74
1246,H35.503,施塔加特病,表 6-3-74
1247,H40.400,继发于眼部炎症的青光眼,表 6-3-75
1248,H40.401,虹膜睫状体炎继发性青光眼,表 6-3-75
1249,H40.403,青光眼睫状体炎综合征,表 6-3-75
1250,H44.800,眼球的其他疾患,表 6-3-76
1251,H44.801,眼内出血,表 6-3-76
1252,H44.802,眼球脱位,表 6-3-76
1253,H44.803,眼球粘连,表 6-3-76
1254,H47.400,视交叉疾患,表 6-3-77
1255,H47.401,视交叉综合征,表 6-3-77
1256,H49.000,第三［动眼］神经麻痹,表 6-3-78
1257,H49.001,动眼神经炎,表 6-3-78
1258,H49.100,第四［滑车］神经麻痹,表 6-3-78
1259,H49.200,第六［展］神经麻痹,表 6-3-78
1260,H49.201,展神经炎,表 6-3-78
1261,H49.400,进行性眼外肌麻痹,表 6-3-78
1262,H49.400x001,慢性进行性眼外肌麻痹,表 6-3-78
1263,H49.900,麻痹性斜视,表 6-3-78
1264,H49.901,先天性麻痹性斜视,表 6-3-78
1265,H50.200,垂直斜视,表 6-3-78
1266,H50.200x004,下斜肌亢进,表 6-3-78
1267,H50.200x006,分离性水平性偏斜,表 6-3-78
1268,H50.201,上斜视,表 6-3-78
1269,H50.202,下斜视,表 6-3-78
1270,H50.500,隐斜,表 6-3-78
1271,H50.500x002,内隐斜,表 6-3-78
1272,H50.500x003,外隐斜,表 6-3-78
1273,H50.500x004,交替性上隐斜,表 6-3-78
1274,H50.800x002,急性肌炎性斜视,表 6-3-78
1275,H50.800x003,痉挛性斜视,表 6-3-78
1276,H50.800x006,盲点综合征,表 6-3-78
1277,H50.800x007,A-V征,表 6-3-78
1278,H50.800x010,固定性斜视,表 6-3-78
1279,H50.801,外斜V征,表 6-3-78
1280,H50.802,眼球后退综合征,表 6-3-78
1281,H50.803,外斜A征,表 6-3-78
1282,H50.804,Helveston综合征,表 6-3-78
1283,H50.805,失用性斜视,表 6-3-78
1284,H50.806,内斜V征,表 6-3-78
1285,H50.807,内斜A征,表 6-3-78
1286,H51.200,核间性眼肌瘫痪,表 6-3-78
1287,H60.200,恶性外耳炎,表 6-3-81
1288,H70.800,"乳突炎和有关情况,其他的",表 6-3-82
1289,H70.800x001,岩尖病变,表 6-3-82
1290,H70.800x002,颞部感染,表 6-3-82
1291,H73.800x005,血鼓室,表 6-3-82
1292,H73.801,鼓室粘连,表 6-3-82
1293,H73.802,鼓膜炎,表 6-3-82
1294,H73.803,鼓室炎,表 6-3-82
1295,H73.804,鼓膜萎缩,表 6-3-82
1296,H74.201,听骨链中断,表 6-3-82
1297,H74.900,中耳和乳突疾患,表 6-3-82
1298,H80.100x001,闭塞性耳硬化累及前庭窗,表 6-3-83
1299,H80.100x002,闭塞性镫骨耳硬化,表 6-3-83
1300,H80.200,耳蜗性耳硬化症,表 6-3-83
1301,H83.100,迷路瘘管,表 6-3-83
1302,H83.101,半规管瘘,表 6-3-83
1303,H90.000,双侧传导性听觉丧失,表 6-3-84
1304,H90.700,单侧混合性传导性和感音神经性听觉丧失，对侧听觉不受限制,表 6-3-84
1305,I01.200,急性风湿性心肌炎,表 6-3-85
1306,I05.800,二尖瓣疾病，其他的,表 6-3-86
1307,I09.100x001,慢性风湿性心内膜炎,表 6-3-86
1308,I09.100x002,慢性风湿性心瓣膜炎,表 6-3-86
1309,I10.x02,恶性高血压,表 6-3-87
1310,I10.x06,高血压危象,表 6-3-87
1311,I10.x10,高血压急症,表 6-3-87
1312,I11.001,高血压性心力衰竭,表 6-3-87
1313,I11.002,高血压心脏病伴心力衰竭,表 6-3-87
1314,I12.000x001,高血压性肾衰竭,表 6-3-87
1315,I13.000x001,高血压性心脏病和肾脏病伴心力衰竭,表 6-3-87
1316,I13.100x001,高血压性心脏病和肾脏病伴肾衰竭,表 6-3-87
1317,I13.200x001,高血压性心脏病和肾脏病伴心力衰竭和肾衰竭,表 6-3-87
1318,I15.800x001,口服避孕药性高血压,表 6-3-87
1319,I15.800x002,大动脉炎性高血压,表 6-3-87
1320,I15.800x003,医源性高血压,表 6-3-87
1321,I15.800x004,围手术期高血压,表 6-3-87
1322,I15.800x006,阻塞性睡眠呼吸暂停低通气综合征性高血压,表 6-3-87
1323,I21.300x003,手术后心肌梗死,表 6-3-88
1324,I21.300x004,急性ST段抬高型心肌梗死,表 6-3-88
1325,I21.300x005,围手术期心肌梗死,表 6-3-88
1326,I21.300x008,支架内血栓相关性心肌梗死,表 6-3-88
1327,I21.302,冠状动脉旁路术后心肌梗死,表 6-3-88
1328,I21.303,冠状动脉介入治疗术后心肌梗死,表 6-3-88
1329,I21.400x003,急性小灶心肌梗死,表 6-3-88
1330,I21.401,急性非ST段抬高型心肌梗死,表 6-3-88
1331,I21.402,非透壁性心肌梗死,表 6-3-88
1332,I22.900x001,急性再发心肌梗死,表 6-3-88
1333,I25.300,心脏动脉瘤,表 6-3-88
1334,I25.300x005,室间隔动脉瘤,表 6-3-88
1335,I25.300x006,左心室假性室壁瘤,表 6-3-88
1336,I25.300x007,左心室前壁心尖假性室壁瘤,表 6-3-88
1337,I25.300x008,左心室前壁心尖室壁瘤,表 6-3-88
1338,I25.300x009,左心室室壁瘤,表 6-3-88
1339,I25.300x010,左心室下壁假性室壁瘤,表 6-3-88
1340,I25.300x011,左心室下壁室壁瘤,表 6-3-88
1341,I25.300x012,右室室壁瘤,表 6-3-88
1342,I25.300x013,假性室壁瘤,表 6-3-88
1343,I25.301,心室壁瘤,表 6-3-88
1344,I25.302,心房壁瘤,表 6-3-88
1345,I26.900x001,肺栓塞,表 6-3-89
1346,I26.900x002,肺动脉血栓形成,表 6-3-89
1347,I26.900x003,肺血栓栓塞症,表 6-3-89
1348,I26.900x005,大面积肺血栓栓塞症,表 6-3-89
1349,I26.900x006,次大面积肺血栓肺栓塞症,表 6-3-89
1350,I26.900x007,非血栓性肺栓塞症,表 6-3-89
1351,I26.900x008,肺梗死,表 6-3-89
1352,I26.900x009,慢性肺动脉栓塞,表 6-3-89
1353,I26.900x010,急性肺栓塞,表 6-3-89
1354,I26.900x011,急性大面积肺血栓栓塞症,表 6-3-89
1355,I26.900x012,急性次大面积肺血栓栓塞症,表 6-3-89
1356,I26.900x013,急性低风险性肺血栓栓塞症,表 6-3-89
1357,I26.900x015,急性肺血栓栓塞症,表 6-3-89
1358,I26.900x016,慢性肺血栓栓塞急性再发,表 6-3-89
1359,I26.900x017,感染性肺栓塞,表 6-3-89
1360,I26.900x018,肺动脉菌栓栓塞,表 6-3-89
1361,I26.901,肺血栓形成,表 6-3-89
1362,I26.902,慢性肺血栓栓塞症,表 6-3-89
1363,I27.100,脊柱后侧凸性心脏病,表 6-3-89
1364,I30.100,感染性心包炎,表 6-3-90
1365,I30.100x005,肺炎球菌性心包炎,表 6-3-90
1366,I30.100x006,急性感染心包积液,表 6-3-90
1367,I30.100x007,链球菌性心包炎,表 6-3-90
1368,I30.100x008,葡萄球菌性心包炎,表 6-3-90
1369,I30.101,化脓性心包炎,表 6-3-90
1370,I30.102,细菌性心包炎,表 6-3-90
1371,I30.103,病毒性心包炎,表 6-3-90
1372,I34.800x002,二尖瓣裂,表 6-3-90
1373,I34.800x003,手术后二尖瓣狭窄伴关闭不全,表 6-3-90
1374,I34.800x005,心内膜炎并二尖瓣穿孔,表 6-3-90
1375,I34.800x006,二尖瓣钙化,表 6-3-90
1376,I34.801,非风湿性二尖瓣狭窄伴关闭不全,表 6-3-90
1377,I34.802,二尖瓣腱索断裂,表 6-3-90
1378,I34.803,二尖瓣退行性变,表 6-3-90
1379,I37.200,肺动脉瓣狭窄伴有关闭不全,表 6-3-90
1380,I40.100,孤立性心肌炎,表 6-3-90
1381,I42.600,酒精性心肌病,表 6-3-90
1382,I44.500,左后分支传导阻滞,表 6-3-90
1383,I44.700,左束支传导阻滞,表 6-3-90
1384,I45.000,右分支传导阻滞,表 6-3-90
1385,I45.300,三分支传导阻滞,表 6-3-90
1386,I48.100,持续性心房颤动,表 6-3-90
1387,I48.100x002,永久性心房颤动,表 6-3-90
1388,I48.100x003,长程持续性心房颤动,表 6-3-90
1389,I48.200,慢性心房颤动,表 6-3-90
1390,I48.300,典型心房扑动,表 6-3-90
1391,I48.301,I型心房扑动,表 6-3-90
1392,I48.400,非典型心房扑动,表 6-3-90
1393,I48.401,II型心房扑动,表 6-3-90
1394,I50.000,充血性心力衰竭,表 6-3-90
1395,I50.000x005,右心室衰竭(继发于左心衰竭),表 6-3-90
1396,I50.000x006,急性右心衰竭,表 6-3-90
1397,I50.001,右心衰竭,表 6-3-90
1398,I50.002,全心衰竭,表 6-3-90
1399,I50.100,左心室衰竭,表 6-3-90
1400,I50.100x006,左心衰竭,表 6-3-90
1401,I50.101,急性左心衰竭,表 6-3-90
1402,I50.102,左心房衰竭,表 6-3-90
1403,I50.103,左心衰竭合并肺水肿,表 6-3-90
1404,I50.104,心源性哮喘,表 6-3-90
1405,I50.105,慢性左心功能不全,表 6-3-90
1406,I50.900,心力衰竭,表 6-3-90
1407,I50.900x001,低心排综合征,表 6-3-90
1408,I50.900x002,心功能不全,表 6-3-90
1409,I50.900x007,心功能Ⅱ级(NYHA分级),表 6-3-90
1410,I50.900x008,心功能III级(NYHA分级),表 6-3-90
1411,I50.900x009,心功能Ⅱ--Ⅲ级(NYHA分级),表 6-3-90
1412,I50.900x010,心功能IV级(NYHA分级),表 6-3-90
1413,I50.900x014,KillipII级,表 6-3-90
1414,I50.900x015,KillipIII级,表 6-3-90
1415,I50.900x016,KillipIV级,表 6-3-90
1416,I50.900x017,难治性心力衰竭,表 6-3-90
1417,I50.900x018,慢性心功能不全急性加重,表 6-3-90
1418,I50.900x019,舒张性心力衰竭,表 6-3-90
1419,I50.906,心肌损害,表 6-3-90
1420,I50.907,急性心力衰竭,表 6-3-90
1421,I50.908,慢性心力衰竭,表 6-3-90
1422,I51.301,心室血栓,表 6-3-90
1423,I51.302,心房血栓,表 6-3-90
1424,I51.303,心耳血栓,表 6-3-90
1425,I51.304,心尖部血栓,表 6-3-90
1426,I51.500x002,心肌劳损,表 6-3-90
1427,I51.500x006,老年性心肌病,表 6-3-90
1428,I51.501,老年性心肌变性,表 6-3-90
1429,I51.502,心肌脂肪变性,表 6-3-90
1430,I60.000,颈动脉弯管和杈的蛛网膜下出血,表 6-3-91
1431,I60.000x001,颈内动脉虹吸弯和分叉部蛛网膜下腔出血,表 6-3-91
1432,I60.000x002,颈内动脉分叉段动脉瘤破裂伴蛛网膜下腔出血,表 6-3-91
1433,I60.000x003,颈内动脉眼动脉段动脉瘤破裂伴蛛网膜下腔出血,表 6-3-91
1434,I60.000x004,脉络膜前动脉动脉瘤破裂伴蛛网膜下腔出血,表 6-3-91
1435,I60.000x006,颈内动脉海绵窦段动脉瘤破裂伴蛛网膜下腔出血,表 6-3-91
1436,I60.000x007,颈内动脉床突段动脉瘤破裂伴蛛网膜下腔出血,表 6-3-91
1437,I60.000x008,颈内动脉背侧动脉瘤破裂伴蛛网膜下腔出血,表 6-3-91
1438,I60.001,颈动脉动脉瘤破裂伴蛛网膜下隙出血,表 6-3-91
1439,I60.100,大脑中动脉的蛛网膜下出血,表 6-3-91
1440,I60.101,大脑中动脉瘤破裂伴蛛网膜下腔出血,表 6-3-91
1441,I60.200,前交通动脉的蛛网膜下出血,表 6-3-91
1442,I60.200x002,大脑前-前交通动脉瘤破裂伴蛛网膜下腔出血,表 6-3-91
1443,I60.200x003,大脑前动脉近侧段(A1)动脉瘤破裂伴蛛网膜下腔出血,表 6-3-91
1444,I60.200x004,大脑前动脉近侧段(A2)动脉瘤破裂伴蛛网膜下腔出血,表 6-3-91
1445,I60.200x005,大脑前动脉远侧段(A2-A5)动脉瘤破裂伴蛛网膜下腔出血,表 6-3-91
1446,I60.200x007,胼胝体动脉瘤破裂伴蛛网膜下腔出血,表 6-3-91
1447,I60.201,前交通动脉瘤破裂伴蛛网膜下腔出血,表 6-3-91
1448,I60.300,后交通动脉的蛛网膜下出血,表 6-3-91
1449,I60.301,后交通动脉瘤破裂伴蛛网膜下腔出血,表 6-3-91
1450,I60.400,基底动脉的蛛网膜下出血,表 6-3-91
1451,I60.400x002,椎动脉与基底动脉结合部动脉瘤破裂伴蛛网膜下腔出血,表 6-3-91
1452,I60.400x003,基底动脉顶端动脉瘤破裂伴蛛网膜下腔出血,表 6-3-91
1453,I60.400x004,基底动脉干动脉瘤破裂伴蛛网膜下腔出血,表 6-3-91
1454,I60.401,基底动脉瘤破裂伴蛛网膜下腔出血,表 6-3-91
1455,I60.500x003,椎动脉动脉瘤破裂伴蛛网膜下腔出血,表 6-3-91
1456,I60.500x004,脊髓前动脉瘤破裂伴蛛网膜下腔出血,表 6-3-91
1457,I60.600x001,大脑后动脉动脉瘤破裂伴蛛网膜下腔出血,表 6-3-91
1458,I60.600x003,小脑前下动脉动脉瘤破裂伴蛛网膜下腔出血,表 6-3-91
1459,I60.600x004,小脑上动脉动脉瘤破裂伴蛛网膜下腔出血,表 6-3-91
1460,I60.600x005,迷路动脉动脉瘤破裂伴蛛网膜下腔出血,表 6-3-91
1461,I60.600x006,多发颅内动脉瘤破裂伴蛛网膜下腔出血,表 6-3-91
1462,I60.600x007,颅内镜像动脉瘤破裂伴蛛网膜下腔出血,表 6-3-91
1463,I60.600x008,脑干前非动脉瘤出血[中脑周围非动脉瘤性出血],表 6-3-91
1464,I60.601,小脑后下动脉动脉瘤破裂伴蛛网膜下隙出血,表 6-3-91
1465,I60.602,垂体上动脉动脉瘤破裂伴蛛网膜下腔出血,表 6-3-91
1466,I60.700x001,脑动脉瘤破裂伴蛛网膜下腔出血,表 6-3-91
1467,I60.701,颅内动脉瘤破裂伴蛛网膜下隙出血,表 6-3-91
1468,I60.900x004,脑实质出血继发蛛网膜下腔出血,表 6-3-91
1469,I60.900x005,感染性颅内动脉瘤破裂伴蛛网膜下腔出血,表 6-3-91
1470,I60.900x006,蛛网膜下腔出血,表 6-3-91
1471,I60.902+H45.0*,眼-脑综合征,表 6-3-91
1472,I61.000x006,胼胝体出血,表 6-3-91
1473,I61.000x007,尾状核头出血,表 6-3-91
1474,I61.000x008,壳核出血,表 6-3-91
1475,I61.000x009,尾状核出血,表 6-3-91
1476,I61.000x011,最外囊出血,表 6-3-91
1477,I61.001,豆状核出血,表 6-3-91
1478,I61.004,基底节出血,表 6-3-91
1479,I61.005,内囊出血,表 6-3-91
1480,I61.006,外囊出血,表 6-3-91
1481,I61.100x001,顶叶出血,表 6-3-91
1482,I61.100x002,多处脑叶出血,表 6-3-91
1483,I61.100x003,额叶出血,表 6-3-91
1484,I61.100x004,额颞叶出血,表 6-3-91
1485,I61.100x005,枕叶出血,表 6-3-91
1486,I61.100x006,颞叶出血,表 6-3-91
1487,I61.100x007,额顶叶脑出血,表 6-3-91
1488,I61.100x008,顶枕叶脑出血,表 6-3-91
1489,I61.100x009,额顶枕叶脑出血,表 6-3-91
1490,I61.100x010,额颞顶叶脑出血,表 6-3-91
1491,I61.100x011,额颞顶枕叶脑出血,表 6-3-91
1492,I61.100x012,额颞枕叶脑出血,表 6-3-91
1493,I61.100x013,颞顶叶脑出血,表 6-3-91
1494,I61.100x014,颞枕叶脑出血,表 6-3-91
1495,I61.101,脑叶出血,表 6-3-91
1496,I61.200x001,大脑半球出血,表 6-3-91
1497,I61.300x002,脑干出血,表 6-3-91
1498,I61.300x003,延髓出血,表 6-3-91
1499,I61.300x004,中脑出血,表 6-3-91
1500,I61.301,脑桥出血,表 6-3-91
1501,I61.400x001,小脑出血,表 6-3-91
1502,I61.400x002,小脑扁桃体出血,表 6-3-91
1503,I61.400x003,小脑蚓部出血,表 6-3-91
1504,I61.500x002,侧脑室出血,表 6-3-91
1505,I61.500x003,第三脑室出血,表 6-3-91
1506,I61.500x004,第四脑室出血,表 6-3-91
1507,I61.500x005,多个脑室出血,表 6-3-91
1508,I61.500x006,继发性脑室出血,表 6-3-91
1509,I61.500x007,原发性脑室出血,表 6-3-91
1510,I61.500x008,脑室出血,表 6-3-91
1511,I61.600x001,多灶性脑出血,表 6-3-91
1512,I61.800x001,脑穿支动脉出血,表 6-3-91
1513,I61.801,间脑出血,表 6-3-91
1514,I61.802,丘脑出血,表 6-3-91
1515,I61.803,丘脑下部出血,表 6-3-91
1516,I61.900x002,脑出血,表 6-3-91
1517,I61.900x004,脑出血血肿扩大,表 6-3-91
1518,I61.900x005,脑静脉闭塞后出血,表 6-3-91
1519,I61.900x006,脑血管炎性脑出血,表 6-3-91
1520,I61.900x007,脑肿瘤卒中,表 6-3-91
1521,I61.900x008,凝血功能障碍性脑出血,表 6-3-91
1522,I61.901,大脑中动脉出血,表 6-3-91
1523,I61.902,高血压脑出血,表 6-3-91
1524,I61.903,脑血肿,表 6-3-91
1525,I61.904,出血性脑软化,表 6-3-91
1526,I61.905,脑血管破裂,表 6-3-91
1527,I62.900x001,非创伤性颅内出血,表 6-3-91
1528,I63.600x001,非生脓性大脑静脉血栓形成引起的脑梗死,表 6-3-91
1529,I67.000x001,脑动脉夹层,表 6-3-91
1530,I67.000x002,大脑前动脉夹层,表 6-3-91
1531,I67.000x003,大脑中动脉夹层,表 6-3-91
1532,I67.000x005,颅内颈内动脉夹层,表 6-3-91
1533,I67.000x007,脉络膜前动脉夹层,表 6-3-91
1534,I67.000x009,颅内椎动脉夹层,表 6-3-91
1535,I67.000x010,大脑后动脉夹层,表 6-3-91
1536,I67.100x001,脑动脉瘤,表 6-3-91
1537,I67.100x005,脑膜动静脉瘘,表 6-3-91
1538,I67.100x007,海绵窦动静脉瘘,表 6-3-91
1539,I67.100x008,垂体上动脉瘤,表 6-3-91
1540,I67.100x010,颅内多发动脉瘤,表 6-3-91
1541,I67.100x011,脉络膜前动脉瘤,表 6-3-91
1542,I67.100x012,细菌性颅内动脉瘤,表 6-3-91
1543,I67.100x013,前循环动脉瘤,表 6-3-91
1544,I67.100x017,颅内巨大动脉瘤,表 6-3-91
1545,I67.100x018,颅内镜像动脉瘤,表 6-3-91
1546,I67.100x019,颈内动脉分叉段动脉瘤,表 6-3-91
1547,I67.100x020,大脑前-前交通动脉瘤,表 6-3-91
1548,I67.100x021,大脑前动脉近侧段(A1)动脉瘤,表 6-3-91
1549,I67.100x023,大脑前动脉远侧段(A2-A5)动脉瘤,表 6-3-91
1550,I67.100x026,椎动脉与基底动脉结合部动脉瘤,表 6-3-91
1551,I67.100x029,小脑前下动脉动脉瘤,表 6-3-91
1552,I67.100x030,小脑后下动脉动脉瘤,表 6-3-91
1553,I67.100x032,后循环动脉瘤,表 6-3-91
1554,I67.100x033,大脑后动脉动脉瘤,表 6-3-91
1555,I67.100x035,小脑上动脉动脉瘤,表 6-3-91
1556,I67.101,"脑动静脉瘘,后天性",表 6-3-91
1557,I67.103,后交通动脉瘤,表 6-3-91
1558,I67.106,颈内动脉海绵窦瘘,表 6-3-91
1559,I67.107,前交通动脉瘤,表 6-3-91
1560,I67.108,大脑中动脉瘤,表 6-3-91
1561,I67.109,脑假性动脉瘤,表 6-3-91
1562,I67.110,颅内动脉瘤,表 6-3-91
1563,I67.111,小脑动脉瘤,表 6-3-91
1564,I67.400x001,高血压性脑病,表 6-3-91
1565,I67.700x001,脑动脉炎,表 6-3-91
1566,I67.700x002,中枢神经系统原发性血管炎,表 6-3-91
1567,I71.100,胸主动脉瘤破裂,表 6-3-92
1568,I71.300,腹主动脉瘤破裂,表 6-3-92
1569,I71.400x002,腹主动脉瘤,表 6-3-92
1570,I71.401,腹主动脉假性动脉瘤,表 6-3-92
1571,I71.402,腹主动脉扩张,表 6-3-92
1572,I71.600x001,胸腹主动脉瘤,表 6-3-92
1573,I71.600x004,胸腹主动脉假性动脉瘤,表 6-3-92
1574,I71.600x005,胸腹主动脉扩张,表 6-3-92
1575,I72.300,髂动脉瘤伴夹层,表 6-3-92
1576,I72.300x003,髂动脉夹层,表 6-3-92
1577,I72.300x006,髂动脉瘤,表 6-3-92
1578,I72.300x012,髂总动脉假性动脉瘤,表 6-3-92
1579,I72.300x013,髂总动脉夹层,表 6-3-92
1580,I72.300x021,髂内动脉瘤,表 6-3-92
1581,I72.300x022,髂内动脉假性动脉瘤,表 6-3-92
1582,I72.300x023,髂内动脉夹层,表 6-3-92
1583,I72.300x031,髂外动脉瘤,表 6-3-92
1584,I72.300x032,髂外动脉假性动脉瘤,表 6-3-92
1585,I72.300x033,髂外动脉夹层,表 6-3-92
1586,I72.301,髂总动脉瘤,表 6-3-92
1587,I72.302,髂动脉假性动脉瘤破裂,表 6-3-92
1588,I72.303,髂动脉假性动脉瘤,表 6-3-92
1589,I72.304,髂动脉瘤破裂,表 6-3-92
1590,I72.305,髂动脉扩张,表 6-3-92
1591,I72.600,椎动脉瘤伴夹层,表 6-3-92
1592,I72.600x002,椎动脉动脉瘤,表 6-3-92
1593,I73.901,间歇性跛行,表 6-3-92
1594,I73.902,血管痉挛,表 6-3-92
1595,I73.903,动脉痉挛,表 6-3-92
1596,I77.400,腹腔动脉压迫综合征,表 6-3-92
1597,I80.001,下肢浅表静脉炎,表 6-3-93
1598,I80.002,下肢化脓性浅表血栓静脉炎,表 6-3-93
1599,I80.100x003,髂股静脉炎,表 6-3-93
1600,I80.101,股静脉炎,表 6-3-93
1601,I80.102,股静脉血栓性静脉炎,表 6-3-93
1602,I80.103,髂股静脉血栓形成,表 6-3-93
1603,I80.104,股静脉血栓形成,表 6-3-93
1604,I80.300x005,下肢静脉闭塞,表 6-3-93
1605,I80.300x006,下肢静脉肌间血栓形成,表 6-3-93
1606,I80.301,下肢静脉炎,表 6-3-93
1607,I80.302,下肢血栓性静脉炎,表 6-3-93
1608,I80.303,下肢静脉血栓形成,表 6-3-93
1609,I82.200x001,腔静脉栓塞,表 6-3-93
1610,I82.201,腔静脉瘤栓,表 6-3-93
1611,I82.202,上腔静脉血栓形成,表 6-3-93
1612,I82.203,下腔静脉血栓形成,表 6-3-93
1613,I82.204,下腔静脉栓塞,表 6-3-93
1614,I82.300x001,肾静脉栓塞,表 6-3-93
1615,I82.301,肾静脉血栓形成,表 6-3-93
1616,I82.302,肾静脉瘤栓,表 6-3-93
1617,I82.800x002,脾静脉栓塞,表 6-3-93
1618,I82.800x003,髂静脉栓塞,表 6-3-93
1619,I82.800x004,髂内静脉栓塞,表 6-3-93
1620,I82.800x005,髂外静脉栓塞,表 6-3-93
1621,I82.800x009,腋静脉栓塞,表 6-3-93
1622,I82.801,颈内静脉血栓形成,表 6-3-93
1623,I82.802,颈静脉血栓形成,表 6-3-93
1624,I82.803,锁骨下静脉血栓形成,表 6-3-93
1625,I82.804,腋静脉血栓形成,表 6-3-93
1626,I82.805,上肢深静脉血栓形成,表 6-3-93
1627,I82.806,上肢静脉血栓形成,表 6-3-93
1628,I82.900x001,静脉栓塞,表 6-3-93
1629,I82.900x002,静脉血栓形成,表 6-3-93
1630,I82.900x003,非化脓性血栓形成,表 6-3-93
1631,I82.900x004,静脉血栓栓塞症,表 6-3-93
1632,I86.300,外阴静脉曲张,表 6-3-93
1633,I97.100x004,手术后心力衰竭伴肺水肿,表 6-3-94
1634,I97.101,瓣膜置换术后心脏功能衰竭,表 6-3-94
1635,I97.102,心脏手术后心力衰竭,表 6-3-94
1636,I97.200,乳房切除术后淋巴水肿综合征,表 6-3-94
1637,I97.800x001,动脉导管未闭结扎术后残余分流,表 6-3-94
1638,I97.800x002,动脉导管未闭封堵术后残余分流,表 6-3-94
1639,I97.800x004,上肢动脉穿刺后痉挛,表 6-3-94
1640,I97.800x005,室间隔缺损修补术后残余分流,表 6-3-94
1641,I97.800x006,手术后腹主动脉阻塞,表 6-3-94
1642,I97.800x008,房间隔缺损修补术后残余分流,表 6-3-94
1643,I97.800x009,右室外管道狭窄,表 6-3-94
1644,I97.800x010,右室流出道疏通术后残余狭窄,表 6-3-94
1645,I97.800x011,左室流出道疏通术后残余狭窄,表 6-3-94
1646,I97.800x013,心脏瓣膜置换术后瓣周漏,表 6-3-94
1647,I97.800x014,房间隔缺损封堵术后残余分流,表 6-3-94
1648,I97.800x015,室间隔缺损封堵术后残余分流,表 6-3-94
1649,I97.800x016,心脏机械瓣膜置换术后功能障碍,表 6-3-94
1650,I97.800x017,生物瓣膜置换术后功能衰竭,表 6-3-94
1651,I97.800x018,手术后乳糜胸,表 6-3-94
1652,I97.800x020,二尖瓣闭式扩张术后再狭窄,表 6-3-94
1653,I97.801,手术后淋巴水肿,表 6-3-94
1654,I97.802,手术后会阴部静脉回流障碍,表 6-3-94
1655,I97.803,手术后心力衰竭,表 6-3-94
1656,I97.804,人工动静脉瘘瘤形成,表 6-3-94
1657,J02.000,链球菌性咽炎,表 6-3-95
1658,J02.801,病毒性咽炎,表 6-3-95
1659,J02.802,病毒性咽喉痛,表 6-3-95
1660,J03.000,链球菌性扁桃体炎,表 6-3-95
1661,J11.000x001,未知病毒的流感性肺炎,表 6-3-96
1662,J12.100,呼吸道合胞体病毒肺炎,表 6-3-96
1663,J15.000,肺炎杆菌性肺炎,表 6-3-96
1664,J15.000x002,克雷伯杆菌肺炎,表 6-3-96
1665,J15.100,假单胞菌性肺炎,表 6-3-96
1666,J15.101,铜绿假单胞菌性肺炎,表 6-3-96
1667,J15.200,葡萄球菌性肺炎,表 6-3-96
1668,J15.300,B族链球菌性肺炎,表 6-3-96
1669,J15.500,大肠杆菌性肺炎,表 6-3-96
1670,J15.600x002,革兰阴性细菌性肺炎,表 6-3-96
1671,J15.600x003,粘质沙雷菌性肺炎,表 6-3-96
1672,J15.600x005,鲍曼不动杆菌性肺炎,表 6-3-96
1673,J15.600x006,坂崎肠杆菌性肺炎,表 6-3-96
1674,J15.601,变形杆菌性肺炎,表 6-3-96
1675,J15.602,阴沟杆菌性肺炎,表 6-3-96
1676,J18.200,坠积性肺炎,表 6-3-96
1677,J20.200,链球菌急性支气管炎,表 6-3-97
1678,J20.400,副流感病毒急性支气管炎,表 6-3-97
1679,J20.500,呼吸道合胞体病毒急性支气管炎,表 6-3-97
1680,J30.200,季节性变应性鼻炎，其他的,表 6-3-98
1681,J33.800x002,额窦息肉,表 6-3-98
1682,J33.801,鼻窦息肉,表 6-3-98
1683,J33.802,鼻甲息肉,表 6-3-98
1684,J33.803,蝶窦息肉,表 6-3-98
1685,J33.804,筛窦息肉,表 6-3-98
1686,J33.805,上颌窦息肉,表 6-3-98
1687,J38.500,喉痉挛,表 6-3-98
1688,J39.300,上呼吸道过敏反应,表 6-3-98
1689,J41.000,单纯性慢性支气管炎,表 6-3-99
1690,J41.800,混合的单纯性和黏液脓性慢性支气管炎,表 6-3-99
1691,J43.000,麦克劳德综合征,表 6-3-99
1692,J43.000x003,透明肺,表 6-3-99
1693,J43.001,单侧肺气肿,表 6-3-99
1694,J63.200,铍中毒,表 6-3-100
1695,J63.201,铍肺,表 6-3-100
1696,J63.400,肺铁末沉着病,表 6-3-100
1697,J66.000,棉屑沉着病,表 6-3-100
1698,J68.400,化学制剂、气体、烟雾和蒸气引起的慢性呼吸性情况,表 6-3-100
1699,J69.000,食物和呕吐物引起的肺炎,表 6-3-100
1700,J69.000x002,吸入胃分泌物引起的肺炎,表 6-3-100
1701,J69.000x004,吸入奶引起的肺炎,表 6-3-100
1702,J69.001,吸入性肺炎,表 6-3-100
1703,J69.100x001,吸入油引起的肺炎,表 6-3-100
1704,J69.101,脂质性肺炎,表 6-3-100
1705,J84.000x003,弥漫性肺泡出血综合征,表 6-3-101
1706,J84.001,肺泡蛋白沉积症,表 6-3-101
1707,J84.002,肺泡微结石症,表 6-3-101
1708,J86.000,脓胸伴有瘘,表 6-3-102
1709,J86.000x006,支气管胃瘘,表 6-3-102
1710,J86.000x012,肝胆支气管瘘,表 6-3-102
1711,J86.000x013,支气管胆管瘘,表 6-3-102
1712,J86.001,肝胸膜瘘,表 6-3-102
1713,J86.002,结肠胸腔瘘,表 6-3-102
1714,J86.003,气管食管瘘,表 6-3-102
1715,J86.004,食管纵隔瘘,表 6-3-102
1716,J86.005,食管胸腔瘘,表 6-3-102
1717,J86.006,食管胸膜皮肤瘘,表 6-3-102
1718,J86.007,食管支气管瘘,表 6-3-102
1719,J86.008,食管胃支气管瘘,表 6-3-102
1720,J86.009,手术后支气管胸膜瘘,表 6-3-102
1721,J86.010,胸腹瘘,表 6-3-102
1722,J86.011,胸胃瘘,表 6-3-102
1723,J86.012,胸壁瘘,表 6-3-102
1724,J86.013,胸壁窦道,表 6-3-102
1725,J86.014,支气管肝脓肿瘘,表 6-3-102
1726,J86.015,支气管胃结肠瘘,表 6-3-102
1727,J86.016,支气管瘘,表 6-3-102
1728,J86.017,支气管胸膜瘘,表 6-3-102
1729,J86.018,支气管内脏瘘,表 6-3-102
1730,J86.019,纵隔瘘,表 6-3-102
1731,J86.020,纵隔支气管瘘,表 6-3-102
1732,J93.800x001,包裹性气胸,表 6-3-103
1733,J94.000,乳糜性渗出,表 6-3-103
1734,J95.000,气管造口术功能不全,表 6-3-104
1735,J95.000x001,气管造口术后吻合口脓毒病,表 6-3-104
1736,J95.000x002,气管切开术后拔管困难,表 6-3-104
1737,J95.000x007,气管造口术后口出血,表 6-3-104
1738,J95.001,气管造口术后气管皮肤瘘,表 6-3-104
1739,J95.002,气管造口感染,表 6-3-104
1740,J95.003,气管造口术后狭窄,表 6-3-104
1741,J95.004,气管造口术后气管食管瘘,表 6-3-104
1742,J95.005,气管造口术后气道阻塞,表 6-3-104
1743,J95.100,胸腔手术后的急性肺功能不全,表 6-3-104
1744,J95.200,非胸腔手术后的急性肺功能不全,表 6-3-104
1745,J95.300,手术后慢性肺功能不全,表 6-3-104
1746,J96.000,急性呼吸衰竭,表 6-3-104
1747,J96.100,慢性呼吸衰竭,表 6-3-104
1748,J96.900x001,呼吸衰竭,表 6-3-104
1749,J96.900x002,I型呼吸衰竭,表 6-3-104
1750,J96.900x003,Ⅱ型呼吸衰竭,表 6-3-104
1751,J98.901,胸腔肿物,表 6-3-104
1752,K09.100x001,腭骨囊肿,表 6-3-105
1753,K09.100x003,球上颌囊肿,表 6-3-105
1754,K09.100x004,口腔发育性(非牙源性)囊肿,表 6-3-105
1755,K09.100x006,鼻腭囊肿,表 6-3-105
1756,K09.102,鼻牙槽囊肿,表 6-3-105
1757,K09.103,鼻腭管囊肿,表 6-3-105
1758,K09.800x005,爱泼斯坦小结[口底皮样囊肿],表 6-3-105
1759,K09.801,腮腺淋巴上皮囊肿,表 6-3-105
1760,K09.804,颏部皮样囊肿,表 6-3-105
1761,K09.805,颊囊肿,表 6-3-105
1762,K09.806,口腔表皮样囊肿,表 6-3-105
1763,K09.807,口腔皮样囊肿,表 6-3-105
1764,K09.808,口腔黏液腺囊肿,表 6-3-105
1765,K09.809,口腔淋巴上皮囊肿,表 6-3-105
1766,K10.200,颌的炎性情况,表 6-3-105
1767,K10.200x009,新生儿颌骨骨髓炎,表 6-3-105
1768,K10.201,放射性颌骨坏死,表 6-3-105
1769,K10.202,颌骨骨髓炎,表 6-3-105
1770,K10.203,颌骨放射性骨髓炎,表 6-3-105
1771,K10.204,颌骨炎性增生,表 6-3-105
1772,K10.205,颌骨骨炎,表 6-3-105
1773,K10.206,颌骨死骨,表 6-3-105
1774,K10.207,化脓性颌骨髓炎,表 6-3-105
1775,K10.208,髁状突炎,表 6-3-105
1776,K10.209,慢性下颌骨边缘性骨髓炎,表 6-3-105
1777,K10.210,慢性下颌骨中央性骨髓炎,表 6-3-105
1778,K10.211,慢性颌骨炎,表 6-3-105
1779,K10.212,下颌炎性窦道,表 6-3-105
1780,K10.213,下颌骨局限坏死,表 6-3-105
1781,K10.214,翼腭窝炎,表 6-3-105
1782,K13.000x001,感染性口角炎,表 6-3-105
1783,K13.000x006,剥脱性唇炎,表 6-3-105
1784,K13.000x007,腺性唇炎,表 6-3-105
1785,K13.000x012,唇表皮化,表 6-3-105
1786,K13.000x014,唇黏液囊肿,表 6-3-105
1787,K13.000x016,烧伤后唇畸形,表 6-3-105
1788,K13.000x017,变应性接触性唇炎,表 6-3-105
1789,K13.000x018,唇脓肿,表 6-3-105
1790,K13.000x023,唇结节病,表 6-3-105
1791,K13.001,唇瘘,表 6-3-105
1792,K13.002,唇瘢痕,表 6-3-105
1793,K13.003,唇肥厚,表 6-3-105
1794,K13.004,唇畸形,表 6-3-105
1795,K13.005,唇溃疡,表 6-3-105
1796,K13.006,唇囊肿,表 6-3-105
1797,K13.007,唇息肉,表 6-3-105
1798,K13.008,唇外翻,表 6-3-105
1799,K13.009,唇肉芽肿,表 6-3-105
1800,K13.010,唇部肿物,表 6-3-105
1801,K13.011,唇蜂窝织炎,表 6-3-105
1802,K13.012,唇鳞状上皮增生,表 6-3-105
1803,K13.013,唇炎,表 6-3-105
1804,K13.014,口角炎,表 6-3-105
1805,K13.015,唇皲裂,表 6-3-105
1806,K13.016,唇疼,表 6-3-105
1807,K13.400,口腔黏膜肉芽肿和类肉芽肿损害,表 6-3-105
1808,K13.400x001,口腔黏膜结节病,表 6-3-105
1809,K13.400x002,口腔黏膜浆细胞肉芽肿,表 6-3-105
1810,K13.400x004,口腔黏膜化脓性肉芽肿,表 6-3-105
1811,K13.401,口腔黏膜肉芽肿,表 6-3-105
1812,K13.402,口腔黏膜嗜酸性肉芽肿,表 6-3-105
1813,K13.403,口腔黏膜疣状黄瘤,表 6-3-105
1814,K14.400,舌乳头萎缩,表 6-3-105
1815,K14.400x001,光面舌,表 6-3-105
1816,K14.401,萎缩性舌炎,表 6-3-105
1817,K14.500x001,裂纹舌,表 6-3-105
1818,K14.500x002,沟纹舌,表 6-3-105
1819,K14.600x001,舌痛症,表 6-3-105
1820,K21.001,反流性食管炎,表 6-3-106
1821,K25.100x001,胃溃疡伴急性穿孔,表 6-3-106
1822,K25.200x001,胃溃疡伴出血和急性穿孔,表 6-3-106
1823,K26.000,急性十二指肠溃疡伴有出血,表 6-3-106
1824,K26.001,急性十二指肠球部溃疡并出血,表 6-3-106
1825,K26.100,急性十二指肠溃疡伴有穿孔,表 6-3-106
1826,K26.200x001,十二指肠溃疡伴出血和急性穿孔,表 6-3-106
1827,K26.200x002,十二指肠球部溃疡伴出血和急性穿孔,表 6-3-106
1828,K27.100x001,消化性溃疡伴急性穿孔,表 6-3-106
1829,K27.200,急性消化性溃疡伴有出血和穿孔,表 6-3-106
1830,K27.300,急性消化性溃疡不伴有出血和穿孔,表 6-3-106
1831,K27.400,慢性消化性溃疡伴有出血,表 6-3-106
1832,K27.400x001,多发性溃疡伴出血,表 6-3-106
1833,K27.400x002,复合性溃疡伴出血,表 6-3-106
1834,K27.400x004,消化性溃疡伴出血,表 6-3-106
1835,K27.401,应激性溃疡伴出血,表 6-3-106
1836,K27.700x001,慢性消化性溃疡,表 6-3-106
1837,K27.900x001,多发性复合性溃疡,表 6-3-106
1838,K27.900x002,复合性溃疡,表 6-3-106
1839,K27.900x005,NSAIDs相关溃疡,表 6-3-106
1840,K27.901,消化性溃疡,表 6-3-106
1841,K27.902,应激性溃疡,表 6-3-106
1842,K28.100,急性胃空肠溃疡伴有穿孔,表 6-3-106
1843,K28.200,急性胃空肠溃疡伴有出血和穿孔,表 6-3-106
1844,K29.200,酒精性胃炎,表 6-3-106
1845,K31.000,急性胃扩张,表 6-3-106
1846,K31.600x004,胃小肠结肠瘘,表 6-3-106
1847,K31.600x005,胃瘘,表 6-3-106
1848,K31.601,胃空肠结肠瘘,表 6-3-106
1849,K31.602,胃结肠瘘,表 6-3-106
1850,K31.603,胃腹壁瘘,表 6-3-106
1851,K31.604,十二指肠瘘,表 6-3-106
1852,K31.605,手术后食管胃瘘,表 6-3-106
1853,K31.606,手术后胃瘘,表 6-3-106
1854,K31.607,手术后胃小肠瘘,表 6-3-106
1855,K31.608,手术后胃大肠瘘,表 6-3-106
1856,K31.609,手术后十二指肠瘘,表 6-3-106
1857,K38.900,阑尾疾病,表 6-3-107
1858,K40.100x001,双侧腹股沟疝伴坏疽,表 6-3-108
1859,K40.101,双侧腹股沟斜疝伴坏死,表 6-3-108
1860,K40.102,双侧腹股沟直疝伴坏死,表 6-3-108
1861,K41.400x001,单侧股疝伴坏疽,表 6-3-108
1862,K44.100x001,坏疽性膈疝,表 6-3-108
1863,K46.900,腹疝，不伴有梗阻或坏疽,表 6-3-108
1864,K46.900x002,腹内疝,表 6-3-108
1865,K46.900x003,输入袢内疝,表 6-3-108
1866,K46.900x004,网膜裂孔疝,表 6-3-108
1867,K46.900x012,大肠疝,表 6-3-108
1868,K46.901,肠系膜裂孔疝,表 6-3-108
1869,K46.902,肠系膜内疝,表 6-3-108
1870,K46.903,阑尾疝,表 6-3-108
1871,K46.905,小肠疝,表 6-3-108
1872,K51.300,慢性溃疡性直肠乙状结肠炎,表 6-3-109
1873,K51.301,溃疡性直肠乙状结肠炎，轻度,表 6-3-109
1874,K51.302,溃疡性直肠乙状结肠炎，中度,表 6-3-109
1875,K51.303,溃疡性直肠乙状结肠炎，重度,表 6-3-109
1876,K52.800x003,嗜酸细胞性小肠炎,表 6-3-109
1877,K52.801,胶原性结肠炎,表 6-3-109
1878,K52.802,淋巴细胞性结肠炎,表 6-3-109
1879,K52.803,嗜酸性细胞性胃炎,表 6-3-109
1880,K52.804,嗜酸细胞性胃肠炎,表 6-3-109
1881,K55.002,急性缺血性肠坏死,表 6-3-110
1882,K55.007,肠系膜静脉血栓形成伴肠坏死,表 6-3-110
1883,K55.009,肠系膜动脉栓塞伴肠坏死,表 6-3-110
1884,K55.900,肠血管疾患,表 6-3-110
1885,K55.900x004,缺血性肠病伴出血,表 6-3-110
1886,K55.901,缺血性小肠炎,表 6-3-110
1887,K55.902,缺血性肠病,表 6-3-110
1888,K56.600x001,肠绞窄坏死,表 6-3-110
1889,K59.000,便秘,表 6-3-110
1890,K59.002,粪便潴留,表 6-3-110
1891,K59.003,慢传输型便秘,表 6-3-110
1892,K59.200,神经源性肠,表 6-3-110
1893,K59.200x002,神经源性直肠,表 6-3-110
1894,K59.200x003,神经源性肠道功能障碍,表 6-3-110
1895,K61.100,直肠脓肿,表 6-3-110
1896,K61.101,直肠周围脓肿,表 6-3-110
1897,K61.200,肛门直肠脓肿,表 6-3-110
1898,K61.300,坐骨直肠窝脓肿,表 6-3-110
1899,K62.500x001,直肠出血,表 6-3-110
1900,K62.501,肛门出血,表 6-3-110
1901,K63.200,肠瘘,表 6-3-110
1902,K63.200x003,盲管瘘,表 6-3-110
1903,K63.200x008,盆腔腹壁瘘,表 6-3-110
1904,K63.201,腹壁肠瘘,表 6-3-110
1905,K63.202,腹壁盲肠瘘,表 6-3-110
1906,K63.203,腹壁窦道,表 6-3-110
1907,K63.204,结肠瘘,表 6-3-110
1908,K63.205,手术后结肠瘘,表 6-3-110
1909,K63.206,手术后盲肠瘘,表 6-3-110
1910,K63.207,手术后空肠瘘,表 6-3-110
1911,K63.208,手术后回肠瘘,表 6-3-110
1912,K63.209,手术后肠腹壁瘘,表 6-3-110
1913,K63.210,手术后肠吻合口瘘,表 6-3-110
1914,K63.211,手术后小肠结肠瘘,表 6-3-110
1915,K63.212,手术后结肠直肠瘘,表 6-3-110
1916,K63.213,手术后肠瘘,表 6-3-110
1917,K63.214,腹壁瘘,表 6-3-110
1918,K63.215,手术后大肠瘘,表 6-3-110
1919,K63.216,手术后小肠瘘,表 6-3-110
1920,K66.200,腹膜后纤维化,表 6-3-111
1921,K66.201,奥蒙德病,表 6-3-111
1922,K66.901,腹膜后肿物,表 6-3-111
1923,K70.400x002,亚急性酒精性肝衰竭,表 6-3-112
1924,K70.401,急性酒精性肝衰竭,表 6-3-112
1925,K70.402,慢性酒精性肝衰竭,表 6-3-112
1926,K70.403,酒精性肝衰竭伴肝昏迷,表 6-3-112
1927,K72.000x004,慢加急性肝衰竭,表 6-3-112
1928,K72.000x005,慢加亚急性肝衰竭,表 6-3-112
1929,K72.000x013,重症肝炎,表 6-3-112
1930,K72.001,亚急性肝衰竭,表 6-3-112
1931,K72.002,急性黄色肝萎缩,表 6-3-112
1932,K72.003,急性肝衰竭,表 6-3-112
1933,K72.004,急性非病毒性肝炎,表 6-3-112
1934,K72.005,晚发性肝衰竭,表 6-3-112
1935,K72.100,慢性肝衰竭,表 6-3-112
1936,K72.900x001,肝功能衰竭,表 6-3-112
1937,K72.900x003+G94.3*,肝性脑病,表 6-3-112
1938,K72.902,肝萎缩,表 6-3-112
1939,K72.904,肝坏死,表 6-3-112
1940,K73.000x001,慢性迁延性肝炎,表 6-3-112
1941,K73.200x002,慢性活动性肝炎,表 6-3-112
1942,K74.300,原发性胆汁型肝硬化,表 6-3-112
1943,K74.300x005+I98.2*,原发性胆汁型肝硬化伴胃底静脉曲张,表 6-3-112
1944,K74.300x006+I98.3*,原发性胆汁型肝硬化伴胃底静脉曲张破裂出血,表 6-3-112
1945,K74.300x007+I98.2*,原发性胆汁型肝硬化伴食管胃底静脉曲张,表 6-3-112
1946,K74.300x008+I98.3*,原发性胆汁型肝硬化伴食管胃底静脉曲张破裂出血,表 6-3-112
1947,K74.301+I98.2*,原发性胆汁性肝硬化伴食管静脉曲张,表 6-3-112
1948,K74.302+I98.3*,原发性胆汁性肝硬化伴食管静脉曲张破裂出血,表 6-3-112
1949,K75.100,门静脉炎,表 6-3-112
1950,K75.200,非特异反应性肝炎,表 6-3-112
1951,K75.400,自身免疫性肝炎,表 6-3-112
1952,K75.401,狼疮性肝炎,表 6-3-112
1953,K82.000,胆囊梗阻,表 6-3-113
1954,K82.000x003,胆囊管残株炎,表 6-3-113
1955,K82.001,胆囊管梗阻,表 6-3-113
1956,K82.300,胆囊瘘,表 6-3-113
1957,K82.301,胆囊肠瘘,表 6-3-113
1958,K82.302,胆囊胃瘘,表 6-3-113
1959,K82.303,胆囊十二指肠瘘,表 6-3-113
1960,K82.304,胆囊结肠瘘,表 6-3-113
1961,K82.305,手术后胆囊瘘,表 6-3-113
1962,K82.306,胆囊腹壁瘘,表 6-3-113
1963,K83.100,胆管梗阻,表 6-3-113
1964,K83.100x001,肝管狭窄,表 6-3-113
1965,K83.100x008,肝内胆管狭窄,表 6-3-113
1966,K83.101,胆囊内胆汁淤积,表 6-3-113
1967,K83.102,胆汁淤积症,表 6-3-113
1968,K83.103,肝管梗阻,表 6-3-113
1969,K83.104,肝胆管狭窄,表 6-3-113
1970,K83.105,胆管狭窄,表 6-3-113
1971,K83.106,胆管闭塞,表 6-3-113
1972,K83.107,胆总管狭窄,表 6-3-113
1973,K83.108,胆总管梗阻,表 6-3-113
1974,K83.109,梗阻性黄疸,表 6-3-113
1975,K83.901,胆管肿物,表 6-3-113
1976,K83.902,胆总管肿物,表 6-3-113
1977,K85.200,酒精性急性胰腺炎,表 6-3-113
1978,K85.201,急性酒精性胰腺炎，轻症,表 6-3-113
1979,K85.202,急性酒精性胰腺炎，重症,表 6-3-113
1980,K85.800x001,化脓性胰腺炎,表 6-3-113
1981,K85.800x002,急性出血坏死性胰腺炎,表 6-3-113
1982,K85.800x003,胰腺脓肿,表 6-3-113
1983,K85.801,急性操作后胰腺炎，轻症,表 6-3-113
1984,K85.802,急性创伤性胰腺炎，轻症,表 6-3-113
1985,K85.803,急性复发性胰腺炎，轻症,表 6-3-113
1986,K85.807,急性水肿性胰腺炎，轻症,表 6-3-113
1987,K85.808,急性手术后胰腺炎，轻症,表 6-3-113
1988,K85.809,急性自身免疫性胰腺炎，轻症,表 6-3-113
1989,K85.813,急性操作后胰腺炎，重症,表 6-3-113
1990,K85.814,急性出血性胰腺炎，重症,表 6-3-113
1991,K85.815,急性创伤性胰腺炎，重症,表 6-3-113
1992,K85.816,急性复发性胰腺炎，重症,表 6-3-113
1993,K85.817,急性化脓性胰腺炎，重症,表 6-3-113
1994,K85.818,急性坏死性胰腺炎，重症,表 6-3-113
1995,K85.821,急性手术后胰腺炎，重症,表 6-3-113
1996,K85.822,急性自身免疫性胰腺炎，重症,表 6-3-113
1997,K86.000,酒精性慢性胰腺炎,表 6-3-113
1998,K86.800x001,胰腺肿大,表 6-3-113
1999,K86.800x002,胰胆管扩张,表 6-3-113
2000,K86.800x013,胰腺囊性纤维性变,表 6-3-113
2001,K86.800x015,胰腺功能不全并中性粒细胞减少综合征[Shwachman-Diamond综合征],表 6-3-113
2002,K86.801,胰腺坏死,表 6-3-113
2003,K86.802,胰腺纤维化,表 6-3-113
2004,K86.803,胰岛组织硬化,表 6-3-113
2005,K86.804,胰管狭窄,表 6-3-113
2006,K86.805,胰腺组织增生,表 6-3-113
2007,K86.806,胰腺钙化,表 6-3-113
2008,K86.807,胰管痉挛,表 6-3-113
2009,K86.808,胰管扩张,表 6-3-113
2010,K86.809,胰管结石,表 6-3-113
2011,K86.810,胰瘘,表 6-3-113
2012,K86.811,胰管梗阻,表 6-3-113
2013,K86.812,胰腺脂肪浸润,表 6-3-113
2014,K86.813,胰腺肉芽肿,表 6-3-113
2015,K86.814,胰腺功能不全,表 6-3-113
2016,K86.815,手术后胰腺瘘,表 6-3-113
2017,K86.816,胰腺积液,表 6-3-113
2018,K86.817,胰腺萎缩,表 6-3-113
2019,K86.818,胰-心综合征,表 6-3-113
2020,K90.900x002,肠吸收障碍,表 6-3-114
2021,K90.901,小肠吸收不良综合征(非手术性),表 6-3-114
2022,K91.800x007,手术后食管破裂,表 6-3-114
2023,K91.800x102,残胃炎伴出血,表 6-3-114
2024,K91.800x103,残胃溃疡伴出血,表 6-3-114
2025,K91.800x106,胃肠吻合口炎伴出血,表 6-3-114
2026,K91.800x111,胃肠吻合术后输入袢梗阻,表 6-3-114
2027,K91.800x116,手术后胃缺血性坏死,表 6-3-114
2028,K91.800x117,手术后急性胃扩张,表 6-3-114
2029,K91.800x206,手术后结肠-直肠瘘,表 6-3-114
2030,K91.800x301,肝断面胆道残端漏,表 6-3-114
2031,K91.800x304,手术后肝外胆管狭窄,表 6-3-114
2032,K91.800x401,胆肠吻合口反流,表 6-3-114
2033,K91.800x402,胆道吻合口漏,表 6-3-114
2034,K91.800x403,胆道吻合口狭窄,表 6-3-114
2035,K91.800x407,胆囊切除术后粘连,表 6-3-114
2036,K91.800x411,手术后缺血性胆道病,表 6-3-114
2037,K91.800x412,手术后胆肠吻合口炎,表 6-3-114
2038,K91.800x501,胰腺空肠吻合口溃疡伴出血,表 6-3-114
2039,K91.800x601,手术后造瘘口旁疝,表 6-3-114
2040,K91.800x602,手术后造瘘口狭窄,表 6-3-114
2041,K91.800x702,人工肛门出血,表 6-3-114
2042,K91.801,胰胃吻合口狭窄,表 6-3-114
2043,K91.802,残胃吻合口炎,表 6-3-114
2044,K91.803,肠代食管吻合口狭窄,表 6-3-114
2045,K91.804,肠造瘘术后肠黏膜脱垂,表 6-3-114
2046,K91.805,胆囊空肠吻合口狭窄,表 6-3-114
2047,K91.806,胆总管空肠吻合口狭窄,表 6-3-114
2048,K91.807,胆漏,表 6-3-114
2049,K91.808,结肠吻合口炎,表 6-3-114
2050,K91.809,食管胃吻合口狭窄,表 6-3-114
2051,K91.810,食管胃吻合口瘘,表 6-3-114
2052,K91.811,食管胃吻合口炎,表 6-3-114
2053,K91.812,食管空肠吻合口狭窄,表 6-3-114
2054,K91.813,食管空肠吻合口瘘,表 6-3-114
2055,K91.814,食管空肠吻合口炎,表 6-3-114
2056,K91.815,食管吻合口瘘,表 6-3-114
2057,K91.816,食管十二指肠吻合口瘘,表 6-3-114
2058,K91.817,食管结肠吻合口狭窄,表 6-3-114
2059,K91.818,手术后胃肠功能紊乱,表 6-3-114
2060,K91.819,手术后胃肠吻合口狭窄,表 6-3-114
2061,K91.820,手术后肠粘连,表 6-3-114
2062,K91.821,手术后肠吻合口炎,表 6-3-114
2063,K91.822,手术后胆管狭窄,表 6-3-114
2064,K91.823,手术后胆管十二指肠吻合口狭窄,表 6-3-114
2065,K91.824,手术后肛门括约肌失禁,表 6-3-114
2066,K91.825,手术后肝衰竭,表 6-3-114
2067,K91.826,手术后肝总管狭窄,表 6-3-114
2068,K91.827,手术后肝管-空肠吻合口狭窄,表 6-3-114
2069,K91.828,手术后胃排空障碍,表 6-3-114
2070,K91.829,手术后胃肠吻合口炎,表 6-3-114
2071,K91.830,手术后胃瘫综合征,表 6-3-114
2072,K91.831,手术后幽门梗阻,表 6-3-114
2073,K91.832,胃肠吻合口功能障碍,表 6-3-114
2074,K91.833,胃肠吻合口水肿,表 6-3-114
2075,K91.834,胃肠吻合口炎,表 6-3-114
2076,K91.835,胃肠道手术后腹泻,表 6-3-114
2077,K91.836,输入袢综合征,表 6-3-114
2078,K91.837,手术后腹膜炎,表 6-3-114
2079,K91.839,肠吻合口狭窄,表 6-3-114
2080,K91.840,手术后胆管闭锁,表 6-3-114
2081,K91.841,手术后肝管狭窄,表 6-3-114
2082,K91.842,胃肠吻合术后输出袢梗阻,表 6-3-114
2083,K91.900,消化系统的操作后疾患,表 6-3-114
2084,L02.300,臀部皮肤脓肿、疖和痈,表 6-3-115
2085,L03.300,躯干蜂窝织炎,表 6-3-115
2086,L03.301,胸壁蜂窝织炎,表 6-3-115
2087,L03.302,背部蜂窝织炎,表 6-3-115
2088,L03.303,腹壁蜂窝织炎,表 6-3-115
2089,L03.304,腹股沟蜂窝织炎,表 6-3-115
2090,L03.305,脐部蜂窝织炎,表 6-3-115
2091,L03.306,会阴蜂窝织炎,表 6-3-115
2092,L04.200,上肢急性淋巴结炎,表 6-3-115
2093,L04.201,急性肩淋巴结炎,表 6-3-115
2094,L04.202,急性腋下淋巴结炎,表 6-3-115
2095,L04.900,急性淋巴结炎,表 6-3-115
2096,L04.900x002,坏死性淋巴结炎,表 6-3-115
2097,L04.900x005,淋巴结坏死,表 6-3-115
2098,L04.900x007,亚急性坏死性淋巴结炎,表 6-3-115
2099,L04.901,急性化脓性淋巴结炎,表 6-3-115
2100,L04.902,组织细胞坏死性淋巴结炎,表 6-3-115
2101,L05.000,藏毛囊肿伴有脓肿,表 6-3-115
2102,L05.000x001,先天性胸壁皮肤窦道伴脓肿,表 6-3-115
2103,L08.100,红癣,表 6-3-115
2104,L10.100,增生型天疱疮,表 6-3-116
2105,L10.800,天疱疮，其他特指的,表 6-3-116
2106,L10.800x001,副肿瘤性天疱疮,表 6-3-116
2107,L10.800x002,家族性良性慢性天疱疮,表 6-3-116
2108,L10.801,疱疹样天疱疮,表 6-3-116
2109,L11.000,后天性毛囊角化病,表 6-3-116
2110,L11.800,皮肤棘层松解性疾患，其他特指的,表 6-3-116
2111,L11.900,皮肤棘层松解性疾患,表 6-3-116
2112,L13.800,大疱性疾患，其他特指的,表 6-3-116
2113,L23.200,化妆品引起的变应性接触性皮炎,表 6-3-117
2114,L23.500,化学产品引起的变应性接触性皮炎，其他的,表 6-3-117
2115,L23.501,水泥变应性接触性皮炎,表 6-3-117
2116,L23.502,塑料变应性接触性皮炎,表 6-3-117
2117,L23.503,橡胶变应性接触性皮炎,表 6-3-117
2118,L23.504,杀虫剂变应性接触性皮炎,表 6-3-117
2119,L25.200,染料引起的接触性皮炎,表 6-3-117
2120,L25.201,染发性皮炎,表 6-3-117
2121,L25.500,植物引起的接触性皮炎，除外食物,表 6-3-117
2122,L27.100,药物和药剂引起的局限性皮疹,表 6-3-117
2123,L27.101,固定性药疹,表 6-3-117
2124,L30.400,擦烂红斑,表 6-3-117
2125,L30.400x004,色素性玫瑰疹,表 6-3-117
2126,L41.801,斑状副银屑病,表 6-3-118
2127,L43.300,亚急性(活动性)扁平苔藓,表 6-3-118
2128,L43.301,热带扁平苔藓,表 6-3-118
2129,L44.400,婴儿丘疹性肢皮炎[詹诺托-克罗斯蒂],表 6-3-118
2130,L50.200,冷和热引起的荨麻疹,表 6-3-119
2131,L50.201,寒冷性荨麻疹,表 6-3-119
2132,L50.202,热性荨麻疹,表 6-3-119
2133,L50.400,振动荨麻疹,表 6-3-119
2134,L51.100,大疱型多形性红斑,表 6-3-119
2135,L51.802,渗出性多形红斑,表 6-3-119
2136,L56.800,紫外线辐射引起的其他特指的急性皮肤改变,表 6-3-120
2137,L58.000,急性放射性皮炎,表 6-3-120
2138,L58.100,慢性放射性皮炎,表 6-3-120
2139,L58.101,放射性皮肤溃疡,表 6-3-120
2140,L58.900,放射性皮炎,表 6-3-120
2141,L70.200,痘样痤疮,表 6-3-121
2142,L70.201,额面痤疮,表 6-3-121
2143,L70.202,粟粒坏死性痤疮,表 6-3-121
2144,L70.203,萎缩性痤疮,表 6-3-121
2145,L70.500,表皮脱落性痤疮,表 6-3-121
2146,L70.900,痤疮,表 6-3-121
2147,L70.900x002,成簇性眼眶周围痤疮,表 6-3-121
2148,L73.100,须部假性毛囊炎,表 6-3-121
2149,L73.900,毛囊疾患,表 6-3-121
2150,L74.300,痱,表 6-3-121
2151,L75.100,色汗症,表 6-3-121
2152,L75.900,顶浆分泌汗腺疾患,表 6-3-121
2153,L81.100,黄褐斑,表 6-3-122
2154,L89.900,受压区压疮,表 6-3-122
2155,L92.100,脂质渐进性坏死，不可归类在他处者,表 6-3-122
2156,L92.200,面部肉芽肿[皮肤嗜酸细胞肉芽肿],表 6-3-122
2157,L92.901,皮下组织肉芽肿,表 6-3-122
2158,L92.903,皮肤肉芽肿,表 6-3-122
2159,L94.900,局限性结缔组织疾患,表 6-3-122
2160,L98.900x002,胶样粟丘疹,表 6-3-122
2161,M00.200x001,链球菌性多关节炎,表 6-3-123
2162,M00.200x011,链球菌性肩关节炎,表 6-3-123
2163,M00.200x021,链球菌性肘关节炎,表 6-3-123
2164,M00.200x031,链球菌性腕关节炎,表 6-3-123
2165,M00.200x051,链球菌性髋关节炎,表 6-3-123
2166,M00.200x061,链球菌性膝关节炎,表 6-3-123
2167,M00.200x071,链球菌性踝关节炎,表 6-3-123
2168,M00.200x091,链球菌性关节炎,表 6-3-123
2169,M05.000,费尔蒂综合征,表 6-3-124
2170,M05.200,类风湿性脉管炎,表 6-3-124
2171,M05.200x092,类风湿性血管炎,表 6-3-124
2172,M05.800,"血清反应阳性的类风湿性关节炎,其他的",表 6-3-124
2173,M06.100,成年型斯蒂尔病,表 6-3-124
2174,M08.100,幼年型关节强硬性脊椎炎,表 6-3-124
2175,M08.100x092,幼年型脊椎关节炎,表 6-3-124
2176,M08.400,少关节性幼年型关节炎,表 6-3-124
2177,M08.900,幼年型关节炎,表 6-3-124
2178,M10.400,继发性痛风，其他的,表 6-3-124
2179,M11.800x093,假性痛风性关节炎,表 6-3-124
2180,M11.801,焦磷酸盐结晶性关节炎(病),表 6-3-124
2181,M11.802,磷酸二钙结晶性关节炎(病),表 6-3-124
2182,M12.000,慢性风湿病后关节病[雅库综合征],表 6-3-124
2183,M15.200,布沙尔结节(伴有关节病),表 6-3-125
2184,M16.000,原发性双侧髋关节病,表 6-3-125
2185,M16.200,发育异常导致的双侧髋关节病,表 6-3-125
2186,M16.301,发育异常性单侧髋关节病,表 6-3-125
2187,M16.701,继发性单侧髋关节病,表 6-3-125
2188,M18.101,单侧第一腕掌关节原发性关节病,表 6-3-125
2189,M18.301,单侧第一腕掌关节创伤后关节病,表 6-3-125
2190,M19.900,关节病,表 6-3-125
2191,M19.900x092,重度骨关节病,表 6-3-125
2192,M19.900x093,指骨关节病,表 6-3-125
2193,M19.900x094,趾骨关节病,表 6-3-125
2194,M19.900x095,跖骨关节病,表 6-3-125
2195,M19.900x096,距下关节骨性关节病,表 6-3-125
2196,M19.900x097,跖趾关节骨性关节病,表 6-3-125
2197,M19.901,肩关节关节病,表 6-3-125
2198,M19.902,肘关节关节病,表 6-3-125
2199,M19.903,腕关节关节病,表 6-3-125
2200,M19.904,手骨间关节病,表 6-3-125
2201,M19.905,踝关节关节病,表 6-3-125
2202,M19.906,足关节关节病,表 6-3-125
2203,M19.907,肥厚性关节炎,表 6-3-125
2204,M19.908,老年性关节炎,表 6-3-125
2205,M19.909,变形性关节炎,表 6-3-125
2206,M19.910,萎缩性关节炎,表 6-3-125
2207,M20.000,手指变形,表 6-3-126
2208,M20.000x004,拇外展功能障碍,表 6-3-126
2209,M20.000x005,后天性拇变形,表 6-3-126
2210,M20.000x011,后天性槌状指,表 6-3-126
2211,M20.002,后天性手指畸形,表 6-3-126
2212,M20.003,后天性手指重叠,表 6-3-126
2213,M20.005,手指挛缩,表 6-3-126
2214,M20.006,手指钮孔状变形,表 6-3-126
2215,M20.007,手指天鹅颈状变形,表 6-3-126
2216,M20.301,后天性踇内翻,表 6-3-126
2217,M20.302,后天性槌状趾,表 6-3-126
2218,M21.100x011,后天性肩内翻,表 6-3-126
2219,M21.100x051,后天性髋内翻,表 6-3-126
2220,M21.100x072,后天性踝内翻,表 6-3-126
2221,M21.101,弓形腿,表 6-3-126
2222,M21.102,后天性肘内翻,表 6-3-126
2223,M21.103,髋关节内翻变形,表 6-3-126
2224,M21.104,后天性膝内翻,表 6-3-126
2225,M21.105,后天性足内翻,表 6-3-126
2226,M21.301,后天性腕下垂,表 6-3-126
2227,M21.302,后天性足下垂,表 6-3-126
2228,M24.401,复发性肩关节脱位,表 6-3-126
2229,M24.402,复发性肩关节不全脱位,表 6-3-126
2230,M24.403,复发性肘关节脱位,表 6-3-126
2231,M24.404,复发性肘关节不全脱位,表 6-3-126
2232,M24.405,复发性腕关节脱位,表 6-3-126
2233,M24.406,复发性腕关节不全脱位,表 6-3-126
2234,M24.407,复发性手骨间关节脱位,表 6-3-126
2235,M24.408,复发性手骨间关节不全脱位,表 6-3-126
2236,M24.409,复发性髋关节脱位,表 6-3-126
2237,M24.410,复发性髋关节不全脱位,表 6-3-126
2238,M24.411,复发性膝关节脱位,表 6-3-126
2239,M24.412,复发性膝关节不全脱位,表 6-3-126
2240,M24.414,复发性踝关节脱位,表 6-3-126
2241,M24.415,复发性踝关节不全脱位,表 6-3-126
2242,M24.416,关节习惯性脱位,表 6-3-126
2243,M24.417,关节习惯性不全脱位,表 6-3-126
2244,M25.100,关节瘘,表 6-3-126
2245,M25.100x011,肩关节瘘,表 6-3-126
2246,M25.100x021,肘关节瘘,表 6-3-126
2247,M25.100x031,腕关节瘘,表 6-3-126
2248,M25.100x051,髋关节瘘,表 6-3-126
2249,M25.100x061,膝关节瘘,表 6-3-126
2250,M25.100x071,踝关节瘘,表 6-3-126
2251,M30.000,结节性多动脉炎,表 6-3-127
2252,M30.001+G73.7*,结节性多动脉炎性肌病,表 6-3-127
2253,M30.002+G63.5*,结节性多动脉炎性多神经病,表 6-3-127
2254,M30.003+G63.5*,结节性多动脉炎性周围神经病,表 6-3-127
2255,M30.004,多脉管炎,表 6-3-127
2256,M30.005+F02.8*,结节性多动脉炎性痴呆,表 6-3-127
2257,M30.100,多动脉炎伴有肺受累[丘格-斯特劳斯],表 6-3-127
2258,M30.100x001,嗜酸性肉芽肿性血管炎,表 6-3-127
2259,M30.101,变应性肉芽肿性血管炎,表 6-3-127
2260,M30.200,幼年型多动脉炎,表 6-3-127
2261,M30.300,黏膜皮肤淋巴结综合征[川崎病],表 6-3-127
2262,M30.301,IVIG无应答型川崎病,表 6-3-127
2263,M30.801,多脉管炎重叠综合征,表 6-3-127
2264,M31.000,过敏性血管炎,表 6-3-127
2265,M31.000x002,免疫性血管炎,表 6-3-127
2266,M31.000x005,变应性皮肤血管炎,表 6-3-127
2267,M31.001,古德帕斯丘综合征,表 6-3-127
2268,M31.002+N08.5*,抗肾小球基底膜抗体病,表 6-3-127
2269,M31.003+N08.5*,肺出血肾炎综合征相关肾小球肾炎,表 6-3-127
2270,M31.100,血栓性微血管病,表 6-3-127
2271,M31.101,血栓性血小板减少性紫癜,表 6-3-127
2272,M31.102+N08.5*,血栓性血小板减少性紫癜相关肾小球肾炎,表 6-3-127
2273,M31.300,韦格纳肉芽肿病,表 6-3-127
2274,M31.300x002,坏死性呼吸道肉芽肿病,表 6-3-127
2275,M31.301,口腔黏膜韦格纳肉芽肿,表 6-3-127
2276,M31.302+J99.1*,韦格纳肉芽肿病累及肺,表 6-3-127
2277,M31.304+J99.1*,多发性血管炎性肉芽肿病累及肺,表 6-3-127
2278,M31.305+N08.5*,肉芽肿性血管炎相关肾小球肾炎,表 6-3-127
2279,M31.400,主动脉弓综合征[高安病],表 6-3-127
2280,M31.500,巨细胞动脉炎伴有风湿性多肌痛,表 6-3-127
2281,M31.600,巨细胞动脉炎，其他的,表 6-3-127
2282,M31.700,显微镜下多脉管炎,表 6-3-127
2283,M31.701+N08.5*,ANCA相关性肾炎,表 6-3-127
2284,M31.702+G63.5*,显微镜下多血管炎性周围神经病,表 6-3-127
2285,M31.703+N08.5*,血管炎性肾小球肾炎,表 6-3-127
2286,M31.801,HCV感染相关血管炎,表 6-3-127
2287,M31.802,ANCA相关性血管炎,表 6-3-127
2288,M31.803,低补体血症血管炎,表 6-3-127
2289,M31.804,系统性血管炎,表 6-3-127
2290,M31.900x001,坏死性脉管炎,表 6-3-127
2291,M32.000,药物性系统性红斑狼疮,表 6-3-127
2292,M32.800,系统性红斑狼疮，其他形式的,表 6-3-127
2293,M32.900,系统性红斑狼疮,表 6-3-127
2294,M32.901,隐匿性系统性红斑狼疮,表 6-3-127
2295,M33.000,幼年型皮肌炎,表 6-3-127
2296,M33.001+J99.1*,幼年型皮肌炎累及肺,表 6-3-127
2297,M33.100x001,儿童皮肌炎,表 6-3-127
2298,M33.100x004,成人皮肌炎,表 6-3-127
2299,M33.101,皮肌炎,表 6-3-127
2300,M33.102+G63.5*,皮肌炎性周围神经病,表 6-3-127
2301,M33.103+J99.1*,皮肌炎性肺间质纤维化,表 6-3-127
2302,M33.104,无肌病性皮肌炎,表 6-3-127
2303,M33.105,异色皮肌炎,表 6-3-127
2304,M33.200,多肌炎,表 6-3-127
2305,M33.201+J99.1*,多肌炎伴肺间质纤维化,表 6-3-127
2306,M33.900,皮多肌炎,表 6-3-127
2307,M33.901+J99.1*,皮多肌炎累及肺,表 6-3-127
2308,M34.000,进行性全身性硬皮病,表 6-3-127
2309,M34.100,全身性钙质沉着综合征[CR(E)ST],表 6-3-127
2310,M34.200,药物和化学物质诱发的全身性硬皮病,表 6-3-127
2311,M34.800x001+J99.1*,系统性硬化症性肺病变,表 6-3-127
2312,M34.800x002+G73.7*,系统性硬化症性肌病,表 6-3-127
2313,M34.800x004+N08.5*,系统性硬化症肾脏危象,表 6-3-127
2314,M34.800x005+G53.8*,系统性硬化症累及脑神经,表 6-3-127
2315,M34.800x006+K23.8*,系统性硬化症累及食管,表 6-3-127
2316,M34.800x007+N08.5*,系统性硬化症肾损害,表 6-3-127
2317,M34.800x009+I52.8*,系统性硬化症心脏损害,表 6-3-127
2318,M34.801+J99.1*,硬皮病性肺间质纤维化,表 6-3-127
2319,M34.802,布施克硬肿病,表 6-3-127
2320,M34.803,蒂比耶日-魏森巴赫综合征,表 6-3-127
2321,M34.804+G73.7*,全身性硬化性肌病,表 6-3-127
2322,M34.805,肢端硬肿病,表 6-3-127
2323,M34.806+G63.5*,全身性硬化性多神经病变,表 6-3-127
2324,M34.900,全身性硬皮病,表 6-3-127
2325,M34.900x001,系统性硬化症,表 6-3-127
2326,M35.000,干燥综合征[舍格伦],表 6-3-127
2327,M35.001,继发性干燥综合征,表 6-3-127
2328,M35.002+J99.1*,干燥综合征伴肺间质纤维化,表 6-3-127
2329,M35.003+K77.8*,干燥综合征性肝损害,表 6-3-127
2330,M35.004+G73.7*,干燥综合征性肌病,表 6-3-127
2331,M35.005+H19.3*,干燥综合征性角膜结膜炎,表 6-3-127
2332,M35.006+N16.4*,干燥综合征性肾小管间质肾炎,表 6-3-127
2333,M35.007+N16.4*,干燥综合征性肾盂肾炎,表 6-3-127
2334,M35.008+G94.8*,干燥综合征性中枢神经损害,表 6-3-127
2335,M35.009+G63.5*,干燥综合征性周围神经病,表 6-3-127
2336,M35.101,混合性结缔组织病,表 6-3-127
2337,M35.102,混合性结缔组织病肾损害,表 6-3-127
2338,M35.200,贝赫切特[贝切特]病,表 6-3-127
2339,M35.201,贝赫切特病性关节炎,表 6-3-127
2340,M35.202+N77.8*,贝赫切特病性外阴溃疡,表 6-3-127
2341,M35.203,神经贝赫切特病,表 6-3-127
2342,M35.300,风湿性多肌痛,表 6-3-127
2343,M35.400,弥漫性(嗜酸细胞性)筋膜炎,表 6-3-127
2344,M35.500,多病灶性纤维硬化病,表 6-3-127
2345,M35.600,复发性脂膜炎[韦伯-克里斯琴],表 6-3-127
2346,M35.700,过度活动综合征,表 6-3-127
2347,M35.701,家族性韧带松弛,表 6-3-127
2348,M35.800x001,抗合成酶综合征,表 6-3-127
2349,M35.801,嗜酸性粒细胞增多-肌痛综合征,表 6-3-127
2350,M35.802,近端指间关节周围胶原沉积症,表 6-3-127
2351,M35.900x002+G63.5*,胶原病性神经炎,表 6-3-127
2352,M35.900x006+G63.5*,继发于结缔组织病的周围神经病,表 6-3-127
2353,M35.900x007,高IgD综合征,表 6-3-127
2354,M35.900x011,Satoxoshi综合征,表 6-3-127
2355,M35.901,结缔组织病,表 6-3-127
2356,M35.902,胶原病,表 6-3-127
2357,M35.903+G63.5*,胶原血管性多神经病,表 6-3-127
2358,M35.904+J99.1*,结缔组织病肺间质纤维化,表 6-3-127
2359,M35.905,抗J0-1综合征,表 6-3-127
2360,M35.906,IgG4相关疾病,表 6-3-127
2361,M35.907,自身免疫病,表 6-3-127
2362,M40.200x021,颈椎后凸,表 6-3-128
2363,M40.200x041,胸椎后凸,表 6-3-128
2364,M40.200x061,腰椎后凸,表 6-3-128
2365,M40.201,脊柱后凸,表 6-3-128
2366,M41.200,特发性脊柱侧弯，其他的,表 6-3-128
2367,M41.300,胸源性脊柱侧弯,表 6-3-128
2368,M42.000x091,卡尔韦病,表 6-3-128
2369,M42.002,幼年椎骨骺骨软骨病,表 6-3-128
2370,M43.100x011,后天性寰枢椎滑脱,表 6-3-128
2371,M43.100x021,颈椎前移,表 6-3-128
2372,M43.100x041,胸椎前移,表 6-3-128
2373,M43.100x061,腰椎前移,表 6-3-128
2374,M43.100x062,后天性腰椎滑脱,表 6-3-128
2375,M43.100x071,腰骶脊椎前移,表 6-3-128
2376,M43.100x091,后天性脊椎滑脱,表 6-3-128
2377,M43.101,创伤性脊椎前移,表 6-3-128
2378,M43.102,变性性脊椎前移,表 6-3-128
2379,M43.400,复发性寰枢不完全性脱位，其他的,表 6-3-128
2380,M43.801,脊柱旋转不足,表 6-3-128
2381,M43.802,腰骶关节畸形,表 6-3-128
2382,M43.803,骶髂关节畸形,表 6-3-128
2383,M43.804,骶骨畸形,表 6-3-128
2384,M43.805,尾骨畸形,表 6-3-128
2385,M46.300,椎间盘感染(脓性),表 6-3-129
2386,M46.300x021,颈椎间盘感染,表 6-3-129
2387,M46.300x041,胸椎间盘感染,表 6-3-129
2388,M46.300x061,腰椎间盘感染,表 6-3-129
2389,M46.301,化脓性胸椎间盘感染,表 6-3-129
2390,M46.302,化脓性腰椎间盘感染,表 6-3-129
2391,M48.100,强直性骨肥厚[福雷斯蒂尔],表 6-3-129
2392,M48.100x091,弥漫性特发性骨肥厚[DISH病],表 6-3-129
2393,M53.000,颈颅综合征,表 6-3-130
2394,M53.001,颈后交感神经综合征,表 6-3-130
2395,M53.002,颅椎综合征,表 6-3-130
2396,M53.801,脊柱强直,表 6-3-130
2397,M53.802,脊柱关节僵硬,表 6-3-130
2398,M54.100,神经根病,表 6-3-130
2399,M54.100x021,颈神经根炎,表 6-3-130
2400,M54.101,臂丛神经炎,表 6-3-130
2401,M54.102,胸神经根炎,表 6-3-130
2402,M54.103,腰神经根炎,表 6-3-130
2403,M54.104,腰骶神经根炎,表 6-3-130
2404,M54.105,神经根炎,表 6-3-130
2405,M54.106,神经根痛,表 6-3-130
2406,M54.107,神经根综合征,表 6-3-130
2407,M60.000,感染性肌炎,表 6-3-131
2408,M60.000x051,大腿感染性肌炎,表 6-3-131
2409,M60.000x061,小腿感染性肌炎,表 6-3-131
2410,M60.000x092,热带化脓性肌炎,表 6-3-131
2411,M60.000x093,肌肉脓肿,表 6-3-131
2412,M60.001,肩区感染性肌炎,表 6-3-131
2413,M60.002,上臂感染性肌炎,表 6-3-131
2414,M60.003,前臂感染性肌炎,表 6-3-131
2415,M60.004,手感染性肌炎,表 6-3-131
2416,M60.005,大腿肌间脓肿,表 6-3-131
2417,M60.006,膝关节肌间脓肿,表 6-3-131
2418,M60.007,足感染性肌炎,表 6-3-131
2419,M60.008,腰大肌脓肿,表 6-3-131
2420,M60.100,间质性肌炎,表 6-3-131
2421,M60.800x061,腓肠肌炎,表 6-3-131
2422,M60.800x081,腹壁慢性肌炎,表 6-3-131
2423,M60.801,坏死性肌炎,表 6-3-131
2424,M60.802,陈旧性肌炎,表 6-3-131
2425,M60.803,腰大肌炎,表 6-3-131
2426,M60.804,增生性肌炎,表 6-3-131
2427,M60.805,姿势性肌炎,表 6-3-131
2428,M61.000,外伤性骨化性肌炎,表 6-3-131
2429,M61.000x051,髋关节创伤后骨化性肌炎,表 6-3-131
2430,M61.100,进行性骨化性肌炎,表 6-3-131
2431,M61.101,进行性骨化性纤维发育不良,表 6-3-131
2432,M61.102,弥漫性进行性骨化性多肌炎,表 6-3-131
2433,M61.201,肌肉麻痹性骨化,表 6-3-131
2434,M61.301,烧伤后肌肉骨化,表 6-3-131
2435,M62.200,肌肉缺血性梗死,表 6-3-131
2436,M62.200x001,骨筋膜室综合征,表 6-3-131
2437,M62.202,非创伤性腔隙综合征,表 6-3-131
2438,M62.203,肌间隙综合征,表 6-3-131
2439,M62.300,不动综合征(截瘫性),表 6-3-131
2440,M62.901,肌肉肿物,表 6-3-131
2441,M66.400,肌腱的自发性破裂，其他的,表 6-3-132
2442,M67.100x041,掌腱膜挛缩,表 6-3-132
2443,M67.100x051,髂胫束挛缩,表 6-3-132
2444,M67.101,肌腱挛缩,表 6-3-132
2445,M67.102,腓肠肌腱膜挛缩症,表 6-3-132
2446,M67.103,拇指屈肌肌腱挛缩,表 6-3-132
2447,M67.104,足跖腱膜挛缩,表 6-3-132
2448,M70.600,转子滑囊炎,表 6-3-133
2449,M70.600x001,转子腱炎,表 6-3-133
2450,M70.901,体位性劳损,表 6-3-133
2451,M70.902,职业性滑囊炎,表 6-3-133
2452,M72.600,坏死性筋膜炎,表 6-3-133
2453,M72.601,肩区坏死性筋膜炎,表 6-3-133
2454,M72.602,上臂坏死性筋膜炎,表 6-3-133
2455,M72.603,前臂坏死性筋膜炎,表 6-3-133
2456,M72.604,手坏死性筋膜炎,表 6-3-133
2457,M72.605,骨盆区坏死性筋膜炎,表 6-3-133
2458,M72.606,大腿坏死性筋膜炎,表 6-3-133
2459,M72.607,小腿坏死性筋膜炎,表 6-3-133
2460,M72.608,踝坏死性筋膜炎,表 6-3-133
2461,M72.609,足坏死性筋膜炎,表 6-3-133
2462,M75.400,肩撞击综合征,表 6-3-133
2463,M76.300,髂胫带综合征,表 6-3-133
2464,M76.301,涉及髂胫带弹响髋,表 6-3-133
2465,M76.302,涉及髂胫带弹响膝,表 6-3-133
2466,M77.200,腕关节周围炎,表 6-3-133
2467,M80.100,卵巢切除术后骨质疏松伴有病理性骨折,表 6-3-134
2468,M81.100,卵巢切除术后骨质疏松,表 6-3-134
2469,M81.300,手术后吸收不良性骨质疏松,表 6-3-134
2470,M83.900,成人骨软化症,表 6-3-134
2471,M83.900x091,骨软化症,表 6-3-134
2472,M84.801,颅骨分离,表 6-3-134
2473,M86.100,急性骨髓炎，其他的,表 6-3-135
2474,M86.200,亚急性骨髓炎,表 6-3-135
2475,M88.000,颅骨佩吉特病,表 6-3-135
2476,M89.100,骨骺生长停止,表 6-3-135
2477,M89.101,骺横线,表 6-3-135
2478,M89.500,骨质溶解,表 6-3-135
2479,M89.500x091,大块溶骨病,表 6-3-135
2480,M89.800x501,股骨非骨化性纤维瘤,表 6-3-135
2481,M89.800x601,膝关节籽骨炎,表 6-3-135
2482,M89.800x906,蜡油样骨病,表 6-3-135
2483,M89.800x908,骨瘢痕,表 6-3-135
2484,M89.802,肩胛擦响症,表 6-3-135
2485,M89.803,肩胛痛,表 6-3-135
2486,M89.804,肱骨破坏,表 6-3-135
2487,M89.808,股骨头变平,表 6-3-135
2488,M89.810,胫骨非骨化性纤维瘤,表 6-3-135
2489,M89.813,足副舟骨痛,表 6-3-135
2490,M89.816,肋骨滑脱,表 6-3-135
2491,M89.817,非骨化性纤维瘤,表 6-3-135
2492,M89.818,骨质破坏,表 6-3-135
2493,M89.819,婴儿型骨皮质肥厚,表 6-3-135
2494,M89.820,骨外露,表 6-3-135
2495,M89.821,创伤后骨膜下骨化,表 6-3-135
2496,M89.823,骨痛,表 6-3-135
2497,M89.824,骨膜下出血,表 6-3-135
2498,M89.825,骨膜骨赘形成,表 6-3-135
2499,M91.200,扁平髋,表 6-3-136
2500,M91.201,幼年骨软骨病性髋关节畸形,表 6-3-136
2501,M93.000,股骨上端(非创伤性)骨骺滑脱,表 6-3-136
2502,M95.501,扁骨盆,表 6-3-137
2503,M95.502,后天性骨盆畸形,表 6-3-137
2504,M95.503,后天性骨盆倾斜,表 6-3-137
2505,M95.504,后天性骨盆狭窄,表 6-3-137
2506,M95.505,后天性漏斗骨盆,表 6-3-137
2507,M95.506,内格勒骨盆,表 6-3-137
2508,M95.507,尖骨盆,表 6-3-137
2509,M95.508,婴儿型骨盆,表 6-3-137
2510,M95.509,后天性髂骨畸形,表 6-3-137
2511,M95.510,后天性坐骨畸形,表 6-3-137
2512,M95.801,后天性躯干畸形,表 6-3-137
2513,M95.802,后天性腹壁畸形,表 6-3-137
2514,M96.500,放射后脊柱侧弯,表 6-3-137
2515,M99.800,生物力学损害，其他的,表 6-3-137
2516,M99.900,生物力学损害,表 6-3-137
2517,N00.301,急性系膜增殖性肾小球肾炎,表 6-3-138
2518,N00.400,急性肾炎综合征伴有弥漫性毛细血管内增生性肾小球肾炎,表 6-3-138
2519,N00.500,急性肾炎综合征伴有弥漫性肾小球系膜毛细血管性肾小球肾炎,表 6-3-138
2520,N00.600,急性肾炎综合征伴有密集沉积物病,表 6-3-138
2521,N00.700,急性肾炎综合征伴有弥漫性新月形肾小球肾炎,表 6-3-138
2522,N00.800x001,急性肾炎伴坏死性肾小球肾炎损害,表 6-3-138
2523,N00.801,急性肾小球肾炎，IgA肾病,表 6-3-138
2524,N00.802,急性增殖性肾小球肾炎,表 6-3-138
2525,N01.300x001,"急进型肾炎综合征,弥漫性肾小球膜性增生性肾小球肾炎",表 6-3-138
2526,N01.800,急进型肾炎综合征，其他的,表 6-3-138
2527,N02.201,IgA肾病，膜性肾小球损害,表 6-3-138
2528,N02.203,血尿，弥漫性膜性肾小球损害,表 6-3-138
2529,N02.900,复发性和持续性血尿,表 6-3-138
2530,N02.900x001,复发性血尿,表 6-3-138
2531,N02.900x002,持续性血尿,表 6-3-138
2532,N05.600,肾炎综合征伴有密集沉积物病,表 6-3-138
2533,N07.000,遗传性肾病伴有轻微的肾小球异常，不可归类在他处者,表 6-3-138
2534,N07.100,遗传性肾病伴有局灶性和节段性肾小球损害，不可归类在他处者,表 6-3-138
2535,N07.800,"遗传性肾病，其他的,不可归类在他处者",表 6-3-138
2536,N17.000,急性肾衰竭伴有肾小管坏死,表 6-3-140
2537,N17.001,急性肾小管坏死,表 6-3-140
2538,N17.002,缺血性肾病,表 6-3-140
2539,N17.100,急性肾衰竭伴有急性肾皮质坏死,表 6-3-140
2540,N17.101,急性肾皮质坏死,表 6-3-140
2541,N17.200,急性肾衰竭伴有肾髓质坏死,表 6-3-140
2542,N17.200x002,急性髓质乳头状坏死,表 6-3-140
2543,N17.200x003,肾乳头坏死,表 6-3-140
2544,N17.800,急性肾衰竭，其他的,表 6-3-140
2545,N17.900,急性肾衰竭,表 6-3-140
2546,N17.900x002,急性肾功能不全尿毒症期,表 6-3-140
2547,N17.900x003,急性肾功能不全,表 6-3-140
2548,N17.900x004,急性肾功能不全氮质血症期,表 6-3-140
2549,N17.901,急性肾损害,表 6-3-140
2550,N18.400,慢性肾脏病4期,表 6-3-140
2551,N18.400x001+D63.8*,慢性肾脏病4期相关性贫血,表 6-3-140
2552,N25.900,肾小管功能损害所致的疾患,表 6-3-141
2553,N27.100,双侧小肾,表 6-3-141
2554,N32.000,膀胱颈梗阻,表 6-3-142
2555,N32.001,膀胱颈挛缩,表 6-3-142
2556,N32.002,膀胱颈狭窄,表 6-3-142
2557,N32.004,女性前列腺病,表 6-3-142
2558,N32.200,膀胱瘘，不可归类在他处者,表 6-3-142
2559,N32.201,膀胱腹壁瘘,表 6-3-142
2560,N32.202,膀胱输尿管瘘,表 6-3-142
2561,N32.203,膀胱尿道瘘,表 6-3-142
2562,N32.204,膀胱会阴瘘,表 6-3-142
2563,N34.300,尿道综合征,表 6-3-142
2564,N35.100x001,感染后尿道狭窄,表 6-3-142
2565,N39.100,持续性蛋白尿,表 6-3-142
2566,N39.200,直立性蛋白尿,表 6-3-142
2567,N39.400,尿失禁，其他特指的,表 6-3-142
2568,N39.401,充盈性尿失禁,表 6-3-142
2569,N39.402,创伤后尿失禁,表 6-3-142
2570,N39.403,混合性尿失禁,表 6-3-142
2571,N39.404,解剖性尿失禁,表 6-3-142
2572,N39.405,紧迫性尿失禁,表 6-3-142
2573,N39.800,泌尿系统其他特指的疾患,表 6-3-142
2574,N39.800x001,心肾综合征,表 6-3-142
2575,N42.101,前列腺充血,表 6-3-143
2576,N42.102,前列腺出血,表 6-3-143
2577,N45.000,睾丸炎、附睾炎和附睾-睾丸炎，伴有脓肿,表 6-3-143
2578,N45.001,附睾脓肿,表 6-3-143
2579,N45.002,睾丸脓肿,表 6-3-143
2580,N48.300,阴茎异常勃起,表 6-3-143
2581,N48.301,阴茎痛性勃起,表 6-3-143
2582,N49.101,精索炎,表 6-3-143
2583,N49.102,鞘膜脓肿,表 6-3-143
2584,N49.103,鞘膜炎,表 6-3-143
2585,N49.104,输精管炎,表 6-3-143
2586,N50.100x001,精索血肿,表 6-3-143
2587,N50.101,睾丸血肿,表 6-3-143
2588,N50.102,血精,表 6-3-143
2589,N50.103,阴囊血肿,表 6-3-143
2590,N64.803,乳房血肿,表 6-3-144
2591,N64.804,乳头变性,表 6-3-144
2592,N64.805,乳液囊肿,表 6-3-144
2593,N73.201,盆腔蜂窝织炎,表 6-3-145
2594,N73.202,子宫韧带炎,表 6-3-145
2595,N73.203,子宫周围炎,表 6-3-145
2596,N76.300x001,亚急性外阴炎,表 6-3-145
2597,N76.301,慢性外阴炎,表 6-3-145
2598,N80.401,直肠阴道隔子宫内膜异位症,表 6-3-146
2599,N81.500,阴道小肠膨出,表 6-3-146
2600,N81.500x002,小肠阴道疝,表 6-3-146
2601,N81.500x003,阴道后疝,表 6-3-146
2602,N82.000,膀胱阴道瘘,表 6-3-146
2603,N82.100x001,子宫输尿管瘘,表 6-3-146
2604,N82.101,尿道阴道瘘,表 6-3-146
2605,N82.102,输尿管阴道瘘,表 6-3-146
2606,N82.103,子宫膀胱瘘,表 6-3-146
2607,N83.600,输卵管血肿,表 6-3-146
2608,N83.601,输卵管出血,表 6-3-146
2609,N88.200x001,子宫颈狭窄,表 6-3-146
2610,N88.201,宫颈闭锁,表 6-3-146
2611,N89.901,阴道肿物,表 6-3-146
2612,N92.400,绝经前期出血过多,表 6-3-146
2613,N92.400x001,更年期月经过多,表 6-3-146
2614,N92.400x003,绝经期子宫不规则出血,表 6-3-146
2615,N92.400x004,更年前期月经过多,表 6-3-146
2616,N92.401,绝经期出血,表 6-3-146
2617,N93.801,功能障碍性子宫出血,表 6-3-146
2618,N93.900,异常的子宫和阴道出血,表 6-3-146
2619,N93.901,异常子宫出血,表 6-3-146
2620,N94.000,经间痛,表 6-3-146
2621,N94.100,性交疼痛,表 6-3-146
2622,N94.200,阴道痉挛,表 6-3-146
2623,N94.900,与女性生殖器官和月经周期有关的情况,表 6-3-146
2624,N95.900x001,绝经后卵巢可扪及综合征,表 6-3-146
2625,N97.200x001,子宫粘连性不孕,表 6-3-146
2626,N97.200x002,卵子不植入,表 6-3-146
2627,N97.300,宫颈起因的女性不孕症,表 6-3-146
2628,N99.000,操作后肾衰竭,表 6-3-147
2629,N99.001,手术后肾衰竭,表 6-3-147
2630,N99.200,阴道手术后粘连,表 6-3-147
2631,N99.201,手术后阴道狭窄,表 6-3-147
2632,N99.500,泌尿道外口功能不良,表 6-3-147
2633,O00.000,腹腔妊娠,表 6-3-148
2634,O00.001,大网膜妊娠,表 6-3-148
2635,O03.001,不完全性自然流产并发盆腔感染,表 6-3-148
2636,O03.002,不完全自然流产并发生殖道感染,表 6-3-148
2637,O03.100x001,不完全自然流产并发播散性血管内凝血,表 6-3-148
2638,O03.101,不完全性自然流产并发过度出血,表 6-3-148
2639,O03.102,不完全性自然流产并发延迟出血,表 6-3-148
2640,O03.200x001,不完全自然流产并发栓塞,表 6-3-148
2641,O03.701,完全性自然流产并发栓塞,表 6-3-148
2642,O03.702,自然流产并发栓塞,表 6-3-148
2643,O04.200x001,不完全医疗性流产并发栓塞,表 6-3-148
2644,O04.600x001,医疗性流产并发出血,表 6-3-148
2645,O04.601,医疗性流产并发播散性血管内凝血,表 6-3-148
2646,O04.602,早期医疗性流产并发过度出血,表 6-3-148
2647,O04.700x001,医疗性流产并发栓塞,表 6-3-148
2648,O04.701,医疗性流产并发羊水栓塞,表 6-3-148
2649,O05.200,"不完全性流产，其他的,并发栓塞",表 6-3-148
2650,O05.700,完全性流产，其他的，并发栓塞,表 6-3-148
2651,O06.100,不完全性流产，并发延迟或过度出血,表 6-3-148
2652,O06.200,不完全性流产，并发栓塞,表 6-3-148
2653,O06.500,完全性流产，并发生殖道和盆腔感染,表 6-3-148
2654,O06.600,完全性流产，并发延迟或过度出血,表 6-3-148
2655,O06.700,完全性流产，并发栓塞,表 6-3-148
2656,O06.900,完全性流产，无并发症,表 6-3-148
2657,O07.000,医疗性流产失败，并发生殖道和盆腔感染,表 6-3-148
2658,O07.000x001,医疗性流产失败并发盆腔感染,表 6-3-148
2659,O07.000x002,医疗性流产失败并发生殖道感染,表 6-3-148
2660,O07.100x001,医疗性流产失败并发出血,表 6-3-148
2661,O07.200x001,医疗性流产失败并发栓塞,表 6-3-148
2662,O07.300,医疗性流产失败，伴有其他的并发症,表 6-3-148
2663,O07.300x001,医疗性流产失败并发代谢紊乱,表 6-3-148
2664,O07.300x002,医疗性流产失败并发休克,表 6-3-148
2665,O07.500,"企图流产失败,其他或未特指的，并发生殖道和盆腔感染",表 6-3-148
2666,O07.600,企图流产失败，其他的，并发延迟或过度出血,表 6-3-148
2667,O07.700,企图流产失败，其他的，并发栓塞,表 6-3-148
2668,O07.800,企图流产失败，其他的，伴有其他的并发症,表 6-3-148
2669,O07.900x001,企图流产失败,表 6-3-148
2670,O08.200x001,流产后栓塞,表 6-3-148
2671,O08.200x002,异位妊娠后栓塞,表 6-3-148
2672,O08.200x003,葡萄胎妊娠后栓塞,表 6-3-148
2673,O08.202,流产后羊水栓塞,表 6-3-148
2674,O08.203,流产后空气栓塞,表 6-3-148
2675,O08.204,流产后肺栓塞,表 6-3-148
2676,O08.300x003,流产后循环性虚脱,表 6-3-148
2677,O08.300x004,葡萄胎妊娠后休克,表 6-3-148
2678,O08.301,流产后休克,表 6-3-148
2679,O08.302,异位妊娠后休克,表 6-3-148
2680,O08.400x003,流产后肾小管坏死,表 6-3-148
2681,O08.400x004,异位妊娠后肾衰竭,表 6-3-148
2682,O08.400x005,葡萄胎妊娠后肾衰竭,表 6-3-148
2683,O08.401,流产后肾衰竭,表 6-3-148
2684,O08.500,流产、异位妊娠和葡萄胎妊娠后的代谢疾患,表 6-3-148
2685,O08.600x004,流产后子宫颈裂伤,表 6-3-148
2686,O08.600x005,异位妊娠后子宫破裂,表 6-3-148
2687,O08.600x006,流产后盆腔器官损伤,表 6-3-148
2688,O08.601,人工流产后肠穿孔,表 6-3-148
2689,O08.602,人工流产后子宫穿孔,表 6-3-148
2690,O08.603,人工流产后子宫韧带血肿,表 6-3-148
2691,O08.604,人工流产并发穹隆穿孔,表 6-3-148
2692,O08.700,流产、异位妊娠和葡萄胎妊娠后的其他静脉并发症,表 6-3-148
2693,O08.900,流产、异位妊娠和葡萄胎妊娠后的并发症,表 6-3-148
2694,O10.101,妊娠合并原有高血压性心脏病,表 6-3-149
2695,O10.301,妊娠合并原有高血压性心脏病和肾病,表 6-3-149
2696,O10.401,妊娠合并原有继发性高血压,表 6-3-149
2697,O12.100,妊娠蛋白尿,表 6-3-149
2698,O15.001,产前子痫,表 6-3-149
2699,O15.201,产后子痫,表 6-3-149
2700,O20.900,妊娠早期出血,表 6-3-150
2701,O22.900,妊娠期静脉并发症,表 6-3-150
2702,O22.901,妊娠期静脉炎,表 6-3-150
2703,O22.902,妊娠期静脉血栓形成,表 6-3-150
2704,O23.400,妊娠期泌尿道感染,表 6-3-150
2705,O24.000,妊娠期伴原有的1型糖尿病,表 6-3-150
2706,O24.000x021,妊娠合并原有1型糖尿病(胰岛素治疗),表 6-3-150
2707,O28.000,孕产妇产前筛查的血液学异常所见,表 6-3-150
2708,O30.200,四胎妊娠,表 6-3-151
2709,O32.401,初产头浮,表 6-3-151
2710,O33.700,为其他胎儿变形引起的胎盆不称给予的孕产妇医疗,表 6-3-151
2711,O33.700x004,胎儿脊髓脊膜膨出引起胎盆不称,表 6-3-151
2712,O33.700x005,胎儿骶部畸胎瘤引起胎盆不称,表 6-3-151
2713,O33.700x006,胎儿肿瘤引起胎盆不称,表 6-3-151
2714,O34.900,为盆腔器官异常给予的孕产妇医疗,表 6-3-151
2715,O35.002,胎儿侧脑室增宽,表 6-3-151
2716,O35.003,胎儿脊柱裂,表 6-3-151
2717,O35.004,胎儿脑发育异常,表 6-3-151
2718,O35.005,胎儿脑积水,表 6-3-151
2719,O35.006,胎儿脑脊膜膨出,表 6-3-151
2720,O35.007,胎儿脑囊肿,表 6-3-151
2721,O35.008,胎儿神经管缺陷,表 6-3-151
2722,O35.009,胎儿无脑畸形,表 6-3-151
2723,O35.010,胎儿Dandy-walker综合征,表 6-3-151
2724,O35.300x002,为妊娠合并风疹病毒感染所致胎儿的(可疑)损害给予的孕产妇医疗,表 6-3-151
2725,O35.300x003,为妊娠合并巨细胞病毒感染所致胎儿的(可疑)损害给予的孕产妇医疗,表 6-3-151
2726,O35.700x001,羊膜穿刺后的孕产妇医疗,表 6-3-151
2727,O35.700x002,活组织检查后的孕产妇医疗,表 6-3-151
2728,O35.700x003,侵入性胎儿手术后的孕产妇医疗,表 6-3-151
2729,O35.700x006,手术对胎儿损害的孕产妇医疗,表 6-3-151
2730,O35.701,胎儿损害由于子宫内避孕器妊娠,表 6-3-151
2731,O35.900,为(可疑)胎儿异常和损害给予的孕产妇医疗,表 6-3-151
2732,O36.001,Rh血型不合,表 6-3-151
2733,O36.002,Rh阴性抗D抗体异常,表 6-3-151
2734,O36.900,为胎儿问题给予的孕产妇医疗,表 6-3-151
2735,O45.801,子宫胎盘卒中,表 6-3-151
2736,O46.801,胎盘边缘血窦破裂,表 6-3-151
2737,O62.400x005,协调性子宫收缩过强,表 6-3-152
2738,O62.400x006,子宫痉挛性狭窄环,表 6-3-152
2739,O62.400x007,不协调性子宫收缩过强,表 6-3-152
2740,O62.401,高张力子宫功能不良,表 6-3-152
2741,O62.402,宫颈痉挛,表 6-3-152
2742,O62.403,子宫病理性收缩环,表 6-3-152
2743,O62.404,子宫难产,表 6-3-152
2744,O62.405,子宫强直性收缩,表 6-3-152
2745,O62.406,先兆子宫破裂,表 6-3-152
2746,O64.401,肩先露难产,表 6-3-152
2747,O64.501,复合先露难产,表 6-3-152
2748,O65.000x001,扁平骨盆难产,表 6-3-152
2749,O65.000x002,类人猿骨盆难产,表 6-3-152
2750,O65.001,变形骨盆难产,表 6-3-152
2751,O65.800,母体骨盆异常引起的梗阻性分娩，其他的,表 6-3-152
2752,O66.800,梗阻性分娩，其他特指的,表 6-3-152
2753,O66.901,难产,表 6-3-152
2754,O67.800,产时出血，其他的,表 6-3-152
2755,O67.900,产时出血,表 6-3-152
2756,O68.800,产程和分娩并发胎儿应激反应的其他证据,表 6-3-152
2757,O70.300,分娩时Ⅳ度会阴裂伤,表 6-3-152
2758,O70.300x001,分娩时会阴裂伤累及肛门粘膜,表 6-3-152
2759,O70.300x002,分娩时会阴裂伤累及直肠粘膜,表 6-3-152
2760,O71.001,分娩前子宫破裂,表 6-3-152
2761,O71.100x001,分娩期子宫破裂,表 6-3-152
2762,O71.101,分娩中不完性子宫破裂,表 6-3-152
2763,O72.000,第三产程出血,表 6-3-152
2764,O72.000x003,胎盘嵌顿伴出血,表 6-3-152
2765,O72.001,胎盘粘连伴出血,表 6-3-152
2766,O72.002,胎盘滞留伴出血,表 6-3-152
2767,O72.003,胎盘植入伴出血,表 6-3-152
2768,O72.100,即刻产后出血，其他的,表 6-3-152
2769,O72.101,产后即时出血,表 6-3-152
2770,O72.201,胎膜滞留伴出血,表 6-3-152
2771,O72.202,延迟性产后出血,表 6-3-152
2772,O74.000x001,分娩期麻醉引起的吸入性肺炎,表 6-3-152
2773,O74.000x002,分娩期麻醉相关的门德尔松综合征,表 6-3-152
2774,O75.101,产科休克,表 6-3-152
2775,O75.200,产程期间发热，不可归类在他处者,表 6-3-152
2776,O75.900,产程和分娩并发症,表 6-3-152
2777,O81.000,低位产钳术,表 6-3-153
2778,O81.301,产钳助产,表 6-3-153
2779,O81.401,吸引器助产分娩,表 6-3-153
2780,O83.200,"手法助产的分娩,其他的",表 6-3-153
2781,O84.900,多胎分娩,表 6-3-153
2782,O86.100x002,产褥期子宫颈炎,表 6-3-154
2783,O86.101,产褥期输卵管-卵巢炎,表 6-3-154
2784,O86.102,产褥期阴道炎,表 6-3-154
2785,O87.000,产褥期血栓性浅静脉炎,表 6-3-154
2786,O87.100,产褥期深静脉血栓形成,表 6-3-154
2787,O87.801,产褥期外阴静脉曲张,表 6-3-154
2788,O87.802,产褥期下肢静脉曲张,表 6-3-154
2789,O88.000,产科空气栓塞,表 6-3-154
2790,O88.100,羊水栓塞,表 6-3-154
2791,O88.101,妊娠过敏样综合征,表 6-3-154
2792,O88.200,产科血凝块栓塞,表 6-3-154
2793,O88.201,产科肺栓塞,表 6-3-154
2794,O88.300x001,产科脓血性栓塞,表 6-3-154
2795,O88.300x002,产科脓毒性栓塞,表 6-3-154
2796,O88.800x001,产科脂肪栓塞,表 6-3-154
2797,O89.400,产褥期中脊髓和硬膜外麻醉诱发的头痛,表 6-3-154
2798,O89.900,产褥期中麻醉并发症,表 6-3-154
2799,O90.000,剖宫产术的伤口破裂,表 6-3-154
2800,O90.201,产后会阴伤口血肿,表 6-3-154
2801,O90.202,产后阴道伤口血肿,表 6-3-154
2802,O90.400,产后急性肾衰竭,表 6-3-154
2803,O90.400x002,产褥期肝肾综合征,表 6-3-154
2804,O91.100x001,妊娠期化脓性乳腺炎,表 6-3-154
2805,O91.101,产褥期乳腺脓肿,表 6-3-154
2806,O91.102,产褥期化脓性乳腺炎,表 6-3-154
2807,O92.300,无乳,表 6-3-154
2808,P00.401,母体营养不良新生儿,表 6-3-156
2809,P00.900,胎儿和新生儿受母体情况的影响,表 6-3-156
2810,P01.200,胎儿和新生儿受羊水过少的影响,表 6-3-156
2811,P01.501,双胎儿,表 6-3-156
2812,P01.502,三胎儿,表 6-3-156
2813,P02.200,胎儿和新生儿受胎盘其他形态和功能异常的影响,表 6-3-156
2814,P03.601,母体宫缩乏力新生儿,表 6-3-156
2815,P04.101,母体服抗凝药新生儿,表 6-3-156
2816,P04.102,母体癌症化疗新生儿,表 6-3-156
2817,P05.001,低体重儿,表 6-3-157
2818,P05.200,胎儿营养不良,表 6-3-157
2819,P07.000,极低出生体重（小于999克）,表 6-3-157
2820,P07.001,极低出生体重儿(500-999克),表 6-3-157
2821,P07.002,极低出生体重儿（小于499克）,表 6-3-157
2822,P10.400,产伤引起的脑幕撕裂,表 6-3-158
2823,P10.800,产伤引起的其他颅内撕裂和出血,表 6-3-158
2824,P11.000,产伤引起的脑水肿,表 6-3-158
2825,P11.200,产伤引起的脑损害,表 6-3-158
2826,P11.500x002,新生儿脊髓损伤,表 6-3-158
2827,P11.500x003,新生儿脊柱损伤,表 6-3-158
2828,P12.000x001,新生儿头颅血肿,表 6-3-158
2829,P12.900,头皮产伤,表 6-3-158
2830,P13.200,股骨产伤,表 6-3-158
2831,P13.400,产伤引起的锁骨骨折,表 6-3-158
2832,P13.900,骨骼产伤,表 6-3-158
2833,P14.300,臂丛神经的产伤，其他的,表 6-3-158
2834,P15.100,脾的产伤,表 6-3-158
2835,P15.600,产伤引起的皮下脂肪坏死,表 6-3-158
2836,P15.800x004,新生儿软组织挤压伤,表 6-3-158
2837,P15.801,产伤致新生儿咽部损伤,表 6-3-158
2838,P15.802,产伤致新生儿肛门裂伤,表 6-3-158
2839,P15.803,产伤致新生儿足挫伤,表 6-3-158
2840,P15.804,产伤致新生儿皮肤损伤,表 6-3-158
2841,P21.900,出生窒息,表 6-3-159
2842,P21.900x002,新生儿低氧血症,表 6-3-159
2843,P22.900,新生儿的呼吸窘迫,表 6-3-159
2844,P23.000x001,新生儿病毒性肺炎,表 6-3-159
2845,P23.200,葡萄球菌性先天性肺炎,表 6-3-159
2846,P23.800,先天性肺炎，其他病原体引起的,表 6-3-159
2847,P26.000,起源于围生期的气管支气管出血,表 6-3-159
2848,P26.100,起源于围生期的大量肺出血,表 6-3-159
2849,P26.900,起源于围生期的肺出血,表 6-3-159
2850,P27.000,威尔逊-米基迪综合征,表 6-3-159
2851,P27.000x001,肺发育未成熟,表 6-3-159
2852,P27.900,起源于围生期的慢性呼吸性疾病,表 6-3-159
2853,P28.000,新生儿原发性肺不张,表 6-3-159
2854,P28.400,新生儿的其他呼吸暂停,表 6-3-159
2855,P28.401,阻塞性新生儿呼吸暂停,表 6-3-159
2856,P28.402,早产儿呼吸暂停,表 6-3-159
2857,P28.500,新生儿呼吸衰竭,表 6-3-159
2858,P29.000,新生儿心力衰竭,表 6-3-159
2859,P35.400,先天性寨卡病毒病,表 6-3-160
2860,P35.401,先天性寨卡病毒病引起的小头畸形,表 6-3-160
2861,P35.900,先天性病毒性疾病,表 6-3-160
2862,P35.900x001,新生儿病毒血症,表 6-3-160
2863,P36.000,B族链球菌性新生儿脓毒症,表 6-3-160
2864,P36.101,链球菌性新生儿脓毒症,表 6-3-160
2865,P36.200,金黄色酿脓葡萄球菌性新生儿脓毒症,表 6-3-160
2866,P36.301,葡萄球菌性新生儿脓毒症,表 6-3-160
2867,P36.400,大肠杆菌性新生儿脓毒症,表 6-3-160
2868,P36.500,厌氧菌性新生儿脓毒症,表 6-3-160
2869,P36.800x001,新生儿铜绿假单胞菌脓毒症,表 6-3-160
2870,P36.800x002,新生儿肺炎克雷伯菌脓毒症,表 6-3-160
2871,P36.800x003,新生儿阴沟肠杆菌脓毒症,表 6-3-160
2872,P36.800x004,新生儿不动杆菌脓毒症,表 6-3-160
2873,P36.800x005,新生儿枸橼酸杆菌脓毒症,表 6-3-160
2874,P36.900,新生儿的细菌性脓毒症,表 6-3-160
2875,P36.901,新生儿脓毒症,表 6-3-160
2876,P36.902,新生儿菌血症,表 6-3-160
2877,P50.000,前置血管所致的胎儿失血,表 6-3-161
2878,P50.200,胎盘所致的胎儿失血,表 6-3-161
2879,P51.801,新生儿脐带结扎滑脱,表 6-3-161
2880,P51.900,新生儿的脐带出血,表 6-3-161
2881,P52.300,胎儿和新生儿的脑室内(非创伤性)出血,表 6-3-161
2882,P54.000,新生儿呕血,表 6-3-161
2883,P54.200,新生儿直肠出血,表 6-3-161
2884,P55.000x002,新生儿Rh血型不合溶血性贫血,表 6-3-161
2885,P55.001,新生儿抗D抗体增高,表 6-3-161
2886,P55.002,新生儿RH溶血症,表 6-3-161
2887,P58.000,挫伤引起的新生儿黄疸,表 6-3-161
2888,P58.300,红细胞增多引起的新生儿黄疸,表 6-3-161
2889,P59.301,新生儿母乳性黄疸,表 6-3-161
2890,P61.200,早产性贫血,表 6-3-161
2891,P61.601,新生儿低凝血酶原血症,表 6-3-161
2892,P61.800,围生期血液疾患，其他特指的,表 6-3-161
2893,P70.400x001,新生儿低血糖症,表 6-3-162
2894,P70.400x002,新生儿短暂性低血糖症,表 6-3-162
2895,P70.401,新生儿顽固性低血糖,表 6-3-162
2896,P70.801,新生儿高血糖症,表 6-3-162
2897,P70.900,胎儿和新生儿的暂时性碳水化合物代谢疾患,表 6-3-162
2898,P72.000,新生儿甲状腺肿，不可归类在他处者,表 6-3-162
2899,P74.100,新生儿脱水,表 6-3-162
2900,P76.000,胎粪堵塞综合征,表 6-3-163
2901,P78.300x001,新生儿非感染性腹泻,表 6-3-163
2902,P78.300x002,非感染新生儿性肠炎,表 6-3-163
2903,P78.300x003,新生儿生理性腹泻,表 6-3-163
2904,P78.300x005,非感染性新生儿结肠炎,表 6-3-163
2905,P80.900,新生儿低温症,表 6-3-164
2906,P81.901,新生儿脱水热,表 6-3-164
2907,P81.902,新生儿发热,表 6-3-164
2908,P91.500,新生儿昏迷,表 6-3-165
2909,P91.700,后天性新生儿脑积水,表 6-3-165
2910,P91.900,新生儿大脑障碍,表 6-3-165
2911,P91.900x001,围生期脑损伤,表 6-3-165
2912,P92.000,新生儿呕吐,表 6-3-165
2913,P92.001,新生儿贲门松弛,表 6-3-165
2914,P92.500,新生儿母乳喂养困难,表 6-3-165
2915,P92.800x001,新生儿喂养不当,表 6-3-165
2916,P92.800x003,新生儿喂养不耐受,表 6-3-165
2917,P94.000,短暂性新生儿重症肌无力,表 6-3-165
2918,P94.100x001,先天性肌张力增高,表 6-3-165
2919,P96.000x001,先天性肾功能衰竭,表 6-3-165
2920,P96.000x002,新生儿尿毒症,表 6-3-165
2921,P96.300,新生儿宽颅缝,表 6-3-165
2922,P96.301,新生儿颅骨软化,表 6-3-165
2923,P96.801,新生儿多器官功能损害,表 6-3-165
2924,Q01.000,额部脑膨出,表 6-3-166
2925,Q03.101,第四脑室外侧孔闭锁,表 6-3-166
2926,Q03.102,第四脑室孔闭塞综合征,表 6-3-166
2927,Q03.103,第四脑室正中孔闭锁,表 6-3-166
2928,Q04.100,无嗅脑畸形,表 6-3-166
2929,Q05.300,骶段脊柱裂伴有脑积水,表 6-3-166
2930,Q05.300x002,骶段脊髓脊膜膨出伴脑积水,表 6-3-166
2931,Q05.600,胸段脊柱裂不伴有脑积水,表 6-3-166
2932,Q05.600x002,胸段脊髓脊膜膨出,表 6-3-166
2933,Q06.200,脊髓纵裂,表 6-3-166
2934,Q06.400,脊髓积水,表 6-3-166
2935,Q06.400x002,先天性椎管积水,表 6-3-166
2936,Q06.800x002,双脊髓畸形,表 6-3-166
2937,Q06.800x003,先天性脊髓低位,表 6-3-166
2938,Q06.800x005,椎管内肠源性囊肿,表 6-3-166
2939,Q06.801,先天性脊髓栓系综合征,表 6-3-166
2940,Q10.400,泪器缺如或发育不全,表 6-3-167
2941,Q10.401,先天性泪器发育不全,表 6-3-167
2942,Q10.402,先天性泪点缺失,表 6-3-167
2943,Q10.403,先天性泪小点闭锁,表 6-3-167
2944,Q10.404,先天性鼻泪管缺如,表 6-3-167
2945,Q10.700,眼眶先天性畸形,表 6-3-167
2946,Q10.701,先天性眶距增宽症,表 6-3-167
2947,Q11.200,小眼畸形,表 6-3-167
2948,Q11.200x001,先天性小眼球,表 6-3-167
2949,Q11.201,眼发育不全,表 6-3-167
2950,Q11.202,隐眼,表 6-3-167
2951,Q11.203,真性小眼球,表 6-3-167
2952,Q12.200,晶状体缺损,表 6-3-167
2953,Q13.000,虹膜缺损,表 6-3-167
2954,Q13.100,虹膜缺如,表 6-3-167
2955,Q13.101+H42.8*,无虹膜青光眼,表 6-3-167
2956,Q13.201,先天性瞳孔闭锁,表 6-3-167
2957,Q13.202,先天性瞳孔大小不等,表 6-3-167
2958,Q13.203,先天性瞳孔异位,表 6-3-167
2959,Q13.801,里格尔异常,表 6-3-167
2960,Q13.802,永存瞳孔膜,表 6-3-167
2961,Q13.803,阿克森费尔德-里格尔综合征,表 6-3-167
2962,Q14.801,眼底缺损,表 6-3-167
2963,Q14.900,眼后段先天性畸形,表 6-3-167
2964,Q15.900,眼先天性畸形,表 6-3-167
2965,Q16.000,先天性无(耳)郭,表 6-3-167
2966,Q16.101,先天性外耳道缺如,表 6-3-167
2967,Q16.102,先天性外耳道闭锁,表 6-3-167
2968,Q16.103,先天性外耳道狭窄,表 6-3-167
2969,Q16.200,无咽鼓管,表 6-3-167
2970,Q16.400,中耳其他的先天性畸形,表 6-3-167
2971,Q16.401,中耳缺失,表 6-3-167
2972,Q18.500,小口畸形,表 6-3-167
2973,Q20.200,左心室双出口,表 6-3-168
2974,Q20.200x002,先天性左心室瘘,表 6-3-168
2975,Q20.400,双入口心室,表 6-3-168
2976,Q20.500,房室连接不协调,表 6-3-168
2977,Q20.500x001,心室反位,表 6-3-168
2978,Q20.600,心耳异构,表 6-3-168
2979,Q20.600x001,心房异构,表 6-3-168
2980,Q20.601,先天性心耳畸形,表 6-3-168
2981,Q22.900,三尖瓣先天性畸形,表 6-3-168
2982,Q25.400x009,先天性主动脉憩室,表 6-3-168
2983,Q25.400x010,先天性主动脉骑跨,表 6-3-168
2984,Q25.400x012,先天性主动脉窦畸形,表 6-3-168
2985,Q25.400x013,先天性主动脉左房分流,表 6-3-168
2986,Q25.401,先天性高主动脉弓,表 6-3-168
2987,Q25.402,先天性双主动脉弓,表 6-3-168
2988,Q25.403,先天性主动脉窦动脉瘤破裂,表 6-3-168
2989,Q25.404,先天性主动脉弓断离,表 6-3-168
2990,Q25.405,先天性主动脉弓发育不良,表 6-3-168
2991,Q25.406,先天性主动脉扩张,表 6-3-168
2992,Q25.407,先天性主动脉右位,表 6-3-168
2993,Q25.408,主动脉窦动脉瘤,表 6-3-168
2994,Q26.400,肺静脉连接异常,表 6-3-168
2995,Q26.600,门静脉-肝动脉瘘,表 6-3-168
2996,Q27.000,先天性脐动脉缺如和发育不全,表 6-3-168
2997,Q27.001,先天性脐动脉缺如,表 6-3-168
2998,Q27.200x002,先天性肾动脉畸形,表 6-3-168
2999,Q27.200x003,多肾动脉,表 6-3-168
3000,Q30.800x003,先天性鼻头肥大,表 6-3-169
3001,Q30.800x004,上颌梨状孔发育不良,表 6-3-169
3002,Q30.800x005,先天性副鼻,表 6-3-169
3003,Q30.800x006,先天性鼻正中瘘,表 6-3-169
3004,Q30.800x007,先天性鼻瘘,表 6-3-169
3005,Q30.800x008,鼻神经胶质瘤,表 6-3-169
3006,Q30.801,鼻窦发育异常,表 6-3-169
3007,Q30.802,鼻窦异常骨间隔,表 6-3-169
3008,Q30.804,鼻中隔气化,表 6-3-169
3009,Q30.805,鼻翼畸形,表 6-3-169
3010,Q31.301,先天性喉囊肿,表 6-3-169
3011,Q34.000,胸膜异常,表 6-3-169
3012,Q35.100,硬腭裂,表 6-3-170
3013,Q35.101,双侧部分硬腭裂,表 6-3-170
3014,Q35.300,软腭裂,表 6-3-170
3015,Q35.301,软腭穿孔,表 6-3-170
3016,Q35.302,隐性腭裂,表 6-3-170
3017,Q36.000,双侧唇裂,表 6-3-170
3018,Q36.001,双侧完全唇裂,表 6-3-170
3019,Q36.002,双侧混合型唇裂,表 6-3-170
3020,Q36.003,双侧不完全唇裂,表 6-3-170
3021,Q36.004,双侧Ⅰ度唇裂,表 6-3-170
3022,Q36.005,双侧Ⅱ度唇裂,表 6-3-170
3023,Q36.006,双侧Ⅲ度唇裂,表 6-3-170
3024,Q36.900,单侧唇裂,表 6-3-170
3025,Q36.900x003,先天性唇裂术后继发畸形,表 6-3-170
3026,Q36.901,单侧完全唇裂,表 6-3-170
3027,Q36.902,单侧不完全唇裂,表 6-3-170
3028,Q36.903,隐性单侧唇裂,表 6-3-170
3029,Q36.904,单侧Ⅰ度唇裂,表 6-3-170
3030,Q36.905,单侧Ⅱ度唇裂,表 6-3-170
3031,Q36.906,单侧Ⅲ度唇裂,表 6-3-170
3032,Q38.400,涎腺和导管先天性畸形,表 6-3-171
3033,Q38.400x001,先天性唾液腺瘘,表 6-3-171
3034,Q38.400x002,先天性唾液腺畸形,表 6-3-171
3035,Q38.500x002,先天性无悬雍垂,表 6-3-171
3036,Q38.500x003,先天性腭畸形,表 6-3-171
3037,Q38.500x005,悬雍垂过长,表 6-3-171
3038,Q38.500x006,高腭弓,表 6-3-171
3039,Q38.500x007,先天性软腭缺如,表 6-3-171
3040,Q38.500x009,先天性腭咽闭合过度,表 6-3-171
3041,Q38.501,软腭发育不全,表 6-3-171
3042,Q38.502,先天性腭瘘,表 6-3-171
3043,Q39.200x011,先天性气管食管瘘,表 6-3-171
3044,Q39.900,食管先天性畸形,表 6-3-171
3045,Q40.300,胃先天性畸形,表 6-3-171
3046,Q40.900,上消化道先天性畸形,表 6-3-171
3047,Q41.101,先天性空肠狭窄,表 6-3-171
3048,Q41.102,先天性空肠闭锁,表 6-3-171
3049,Q41.103,苹果皮综合征,表 6-3-171
3050,Q41.104,先天性空肠缺如,表 6-3-171
3051,Q44.300,先天性胆管狭窄,表 6-3-171
3052,Q44.301,先天性胆管闭塞性黄疸,表 6-3-171
3053,Q45.900,消化系统先天性畸形,表 6-3-171
3054,Q50.300x101,先天性卵巢条索状,表 6-3-172
3055,Q50.301,副卵巢,表 6-3-172
3056,Q50.302,卵巢异位,表 6-3-172
3057,Q50.303,小卵巢,表 6-3-172
3058,Q50.400,输卵管胚胎性囊肿,表 6-3-172
3059,Q50.401,苗勒管囊肿,表 6-3-172
3060,Q51.300,双角子宫,表 6-3-172
3061,Q51.501,先天性宫颈缺如,表 6-3-172
3062,Q51.502,先天性宫颈不发育,表 6-3-172
3063,Q51.600,宫颈胚胎性囊肿,表 6-3-172
3064,Q51.701,先天性子宫尿道瘘,表 6-3-172
3065,Q51.702,先天性子宫直肠瘘,表 6-3-172
3066,Q51.900,子宫和宫颈先天性畸形,表 6-3-172
3067,Q51.901,先天性宫颈畸形,表 6-3-172
3068,Q52.000,先天性无阴道,表 6-3-172
3069,Q52.400x006,阴道苗勒管囊肿,表 6-3-172
3070,Q52.400x007,阴道加特纳囊肿,表 6-3-172
3071,Q52.401,阴道腺病,表 6-3-172
3072,Q52.402,先天性阴道闭锁,表 6-3-172
3073,Q52.403,先天性阴道狭窄,表 6-3-172
3074,Q52.404,先天性阴道努克管囊肿,表 6-3-172
3075,Q52.405,处女膜过长,表 6-3-172
3076,Q52.406,尿道口处女膜病,表 6-3-172
3077,Q52.407,伞状尿道口处女膜病,表 6-3-172
3078,Q52.408,先天性处女膜增厚,表 6-3-172
3079,Q52.700x003,先天性阴唇肥厚,表 6-3-172
3080,Q52.700x004,先天性外阴缺如,表 6-3-172
3081,Q52.700x005,先天性直肠会阴瘘,表 6-3-172
3082,Q52.701,女性会阴发育异常,表 6-3-172
3083,Q52.702,女性外阴发育异常,表 6-3-172
3084,Q52.703,先天性外阴囊肿,表 6-3-172
3085,Q53.200,双侧睾丸未降,表 6-3-172
3086,Q53.200x001,双侧睾丸下降不全,表 6-3-172
3087,Q53.201,双侧腹腔型隐睾,表 6-3-172
3088,Q53.202,双侧腹股沟型隐睾,表 6-3-172
3089,Q54.300,会阴部尿道下裂,表 6-3-172
3090,Q55.900,男性生殖器官先天性畸形,表 6-3-172
3091,Q55.901,男性生殖器官发育不全,表 6-3-172
3092,Q56.200,女性假两性畸形，不可归类在他处者,表 6-3-172
3093,Q56.300,假两性畸形,表 6-3-172
3094,Q60.300,单侧肾发育不全,表 6-3-173
3095,Q60.600,波特综合征,表 6-3-173
3096,Q61.000,先天性单个肾囊肿,表 6-3-173
3097,Q64.700x201,先天性膀胱脱垂,表 6-3-173
3098,Q64.700x601,先天性巨尿道,表 6-3-173
3099,Q64.700x701,巨膀胱-巨输尿管综合征,表 6-3-173
3100,Q64.700x801,先天性尿道空洞性脊髓突出,表 6-3-173
3101,Q64.700x901,先天性脐膀胱瘘,表 6-3-173
3102,Q64.700x902,先天性膀胱疝,表 6-3-173
3103,Q64.700x904,先天性尿道粘膜脱垂,表 6-3-173
3104,Q64.701,先天性尿道畸形,表 6-3-173
3105,Q64.702,双尿道,表 6-3-173
3106,Q64.703,双尿道口,表 6-3-173
3107,Q64.704,先天性尿道直肠瘘,表 6-3-173
3108,Q64.705,先天性尿道憩室,表 6-3-173
3109,Q64.706,异位尿道口,表 6-3-173
3110,Q64.707,双膀胱,表 6-3-173
3111,Q64.708,先天性尿道膨出,表 6-3-173
3112,Q65.000,先天性髋脱位，单侧,表 6-3-174
3113,Q65.100,先天性髋脱位，双侧,表 6-3-174
3114,Q65.300,先天性髋半脱位，单侧,表 6-3-174
3115,Q66.300,足的其他先天性内翻变形,表 6-3-174
3116,Q68.300,先天性股骨弯曲,表 6-3-174
3117,Q68.300x001,先天性弓形股骨,表 6-3-174
3118,Q68.300x002,先天性股骨短缩畸形,表 6-3-174
3119,Q70.100,蹼状指,表 6-3-174
3120,Q71.000,上肢先天性完全缺如,表 6-3-174
3121,Q71.200x001,先天性前臂缺如,表 6-3-174
3122,Q71.200x002,先天性手缺如,表 6-3-174
3123,Q72.300x302,先天性单足缺如,表 6-3-174
3124,Q72.800x002,先天性股骨发育不良,表 6-3-174
3125,Q72.800x003,股骨滑车发育不良,表 6-3-174
3126,Q73.100,四肢短肢[海豹肢畸形],表 6-3-174
3127,Q75.100,颅面骨发育不全,表 6-3-174
3128,Q75.101,克鲁宗病,表 6-3-174
3129,Q75.200,器官距离过远,表 6-3-174
3130,Q75.200x001,眶距增宽症,表 6-3-174
3131,Q76.100,先天性短颈综合征,表 6-3-174
3132,Q76.100x004,先天性环枕融合,表 6-3-174
3133,Q76.800,胸廓的其他先天性畸形,表 6-3-174
3134,Q77.000,软骨成长不全,表 6-3-174
3135,Q77.700,脊椎骨骺发育不良,表 6-3-174
3136,Q77.701,进行性假性类风湿发育不良症,表 6-3-174
3137,Q77.900,骨软骨发育不良伴有管状骨和脊柱发育缺陷,表 6-3-174
3138,Q78.200,骨硬化症,表 6-3-174
3139,Q78.201,播散性骨硬化病,表 6-3-174
3140,Q79.101,先天性膈畸形,表 6-3-174
3141,Q79.102,先天性膈膨升,表 6-3-174
3142,Q79.103,先天性膈缺如,表 6-3-174
3143,Q79.500,腹壁的其他先天性畸形,表 6-3-174
3144,Q79.501,先天性脐畸形,表 6-3-174
3145,Q81.000,单纯性大疱性表皮松解症,表 6-3-175
3146,Q81.200,营养不良性大疱性表皮松解症,表 6-3-175
3147,Q83.000,先天性无乳房和乳头,表 6-3-175
3148,Q83.200,无乳头,表 6-3-175
3149,Q85.100,结节性硬化症,表 6-3-175
3150,Q85.801,息肉-色素沉着-脱发-爪甲营养不良综合征,表 6-3-175
3151,Q85.802,波伊茨-耶格综合征,表 6-3-175
3152,Q85.804,冯·希佩尔-林道综合征,表 6-3-175
3153,Q85.805,斯特奇-卡利舍-韦伯综合征,表 6-3-175
3154,Q85.806,脑膜血管瘤病,表 6-3-175
3155,Q87.400,马方综合征,表 6-3-175
3156,Q87.500,其他先天性畸形综合征，伴有其他骨改变,表 6-3-175
3157,Q91.200,三体性18，易位，爱德华兹综合征,表 6-3-176
3158,Q91.700,帕套综合征,表 6-3-176
3159,Q92.200,常染色体大部分三体性,表 6-3-176
3160,Q92.400,常染色体仅出现于前中期的重复,表 6-3-176
3161,Q95.000,正常个体中平衡易位和插入,表 6-3-176
3162,Q96.000,核型45，X，特纳综合征,表 6-3-176
3163,Q98.500,核型47，XYY,表 6-3-176
3164,Q99.100,46，XX真两性同体,表 6-3-176
3165,Q99.100x003,46，XY性发育异常,表 6-3-176
3166,Q99.101,单纯性性腺发育不全,表 6-3-176
3167,Q99.102,单纯性性腺发育障碍症,表 6-3-176
3168,R04.900,呼吸道出血,表 6-3-177
3169,R06.805,呼吸暂停,表 6-3-177
3170,R09.200,呼吸停止,表 6-3-177
3171,R09.201,心脏呼吸衰竭,表 6-3-177
3172,R29.400,弹响髋,表 6-3-178
3173,R29.600,跌倒倾向，不可归类在他处者,表 6-3-178
3174,R30.000,排尿困难,表 6-3-179
3175,R30.000x002,痛性尿淋漓,表 6-3-179
3176,R39.000,尿外渗,表 6-3-179
3177,R40.100,木僵,表 6-3-180
3178,R40.100x002,中昏迷,表 6-3-180
3179,R40.100x003,浅昏迷,表 6-3-180
3180,R40.100x005,亚木僵,表 6-3-180
3181,R40.200,昏迷,表 6-3-180
3182,R40.200x002,一过性意识丧失,表 6-3-180
3183,R40.200x004,深昏迷,表 6-3-180
3184,R40.200x005,意识模糊,表 6-3-180
3185,R40.201,意识丧失,表 6-3-180
3186,R41.100,顺行性遗忘,表 6-3-180
3187,R41.300x001,遗忘,表 6-3-180
3188,R41.800x002,逻辑障碍,表 6-3-180
3189,R41.801,智能减退,表 6-3-180
3190,R44.000,幻听,表 6-3-180
3191,R44.300,幻觉,表 6-3-180
3192,R47.000x001,失语,表 6-3-181
3193,R47.000x005,完全性失语,表 6-3-181
3194,R47.000x006,传导性失语,表 6-3-181
3195,R47.000x008,丘脑性失语,表 6-3-181
3196,R47.001,语言困难,表 6-3-181
3197,R47.002,命名性失语,表 6-3-181
3198,R47.003,运动性失语,表 6-3-181
3199,R47.004,混合性失语,表 6-3-181
3200,R48.100,失认,表 6-3-181
3201,R49.000,发声困难,表 6-3-181
3202,R49.001,声嘶,表 6-3-181
3203,R49.100,失声,表 6-3-181
3204,R50.200,药物性发热,表 6-3-182
3205,R50.800x002,发热伴强直,表 6-3-182
3206,R50.801,发热伴恶寒,表 6-3-182
3207,R50.802,发热伴寒颤,表 6-3-182
3208,R50.803,持续性发热,表 6-3-182
3209,R52.000,急性疼痛,表 6-3-182
3210,R57.000,心源性休克,表 6-3-182
3211,R57.100,血容量不足性休克,表 6-3-182
3212,R57.101,失血性休克,表 6-3-182
3213,R57.200,脓毒性休克,表 6-3-182
3214,R57.800x003,内毒素性休克,表 6-3-182
3215,R57.801,梗阻性休克,表 6-3-182
3216,R57.802,血管舒张性休克,表 6-3-182
3217,R57.803,神经源性休克,表 6-3-182
3218,R57.900,休克,表 6-3-182
3219,R57.900x002,周围循环衰竭,表 6-3-182
3220,R57.901,循环衰竭,表 6-3-182
3221,R65.000,传染性病因的全身炎症反应综合征不伴有器官衰竭,表 6-3-182
3222,R65.100,传染性病因的全身炎症反应综合征伴有器官衰竭,表 6-3-182
3223,R65.101,重症脓毒症,表 6-3-182
3224,R65.301,非感染性多器官功能障碍综合征(MODS),表 6-3-182
3225,R68.000,低温，与低温环境无关,表 6-3-182
3226,R68.800x001,多脏器功能衰竭,表 6-3-182
3227,R68.800x002,衰弱状态,表 6-3-182
3228,R68.801,毒血症,表 6-3-182
3229,R76.900,血清免疫学异常所见,表 6-3-183
3230,R77.000,清蛋白[白蛋白]异常,表 6-3-183
3231,R78.700,血中发现重金属水平异常,表 6-3-183
3232,R78.900,血中发现通常不出现的物质,表 6-3-183
3233,R82.600x001,尿中重金属水平异常,表 6-3-184
3234,R82.700,尿的微生物学检查的异常所见,表 6-3-184
3235,R82.800,尿的细胞学和组织学检查的异常所见,表 6-3-184
3236,R83.400,脑脊液异常的免疫学所见,表 6-3-185
3237,R84.800,呼吸器官和胸腔标本的其他异常所见,表 6-3-185
3238,R87.400,女性生殖器官标本的异常的免疫学所见,表 6-3-185
3239,R87.500,女性生殖器官标本的异常的微生物学所见,表 6-3-185
3240,R87.700,女性生殖器官标本的异常的组织学所见,表 6-3-185
3241,R87.800,女性生殖器官标本的其他异常所见,表 6-3-185
3242,R89.600,"器官、系统和组织标本的异常的细胞学所见,其他的",表 6-3-185
3243,S06.204,创伤性脑疝,表 6-3-187
3244,S06.400,硬膜外出血,表 6-3-187
3245,S06.401,创伤性闭合性硬膜外血肿,表 6-3-187
3246,S06.500,创伤性硬膜下出血,表 6-3-187
3247,S06.500x002,创伤性硬脑膜下血肿,表 6-3-187
3248,S06.500x004,急性创伤性硬脑膜下血肿,表 6-3-187
3249,S06.500x005,亚急性创伤性硬脑膜下出血,表 6-3-187
3250,S06.500x006,亚急性创伤性硬脑膜下血肿,表 6-3-187
3251,S06.500x007,慢性创伤性硬脑膜下出血,表 6-3-187
3252,S06.501,创伤性急性硬膜下出血,表 6-3-187
3253,S06.502,创伤性慢性硬膜下血肿,表 6-3-187
3254,S06.700,颅内损伤伴有延长的昏迷,表 6-3-187
3255,S06.700x001,闭合性颅脑损伤轻型,表 6-3-187
3256,S06.700x002,闭合性颅脑损伤中型,表 6-3-187
3257,S06.700x003,闭合性颅脑损伤重型,表 6-3-187
3258,S06.700x004,闭合性颅脑损伤特重型,表 6-3-187
3259,S06.700x005,开放性颅脑损伤轻型,表 6-3-187
3260,S06.700x006,开放性颅脑损伤中型,表 6-3-187
3261,S06.700x007,开放性颅脑损伤重型,表 6-3-187
3262,S06.700x008,开放性颅脑损伤特重型,表 6-3-187
3263,S06.710,开放性颅内损伤伴长时间昏迷,表 6-3-187
3264,S06.800x002,创伤性脑内血肿,表 6-3-187
3265,S06.800x004,创伤性小脑血肿,表 6-3-187
3266,S06.800x007,创伤性颅内血肿,表 6-3-187
3267,S06.801,创伤性小脑出血,表 6-3-187
3268,S06.802,创伤性脑出血,表 6-3-187
3269,S06.804,创伤性颅内出血,表 6-3-187
3270,S08.800,头部其他部位的创伤性切断,表 6-3-187
3271,S08.801,创伤性鼻切断,表 6-3-187
3272,S10.801,会厌浅表损伤,表 6-3-188
3273,S14.001,颈部脊髓水肿,表 6-3-188
3274,S14.002,颈部脊髓震荡,表 6-3-188
3275,S14.100x011,颈部脊髓完全损伤,表 6-3-188
3276,S14.100x021,颈部脊髓中央损伤综合征,表 6-3-188
3277,S14.100x022,脊髓中央管综合征,表 6-3-188
3278,S14.100x031,颈部脊髓前索综合征,表 6-3-188
3279,S14.100x032,颈部脊髓不完全损伤,表 6-3-188
3280,S14.100x033,颈部脊髓后索综合征,表 6-3-188
3281,S14.100x701,颈部脊髓功能损伤,表 6-3-188
3282,S14.100x711,颈部脊髓功能损伤C1,表 6-3-188
3283,S14.100x721,颈部脊髓功能损伤C2,表 6-3-188
3284,S14.100x731,颈部脊髓功能损伤C3,表 6-3-188
3285,S14.100x741,颈部脊髓功能损伤C4,表 6-3-188
3286,S14.100x751,颈部脊髓功能损伤C5,表 6-3-188
3287,S14.100x761,颈部脊髓功能损伤C6,表 6-3-188
3288,S14.100x771,颈部脊髓功能损伤C7,表 6-3-188
3289,S14.100x781,颈胸段脊髓功能损伤,表 6-3-188
3290,S14.101,颈部脊髓损伤,表 6-3-188
3291,S14.200,颈椎棘突神经根的损伤,表 6-3-188
3292,S14.200x001,颈脊神经根损伤,表 6-3-188
3293,S14.300,臂丛损伤,表 6-3-188
3294,S14.400,颈部周围神经损伤,表 6-3-188
3295,S14.500,颈部交感神经损伤,表 6-3-188
3296,S14.601,颈部神经损伤,表 6-3-188
3297,S20.700,胸部多处浅表损伤,表 6-3-189
3298,S22.000x003,胸椎压缩性骨折,表 6-3-189
3299,S22.000x005,胸椎神经弓骨折,表 6-3-189
3300,S22.000x006,胸椎棘突骨折,表 6-3-189
3301,S22.000x007,胸椎横突骨折,表 6-3-189
3302,S22.000x009,胸椎椎弓骨折,表 6-3-189
3303,S22.000x011,胸椎骨折T1/T2,表 6-3-189
3304,S22.000x021,胸椎骨折T3/T4,表 6-3-189
3305,S22.000x031,胸椎骨折T5/T6,表 6-3-189
3306,S22.000x041,胸椎骨折T7/T8,表 6-3-189
3307,S22.000x051,胸椎骨折T9/T10,表 6-3-189
3308,S22.000x061,胸椎骨折T11/T12,表 6-3-189
3309,S22.010,开放性胸椎骨折,表 6-3-189
3310,S25.000,胸主动脉损伤,表 6-3-189
3311,S25.001,创伤性胸主动脉瘤,表 6-3-189
3312,S25.100x002,无名动脉损伤,表 6-3-189
3313,S25.101,锁骨下动脉损伤,表 6-3-189
3314,S25.200x001,腔静脉损伤,表 6-3-189
3315,S25.201,创伤性上腔静脉破裂,表 6-3-189
3316,S25.300x001,无名静脉损伤,表 6-3-189
3317,S25.301,锁骨下静脉损伤,表 6-3-189
3318,S25.400,肺血管损伤,表 6-3-189
3319,S25.401,创伤性肺动脉破裂,表 6-3-189
3320,S26.000x001,创伤性心包积血,表 6-3-189
3321,S26.000x002,创伤性心包填塞,表 6-3-189
3322,S26.010,开放性心包积血,表 6-3-189
3323,S26.800x011,心脏挫伤,表 6-3-189
3324,S26.800x021,心脏撕裂伤,表 6-3-189
3325,S26.800x031,心脏撕裂伤伴心室穿透,表 6-3-189
3326,S26.800x082,心脏穿透性损伤,表 6-3-189
3327,S26.800x083,创伤性心脏破裂,表 6-3-189
3328,S26.801,创伤性心包破裂,表 6-3-189
3329,S26.810,开放性心脏特指损伤,表 6-3-189
3330,S26.811,开放性心脏穿通伤,表 6-3-189
3331,S26.812,开放性心脏破裂,表 6-3-189
3332,S26.813,心脏异物,表 6-3-189
3333,S26.900,心脏损伤,表 6-3-189
3334,S26.910,开放性心脏损伤,表 6-3-189
3335,S27.100,创伤性血胸,表 6-3-189
3336,S27.110,开放性血胸,表 6-3-189
3337,S27.200,创伤性血气胸,表 6-3-189
3338,S27.210,开放性血气胸,表 6-3-189
3339,S27.300x012,肺血肿,表 6-3-189
3340,S27.301,肺挫伤,表 6-3-189
3341,S27.302,创伤性肺破裂,表 6-3-189
3342,S27.303,创伤性肺韧带撕裂,表 6-3-189
3343,S27.310,开放性肺特指损伤,表 6-3-189
3344,S27.311,开放性肺破裂,表 6-3-189
3345,S27.312,开放性肺内异物,表 6-3-189
3346,S27.313,肺穿透伤,表 6-3-189
3347,S28.000,胸部挤压伤,表 6-3-189
3348,S28.100,胸的部分创伤性切断,表 6-3-189
3349,S30.700,腹部、下背和骨盆多处浅表损伤,表 6-3-190
3350,S30.800x001,臀部浅表损伤,表 6-3-190
3351,S30.800x002,腹上部浅表损伤,表 6-3-190
3352,S30.800x003,外生殖器浅表损伤,表 6-3-190
3353,S30.800x004,胁腹浅表损伤,表 6-3-190
3354,S30.801,腹壁浅表异物,表 6-3-190
3355,S34.000x002,腰部脊髓震荡,表 6-3-190
3356,S34.001,腰部脊髓水肿,表 6-3-190
3357,S34.100x001,腰部脊髓损伤,表 6-3-190
3358,S34.100x002,腰部脊髓完全损伤,表 6-3-190
3359,S34.100x003,腰部脊髓不完全损伤,表 6-3-190
3360,S34.100x701,腰部脊髓功能损伤,表 6-3-190
3361,S34.100x711,腰部脊髓功能损伤L1,表 6-3-190
3362,S34.100x721,腰部脊髓功能损伤L2,表 6-3-190
3363,S34.100x731,腰部脊髓功能损伤L3,表 6-3-190
3364,S34.100x741,腰部脊髓功能损伤L4,表 6-3-190
3365,S34.100x751,腰部脊髓功能损伤L5,表 6-3-190
3366,S34.100x761,骶部脊髓功能损伤,表 6-3-190
3367,S35.000,腹主动脉损伤,表 6-3-190
3368,S35.001,创伤性腹主动脉瘤,表 6-3-190
3369,S35.100,下腔静脉损伤,表 6-3-190
3370,S35.100x003,肝静脉损伤,表 6-3-190
3371,S35.101,创伤性下腔静脉破裂,表 6-3-190
3372,S35.102,创伤性肝静脉破裂,表 6-3-190
3373,S35.200x001,腹腔动脉损伤,表 6-3-190
3374,S35.200x003,胃十二指肠动脉损伤,表 6-3-190
3375,S35.200x004,肝动脉损伤,表 6-3-190
3376,S35.200x005,肠系膜下动脉损伤,表 6-3-190
3377,S35.200x006,肠系膜上动脉损伤,表 6-3-190
3378,S35.200x007,脾动脉损伤,表 6-3-190
3379,S35.201,肠系膜动脉损伤,表 6-3-190
3380,S35.202,胃动脉损伤,表 6-3-190
3381,S35.203,创伤性胃动脉破裂,表 6-3-190
3382,S35.204,创伤性肝动脉破裂,表 6-3-190
3383,S35.205,创伤性脾动脉破裂,表 6-3-190
3384,S35.300x001,门静脉损伤,表 6-3-190
3385,S35.300x002,脾静脉损伤,表 6-3-190
3386,S35.300x003,肠系膜下静脉损伤,表 6-3-190
3387,S35.300x004,肠系膜上静脉损伤,表 6-3-190
3388,S35.300x005,肠系膜静脉损伤,表 6-3-190
3389,S35.301,创伤性肠系膜静脉破裂,表 6-3-190
3390,S35.302,创伤性脾静脉破裂,表 6-3-190
3391,S35.400x001,肾动脉损伤,表 6-3-190
3392,S35.400x002,肾静脉损伤,表 6-3-190
3393,S35.401,创伤性肾静脉破裂,表 6-3-190
3394,S35.402,创伤性肾动脉破裂,表 6-3-190
3395,S35.500x001,髂动脉损伤,表 6-3-190
3396,S35.500x002,创伤性髂总动脉血栓形成,表 6-3-190
3397,S35.500x003,创伤性髂动静脉瘘,表 6-3-190
3398,S35.500x004,髂静脉损伤,表 6-3-190
3399,S35.500x005,子宫动脉损伤,表 6-3-190
3400,S35.500x006,子宫静脉损伤,表 6-3-190
3401,S35.500x007,下腹动脉损伤,表 6-3-190
3402,S35.500x008,下腹静脉损伤,表 6-3-190
3403,S35.501,创伤性髂动脉破裂,表 6-3-190
3404,S35.502,创伤性髂静脉破裂,表 6-3-190
3405,S35.503,创伤性子宫动静脉破裂,表 6-3-190
3406,S35.700x001,腹部和下背及骨盆多处血管损伤,表 6-3-190
3407,S35.700x003,骶前静脉丛损伤,表 6-3-190
3408,S35.700x004,肠系膜血管损伤,表 6-3-190
3409,S35.701,腹部多处血管损伤,表 6-3-190
3410,S35.800x001,卵巢动脉损伤,表 6-3-190
3411,S35.800x002,卵巢静脉损伤,表 6-3-190
3412,S35.801,卵巢动静脉损伤,表 6-3-190
3413,S36.000,脾损伤,表 6-3-190
3414,S36.000x021,脾被膜撕裂,表 6-3-190
3415,S36.000x031,脾撕裂伴软组织损伤,表 6-3-190
3416,S36.000x081,脾穿透伤,表 6-3-190
3417,S36.001,创伤性脾血肿,表 6-3-190
3418,S36.002,创伤性脾破裂,表 6-3-190
3419,S36.011,开放性脾破裂,表 6-3-190
3420,S36.100x001,肝损伤,表 6-3-190
3421,S36.100x011,肝挫伤,表 6-3-190
3422,S36.100x013,创伤性肝血肿,表 6-3-190
3423,S36.100x021,肝撕裂伤,表 6-3-190
3424,S36.100x031,肝轻度撕裂伤,表 6-3-190
3425,S36.100x041,肝中度撕裂伤,表 6-3-190
3426,S36.100x051,肝重度撕裂伤,表 6-3-190
3427,S36.100x081,胆管损伤,表 6-3-190
3428,S36.101,胆囊损伤,表 6-3-190
3429,S36.102,创伤性肝破裂,表 6-3-190
3430,S36.103,创伤性胆总管破裂,表 6-3-190
3431,S36.110,开放性肝破裂,表 6-3-190
3432,S36.111,开放性胆囊损伤,表 6-3-190
3433,S36.112,开放性胆管损伤,表 6-3-190
3434,S36.113,开放性胆总管损伤,表 6-3-190
3435,S36.200,胰损伤,表 6-3-190
3436,S36.200x001,胰腺损伤,表 6-3-190
3437,S36.200x011,胰头损伤,表 6-3-190
3438,S36.200x021,胰体损伤,表 6-3-190
3439,S36.200x031,胰尾损伤,表 6-3-190
3440,S36.200x091,胰管损伤,表 6-3-190
3441,S36.200x092,胰腺和胰管损伤,表 6-3-190
3442,S36.201,创伤性胰腺破裂,表 6-3-190
3443,S36.202,胰腺包膜撕裂,表 6-3-190
3444,S36.210,开放性胰损伤,表 6-3-190
3445,S36.300,胃损伤,表 6-3-190
3446,S36.301,创伤性胃破裂,表 6-3-190
3447,S36.310,开放性胃破裂,表 6-3-190
3448,S36.400,小肠损伤,表 6-3-190
3449,S36.400x091,空肠损伤,表 6-3-190
3450,S36.400x093,回肠损伤,表 6-3-190
3451,S36.400x095,小肠多处损伤,表 6-3-190
3452,S36.401,创伤性十二指肠破裂,表 6-3-190
3453,S36.402,创伤性空肠破裂,表 6-3-190
3454,S36.403,创伤性回肠破裂,表 6-3-190
3455,S36.404,创伤性小肠破裂,表 6-3-190
3456,S36.405,十二指肠损伤,表 6-3-190
3457,S36.411,开放性小肠破裂,表 6-3-190
3458,S36.412,开放性十二指肠破裂,表 6-3-190
3459,S36.413,开放性空肠破裂,表 6-3-190
3460,S36.414,开放性回肠破裂,表 6-3-190
3461,S36.500,结肠损伤,表 6-3-190
3462,S36.500x011,升结肠损伤,表 6-3-190
3463,S36.500x021,横结肠损伤,表 6-3-190
3464,S36.500x031,降结肠损伤,表 6-3-190
3465,S36.500x041,乙状结肠损伤,表 6-3-190
3466,S36.500x091,结肠多处损伤,表 6-3-190
3467,S36.500x092,阑尾损伤,表 6-3-190
3468,S36.500x093,盲肠损伤,表 6-3-190
3469,S36.501,创伤性结肠破裂,表 6-3-190
3470,S36.511,开放性结肠破裂,表 6-3-190
3471,S36.600,直肠损伤,表 6-3-190
3472,S36.600x003,直肠多处损伤,表 6-3-190
3473,S36.601,创伤性直肠破裂,表 6-3-190
3474,S36.611,开放性直肠破裂,表 6-3-190
3475,S36.700,多个腹内器官损伤,表 6-3-190
3476,S36.701,创伤性腹内多器官破裂,表 6-3-190
3477,S36.800x022,肠系膜损伤,表 6-3-190
3478,S36.801,腹膜损伤,表 6-3-190
3479,S36.802,肠系膜裂伤,表 6-3-190
3480,S36.803,创伤性腹膜后血肿,表 6-3-190
3481,S36.810,开放性特指腹内器官损伤,表 6-3-190
3482,S36.811,开放性肠系膜血肿,表 6-3-190
3483,S36.812,开放性肠系膜裂伤,表 6-3-190
3484,S36.813,开放性腹膜后血肿,表 6-3-190
3485,S36.814,开放性大网膜破裂,表 6-3-190
3486,S36.900,腹内器官的损伤,表 6-3-190
3487,S36.901,创伤性肠破裂,表 6-3-190
3488,S36.910,开放性腹内器官损伤,表 6-3-190
3489,S37.000,肾损伤,表 6-3-190
3490,S37.000x012,肾囊挫伤,表 6-3-190
3491,S37.000x013,肾盂挫伤,表 6-3-190
3492,S37.000x015,肾包膜下血肿,表 6-3-190
3493,S37.000x016,肾盂血肿,表 6-3-190
3494,S37.000x022,肾囊破裂,表 6-3-190
3495,S37.000x023,肾盂裂伤,表 6-3-190
3496,S37.000x031,肾粉碎伤,表 6-3-190
3497,S37.000x032,肾蒂损伤,表 6-3-190
3498,S37.001,创伤性肾破裂,表 6-3-190
3499,S37.002,肾挫伤,表 6-3-190
3500,S37.003,创伤性肾血肿,表 6-3-190
3501,S37.004,创伤性肾周血肿,表 6-3-190
3502,S37.010,开放性肾损伤,表 6-3-190
3503,S37.011,开放性肾破裂,表 6-3-190
3504,S37.100,输尿管损伤,表 6-3-190
3505,S37.101,创伤性输尿管断裂,表 6-3-190
3506,S37.111,开放性输尿管断裂,表 6-3-190
3507,S37.200,膀胱损伤,表 6-3-190
3508,S37.200x011,膀胱挫伤,表 6-3-190
3509,S37.200x022,腹膜外膀胱破裂,表 6-3-190
3510,S37.200x023,腹膜内膀胱破裂,表 6-3-190
3511,S37.200x024,混合型膀胱破裂,表 6-3-190
3512,S37.200x081,膀胱裂伤,表 6-3-190
3513,S37.201,创伤性膀胱破裂,表 6-3-190
3514,S37.211,开放性膀胱破裂,表 6-3-190
3515,S37.300,尿道损伤,表 6-3-190
3516,S37.300x004,尿道完全断裂,表 6-3-190
3517,S37.300x005,尿道部分断裂,表 6-3-190
3518,S37.300x011,尿道膜部损伤,表 6-3-190
3519,S37.300x021,尿道阴茎部损伤,表 6-3-190
3520,S37.300x031,尿道前列腺部损伤,表 6-3-190
3521,S37.300x081,尿道球部断裂,表 6-3-190
3522,S37.300x082,尿道球部挫裂伤,表 6-3-190
3523,S37.300x083,后尿道损伤,表 6-3-190
3524,S37.301,创伤性尿道断裂,表 6-3-190
3525,S37.302,尿道挫伤,表 6-3-190
3526,S37.303,尿道损伤伴狭窄,表 6-3-190
3527,S37.310,开放性尿道损伤,表 6-3-190
3528,S37.400,卵巢损伤,表 6-3-190
3529,S37.410,开放性卵巢损伤,表 6-3-190
3530,S37.500,输卵管损伤,表 6-3-190
3531,S37.510,开放性输卵管损伤,表 6-3-190
3532,S37.600,子宫损伤,表 6-3-190
3533,S37.600x002,创伤性子宫破裂,表 6-3-190
3534,S37.601,创伤性宫颈裂伤,表 6-3-190
3535,S37.602,创伤性子宫穿孔,表 6-3-190
3536,S37.610,开放性子宫损伤,表 6-3-190
3537,S37.700,多个盆腔器官损伤,表 6-3-190
3538,S37.710,开放性盆腔多个器官损伤,表 6-3-190
3539,S37.801,输精管损伤,表 6-3-190
3540,S37.802,精囊损伤,表 6-3-190
3541,S37.803,肾上腺损伤,表 6-3-190
3542,S37.804,前列腺损伤,表 6-3-190
3543,S37.810,开放性特指盆腔器官损伤,表 6-3-190
3544,S37.811,开放性输精管损伤,表 6-3-190
3545,S37.813,开放性肾上腺损伤,表 6-3-190
3546,S37.814,开放性前列腺损伤,表 6-3-190
3547,S38.000,外生殖器挤压伤,表 6-3-190
3548,S38.001,阴茎挤压伤,表 6-3-190
3549,S38.100x002,腹部挤压伤,表 6-3-190
3550,S38.100x003,下背挤压伤,表 6-3-190
3551,S38.100x004,骨盆挤压伤,表 6-3-190
3552,S38.101,腹部、下背和骨盆挤压伤,表 6-3-190
3553,S38.200x001,大阴唇切断,表 6-3-190
3554,S38.200x002,小阴唇切断,表 6-3-190
3555,S38.200x003,阴茎离断,表 6-3-190
3556,S38.200x004,阴囊离断,表 6-3-190
3557,S38.200x005,睾丸离断,表 6-3-190
3558,S38.200x006,外阴切断,表 6-3-190
3559,S38.300x001,躯干切断,表 6-3-190
3560,S38.300x002,腹部切断,表 6-3-190
3561,S38.301,创伤性腹背部切断,表 6-3-190
3562,S38.302,创伤性下背切断,表 6-3-190
3563,S38.303,创伤性骨盆切断,表 6-3-190
3564,S48.000,肩关节处创伤性切断,表 6-3-191
3565,S48.100x001,上臂切断,表 6-3-191
3566,S48.900,在肩和上臂水平的创伤性切断,表 6-3-191
3567,S58.000x001,肘创伤性切断,表 6-3-192
3568,S58.100x001,肘和腕关节之间水平创伤性切断,表 6-3-192
3569,S58.900x001,前臂创伤性切断,表 6-3-192
3570,S68.000x002,拇指不全切断,表 6-3-193
3571,S68.001,拇指完全切断,表 6-3-193
3572,S68.100x001,单指不全切断,表 6-3-193
3573,S68.100x002,单指完全离断,表 6-3-193
3574,S68.200x001,多指不全切断,表 6-3-193
3575,S68.201,多手指完全切断,表 6-3-193
3576,S68.300,手指(一部分)伴有腕和手其他部分的合并创伤性切断,表 6-3-193
3577,S68.400x001,手腕部创伤性切断,表 6-3-193
3578,S68.800x001,掌部创伤性切断,表 6-3-193
3579,S68.900,腕和手水平的创伤性切断,表 6-3-193
3580,S70.800x011,髋部擦伤,表 6-3-194
3581,S70.800x012,股部擦伤,表 6-3-194
3582,S70.800x021,髋部水泡,表 6-3-194
3583,S70.800x022,股部水泡,表 6-3-194
3584,S70.800x031,髋部虫咬伤,表 6-3-194
3585,S70.800x032,股部虫咬伤,表 6-3-194
3586,S70.800x041,髋部浅表异物,表 6-3-194
3587,S70.800x042,股部浅表异物,表 6-3-194
3588,S98.000x001,踝部切断,表 6-3-196
3589,S98.100x001,单趾切断,表 6-3-196
3590,S98.200x001,两趾切断,表 6-3-196
3591,S98.200x002,多趾切断,表 6-3-196
3592,S98.300,足其他部位的创伤性切断,表 6-3-196
3593,S98.400,足创伤性切断,表 6-3-196
3594,T02.110,开放性多发性躯干骨折,表 6-3-197
3595,T02.600x011,上肢伴下肢多发性开放性骨折,表 6-3-197
3596,T02.710,开放性胸部伴有下背和骨盆及四肢骨折,表 6-3-197
3597,T04.000x001,头和颈挤压伤,表 6-3-197
3598,T04.100x001,躯干挤压伤,表 6-3-197
3599,T04.200x001,上肢多处挤压伤,表 6-3-197
3600,T04.300x001,下肢多处挤压伤,表 6-3-197
3601,T04.400x001,上肢和下肢多处挤压伤,表 6-3-197
3602,T04.700x001,胸伴腹和下背及骨盆四肢挤压伤,表 6-3-197
3603,T04.800x001,身体复合部位的挤压伤,表 6-3-197
3604,T04.901,全身性挤压伤,表 6-3-197
3605,T05.000,双手创伤性切断,表 6-3-197
3606,T05.100x001,手和对侧臂创伤性切断,表 6-3-197
3607,T05.200x001,双臂创伤性切断,表 6-3-197
3608,T05.300,双足创伤性切断,表 6-3-197
3609,T05.300x002,双足部分创伤性切断,表 6-3-197
3610,T05.400x001,足和对侧小腿创伤性切断,表 6-3-197
3611,T05.500x001,双小腿创伤性切断,表 6-3-197
3612,T05.600x001,上肢和下肢创伤性切断,表 6-3-197
3613,T05.800x001,胸部创伤性切断,表 6-3-197
3614,T05.800x002,腹部创伤性切断,表 6-3-197
3615,T05.800x003,身体复合部位的创伤性切断,表 6-3-197
3616,T05.900,多处创伤性切断,表 6-3-197
3617,T06.000x001,脑神经损伤伴颈神经和脊髓损伤,表 6-3-197
3618,T06.500x001,胸内器官伴腹内及盆腔器官开放性损伤,表 6-3-197
3619,T17.200,咽内异物,表 6-3-199
3620,T17.200x001,鼻咽内异物,表 6-3-199
3621,T17.900,呼吸道内异物,表 6-3-199
3622,T17.901,异物吸入性窒息,表 6-3-199
3623,T19.000,尿道内异物,表 6-3-199
3624,T19.100,膀胱内异物,表 6-3-199
3625,T20.000,头和颈的烧伤,表 6-3-200
3626,T20.000x002,头部烧伤,表 6-3-200
3627,T20.000x003,颈部烧伤,表 6-3-200
3628,T20.000x004,头皮烧伤,表 6-3-200
3629,T20.000x006,鼻部烧伤,表 6-3-200
3630,T20.000x007,颞部烧伤,表 6-3-200
3631,T20.000x008,唇部烧伤,表 6-3-200
3632,T20.000x010,眼伴头烧伤,表 6-3-200
3633,T20.000x011,眼伴颈烧伤,表 6-3-200
3634,T20.000x012,眼伴面烧伤,表 6-3-200
3635,T20.002,耳烧伤,表 6-3-200
3636,T20.003,面部烧伤,表 6-3-200
3637,T20.100,头和颈一度烧伤,表 6-3-200
3638,T20.100x002,头部一度烧伤,表 6-3-200
3639,T20.100x003,颈部一度烧伤,表 6-3-200
3640,T20.100x004,头皮一度烧伤,表 6-3-200
3641,T20.100x005,面部一度烧伤,表 6-3-200
3642,T20.100x006,鼻部一度烧伤,表 6-3-200
3643,T20.100x007,颞部一度烧伤,表 6-3-200
3644,T20.100x008,唇部一度烧伤,表 6-3-200
3645,T20.100x009,耳部一度烧伤,表 6-3-200
3646,T20.100x010,眼伴头一度烧伤,表 6-3-200
3647,T20.100x011,眼伴颈一度烧伤,表 6-3-200
3648,T20.100x012,眼伴面一度烧伤,表 6-3-200
3649,T20.200,头和颈二度烧伤,表 6-3-200
3650,T20.200x002,头部二度烧伤,表 6-3-200
3651,T20.200x003,颈部二度烧伤,表 6-3-200
3652,T20.200x004,头皮二度烧伤,表 6-3-200
3653,T20.200x006,鼻部二度烧伤,表 6-3-200
3654,T20.200x007,颞部二度烧伤,表 6-3-200
3655,T20.200x008,唇部二度烧伤,表 6-3-200
3656,T20.200x009,耳部二度烧伤,表 6-3-200
3657,T20.200x010,眼伴头二度烧伤,表 6-3-200
3658,T20.200x011,眼伴颈二度烧伤,表 6-3-200
3659,T20.200x012,眼伴面二度烧伤,表 6-3-200
3660,T20.201,面部二度烧伤,表 6-3-200
3661,T20.300,头和颈三度烧伤,表 6-3-200
3662,T20.300x002,头部三度烧伤,表 6-3-200
3663,T20.300x003,颈部三度烧伤,表 6-3-200
3664,T20.300x004,头皮三度烧伤,表 6-3-200
3665,T20.300x005,面部三度烧伤,表 6-3-200
3666,T20.300x006,鼻部三度烧伤,表 6-3-200
3667,T20.300x007,颞部三度烧伤,表 6-3-200
3668,T20.300x008,唇部三度烧伤,表 6-3-200
3669,T20.300x009,耳部三度烧伤,表 6-3-200
3670,T20.300x010,眼伴头三度烧伤,表 6-3-200
3671,T20.300x011,眼伴颈三度烧伤,表 6-3-200
3672,T20.300x012,眼伴面三度烧伤,表 6-3-200
3673,T20.400,头和颈腐蚀伤,表 6-3-200
3674,T20.400x002,头部腐蚀伤,表 6-3-200
3675,T20.400x003,颈部腐蚀伤,表 6-3-200
3676,T20.400x004,头皮腐蚀伤,表 6-3-200
3677,T20.400x005,面部腐蚀伤,表 6-3-200
3678,T20.400x006,鼻部腐蚀伤,表 6-3-200
3679,T20.400x007,颞部腐蚀伤,表 6-3-200
3680,T20.400x008,唇部腐蚀伤,表 6-3-200
3681,T20.400x009,耳部腐蚀伤,表 6-3-200
3682,T20.400x010,眼伴头腐蚀伤,表 6-3-200
3683,T20.400x011,眼伴颈腐蚀伤,表 6-3-200
3684,T20.400x012,眼伴面腐蚀伤,表 6-3-200
3685,T20.401,耳化学性烧伤,表 6-3-200
3686,T20.500,头和颈一度腐蚀伤,表 6-3-200
3687,T20.500x002,头部一度腐蚀伤,表 6-3-200
3688,T20.500x003,颈部一度腐蚀伤,表 6-3-200
3689,T20.500x004,头皮一度腐蚀伤,表 6-3-200
3690,T20.500x005,面部一度腐蚀伤,表 6-3-200
3691,T20.500x006,鼻部一度腐蚀伤,表 6-3-200
3692,T20.500x007,颞部一度腐蚀伤,表 6-3-200
3693,T20.500x008,唇部一度腐蚀伤,表 6-3-200
3694,T20.500x009,耳部一度腐蚀伤,表 6-3-200
3695,T20.500x010,眼伴头一度腐蚀伤,表 6-3-200
3696,T20.500x011,眼伴颈一度腐蚀伤,表 6-3-200
3697,T20.500x012,眼伴面一度腐蚀伤,表 6-3-200
3698,T20.600,头和颈二度腐蚀伤,表 6-3-200
3699,T20.600x002,头部二度腐蚀伤,表 6-3-200
3700,T20.600x003,颈部二度腐蚀伤,表 6-3-200
3701,T20.600x004,头皮二度腐蚀伤,表 6-3-200
3702,T20.600x005,面部二度腐蚀伤,表 6-3-200
3703,T20.600x006,鼻部二度腐蚀伤,表 6-3-200
3704,T20.600x007,颞部二度腐蚀伤,表 6-3-200
3705,T20.600x008,唇部二度腐蚀伤,表 6-3-200
3706,T20.600x009,耳部二度腐蚀伤,表 6-3-200
3707,T20.600x010,眼伴头二度腐蚀伤,表 6-3-200
3708,T20.600x011,眼伴颈二度腐蚀伤,表 6-3-200
3709,T20.600x012,眼伴面二度腐蚀伤,表 6-3-200
3710,T20.700,头和颈三度腐蚀伤,表 6-3-200
3711,T20.700x002,头部三度腐蚀伤,表 6-3-200
3712,T20.700x003,颈部三度腐蚀伤,表 6-3-200
3713,T20.700x004,头皮三度腐蚀伤,表 6-3-200
3714,T20.700x005,面部三度腐蚀伤,表 6-3-200
3715,T20.700x006,鼻部三度腐蚀伤,表 6-3-200
3716,T20.700x007,颞部三度腐蚀伤,表 6-3-200
3717,T20.700x008,唇部三度腐蚀伤,表 6-3-200
3718,T20.700x009,耳部三度腐蚀伤,表 6-3-200
3719,T20.700x010,眼伴头三度腐蚀伤,表 6-3-200
3720,T20.700x011,眼伴颈三度腐蚀伤,表 6-3-200
3721,T20.700x012,眼伴面三度腐蚀伤,表 6-3-200
3722,T21.000,躯干烧伤,表 6-3-200
3723,T21.000x011,乳房烧伤,表 6-3-200
3724,T21.000x021,胸壁烧伤,表 6-3-200
3725,T21.000x031,腹壁烧伤,表 6-3-200
3726,T21.000x032,胁腹烧伤,表 6-3-200
3727,T21.000x033,腹股沟烧伤,表 6-3-200
3728,T21.000x041,臀部烧伤,表 6-3-200
3729,T21.000x042,背部烧伤,表 6-3-200
3730,T21.000x043,肩胛间区烧伤,表 6-3-200
3731,T21.000x051,大阴唇烧伤,表 6-3-200
3732,T21.000x052,小阴唇烧伤,表 6-3-200
3733,T21.000x053,阴茎烧伤,表 6-3-200
3734,T21.000x054,会阴烧伤,表 6-3-200
3735,T21.000x055,阴囊烧伤,表 6-3-200
3736,T21.000x056,睾丸烧伤,表 6-3-200
3737,T21.000x057,外阴烧伤,表 6-3-200
3738,T21.000x091,肛门烧伤,表 6-3-200
3739,T21.100,躯干一度烧伤,表 6-3-200
3740,T21.100x011,乳房一度烧伤,表 6-3-200
3741,T21.100x021,胸壁一度烧伤,表 6-3-200
3742,T21.100x031,腹壁一度烧伤,表 6-3-200
3743,T21.100x032,胁腹一度烧伤,表 6-3-200
3744,T21.100x033,腹股沟一度烧伤,表 6-3-200
3745,T21.100x041,臀部一度烧伤,表 6-3-200
3746,T21.100x042,背部一度烧伤,表 6-3-200
3747,T21.100x043,肩胛间区一度烧伤,表 6-3-200
3748,T21.100x051,大阴唇一度烧伤,表 6-3-200
3749,T21.100x052,小阴唇一度烧伤,表 6-3-200
3750,T21.100x053,阴茎一度烧伤,表 6-3-200
3751,T21.100x054,会阴一度烧伤,表 6-3-200
3752,T21.100x055,阴囊一度烧伤,表 6-3-200
3753,T21.100x056,睾丸一度烧伤,表 6-3-200
3754,T21.100x057,外阴一度烧伤,表 6-3-200
3755,T21.100x091,肛门一度烧伤,表 6-3-200
3756,T21.200,躯干二度烧伤,表 6-3-200
3757,T21.200x011,乳房二度烧伤,表 6-3-200
3758,T21.200x021,胸壁二度烧伤,表 6-3-200
3759,T21.200x031,腹壁二度烧伤,表 6-3-200
3760,T21.200x032,胁腹二度烧伤,表 6-3-200
3761,T21.200x033,腹股沟二度烧伤,表 6-3-200
3762,T21.200x041,臀部二度烧伤,表 6-3-200
3763,T21.200x042,背部二度烧伤,表 6-3-200
3764,T21.200x043,肩胛间区二度烧伤,表 6-3-200
3765,T21.200x051,大阴唇二度烧伤,表 6-3-200
3766,T21.200x052,小阴唇二度烧伤,表 6-3-200
3767,T21.200x053,阴茎二度烧伤,表 6-3-200
3768,T21.200x054,会阴二度烧伤,表 6-3-200
3769,T21.200x055,阴囊二度烧伤,表 6-3-200
3770,T21.200x056,睾丸二度烧伤,表 6-3-200
3771,T21.200x057,外阴二度烧伤,表 6-3-200
3772,T21.200x091,肛门二度烧伤,表 6-3-200
3773,T21.300,躯干三度烧伤,表 6-3-200
3774,T21.300x011,乳房三度烧伤,表 6-3-200
3775,T21.300x021,胸壁三度烧伤,表 6-3-200
3776,T21.300x031,腹壁三度烧伤,表 6-3-200
3777,T21.300x032,胁腹三度烧伤,表 6-3-200
3778,T21.300x033,腹股沟三度烧伤,表 6-3-200
3779,T21.300x041,臀部三度烧伤,表 6-3-200
3780,T21.300x042,背部三度烧伤,表 6-3-200
3781,T21.300x043,肩胛间区三度烧伤,表 6-3-200
3782,T21.300x051,大阴唇三度烧伤,表 6-3-200
3783,T21.300x052,小阴唇三度烧伤,表 6-3-200
3784,T21.300x053,阴茎三度烧伤,表 6-3-200
3785,T21.300x054,会阴三度烧伤,表 6-3-200
3786,T21.300x055,阴囊三度烧伤,表 6-3-200
3787,T21.300x056,睾丸三度烧伤,表 6-3-200
3788,T21.300x057,外阴三度烧伤,表 6-3-200
3789,T21.300x091,肛门三度烧伤,表 6-3-200
3790,T21.400,躯干腐蚀伤,表 6-3-200
3791,T21.400x011,乳房腐蚀伤,表 6-3-200
3792,T21.400x021,胸壁腐蚀伤,表 6-3-200
3793,T21.400x031,腹壁腐蚀伤,表 6-3-200
3794,T21.400x032,胁腹腐蚀伤,表 6-3-200
3795,T21.400x033,腹股沟腐蚀伤,表 6-3-200
3796,T21.400x041,臀部腐蚀伤,表 6-3-200
3797,T21.400x042,背部腐蚀伤,表 6-3-200
3798,T21.400x043,肩胛间区腐蚀伤,表 6-3-200
3799,T21.400x051,大阴唇腐蚀伤,表 6-3-200
3800,T21.400x052,小阴唇腐蚀伤,表 6-3-200
3801,T21.400x053,阴茎腐蚀伤,表 6-3-200
3802,T21.400x054,会阴腐蚀伤,表 6-3-200
3803,T21.400x055,阴囊腐蚀伤,表 6-3-200
3804,T21.400x056,睾丸腐蚀伤,表 6-3-200
3805,T21.400x057,外阴腐蚀伤,表 6-3-200
3806,T21.400x091,肛门腐蚀伤,表 6-3-200
3807,T21.500,躯干一度腐蚀伤,表 6-3-200
3808,T21.500x011,乳房一度腐蚀伤,表 6-3-200
3809,T21.500x021,胸壁一度腐蚀伤,表 6-3-200
3810,T21.500x031,腹壁一度腐蚀伤,表 6-3-200
3811,T21.500x032,胁腹一度腐蚀伤,表 6-3-200
3812,T21.500x033,腹股沟一度腐蚀伤,表 6-3-200
3813,T21.500x041,臀部一度腐蚀伤,表 6-3-200
3814,T21.500x042,背部一度腐蚀伤,表 6-3-200
3815,T21.500x043,肩胛间区一度腐蚀伤,表 6-3-200
3816,T21.500x051,大阴唇一度腐蚀伤,表 6-3-200
3817,T21.500x052,小阴唇一度腐蚀伤,表 6-3-200
3818,T21.500x053,阴茎一度腐蚀伤,表 6-3-200
3819,T21.500x054,会阴一度腐蚀伤,表 6-3-200
3820,T21.500x055,阴囊一度腐蚀伤,表 6-3-200
3821,T21.500x056,睾丸一度腐蚀伤,表 6-3-200
3822,T21.500x057,外阴一度腐蚀伤,表 6-3-200
3823,T21.500x091,肛门一度腐蚀伤,表 6-3-200
3824,T21.600,躯干二度腐蚀伤,表 6-3-200
3825,T21.600x011,乳房二度腐蚀伤,表 6-3-200
3826,T21.600x021,胸壁二度腐蚀伤,表 6-3-200
3827,T21.600x031,腹壁二度腐蚀伤,表 6-3-200
3828,T21.600x032,胁腹二度腐蚀伤,表 6-3-200
3829,T21.600x033,腹股沟二度腐蚀伤,表 6-3-200
3830,T21.600x041,臀部二度腐蚀伤,表 6-3-200
3831,T21.600x042,背部二度腐蚀伤,表 6-3-200
3832,T21.600x043,肩胛间区二度腐蚀伤,表 6-3-200
3833,T21.600x051,大阴唇二度腐蚀伤,表 6-3-200
3834,T21.600x052,小阴唇二度腐蚀伤,表 6-3-200
3835,T21.600x053,阴茎二度腐蚀伤,表 6-3-200
3836,T21.600x054,会阴二度腐蚀伤,表 6-3-200
3837,T21.600x055,阴囊二度腐蚀伤,表 6-3-200
3838,T21.600x056,睾丸二度腐蚀伤,表 6-3-200
3839,T21.600x057,外阴二度腐蚀伤,表 6-3-200
3840,T21.600x091,肛门二度腐蚀伤,表 6-3-200
3841,T21.700,躯干三度腐蚀伤,表 6-3-200
3842,T21.700x011,乳房三度腐蚀伤,表 6-3-200
3843,T21.700x021,胸壁三度腐蚀伤,表 6-3-200
3844,T21.700x031,腹壁三度腐蚀伤,表 6-3-200
3845,T21.700x032,胁腹三度腐蚀伤,表 6-3-200
3846,T21.700x033,腹股沟三度腐蚀伤,表 6-3-200
3847,T21.700x041,臀部三度腐蚀伤,表 6-3-200
3848,T21.700x042,背部三度腐蚀伤,表 6-3-200
3849,T21.700x043,肩胛间区三度腐蚀伤,表 6-3-200
3850,T21.700x051,大阴唇三度腐蚀伤,表 6-3-200
3851,T21.700x052,小阴唇三度腐蚀伤,表 6-3-200
3852,T21.700x053,阴茎三度腐蚀伤,表 6-3-200
3853,T21.700x054,会阴三度腐蚀伤,表 6-3-200
3854,T21.700x055,阴囊三度腐蚀伤,表 6-3-200
3855,T21.700x056,睾丸三度腐蚀伤,表 6-3-200
3856,T21.700x057,外阴三度腐蚀伤,表 6-3-200
3857,T21.700x091,肛门三度腐蚀伤,表 6-3-200
3858,T22.000x001,肩和上肢烧伤,表 6-3-200
3859,T22.000x002,上肢烧伤,表 6-3-200
3860,T22.000x003,肩部烧伤,表 6-3-200
3861,T22.000x004,肩胛区烧伤,表 6-3-200
3862,T22.000x005,臂烧伤,表 6-3-200
3863,T22.000x006,腋烧伤,表 6-3-200
3864,T22.100x001,肩和上肢一度烧伤,表 6-3-200
3865,T22.100x002,上肢一度烧伤,表 6-3-200
3866,T22.100x003,肩部一度烧伤,表 6-3-200
3867,T22.100x004,肩胛区一度烧伤,表 6-3-200
3868,T22.100x005,臂一度烧伤,表 6-3-200
3869,T22.100x006,腋一度烧伤,表 6-3-200
3870,T22.200x001,肩和上肢二度烧伤,表 6-3-200
3871,T22.200x002,上肢二度烧伤,表 6-3-200
3872,T22.200x003,肩部二度烧伤,表 6-3-200
3873,T22.200x004,肩胛区二度烧伤,表 6-3-200
3874,T22.200x005,臂二度烧伤,表 6-3-200
3875,T22.200x006,腋二度烧伤,表 6-3-200
3876,T22.300x001,肩和上肢三度烧伤,表 6-3-200
3877,T22.300x002,上肢三度烧伤,表 6-3-200
3878,T22.300x003,肩部三度烧伤,表 6-3-200
3879,T22.300x004,肩胛区三度烧伤,表 6-3-200
3880,T22.300x005,臂三度烧伤,表 6-3-200
3881,T22.300x006,腋三度烧伤,表 6-3-200
3882,T22.400x001,肩和上肢腐蚀伤,表 6-3-200
3883,T22.400x002,上肢腐蚀伤,表 6-3-200
3884,T22.400x003,肩部腐蚀伤,表 6-3-200
3885,T22.400x004,肩胛区腐蚀伤,表 6-3-200
3886,T22.400x005,臂腐蚀伤,表 6-3-200
3887,T22.400x006,腋腐蚀伤,表 6-3-200
3888,T22.500x001,肩和上肢一度腐蚀伤,表 6-3-200
3889,T22.500x002,上肢一度腐蚀伤,表 6-3-200
3890,T22.500x003,肩部一度腐蚀伤,表 6-3-200
3891,T22.500x004,肩胛区一度腐蚀伤,表 6-3-200
3892,T22.500x005,臂一度腐蚀伤,表 6-3-200
3893,T22.500x006,腋一度腐蚀伤,表 6-3-200
3894,T22.600x001,肩和上肢二度腐蚀伤,表 6-3-200
3895,T22.600x002,上肢二度腐蚀伤,表 6-3-200
3896,T22.600x003,肩部二度腐蚀伤,表 6-3-200
3897,T22.600x004,肩胛区二度腐蚀伤,表 6-3-200
3898,T22.600x005,臂二度腐蚀伤,表 6-3-200
3899,T22.600x006,腋二度腐蚀伤,表 6-3-200
3900,T22.700x001,肩和上肢三度腐蚀伤,表 6-3-200
3901,T22.700x002,上肢三度腐蚀伤,表 6-3-200
3902,T22.700x003,肩部三度腐蚀伤,表 6-3-200
3903,T22.700x004,肩胛区三度腐蚀伤,表 6-3-200
3904,T22.700x005,臂三度腐蚀伤,表 6-3-200
3905,T22.700x006,腋三度腐蚀伤,表 6-3-200
3906,T23.000x001,腕和手烧伤,表 6-3-200
3907,T23.000x002,腕部烧伤,表 6-3-200
3908,T23.000x003,手部烧伤,表 6-3-200
3909,T23.000x004,手掌烧伤,表 6-3-200
3910,T23.000x005,拇指烧伤,表 6-3-200
3911,T23.000x006,手指烧伤,表 6-3-200
3912,T23.000x007,指甲烧伤,表 6-3-200
3913,T23.100,腕和手一度烧伤,表 6-3-200
3914,T23.100x002,腕部一度烧伤,表 6-3-200
3915,T23.100x003,手部一度烧伤,表 6-3-200
3916,T23.100x004,手掌一度烧伤,表 6-3-200
3917,T23.100x005,拇指一度烧伤,表 6-3-200
3918,T23.100x006,手指一度烧伤,表 6-3-200
3919,T23.100x007,指甲一度烧伤,表 6-3-200
3920,T23.200,腕和手二度烧伤,表 6-3-200
3921,T23.200x002,腕部二度烧伤,表 6-3-200
3922,T23.200x003,手部二度烧伤,表 6-3-200
3923,T23.200x004,手掌二度烧伤,表 6-3-200
3924,T23.200x005,拇指二度烧伤,表 6-3-200
3925,T23.200x006,手指二度烧伤,表 6-3-200
3926,T23.200x007,指甲二度烧伤,表 6-3-200
3927,T23.300,腕和手三度烧伤,表 6-3-200
3928,T23.300x002,腕部三度烧伤,表 6-3-200
3929,T23.300x003,手部三度烧伤,表 6-3-200
3930,T23.300x004,手掌三度烧伤,表 6-3-200
3931,T23.300x005,拇指三度烧伤,表 6-3-200
3932,T23.300x006,手指三度烧伤,表 6-3-200
3933,T23.300x007,指甲三度烧伤,表 6-3-200
3934,T23.400,腕和手腐蚀伤,表 6-3-200
3935,T23.400x002,腕部腐蚀伤,表 6-3-200
3936,T23.400x003,手部腐蚀伤,表 6-3-200
3937,T23.400x004,手掌腐蚀伤,表 6-3-200
3938,T23.400x005,拇指腐蚀伤,表 6-3-200
3939,T23.400x006,手指腐蚀伤,表 6-3-200
3940,T23.400x007,指甲腐蚀伤,表 6-3-200
3941,T23.500,腕和手一度腐蚀伤,表 6-3-200
3942,T23.500x002,腕部一度腐蚀伤,表 6-3-200
3943,T23.500x003,手部一度腐蚀伤,表 6-3-200
3944,T23.500x004,手掌一度腐蚀伤,表 6-3-200
3945,T23.500x005,拇指一度腐蚀伤,表 6-3-200
3946,T23.500x006,手指一度腐蚀伤,表 6-3-200
3947,T23.500x007,指甲一度腐蚀伤,表 6-3-200
3948,T23.600,腕和手二度腐蚀伤,表 6-3-200
3949,T23.600x002,腕部二度腐蚀伤,表 6-3-200
3950,T23.600x003,手部二度腐蚀伤,表 6-3-200
3951,T23.600x004,手掌二度腐蚀伤,表 6-3-200
3952,T23.600x005,拇指二度腐蚀伤,表 6-3-200
3953,T23.600x006,手指二度腐蚀伤,表 6-3-200
3954,T23.600x007,指甲二度腐蚀伤,表 6-3-200
3955,T23.700,腕和手三度腐蚀伤,表 6-3-200
3956,T23.700x002,腕部三度腐蚀伤,表 6-3-200
3957,T23.700x003,手部三度腐蚀伤,表 6-3-200
3958,T23.700x004,手掌三度腐蚀伤,表 6-3-200
3959,T23.700x005,拇指三度腐蚀伤,表 6-3-200
3960,T23.700x006,手指三度腐蚀伤,表 6-3-200
3961,T23.700x007,指甲三度腐蚀伤,表 6-3-200
3962,T24.000x001,髋和下肢烧伤,表 6-3-200
3963,T24.000x002,髋部烧伤,表 6-3-200
3964,T24.000x003,下肢烧伤,表 6-3-200
3965,T24.000x004,小腿烧伤,表 6-3-200
3966,T24.100x001,髋和下肢一度烧伤,表 6-3-200
3967,T24.100x002,髋部一度烧伤,表 6-3-200
3968,T24.100x003,下肢一度烧伤,表 6-3-200
3969,T24.100x004,小腿一度烧伤,表 6-3-200
3970,T24.200x001,髋和下肢二度烧伤,表 6-3-200
3971,T24.200x002,髋部二度烧伤,表 6-3-200
3972,T24.200x003,下肢二度烧伤,表 6-3-200
3973,T24.200x004,小腿二度烧伤,表 6-3-200
3974,T24.300x001,髋和下肢三度烧伤,表 6-3-200
3975,T24.300x002,髋部三度烧伤,表 6-3-200
3976,T24.300x003,下肢三度烧伤,表 6-3-200
3977,T24.300x004,小腿三度烧伤,表 6-3-200
3978,T24.400x001,髋和下肢腐蚀伤,表 6-3-200
3979,T24.400x002,髋部腐蚀伤,表 6-3-200
3980,T24.400x003,下肢腐蚀伤,表 6-3-200
3981,T24.400x004,小腿腐蚀伤,表 6-3-200
3982,T24.500x001,髋和下肢一度腐蚀伤,表 6-3-200
3983,T24.500x002,髋部一度腐蚀伤,表 6-3-200
3984,T24.500x003,下肢一度腐蚀伤,表 6-3-200
3985,T24.500x004,小腿一度腐蚀伤,表 6-3-200
3986,T24.600x001,髋和下肢二度腐蚀伤,表 6-3-200
3987,T24.600x002,髋部二度腐蚀伤,表 6-3-200
3988,T24.600x003,下肢二度腐蚀伤,表 6-3-200
3989,T24.600x004,小腿二度腐蚀伤,表 6-3-200
3990,T24.700x001,髋和下肢三度腐蚀伤,表 6-3-200
3991,T24.700x002,髋部三度腐蚀伤,表 6-3-200
3992,T24.700x003,下肢三度腐蚀伤,表 6-3-200
3993,T24.700x004,小腿三度腐蚀伤,表 6-3-200
3994,T25.000,踝和足烧伤,表 6-3-200
3995,T25.000x002,踝部烧伤,表 6-3-200
3996,T25.000x003,足部烧伤,表 6-3-200
3997,T25.100,踝和足一度烧伤,表 6-3-200
3998,T25.100x002,踝部一度烧伤,表 6-3-200
3999,T25.100x003,足部一度烧伤,表 6-3-200
4000,T25.200,踝和足二度烧伤,表 6-3-200
4001,T25.200x002,踝部二度烧伤,表 6-3-200
4002,T25.200x003,足部二度烧伤,表 6-3-200
4003,T25.300,踝和足三度烧伤,表 6-3-200
4004,T25.300x002,踝部三度烧伤,表 6-3-200
4005,T25.300x003,足部三度烧伤,表 6-3-200
4006,T25.400,踝和足腐蚀伤,表 6-3-200
4007,T25.400x002,踝部腐蚀伤,表 6-3-200
4008,T25.400x003,足部腐蚀伤,表 6-3-200
4009,T25.500,踝和足一度腐蚀伤,表 6-3-200
4010,T25.500x002,踝部一度腐蚀伤,表 6-3-200
4011,T25.500x003,足部一度腐蚀伤,表 6-3-200
4012,T25.600,踝和足二度腐蚀伤,表 6-3-200
4013,T25.600x002,踝部二度腐蚀伤,表 6-3-200
4014,T25.600x003,足部二度腐蚀伤,表 6-3-200
4015,T25.700,踝和足三度腐蚀伤,表 6-3-200
4016,T25.700x002,踝部三度腐蚀伤,表 6-3-200
4017,T25.700x003,足部三度腐蚀伤,表 6-3-200
4018,T26.000,眼睑和眼周区烧伤,表 6-3-201
4019,T26.001,眼睑烧伤,表 6-3-201
4020,T26.002,眼周区烧伤,表 6-3-201
4021,T26.100x001,角膜和结膜烧伤,表 6-3-201
4022,T26.100x003,结膜烧伤,表 6-3-201
4023,T26.101,角膜烧伤,表 6-3-201
4024,T26.102,结合膜囊烧伤,表 6-3-201
4025,T26.200x001,眼部烧伤伴眼球破裂,表 6-3-201
4026,T26.301,巩膜烧伤,表 6-3-201
4027,T26.400,眼和附器烧伤,表 6-3-201
4028,T26.400x001,眼部烧伤,表 6-3-201
4029,T26.401,眼球烧伤,表 6-3-201
4030,T26.500,睑和眼周区腐蚀伤,表 6-3-201
4031,T26.500x002,眼睑腐蚀伤,表 6-3-201
4032,T26.500x003,眼周区腐蚀伤,表 6-3-201
4033,T26.600x001,角膜和结膜腐蚀伤,表 6-3-201
4034,T26.600x002,角膜腐蚀伤,表 6-3-201
4035,T26.600x003,结膜腐蚀伤,表 6-3-201
4036,T26.601,角膜伴结膜酸性烧伤,表 6-3-201
4037,T26.602,角膜化学性烧伤,表 6-3-201
4038,T26.603,角膜碱性烧伤,表 6-3-201
4039,T26.604,角膜酸性烧伤,表 6-3-201
4040,T26.605,结膜酸性烧伤,表 6-3-201
4041,T26.700x001,眼部腐蚀伤伴眼球破裂,表 6-3-201
4042,T26.800x001,巩膜腐蚀伤,表 6-3-201
4043,T26.900,眼和附器腐蚀伤,表 6-3-201
4044,T26.900x001,眼部腐蚀伤,表 6-3-201
4045,T26.901,眼球酸性烧伤,表 6-3-201
4046,T26.902,眼球碱性烧伤,表 6-3-201
4047,T27.000x002,喉部烧伤,表 6-3-201
4048,T27.000x003,气管烧伤,表 6-3-201
4049,T27.100x001,喉和气管及肺烧伤,表 6-3-201
4050,T27.200x001,胸腔烧伤,表 6-3-201
4051,T27.300,呼吸道烧伤,表 6-3-201
4052,T27.401,喉化学性烧伤,表 6-3-201
4053,T27.402,气管化学性烧伤,表 6-3-201
4054,T27.500x001,喉和气管及肺腐蚀伤,表 6-3-201
4055,T27.600x001,胸腔腐蚀伤,表 6-3-201
4056,T27.700,呼吸道腐蚀伤,表 6-3-201
4057,T28.000x002,口腔烧伤,表 6-3-201
4058,T28.000x003,咽部烧伤,表 6-3-201
4059,T28.100,食管烧伤,表 6-3-201
4060,T28.200x001,胃部烧伤,表 6-3-201
4061,T28.200x002,消化道烧伤,表 6-3-201
4062,T28.300,泌尿生殖器官内部烧伤,表 6-3-201
4063,T28.300x001,阴道和子宫烧伤,表 6-3-201
4064,T28.300x002,阴道烧伤,表 6-3-201
4065,T28.300x003,子宫烧伤,表 6-3-201
4066,T28.401,内部器官烧伤,表 6-3-201
4067,T28.501,口腔黏膜化学性烧伤,表 6-3-201
4068,T28.502,咽化学性烧伤,表 6-3-201
4069,T28.600,食管腐蚀伤,表 6-3-201
4070,T28.700x002,消化道腐蚀伤,表 6-3-201
4071,T28.701,胃化学性烧伤,表 6-3-201
4072,T28.702,肠道的腐蚀伤,表 6-3-201
4073,T28.800,泌尿生殖器官内部腐蚀伤,表 6-3-201
4074,T28.800x001,阴道和子宫腐蚀伤,表 6-3-201
4075,T28.800x002,阴道腐蚀伤,表 6-3-201
4076,T28.800x003,子宫腐蚀伤,表 6-3-201
4077,T28.901,内部器官化学性烧伤,表 6-3-201
4078,T29.000,多个部位烧伤,表 6-3-202
4079,T29.100x001,多处一度烧伤,表 6-3-202
4080,T29.200x001,多处二度烧伤,表 6-3-202
4081,T29.300x001,多处三度烧伤,表 6-3-202
4082,T29.400,多个部位腐蚀伤,表 6-3-202
4083,T29.500x001,多处一度腐蚀伤,表 6-3-202
4084,T29.600x001,多处二度腐蚀伤,表 6-3-202
4085,T29.700x001,多处三度腐蚀伤,表 6-3-202
4086,T30.000,身体烧伤,表 6-3-202
4087,T30.100,一度烧伤,表 6-3-202
4088,T30.200,二度烧伤,表 6-3-202
4089,T30.300,三度烧伤,表 6-3-202
4090,T30.400,身体腐蚀伤,表 6-3-202
4091,T30.500,一度腐蚀伤,表 6-3-202
4092,T30.600,二度腐蚀伤,表 6-3-202
4093,T30.700,三度腐蚀伤,表 6-3-202
4094,T31.000,累及体表10%以下的烧伤,表 6-3-202
4095,T31.100,累及体表10%~19%的烧伤,表 6-3-202
4096,T31.200,累及体表20%~29%的烧伤,表 6-3-202
4097,T31.300,累及体表30%~39%的烧伤,表 6-3-202
4098,T31.400,累及体表40%~49%的烧伤,表 6-3-202
4099,T31.500,累及体表50%~59%的烧伤,表 6-3-202
4100,T31.600,累及体表60%~69%的烧伤,表 6-3-202
4101,T31.700,累及体表70%~79%的烧伤,表 6-3-202
4102,T31.800,累及体表80%~89%的烧伤,表 6-3-202
4103,T31.900,累及体表90%及以上的烧伤,表 6-3-202
4104,T32.000,累及体表10%以下的腐蚀伤,表 6-3-202
4105,T32.100,累及体表10%~19%的腐蚀伤,表 6-3-202
4106,T32.200,累及体表20%~29%的腐蚀伤,表 6-3-202
4107,T32.300,累及体表30%~39%的腐蚀伤,表 6-3-202
4108,T32.400,累及体表40%~49%的腐蚀伤,表 6-3-202
4109,T32.500,累及体表50%~59%的腐蚀伤,表 6-3-202
4110,T32.600,累及体表60%~69%的腐蚀伤,表 6-3-202
4111,T32.700,累及体表70%~79%的腐蚀伤,表 6-3-202
4112,T32.800,累及体表80%~89%的腐蚀伤,表 6-3-202
4113,T32.900,累及体表90%及以上的腐蚀伤,表 6-3-202
4114,T33.000,头部浅表冻伤,表 6-3-203
4115,T33.300x001,腹壁浅表冻伤,表 6-3-203
4116,T33.300x002,背部浅表冻伤,表 6-3-203
4117,T33.300x003,骨盆浅表冻伤,表 6-3-203
4118,T33.500x002,腕部浅表冻伤,表 6-3-203
4119,T33.500x003,手部浅表冻伤,表 6-3-203
4120,T34.000,头部冻伤伴有组织坏死,表 6-3-203
4121,T34.500x002,腕部冻伤伴组织坏死,表 6-3-203
4122,T34.500x003,手部冻伤伴组织坏死,表 6-3-203
4123,T35.400,上肢的冻伤,表 6-3-203
4124,T35.500,下肢的冻伤,表 6-3-203
4125,T36.000,青霉素类中毒,表 6-3-204
4126,T36.800,"全身性抗生素中毒,其他的",表 6-3-204
4127,T37.000,磺胺类中毒,表 6-3-204
4128,T37.300,抗原虫药中毒，其他的,表 6-3-204
4129,T37.300x001,抗原生动物药中毒,表 6-3-204
4130,T37.800,全身性抗感染药和抗寄生虫药中毒，其他特指的,表 6-3-204
4131,T37.800x001,羟基喹啉衍生物中毒,表 6-3-204
4132,T37.900x001,全身性抗感染药中毒,表 6-3-204
4133,T37.900x002,全身性抗寄生虫药中毒,表 6-3-204
4134,T38.200,抗甲状腺药中毒,表 6-3-204
4135,T39.100,4-氨基苯酚衍生物中毒,表 6-3-204
4136,T39.101,对乙酰氨基酚中毒,表 6-3-204
4137,T39.900,非阿片样镇痛药、解热药和抗风湿药中毒,表 6-3-204
4138,T39.901,非阿片样镇痛药中毒,表 6-3-204
4139,T39.902,解热药中毒,表 6-3-204
4140,T40.400,合成的麻醉品中毒，其他的,表 6-3-204
4141,T40.400x002,马兜铃(万丈龙)中毒,表 6-3-204
4142,T40.401,杜冷丁中毒,表 6-3-204
4143,T42.100,亚氨基二苯乙烯类中毒,表 6-3-204
4144,T42.101,卡马西平中毒,表 6-3-204
4145,T42.200x001,恶唑烷二铜类中毒,表 6-3-204
4146,T42.200x002,琥珀酰亚胺类中毒,表 6-3-204
4147,T42.400,苯二氮类中毒,表 6-3-204
4148,T42.401,安定中毒,表 6-3-204
4149,T42.402,佳静安定中毒,表 6-3-204
4150,T42.403,舒乐安定中毒,表 6-3-204
4151,T42.404,利眠宁中毒,表 6-3-204
4152,T42.405,硝基安定中毒,表 6-3-204
4153,T42.406,氯氮平中毒,表 6-3-204
4154,T43.300,酚噻嗪抗精神病药和精神安定剂中毒,表 6-3-204
4155,T43.300x001,奋乃静中毒,表 6-3-204
4156,T43.300x003,酚噻嗪基类安定药中毒,表 6-3-204
4157,T43.301,非那根中毒,表 6-3-204
4158,T43.302,氯丙嗪中毒,表 6-3-204
4159,T43.800,"对精神有影响的药物中毒，其他的,不可归类在他处者",表 6-3-204
4160,T43.900,对精神有影响的药物中毒,表 6-3-204
4161,T45.900,主要为全身性和血液学制剂中毒,表 6-3-204
4162,T46.700,周围血管扩张剂中毒,表 6-3-204
4163,T46.700x001,复方降压片中毒,表 6-3-204
4164,T46.700x002,烟酸中毒,表 6-3-204
4165,T48.500,抗感冒药中毒,表 6-3-204
4166,T48.701,呼吸系统制剂中毒,表 6-3-204
4167,T49.400x001,角质层分离药中毒,表 6-3-204
4168,T49.400x002,角质层增生药中毒,表 6-3-204
4169,T49.400x003,毛发治疗的药物和制剂中毒,表 6-3-204
4170,T49.500,眼科用药和制剂中毒,表 6-3-204
4171,T50.000,盐(肾上腺)皮质激素类及其拮抗剂中毒,表 6-3-204
4172,T50.200,碳酸脱水酶抑制剂、苯并噻二嗪类和其他利尿剂中毒,表 6-3-204
4173,T50.200x001,乙酰醋胺中毒,表 6-3-204
4174,T50.200x002,汞利尿药类中毒,表 6-3-204
4175,T50.400x001,尿酸代谢药中毒,表 6-3-204
4176,T50.700x001,兴奋药中毒,表 6-3-204
4177,T50.700x002,阿片样物质受体拮抗剂中毒,表 6-3-204
4178,T50.800,诊断性制剂中毒,表 6-3-204
4179,T51.100,甲醇的毒性效应,表 6-3-205
4180,T52.000,石油产品的毒性效应,表 6-3-205
4181,T52.000x002,石脑油中毒,表 6-3-205
4182,T52.000x003,煤油中毒,表 6-3-205
4183,T52.000x004,汽油中毒,表 6-3-205
4184,T52.000x005,醚中毒,表 6-3-205
4185,T52.000x006,石油精中毒,表 6-3-205
4186,T52.101,苯中毒,表 6-3-205
4187,T52.400,酮类的毒性效应,表 6-3-205
4188,T54.900,腐蚀性物质的毒性效应,表 6-3-205
4189,T54.900x002,卤水中毒,表 6-3-205
4190,T56.100x002,汞化合物中毒,表 6-3-205
4191,T56.101,汞中毒,表 6-3-205
4192,T56.400x002,铜化合物中毒,表 6-3-205
4193,T56.401,铜中毒,表 6-3-205
4194,T56.900,金属的毒性效应,表 6-3-205
4195,T56.900x002,金属烟热,表 6-3-205
4196,T56.900x003,金属蒸气中毒,表 6-3-205
4197,T57.800,无机物质的毒性效应，其他特指的,表 6-3-205
4198,T57.800x002,钡化合物中毒,表 6-3-205
4199,T57.800x003,钡中毒,表 6-3-205
4200,T59.100,二氧化硫的毒性效应,表 6-3-205
4201,T59.101,烟雾中毒,表 6-3-205
4202,T59.200,甲醛的毒性效应,表 6-3-205
4203,T59.300,催泪气体的毒性效应,表 6-3-205
4204,T59.500x001,氟气中毒,表 6-3-205
4205,T59.500x002,氟化合物中毒,表 6-3-205
4206,T60.000x003,辛硫磷中毒,表 6-3-205
4207,T60.000x004,氨基甲酸酯杀虫剂中毒,表 6-3-205
4208,T60.001,有机磷中毒,表 6-3-205
4209,T60.002,敌敌畏中毒,表 6-3-205
4210,T60.200,"杀虫剂的毒性效应,其他未特指的",表 6-3-205
4211,T60.200x001,杀蟑螂药中毒,表 6-3-205
4212,T60.300x001,除莠剂中毒,表 6-3-205
4213,T60.300x002,杀真菌药中毒,表 6-3-205
4214,T60.300x003,氯乙酸中毒,表 6-3-205
4215,T62.100x001,浆果类中毒,表 6-3-205
4216,T65.000,氰化物的毒性效应,表 6-3-205
4217,T67.300,脱水性中暑衰竭,表 6-3-206
4218,T67.300x001,中暑脱水,表 6-3-206
4219,T67.300x002,脱水性中暑虚脱,表 6-3-206
4220,T67.400,盐缺失引起的中暑衰竭,表 6-3-206
4221,T67.400x001,盐缺失性中暑虚脱,表 6-3-206
4222,T67.500,中暑衰竭,表 6-3-206
4223,T67.500x001,中暑虚脱,表 6-3-206
4224,T67.900,热和光的效应,表 6-3-206
4225,T67.901,中暑,表 6-3-206
4226,T69.100,冻疮,表 6-3-206
4227,T69.100x002,耳廓冻疮,表 6-3-206
4228,T69.100x003,足部冻疮,表 6-3-206
4229,T69.100x004,面部冻疮,表 6-3-206
4230,T69.100x005,手部冻疮,表 6-3-206
4231,T69.900,降温的效应,表 6-3-206
4232,T70.000,航空中耳炎,表 6-3-206
4233,T70.100,航空鼻窦炎,表 6-3-206
4234,T70.200x005,气压伤,表 6-3-206
4235,T70.200x006,阿尔卑斯山病,表 6-3-206
4236,T70.200x007,高原性心脏病,表 6-3-206
4237,T70.201,高原性肺水肿,表 6-3-206
4238,T70.202,高原性高血压,表 6-3-206
4239,T70.203,高原性脑水肿,表 6-3-206
4240,T70.204,高山病,表 6-3-206
4241,T70.205,航空病,表 6-3-206
4242,T70.206,飞行员病(由于飞行气压改变引起的),表 6-3-206
4243,T70.207,高海拔效应,表 6-3-206
4244,T73.300,过度劳累引起的衰竭,表 6-3-206
4245,T75.300,晕动病,表 6-3-206
4246,T75.300x002,空晕病[晕机病],表 6-3-206
4247,T75.300x003,晕船病,表 6-3-206
4248,T75.300x004,晕车病,表 6-3-206
4249,T75.400,电流效应,表 6-3-206
4250,T75.400x001,电击伤,表 6-3-206
4251,T75.800x001,异常重力效应,表 6-3-206
4252,T75.800x002,失重效应,表 6-3-206
4253,T78.000,有害食物反应引起的过敏性休克,表 6-3-206
4254,T78.200,过敏性休克,表 6-3-206
4255,T78.201,赫克斯海默反应,表 6-3-206
4256,T79.400,创伤性休克,表 6-3-207
4257,T79.600,创伤性肌肉缺血,表 6-3-207
4258,T79.600x003,腔隙综合征,表 6-3-207
4259,T79.600x004,上肢骨筋膜室综合征,表 6-3-207
4260,T79.600x006,下肢骨筋膜室综合征,表 6-3-207
4261,T79.601,创伤性骨筋膜室综合征,表 6-3-207
4262,T79.602,福耳克曼缺血性挛缩,表 6-3-207
4263,T79.603,腹腔间隔室综合征,表 6-3-207
4264,T79.900,创伤的早期并发症,表 6-3-207
4265,T80.000,输注、输血和治疗性注射后的空气栓塞,表 6-3-208
4266,T80.000x001,输注后空气栓塞,表 6-3-208
4267,T80.100,输注、输血和治疗性注射后的血管并发症,表 6-3-208
4268,T80.100x001,输注后血栓性静脉炎,表 6-3-208
4269,T80.100x002,输注后静脉炎,表 6-3-208
4270,T80.200,输注、输血和治疗性注射后的感染,表 6-3-208
4271,T80.200x001,腹膜透析相关性腹膜炎,表 6-3-208
4272,T80.200x003,治疗性注射后脓毒症性休克,表 6-3-208
4273,T80.200x004,输注后感染,表 6-3-208
4274,T80.201,输注后脓毒症,表 6-3-208
4275,T80.202,输液后感染,表 6-3-208
4276,T80.203,造影后胆道感染,表 6-3-208
4277,T80.500,血清引起的过敏性休克,表 6-3-208
4278,T80.500x001,血清过敏反应,表 6-3-208
4279,T81.000x001,操作后出血,表 6-3-208
4280,T81.000x002,操作后颅内血肿,表 6-3-208
4281,T81.000x004,操作后胸腔出血,表 6-3-208
4282,T81.000x005,操作后扁桃体出血,表 6-3-208
4283,T81.000x009,操作后血肿,表 6-3-208
4284,T81.000x010,操作后阴道残端出血,表 6-3-208
4285,T81.000x011,操作后膀胱出血,表 6-3-208
4286,T81.000x013,操作后腹腔出血,表 6-3-208
4287,T81.000x014,操作后前列腺出血,表 6-3-208
4288,T81.000x018,操作后腹壁出血,表 6-3-208
4289,T81.000x019,操作后腹腔血肿,表 6-3-208
4290,T81.000x020,操作后肛门出血,表 6-3-208
4291,T81.000x021,操作后宫颈出血,表 6-3-208
4292,T81.000x022,操作后尿道出血,表 6-3-208
4293,T81.000x023,操作后切口出血,表 6-3-208
4294,T81.000x024,操作后眼底出血,表 6-3-208
4295,T81.000x026,动静脉瘘破裂出血,表 6-3-208
4296,T81.000x027,操作后眼前房出血,表 6-3-208
4297,T81.000x028,操作后视网膜出血,表 6-3-208
4298,T81.000x029,操作后鼻出血,表 6-3-208
4299,T81.000x030,操作后咽出血,表 6-3-208
4300,T81.000x031,操作后甲状腺出血,表 6-3-208
4301,T81.000x032,操作中肺出血,表 6-3-208
4302,T81.000x033,操作后胃出血,表 6-3-208
4303,T81.000x034,操作后胃吻合口出血,表 6-3-208
4304,T81.000x035,操作后胆管出血,表 6-3-208
4305,T81.000x036,操作后胆囊出血,表 6-3-208
4306,T81.000x037,操作后盆腔出血,表 6-3-208
4307,T81.000x038,操作后肾出血,表 6-3-208
4308,T81.000x039,肠造口出血,表 6-3-208
4309,T81.000x041,操作后肝出血,表 6-3-208
4310,T81.000x042,操作后胰腺出血,表 6-3-208
4311,T81.001,手术后硬脑膜外出血,表 6-3-208
4312,T81.002,手术后眼前房出血,表 6-3-208
4313,T81.003,手术后视网膜出血,表 6-3-208
4314,T81.004,手术后鼻出血,表 6-3-208
4315,T81.005,手术后扁桃体出血,表 6-3-208
4316,T81.006,手术后咽出血,表 6-3-208
4317,T81.007,手术后甲状腺出血,表 6-3-208
4318,T81.008,手术后胸腔出血,表 6-3-208
4319,T81.009,手术中肺出血,表 6-3-208
4320,T81.010,手术后腹腔出血,表 6-3-208
4321,T81.011,手术后胃出血,表 6-3-208
4322,T81.012,手术后胃吻合口出血,表 6-3-208
4323,T81.013,手术后胆管出血,表 6-3-208
4324,T81.014,手术后胆囊出血,表 6-3-208
4325,T81.015,手术后肠出血,表 6-3-208
4326,T81.016,手术后肠吻合口出血,表 6-3-208
4327,T81.017,手术后盆腔出血,表 6-3-208
4328,T81.018,手术后肾出血,表 6-3-208
4329,T81.019,手术后膀胱出血,表 6-3-208
4330,T81.020,手术后尿道出血,表 6-3-208
4331,T81.021,手术后前列腺出血,表 6-3-208
4332,T81.022,手术后伤口出血,表 6-3-208
4333,T81.023,手术后颅内血肿,表 6-3-208
4334,T81.024,手术后切口血肿,表 6-3-208
4335,T81.025,操作后十二指肠乳头出血,表 6-3-208
4336,T81.026,操作后肠出血,表 6-3-208
4337,T81.027,拔牙创口出血,表 6-3-208
4338,T81.028,食管静脉曲张术后出血,表 6-3-208
4339,T81.029,结肠造口出血,表 6-3-208
4340,T81.030,膀胱造口出血,表 6-3-208
4341,T81.031,治疗后宫颈出血,表 6-3-208
4342,T81.032,肾穿刺后血肿,表 6-3-208
4343,T81.033,血管穿刺后血肿,表 6-3-208
4344,T81.034,手术后肝出血,表 6-3-208
4345,T81.035,手术后子宫出血,表 6-3-208
4346,T81.036,手术后胰腺出血,表 6-3-208
4347,T81.301,手术后伤口裂开,表 6-3-208
4348,T82.100,心脏电子装置的机械性并发症,表 6-3-208
4349,T82.100x002,起搏器起搏功能不良,表 6-3-208
4350,T82.100x003,起搏器感知功能不良,表 6-3-208
4351,T82.100x005,心房导线穿孔,表 6-3-208
4352,T82.100x006,心室导线穿孔,表 6-3-208
4353,T82.100x007,心脏电子装置电极导线绝缘层破裂,表 6-3-208
4354,T82.100x008,心脏电子装置电极导线脱位,表 6-3-208
4355,T82.100x009,心脏电子装置电极导线断裂,表 6-3-208
4356,T82.100x010,除颤器起搏功能不良,表 6-3-208
4357,T82.100x011,除颤器感知功能不良,表 6-3-208
4358,T82.100x012,心脏电子装置周围组织慢性疼痛,表 6-3-208
4359,T82.100x013,心脏电子装置囊袋血肿,表 6-3-208
4360,T82.100x014,心脏电子装置囊袋积液,表 6-3-208
4361,T82.100x015,心脏电子装置囊袋破溃,表 6-3-208
4362,T82.101,心脏起搏器导线突出,表 6-3-208
4363,T82.102,心脏起搏器电极功能异常,表 6-3-208
4364,T82.103,心脏起搏器电极移位,表 6-3-208
4365,T82.201,冠状动脉搭桥术机械性并发症,表 6-3-208
4366,T82.202,瓣膜移植物机械性并发症,表 6-3-208
4367,T82.700,心脏和血管装置、植入物和移植物引起的感染和炎症性反应，其他的,表 6-3-208
4368,T82.700x001,血管导管相关性感染,表 6-3-208
4369,T82.700x002,起搏器周围组织感染,表 6-3-208
4370,T82.700x003,心脏导管相关性感染,表 6-3-208
4371,T82.700x004,心脏电子装置感染,表 6-3-208
4372,T82.700x005,心脏电子装置囊袋感染,表 6-3-208
4373,T82.700x007,肾透析的动静脉瘘感染,表 6-3-208
4374,T82.700x008,肾透析的静脉导管感染,表 6-3-208
4375,T82.700x009,肾透析的血管通路感染,表 6-3-208
4376,T82.700x010,肾透析的人造血管感染,表 6-3-208
4377,T82.700x011,肾透析的移植血管感染,表 6-3-208
4378,T82.701,化疗泵植入感染,表 6-3-208
4379,T82.702,人工血管感染,表 6-3-208
4380,T82.703,心脏起搏器植入感染,表 6-3-208
4381,T82.704,支架植入感染,表 6-3-208
4382,T82.900x001,心脏假体装置植入物和移植物的并发症,表 6-3-208
4383,T82.900x002,血管假体装置植入物和移植物的并发症,表 6-3-208
4384,T82.901,人工心脏瓣膜失常,表 6-3-208
4385,T82.903,心脏起搏器失灵,表 6-3-208
4386,T82.904,起搏器综合征,表 6-3-208
4387,T83.000x001,泌尿系导管引起的机械性并发症,表 6-3-208
4388,T83.001,肾盂引流管阻塞,表 6-3-208
4389,T83.002,肾造瘘管移位,表 6-3-208
4390,T83.003,膀胱造瘘管阻塞,表 6-3-208
4391,T83.004,导尿管阻塞,表 6-3-208
4392,T83.100,泌尿系装置和植入物的机械性并发症，其他的,表 6-3-208
4393,T83.100x001,泌尿系支架引起的机械性并发症,表 6-3-208
4394,T83.100x002,泌尿系电子刺激装置引起的机械性并发症,表 6-3-208
4395,T83.100x003,泌尿系括约肌植入物引起的机械性并发症,表 6-3-208
4396,T83.100x004,尿道悬吊术后引起的机械性并发症,表 6-3-208
4397,T83.101,输尿管支架断裂,表 6-3-208
4398,T83.102,输尿管支架移位,表 6-3-208
4399,T83.103,输尿管支架管阻塞,表 6-3-208
4400,T83.400,生殖道中其他假体装置、植入物和移植物的机械性并发症,表 6-3-208
4401,T83.400x001,阴道植入物脱出,表 6-3-208
4402,T83.401,阴茎假体引起的并发症,表 6-3-208
4403,T84.100,肢骨内部固定装置的机械性并发症,表 6-3-208
4404,T84.500,内部关节假体引起的感染和炎症性反应,表 6-3-208
4405,T84.500x002,关节假体引起的感染,表 6-3-208
4406,T84.501,髋关节假体植入感染,表 6-3-208
4407,T84.502,膝关节假体植入感染,表 6-3-208
4408,T84.503,肩关节假体植入物感染,表 6-3-208
4409,T84.504,肘关节假体植入物感染,表 6-3-208
4410,T84.600,内部固定装置[任何部位]引起的感染和炎症性反应,表 6-3-208
4411,T84.600x003,内固定装置引起的感染,表 6-3-208
4412,T84.601,舌骨固定物植入感染,表 6-3-208
4413,T84.602,下颌骨内固定物植入感染,表 6-3-208
4414,T84.603,脊柱内固定物植入感染,表 6-3-208
4415,T84.604,骨折内固定物植入感染,表 6-3-208
4416,T84.605,肌肉内固定物的感染,表 6-3-208
4417,T84.700,矫形外科假体装置、植入物和移植物引起的感染和炎症性反应，其他内部的,表 6-3-208
4418,T84.700x001,矫形外科假体装置植入物和移植物引起的感染,表 6-3-208
4419,T84.701,下颌骨假体植入感染,表 6-3-208
4420,T85.700,假体装置、植入物和移植物引起的感染和炎症性反应，其他内部的,表 6-3-208
4421,T85.700x103,腹膜透析导管隧道感染,表 6-3-208
4422,T85.700x104,腹膜透析导管外口感染,表 6-3-208
4423,T85.700x804,胸部硅胶板植入感染,表 6-3-208
4424,T85.700x808,植入装置后感染,表 6-3-208
4425,T85.700x809,鼻假体植入后感染,表 6-3-208
4426,T85.701,脑室腹腔分流管置入感染,表 6-3-208
4427,T85.702,人工硬脑膜植入感染,表 6-3-208
4428,T85.703,导管相关性感染,表 6-3-208
4429,T85.704,巩膜硅胶带环扎植入感染,表 6-3-208
4430,T85.705,人工耳蜗植入感染,表 6-3-208
4431,T85.706,鼻硅胶植入感染,表 6-3-208
4432,T85.708,胆道造影术后感染,表 6-3-208
4433,T85.709,腹腔插管感染,表 6-3-208
4434,T85.710,腹膜透析中腹腔感染,表 6-3-208
4435,T85.711,腹膜透析后腹膜炎,表 6-3-208
4436,T85.712,皮肤扩张器植入感染,表 6-3-208
4437,T85.713,颅骨人工骨板植入感染,表 6-3-208
4439,T87.100,下肢再植(部位)的并发症,表 6-3-208
4440,T87.101,下肢再植术后感染,表 6-3-208
4441,T87.300,截断术残端的神经瘤,表 6-3-208
4442,T87.300x001,创伤性神经瘤,表 6-3-208
4443,T87.300x002,指创伤性神经瘤,表 6-3-208
4444,T87.400,截断术残端的感染,表 6-3-208
4445,T88.200,麻醉引起的休克,表 6-3-208
4446,T88.600,适当应用正确药物或药剂的有害效应引起的过敏性休克,表 6-3-208
4447,T88.601,药物过敏性休克,表 6-3-208
4448,T91.400,胸内器官损伤后遗症,表 6-3-209
4449,T91.401,陈旧性胸内器官损伤,表 6-3-209
4450,T91.500x001,腹内器官损伤后遗症,表 6-3-209
4451,T91.500x003,盆腔器官损伤后遗症,表 6-3-209
4452,T91.501,陈旧性腹内器官损伤,表 6-3-209
4453,T91.502,陈旧性盆腔器官损伤,表 6-3-209
4454,T95.000x001,外耳道烧伤后遗症,表 6-3-209
4455,T95.000x002,外耳道冻伤后遗症,表 6-3-209
4456,T95.000x003,外耳道腐蚀伤后遗症,表 6-3-209
4457,T95.000x004,头和颈烧伤后遗症,表 6-3-209
4458,T95.000x005,头部烧伤后遗症,表 6-3-209
4459,T95.000x006,颈部烧伤后遗症,表 6-3-209
4460,T95.000x007,头和颈冻伤后遗症,表 6-3-209
4461,T95.000x008,头部冻伤后遗症,表 6-3-209
4462,T95.000x009,颈部冻伤后遗症,表 6-3-209
4463,T95.000x010,头和颈腐蚀伤后遗症,表 6-3-209
4464,T95.000x011,头部腐蚀伤后遗症,表 6-3-209
4465,T95.000x012,颈部腐蚀伤后遗症,表 6-3-209
4466,T95.001,陈旧性耳化学烧伤,表 6-3-209
4467,T95.002,陈旧性外耳道烧伤,表 6-3-209
4468,T98.300x001,闸门综合征,表 6-3-209
4469,T98.300x002,眼植入物暴露的后遗症,表 6-3-209
4470,T98.300x003,手术后坐骨神经损伤的后遗症,表 6-3-209
4471,T98.300x004,手术后心脏异物残留的后遗症,表 6-3-209
4472,T98.300x005,人工耳蜗植入后电极脱出的后遗症,表 6-3-209
4473,T98.300x006,手术后颌骨异物残留的后遗症,表 6-3-209
4474,T98.300x007,手术后缺氧性脑损害的后遗症,表 6-3-209
4475,T98.301,陈旧性手术后缺氧性脑损害,表 6-3-209
4476,Z22.100,肠道传染病带菌者，其他的,表 6-3-210
4477,Z22.101,阿米巴病带菌者,表 6-3-210
4478,Z22.102,鼠伤寒带菌者,表 6-3-210
4479,Z22.103,霍乱带菌者,表 6-3-210
4480,Z22.700,潜伏性结核,表 6-3-210
