seq,excl,code,name
1,表 6-3-1 ,A00.000x001,古典生物型霍乱
2,表 6-3-1 ,A00.100x001,埃尔托生物型霍乱
3,表 6-3-1 ,A00.900,霍乱
4,表 6-3-1 ,A00.900x002,霍乱轻型
5,表 6-3-1 ,A00.900x003,霍乱中型
6,表 6-3-1 ,A00.900x004,霍乱重型
7,表 6-3-1 ,A00.900x005,霍乱暴发型
8,表 6-3-1 ,A01.000,伤寒
9,表 6-3-1 ,A01.000x004,伤寒复发
10,表 6-3-1 ,A01.000x005+J17.0*,伤寒并发肺炎
11,表 6-3-1 ,A01.000x006,伤寒迁延型
12,表 6-3-1 ,A01.000x007,伤寒逍遥型
13,表 6-3-1 ,A01.000x008,伤寒并发腹膜炎
14,表 6-3-1 ,A01.000x009,伤寒并发肠穿孔
15,表 6-3-1 ,A01.000x010,伤寒并发肠出血
16,表 6-3-1 ,A01.000x011,伤寒并发中毒性肝炎
17,表 6-3-1 ,A01.000x012,伤寒并发支气管炎
18,表 6-3-1 ,A01.000x014,伤寒并发胆囊炎
19,表 6-3-1 ,A01.000x016+I41.0*,伤寒并发中毒性心肌炎
20,表 6-3-1 ,A01.000x017,伤寒轻型
21,表 6-3-1 ,A01.000x018,伤寒普通型
22,表 6-3-1 ,A01.000x019,伤寒暴发型
23,表 6-3-1 ,A01.000x020,伤寒再燃
24,表 6-3-1 ,A01.001+K77.0*,伤寒性肝炎
25,表 6-3-1 ,A01.002+G01*,伤寒性脑膜炎
26,表 6-3-1 ,A01.003,伤寒杆菌性脓毒症
27,表 6-3-1 ,A01.100,副伤寒甲
28,表 6-3-1 ,A01.200,副伤寒乙
29,表 6-3-1 ,A01.300,副伤寒丙
30,表 6-3-1 ,A01.400,副伤寒
31,表 6-3-1 ,A02.000,沙门菌肠炎
32,表 6-3-1 ,A02.000x005,婴儿沙门菌肠炎
33,表 6-3-1 ,A02.000x006,C群沙门菌肠炎
34,表 6-3-1 ,A02.000x007,B群沙门菌肠炎
35,表 6-3-1 ,A02.000x009,沙门菌小肠炎
36,表 6-3-1 ,A02.000x010,猪霍乱沙门菌肠炎
37,表 6-3-1 ,A02.001,阿哥拉沙门菌肠炎
38,表 6-3-1 ,A02.002,沙门菌伦敦血清型肠炎
39,表 6-3-1 ,A02.003,沙门菌胃肠炎
40,表 6-3-1 ,A02.004,鼠伤寒沙门菌肠炎
41,表 6-3-1 ,A02.100,沙门菌脓毒症
42,表 6-3-1 ,A02.100x002,鼠伤寒沙门菌脓毒症
43,表 6-3-1 ,A02.101,猪霍乱沙门菌脓毒症
44,表 6-3-1 ,A02.201+J17.0*,沙门菌肺炎
45,表 6-3-1 ,A02.202+M01.3*,沙门菌关节炎
46,表 6-3-1 ,A02.203+G01*,沙门菌脑膜炎
47,表 6-3-1 ,A02.204+M90.2*,沙门菌骨髓炎
48,表 6-3-1 ,A02.205+N16.0*,沙门菌性肾小管-间质病变
49,表 6-3-1 ,A02.800,沙门菌感染，其他特指的
50,表 6-3-1 ,A02.900x002,鼠伤寒沙门菌感染
51,表 6-3-1 ,A02.900x003,沙门菌属食物中毒
52,表 6-3-1 ,A02.900x004,亚利桑那菌感染
53,表 6-3-1 ,A02.901,猪霍乱沙门菌感染
54,表 6-3-1 ,A03.000x001,痢疾志贺菌痢疾
55,表 6-3-1 ,A03.100x001,福氏志贺菌痢疾
56,表 6-3-1 ,A03.200x001,鲍氏志贺菌痢疾
57,表 6-3-1 ,A03.300x001,宋内志贺菌痢疾
58,表 6-3-1 ,A03.800x001,不定型志贺菌痢疾
59,表 6-3-1 ,A03.800x002,菌痢混合感染
60,表 6-3-1 ,A03.900,细菌性痢疾
61,表 6-3-1 ,A03.900x002,慢性细菌性痢疾急性发作
62,表 6-3-1 ,A03.900x005,慢性隐匿型菌痢
63,表 6-3-1 ,A03.900x007,中毒型菌痢休克型
64,表 6-3-1 ,A03.900x008,中毒型菌痢脑型
65,表 6-3-1 ,A03.900x009,中毒型菌痢混合型
66,表 6-3-1 ,A03.901,急性细菌性痢疾
67,表 6-3-1 ,A03.902,慢性迁延型细菌性痢疾
68,表 6-3-1 ,A03.903,慢性细菌性痢疾
69,表 6-3-1 ,A03.904,中毒型细菌性痢疾
70,表 6-3-1 ,A04.000x001,新生儿肠致病性大肠杆菌肠炎
71,表 6-3-1 ,A04.000x002,肠致病性大肠杆菌肠炎
72,表 6-3-1 ,A04.100x001,肠毒性大肠杆菌肠炎
73,表 6-3-1 ,A04.100x002,新生儿肠毒性大肠杆菌肠炎
74,表 6-3-1 ,A04.200x001,肠侵袭性大肠杆菌肠炎
75,表 6-3-1 ,A04.200x002,新生儿肠侵袭性大肠杆菌肠炎
76,表 6-3-1 ,A04.300x001,肠出血性大肠杆菌肠炎
77,表 6-3-1 ,A04.301,新生儿肠出血性大肠杆菌肠炎
78,表 6-3-1 ,A04.400x003,新生儿肠粘附性大肠杆菌肠炎
79,表 6-3-1 ,A04.400x004,肠粘附性大肠杆菌肠炎
80,表 6-3-1 ,A04.401,大肠杆菌性肠炎
81,表 6-3-1 ,A04.402,新生儿大肠杆菌肠炎
82,表 6-3-1 ,A04.500,弯曲菌肠炎
83,表 6-3-1 ,A04.600,小肠结肠耶尔森菌性小肠炎
84,表 6-3-1 ,A04.600x001,耶尔森菌肠炎
85,表 6-3-1 ,A04.700,艰难梭状芽孢杆菌性小肠结肠炎
86,表 6-3-1 ,A04.700x002,抗生素相关性肠炎
87,表 6-3-1 ,A04.701,艰难梭状芽孢杆菌性食物中毒
88,表 6-3-1 ,A04.702,伪膜性结肠炎
89,表 6-3-1 ,A04.800x001,吡邻单胞菌肠炎
90,表 6-3-1 ,A04.800x003,产气杆菌肠炎
91,表 6-3-1 ,A04.800x006,副溶血弧菌肠炎
92,表 6-3-1 ,A04.800x007,金黄色葡萄球菌肠炎
93,表 6-3-1 ,A04.800x010,嗜水气单胞菌肠炎
94,表 6-3-1 ,A04.801,变形杆菌肠炎
95,表 6-3-1 ,A04.802,铜绿假单胞菌肠炎
96,表 6-3-1 ,A04.803,厌氧菌肠炎
97,表 6-3-1 ,A04.900,细菌性肠道感染
98,表 6-3-1 ,A04.901,细菌性结肠炎
99,表 6-3-1 ,A04.902,细菌性腹泻
100,表 6-3-1 ,A05.000,食物媒介的葡萄球菌性食物中毒
101,表 6-3-1 ,A05.000x001,葡萄球菌食物中毒
102,表 6-3-1 ,A05.100,肉毒中毒
103,表 6-3-1 ,A05.200,食物媒介的产气荚膜梭状芽孢杆菌［韦尔希梭状芽孢杆菌］食物中毒
104,表 6-3-1 ,A05.200x002,急性出血性坏死性肠炎
105,表 6-3-1 ,A05.202,急性坏死性肠炎
106,表 6-3-1 ,A05.300,食物媒介的副溶血性弧菌食物中毒
107,表 6-3-1 ,A05.300x001,副溶血性弧菌食物中毒
108,表 6-3-1 ,A05.400,食物媒介的蜡样芽孢杆菌食物中毒
109,表 6-3-1 ,A05.400x001,蜡样芽胞杆菌食物中毒
110,表 6-3-1 ,A05.800,食物中毒，其他特指的细菌性
111,表 6-3-1 ,A05.900,细菌性食物中毒
112,表 6-3-1 ,A06.000,急性阿米巴痢疾
113,表 6-3-1 ,A06.000x001,阿米巴肠炎
114,表 6-3-1 ,A06.001,阿米巴结肠炎
115,表 6-3-1 ,A06.002,阿米巴痢疾
116,表 6-3-1 ,A06.100,慢性肠阿米巴病
117,表 6-3-1 ,A06.100x002,阿米巴肠溃疡
118,表 6-3-1 ,A06.200,阿米巴非痢疾性结肠炎
119,表 6-3-1 ,A06.200x001,非痢疾性阿米巴结肠炎
120,表 6-3-1 ,A06.300,肠道阿米巴瘤
121,表 6-3-1 ,A06.300x001,阿米巴肉芽肿
122,表 6-3-1 ,A06.400+K77.0*,阿米巴肝脓肿
123,表 6-3-1 ,A06.500+J99.8*,阿米巴肺脓肿
124,表 6-3-1 ,A06.500x002+J99.8*,肺阿米巴病[阿米巴肺脓肿]
125,表 6-3-1 ,A06.501+J99.8*,阿米巴肝肺脓肿
126,表 6-3-1 ,A06.502+J17.3*,阿米巴肝肾囊肿伴肺炎
127,表 6-3-1 ,A06.600+G07*,阿米巴脑脓肿
128,表 6-3-1 ,A06.700,皮肤阿米巴病
129,表 6-3-1 ,A06.800x001,阿米巴膀胱炎
130,表 6-3-1 ,A06.800x002,阿米巴阑尾炎
131,表 6-3-1 ,A06.800x003,阿米巴精囊炎
132,表 6-3-1 ,A06.800x004+N51.2*,阿米巴龟头炎
133,表 6-3-1 ,A06.801,眼阿米巴病
134,表 6-3-1 ,A06.900,阿米巴病
135,表 6-3-1 ,A07.000,小袋纤毛虫病
136,表 6-3-1 ,A07.100,贾第虫病[兰伯鞭毛虫病]
137,表 6-3-1 ,A07.200,隐孢子虫病
138,表 6-3-1 ,A07.300,等孢球虫病
139,表 6-3-1 ,A07.300x002,肠道球虫病
140,表 6-3-1 ,A07.800x002,肉孢子虫病
141,表 6-3-1 ,A07.801,肠道滴虫病
142,表 6-3-1 ,A07.900x001,肠道原虫感染
143,表 6-3-1 ,A08.000,轮状病毒性肠炎
144,表 6-3-1 ,A08.100x001,诺如病毒性肠炎
145,表 6-3-1 ,A08.101,诺如病毒性急性胃肠病
146,表 6-3-1 ,A08.200,腺病毒性肠炎
147,表 6-3-1 ,A08.300,病毒性肠炎，其他的
148,表 6-3-1 ,A08.301,EB病毒性肠炎
149,表 6-3-1 ,A08.400,病毒性肠道感染
150,表 6-3-1 ,A08.400x003,病毒性小肠炎
151,表 6-3-1 ,A08.401,病毒性肠炎
152,表 6-3-1 ,A08.402,病毒性胃肠炎
153,表 6-3-1 ,A08.500,肠道感染，其他特指的
154,表 6-3-1 ,A09.000x001,肠道感染
155,表 6-3-1 ,A09.000x003,流行性肠炎
156,表 6-3-1 ,A09.000x006,出血性结肠炎
157,表 6-3-1 ,A09.001,感染性胃肠炎
158,表 6-3-1 ,A09.002,感染性结肠炎
159,表 6-3-1 ,A09.003,痢疾
160,表 6-3-1 ,A09.004,感染性腹泻
161,表 6-3-1 ,A09.005,脓毒性肠炎
162,表 6-3-1 ,A09.006,急性出血性肠炎
163,表 6-3-1 ,A09.007,急性感染性肠炎
164,表 6-3-1 ,A09.900x003,急性肠炎
165,表 6-3-1 ,A09.900x004,急性小肠炎
166,表 6-3-1 ,A09.900x005,新生儿腹泻
167,表 6-3-1 ,A09.900x006,肠炎
168,表 6-3-1 ,A09.900x007,腹泻
169,表 6-3-1 ,A09.901,胃肠炎
170,表 6-3-1 ,A09.902,结肠炎
171,表 6-3-1 ,A09.903,婴儿腹泻
172,表 6-3-1 ,A09.904,出血性肠炎
173,表 6-3-2 ,A15.000x001,肺结核(显微镜检证实)
174,表 6-3-2 ,A15.000x002,肺结核(仅痰涂片证实)
175,表 6-3-2 ,A15.000x003,肺结核(痰涂片及培养均证实)
176,表 6-3-2 ,A15.000x010,"继发性肺结核(初治,单耐药)涂阳培阳"
177,表 6-3-2 ,A15.000x012,"继发性肺结核(初治,多耐药)涂阳培阳"
178,表 6-3-2 ,A15.000x014,"继发性肺结核(初治,广泛耐药)涂阳培阳"
179,表 6-3-2 ,A15.000x016,"继发性肺结核(初治,耐多药)涂阳培阳"
180,表 6-3-2 ,A15.000x018,"继发性肺结核(初治,药物敏感)涂阳培阳"
181,表 6-3-2 ,A15.000x020,"继发性肺结核(复治,单耐药)涂阳培阳"
182,表 6-3-2 ,A15.000x022,"继发性肺结核(复治,多耐药)涂阳培阳"
183,表 6-3-2 ,A15.000x024,"继发性肺结核(复治,广泛耐药)涂阳培阳"
184,表 6-3-2 ,A15.000x026,"继发性肺结核(复治,耐多药)涂阳培阳"
185,表 6-3-2 ,A15.000x028,"继发性肺结核(复治,药物敏感)涂阳培阳"
186,表 6-3-2 ,A15.001,肺结核瘤，痰镜检(+)
187,表 6-3-2 ,A15.002,肺干酪性结核，痰镜检(+)
188,表 6-3-2 ,A15.003,结核性肺纤维变性，痰镜检(+)
189,表 6-3-2 ,A15.004,结核性肺炎，痰镜检(+)
190,表 6-3-2 ,A15.005,结核性气胸，痰镜检(+)
191,表 6-3-2 ,A15.006,结核性支气管扩张，痰镜检(+)
192,表 6-3-2 ,A15.007,空洞型肺结核，痰镜检(+)
193,表 6-3-2 ,A15.100x001,肺结核(仅痰培养证实)
194,表 6-3-2 ,A15.100x002,"继发性肺结核(初治,单耐药)涂阴培阳"
195,表 6-3-2 ,A15.100x003,"继发性肺结核(初治,多耐药)涂阴培阳"
196,表 6-3-2 ,A15.100x004,"继发性肺结核(初治,广泛耐药)涂阴培阳"
197,表 6-3-2 ,A15.100x005,"继发性肺结核(初治,耐多药)涂阴培阳"
198,表 6-3-2 ,A15.100x006,"继发性肺结核(初治,药物敏感)涂阴培阳"
199,表 6-3-2 ,A15.100x007,"继发性肺结核(复治,单耐药)涂阴培阳"
200,表 6-3-2 ,A15.100x008,"继发性肺结核(复治,多耐药)涂阴培阳"
201,表 6-3-2 ,A15.100x009,"继发性肺结核(复治,广泛耐药)涂阴培阳"
202,表 6-3-2 ,A15.100x010,"继发性肺结核(复治,耐多药)涂阴培阳"
203,表 6-3-2 ,A15.100x011,"继发性肺结核(复治,药物敏感)涂阴培阳"
204,表 6-3-2 ,A15.101,肺结核瘤，痰培养(+)
205,表 6-3-2 ,A15.102,肺干酪性结核，痰培养(+)
206,表 6-3-2 ,A15.103,结核性肺纤维变性，痰培养(+)
207,表 6-3-2 ,A15.104,结核性肺炎，痰培养(+)
208,表 6-3-2 ,A15.105,结核性气胸，痰培养(+)
209,表 6-3-2 ,A15.106,结核性支气管扩张，痰培养(+)
210,表 6-3-2 ,A15.107,空洞型肺结核，痰培养(+)
211,表 6-3-2 ,A15.200x001,肺结核(组织学证实)
212,表 6-3-2 ,A15.200x002,结核性损毁肺(组织学+)
213,表 6-3-2 ,A15.201,肺结核瘤，病理(+)
214,表 6-3-2 ,A15.202,肺干酪性结核，病理(+)
215,表 6-3-2 ,A15.203,结核性肺纤维变性，病理(+)
216,表 6-3-2 ,A15.204,结核性肺炎，病理(+)
217,表 6-3-2 ,A15.205,结核性气胸，病理(+)
218,表 6-3-2 ,A15.206,结核性支气管扩张，病理(+)
219,表 6-3-2 ,A15.207,空洞型肺结核，病理(+)
220,表 6-3-2 ,A15.300x001,肺结核(分子诊断证实)
221,表 6-3-2 ,A15.301,肺结核瘤经证实(+)
222,表 6-3-2 ,A15.302,肺干酪性结核经证实(+)
223,表 6-3-2 ,A15.303,结核性肺纤维变性经证实(+)
224,表 6-3-2 ,A15.304,结核性肺炎经证实(+)
225,表 6-3-2 ,A15.305,结核性气胸经证实(+)
226,表 6-3-2 ,A15.306,结核性支气管扩张经证实(+)
227,表 6-3-2 ,A15.307,空洞型肺结核经证实(+)
228,表 6-3-2 ,A15.400x001,肺门淋巴结结核(细菌学和组织学证实)
229,表 6-3-2 ,A15.401,肺门淋巴结结核，病理(+)
230,表 6-3-2 ,A15.402,气管支气管淋巴结结核，细菌学(+)
231,表 6-3-2 ,A15.403,气管支气管淋巴结结核，病理(+)
232,表 6-3-2 ,A15.404,胸内淋巴结结核，细菌学(+)
233,表 6-3-2 ,A15.405,胸内淋巴结结核，病理(+)
234,表 6-3-2 ,A15.406,纵隔淋巴结结核，细菌学(+)
235,表 6-3-2 ,A15.407,纵隔淋巴结结核，病理(+)
236,表 6-3-2 ,A15.408,支气管淋巴结结核，细菌学(+)
237,表 6-3-2 ,A15.409,支气管淋巴结结核，病理(+)
238,表 6-3-2 ,A15.500x001,喉结核(细菌学和组织学证实)
239,表 6-3-2 ,A15.500x002,气管结核(细菌学和组织学证实)
240,表 6-3-2 ,A15.500x003,支气管结核(细菌学和组织学证实)
241,表 6-3-2 ,A15.500x004,声带结核(细菌学和组织学证实)
242,表 6-3-2 ,A15.500x010,"支气管结核(初治,单耐药)涂阳培阳"
243,表 6-3-2 ,A15.500x011,"支气管结核(初治,单耐药)涂阴培阳"
244,表 6-3-2 ,A15.500x012,"支气管结核(初治,多耐药)涂阳培阳"
245,表 6-3-2 ,A15.500x013,"支气管结核(初治,多耐药)涂阴培阳"
246,表 6-3-2 ,A15.500x014,"支气管结核(初治,广泛耐药)涂阳培阳"
247,表 6-3-2 ,A15.500x015,"支气管结核(初治,广泛耐药)涂阴培阳"
248,表 6-3-2 ,A15.500x016,"支气管结核(初治,耐多药)涂阳培阳"
249,表 6-3-2 ,A15.500x017,"支气管结核(初治,耐多药)涂阴培阳"
250,表 6-3-2 ,A15.500x018,"支气管结核(初治,药物敏感)涂阳培阳"
251,表 6-3-2 ,A15.500x019,"支气管结核(初治,药物敏感)涂阴培阳"
252,表 6-3-2 ,A15.500x020,"支气管结核(复治,单耐药)涂阳培阳"
253,表 6-3-2 ,A15.500x021,"支气管结核(复治,单耐药)涂阴培阳"
254,表 6-3-2 ,A15.500x022,"支气管结核(复治,多耐药)涂阳培阳"
255,表 6-3-2 ,A15.500x023,"支气管结核(复治,多耐药)涂阴培阳"
256,表 6-3-2 ,A15.500x024,"支气管结核(复治,广泛耐药)涂阳培阳"
257,表 6-3-2 ,A15.500x025,"支气管结核(复治,广泛耐药)涂阴培阳"
258,表 6-3-2 ,A15.500x026,"支气管结核(复治,耐多药)涂阳培阳"
259,表 6-3-2 ,A15.500x027,"支气管结核(复治,耐多药)涂阴培阳"
260,表 6-3-2 ,A15.500x028,"支气管结核(复治,药物敏感)涂阳培阳"
261,表 6-3-2 ,A15.500x029,"支气管结核(复治,药物敏感)涂阴培阳"
262,表 6-3-2 ,A15.501,喉结核，病理(+)
263,表 6-3-2 ,A15.502,会厌结核，细菌学(+)
264,表 6-3-2 ,A15.503,会厌结核，病理(+)
265,表 6-3-2 ,A15.504,声带结核，细菌学(+)
266,表 6-3-2 ,A15.505,声带结核，病理(+)
267,表 6-3-2 ,A15.506,气管结核，细菌学(+)
268,表 6-3-2 ,A15.507,气管结核，病理(+)
269,表 6-3-2 ,A15.508,支气管结核，细菌学(+)
270,表 6-3-2 ,A15.509,支气管结核，病理(+)
271,表 6-3-2 ,A15.601,结核性胸膜炎，病理(+)
272,表 6-3-2 ,A15.602,结核性脓胸，细菌学(+)
273,表 6-3-2 ,A15.603,结核性脓胸，病理(+)
274,表 6-3-2 ,A15.604,结核性胸腔积液，细菌学(+)
275,表 6-3-2 ,A15.605,结核性胸腔积液，病理(+)
276,表 6-3-2 ,A15.606,结核性渗出性胸膜炎，细菌学(+)
277,表 6-3-2 ,A15.607,结核性渗出性胸膜炎，病理(+)
278,表 6-3-2 ,A15.608,胸膜结核瘤，细菌学(+)
279,表 6-3-2 ,A15.609,胸膜结核瘤，病理(+)
280,表 6-3-2 ,A15.701,原发性呼吸道结核，病理(+)
281,表 6-3-2 ,A15.702,肺原发性结核性复征，细菌学(+)
282,表 6-3-2 ,A15.703,肺原发性结核性复征，病理(+)
283,表 6-3-2 ,A15.800x001,鼻咽结核性肉芽肿(组织学证实)
284,表 6-3-2 ,A15.801,结核性鼻窦炎，细菌学(+)
285,表 6-3-2 ,A15.802,结核性鼻窦炎，病理(+)
286,表 6-3-2 ,A15.803,鼻中隔结核，细菌学(+)
287,表 6-3-2 ,A15.804,鼻中隔结核，病理(+)
288,表 6-3-2 ,A15.805,鼻咽结核，细菌学(+)
289,表 6-3-2 ,A15.806,鼻咽结核，病理(+)
290,表 6-3-2 ,A15.807,鼻结核，细菌学(+)
291,表 6-3-2 ,A15.808,鼻结核，病理(+)
292,表 6-3-2 ,A15.809,扁桃体结核，细菌学(+)
293,表 6-3-2 ,A15.810,扁桃体结核，病理(+)
294,表 6-3-2 ,A15.811,咽部结核，细菌学(+)
295,表 6-3-2 ,A15.812,咽部结核，病理(+)
296,表 6-3-2 ,A15.813,纵隔结核，细菌学(+)
297,表 6-3-2 ,A15.814,纵隔结核，病理(+)
298,表 6-3-2 ,A15.900,呼吸道结核，经细菌学和组织学所证实的
299,表 6-3-2 ,A15.901,呼吸道结核，病理(+)
300,表 6-3-2 ,A16.000x001,肺结核(细菌学和组织学检查为阴性)
301,表 6-3-2 ,A16.000x002,支气管结核(细菌学和组织学证实均阴性)
302,表 6-3-2 ,A16.001,肺结核瘤，痰镜检(-)
303,表 6-3-2 ,A16.002,结核性肺炎，痰镜检(-)
304,表 6-3-2 ,A16.003,结核性肺纤维变性，痰镜检(-)
305,表 6-3-2 ,A16.004,结核性气胸，痰镜检(-)
306,表 6-3-2 ,A16.005,结核性支气管扩张，痰镜检(-)
307,表 6-3-2 ,A16.006,肺干酪性结核，痰镜检(-)
308,表 6-3-2 ,A16.007,空洞型肺结核，痰镜检(-)
309,表 6-3-2 ,A16.008,浸润型肺结核，痰镜检(-)
310,表 6-3-2 ,A16.009,增殖型肺结核，痰镜检(-)
311,表 6-3-2 ,A16.010,肺结核，痰培养(-)
312,表 6-3-2 ,A16.011,肺结核瘤，痰培养(-)
313,表 6-3-2 ,A16.012,结核性肺炎，痰培养(-)
314,表 6-3-2 ,A16.013,结核性肺纤维变性，痰培养(-)
315,表 6-3-2 ,A16.014,结核性气胸，痰培养(-)
316,表 6-3-2 ,A16.015,结核性支气管扩张，痰培养(-)
317,表 6-3-2 ,A16.016,肺干酪性结核，痰培养(-)
318,表 6-3-2 ,A16.017,空洞型肺结核，痰培养(-)
319,表 6-3-2 ,A16.018,浸润型肺结核，痰培养(-)
320,表 6-3-2 ,A16.019,增殖型肺结核，痰培养(-)
321,表 6-3-2 ,A16.020,肺结核，病理(-)
322,表 6-3-2 ,A16.021,肺结核瘤，病理(-)
323,表 6-3-2 ,A16.022,结核性肺炎，病理(-)
324,表 6-3-2 ,A16.023,结核性肺纤维变性，病理(-)
325,表 6-3-2 ,A16.024,结核性气胸，病理(-)
326,表 6-3-2 ,A16.025,结核性支气管扩张，病理(-)
327,表 6-3-2 ,A16.026,肺干酪性结核，病理(-)
328,表 6-3-2 ,A16.027,空洞型肺结核，病理(-)
329,表 6-3-2 ,A16.028,浸润型肺结核，病理(-)
330,表 6-3-2 ,A16.029,增殖型肺结核，病理(-)
331,表 6-3-2 ,A16.030,肺结核瘤，细胞学(组织学)(-)
332,表 6-3-2 ,A16.031,结核性肺炎，细胞学(组织学)(-)
333,表 6-3-2 ,A16.032,结核性肺纤维变性，细胞学(组织学)(-)
334,表 6-3-2 ,A16.033,结核性气胸，细胞学(组织学)(-)
335,表 6-3-2 ,A16.034,结核性支气管扩张，细胞学(组织学)(-)
336,表 6-3-2 ,A16.035,肺干酪性结核，细胞学(组织学)(-)
337,表 6-3-2 ,A16.036,空洞型肺结核，细胞学(组织学)(-)
338,表 6-3-2 ,A16.037,浸润型肺结核，细胞学(组织学)(-)
339,表 6-3-2 ,A16.038,增殖型肺结核，细胞学(组织学)(-)
340,表 6-3-2 ,A16.100x001,肺结核(未行细菌学和组织学检查)
341,表 6-3-2 ,A16.101,肺结核瘤，未做细菌学和组织学检查
342,表 6-3-2 ,A16.102,结核性肺炎，未做细菌学和组织学检查
343,表 6-3-2 ,A16.103,结核性肺纤维变性，未做细菌学和组织学检查
344,表 6-3-2 ,A16.104,结核性气胸，未做细菌学和组织学检查
345,表 6-3-2 ,A16.105,结核性支气管扩张，未做细菌学和组织学检查
346,表 6-3-2 ,A16.106,肺干酪性结核，未做细菌学和组织学检查
347,表 6-3-2 ,A16.107,空洞型肺结核，未做细菌学和组织学检查
348,表 6-3-2 ,A16.108,浸润型肺结核，未做细菌学和组织学检查
349,表 6-3-2 ,A16.109,增殖型肺结核，未做细菌学和组织学检查
350,表 6-3-2 ,A16.200x002,肺结核
351,表 6-3-2 ,A16.200x007,结节型肺结核
352,表 6-3-2 ,A16.200x012,结核性胸膜瘘
353,表 6-3-2 ,A16.200x013,结核性损毁肺
354,表 6-3-2 ,A16.200x014,结核性大咯血
355,表 6-3-2 ,A16.200x015,继发性肺结核
356,表 6-3-2 ,A16.201,肺结核瘤
357,表 6-3-2 ,A16.202,结核性肺炎
358,表 6-3-2 ,A16.203,结核性肺纤维变性
359,表 6-3-2 ,A16.204,结核性气胸
360,表 6-3-2 ,A16.205,结核性支气管扩张
361,表 6-3-2 ,A16.206,肺干酪性结核
362,表 6-3-2 ,A16.207,空洞型肺结核
363,表 6-3-2 ,A16.210,结核性肺不张
364,表 6-3-2 ,A16.300x002,结核性支气管淋巴瘘
365,表 6-3-2 ,A16.300x003,胸壁淋巴结结核
366,表 6-3-2 ,A16.300x007,结核性乳糜胸
367,表 6-3-2 ,A16.301,肺门淋巴结结核
368,表 6-3-2 ,A16.302,胸内淋巴结结核
369,表 6-3-2 ,A16.303,气管支气管淋巴结结核
370,表 6-3-2 ,A16.304,支气管淋巴结结核
371,表 6-3-2 ,A16.305,纵隔淋巴结结核
372,表 6-3-2 ,A16.400x005,孤立性气管支气管结核
373,表 6-3-2 ,A16.400x010,结核性气管狭窄
374,表 6-3-2 ,A16.400x011,结核性支气管狭窄
375,表 6-3-2 ,A16.401,会厌结核
376,表 6-3-2 ,A16.402,气管结核
377,表 6-3-2 ,A16.403,声带结核
378,表 6-3-2 ,A16.405,结核性支气管胸膜瘘
379,表 6-3-2 ,A16.406,喉结核
380,表 6-3-2 ,A16.500x001,结核性干性胸膜炎
381,表 6-3-2 ,A16.500x004,结核性胸膜炎
382,表 6-3-2 ,A16.500x008,结核性胸膜炎(初治)
383,表 6-3-2 ,A16.500x009,结核性胸膜炎(复治)
384,表 6-3-2 ,A16.500x010,结核性包裹性脓胸
385,表 6-3-2 ,A16.501,结核性脓胸
386,表 6-3-2 ,A16.503,结核性渗出性胸膜炎
387,表 6-3-2 ,A16.504,胸膜结核瘤
388,表 6-3-2 ,A16.505,结核性脓气胸
389,表 6-3-2 ,A16.700x001,肺结核原发综合征
390,表 6-3-2 ,A16.700x002,原发性肺结核
391,表 6-3-2 ,A16.800x002,干酪性鼻窦炎
392,表 6-3-2 ,A16.800x003,干酪性鼻炎[结核性鼻炎]
393,表 6-3-2 ,A16.801,结核性鼻窦炎
394,表 6-3-2 ,A16.802,鼻中隔结核
395,表 6-3-2 ,A16.803,鼻咽结核
396,表 6-3-2 ,A16.804,鼻结核
397,表 6-3-2 ,A16.805,扁桃体结核
398,表 6-3-2 ,A16.806,咽部结核
399,表 6-3-2 ,A16.807,纵隔结核
400,表 6-3-2 ,A16.900x001,结核病
401,表 6-3-2 ,A16.900x002,结核感染
402,表 6-3-2 ,A16.900x003,呼吸道结核病
403,表 6-3-2 ,A16.900x023,结核性胸壁窦
404,表 6-3-2 ,A17.000+G01*,结核性脑膜炎
405,表 6-3-2 ,A17.000x001+G05.0*,结核性脊膜炎
406,表 6-3-2 ,A17.000x005+G01*,蛛网膜结核病
407,表 6-3-2 ,A17.000x006+G01*,结核性脑膜粘连
408,表 6-3-2 ,A17.001+G01*,结核性脑脊髓膜炎
409,表 6-3-2 ,A17.100+G07*,脑膜结核瘤
410,表 6-3-2 ,A17.100x001+G07*,脑脊膜结核瘤
411,表 6-3-2 ,A17.800x007+G05.0*,结核性脊髓脊膜炎
412,表 6-3-2 ,A17.801+G07*,脑结核瘤
413,表 6-3-2 ,A17.802+G07*,结核性脑肉芽肿
414,表 6-3-2 ,A17.803+G05.0*,结核性脑膜脑炎
415,表 6-3-2 ,A17.804+G05.0*,结核性脑炎
416,表 6-3-2 ,A17.805+G07*,结核性脑脓肿
417,表 6-3-2 ,A17.806+G07*,脊髓结核
418,表 6-3-2 ,A17.807+G94.0*,结核性脑积水
419,表 6-3-2 ,A17.900+G99.8*,神经系统结核
420,表 6-3-2 ,A17.900x001+G99.8*,中枢神经系统结核
421,表 6-3-2 ,A18.000x002+M90.0*,腭骨结核
422,表 6-3-2 ,A18.000x003+M90.0*,颌骨结核
423,表 6-3-2 ,A18.000x004+H75.0*,乳突结核
424,表 6-3-2 ,A18.000x006+M90.0*,颧骨结核
425,表 6-3-2 ,A18.000x015+M01.1*,结核性风湿病[篷塞病]
426,表 6-3-2 ,A18.000x018+M49.0*,脊椎结核并椎旁脓肿
427,表 6-3-2 ,A18.000x019+M01.1*,关节寒性脓肿[关节结核脓肿]
428,表 6-3-2 ,A18.000x034+M90.0*,肢体骨结核
429,表 6-3-2 ,A18.000x035+M90.0*,骨结核病
430,表 6-3-2 ,A18.000x042+M90.0*,第三楔骨结核
431,表 6-3-2 ,A18.000x046+M68.0*,结核性滑膜炎
432,表 6-3-2 ,A18.000x047+M49.0*,结核性脊柱前凸
433,表 6-3-2 ,A18.000x048+M49.0*,结核性脊柱侧弯
434,表 6-3-2 ,A18.000x049+M49.0*,脊柱骨脓肿[结核性脊柱骨脓肿]
435,表 6-3-2 ,A18.000x053+M01.1*,胸锁关节结核
436,表 6-3-2 ,A18.000x057+M49.0*,骶骨结核
437,表 6-3-2 ,A18.000x058+M68.0*,腱鞘结核
438,表 6-3-2 ,A18.000x060+M90.0*,胸骨结核
439,表 6-3-2 ,A18.000x062+M68.0*,结核性腱鞘炎
440,表 6-3-2 ,A18.000x063+M90.0*,结核性骨炎
441,表 6-3-2 ,A18.000x064+M90.0*,结核性骨髓炎
442,表 6-3-2 ,A18.000x065+M90.0*,结核性骨坏死
443,表 6-3-2 ,A18.000x066+M49.0*,颈椎结核性截瘫
444,表 6-3-2 ,A18.000x067+M90.0*,骨髓结核
445,表 6-3-2 ,A18.001+M90.0*,骨结核
446,表 6-3-2 ,A18.002+M01.1*,关节结核
447,表 6-3-2 ,A18.003+M90.0*,鼻骨结核
448,表 6-3-2 ,A18.004+M90.0*,下颌结核
449,表 6-3-2 ,A18.005+M49.0*,颈椎结核
450,表 6-3-2 ,A18.006+M49.0*,胸椎结核
451,表 6-3-2 ,A18.007+M49.0*,腰椎结核
452,表 6-3-2 ,A18.008+M90.0*,腰椎结核性窦道
453,表 6-3-2 ,A18.009+M49.0*,脊柱结核
454,表 6-3-2 ,A18.010+M49.0*,脊柱结核性脓肿
455,表 6-3-2 ,A18.011+M49.0*,结核性脊柱后凸
456,表 6-3-2 ,A18.012+M49.0*,脊柱结核性截瘫
457,表 6-3-2 ,A18.013+M49.0*,结核性脊柱裂
458,表 6-3-2 ,A18.014+M90.0*,肋骨结核
459,表 6-3-2 ,A18.015+M90.0*,耻骨结核
460,表 6-3-2 ,A18.016+M90.0*,肱骨结核
461,表 6-3-2 ,A18.017+M90.0*,桡骨结核
462,表 6-3-2 ,A18.018+M90.0*,尺骨结核
463,表 6-3-2 ,A18.019+M90.0*,掌骨结核
464,表 6-3-2 ,A18.020+M90.0*,指骨结核
465,表 6-3-2 ,A18.021+M90.0*,股骨结核
466,表 6-3-2 ,A18.022+M90.0*,胫骨结核
467,表 6-3-2 ,A18.023+M90.0*,腓骨结核
468,表 6-3-2 ,A18.024+M90.0*,跟骨结核
469,表 6-3-2 ,A18.025+M90.0*,楔骨结核
470,表 6-3-2 ,A18.026+M90.0*,趾骨结核
471,表 6-3-2 ,A18.027+M01.1*,肩关节结核
472,表 6-3-2 ,A18.028+M01.1*,肘关节结核
473,表 6-3-2 ,A18.029+M01.1*,腕关节结核
474,表 6-3-2 ,A18.030+M01.1*,指关节结核
475,表 6-3-2 ,A18.031+M01.1*,髋关节结核
476,表 6-3-2 ,A18.032+M49.0*,骶髂关节结核
477,表 6-3-2 ,A18.033+M01.1*,髋关节结核性滑膜炎
478,表 6-3-2 ,A18.034+M01.1*,膝关节结核
479,表 6-3-2 ,A18.035+M01.1*,膝关节结核性滑膜炎
480,表 6-3-2 ,A18.036+M01.1*,踝关节结核
481,表 6-3-2 ,A18.037+M01.1*,跖趾关节结核
482,表 6-3-2 ,A18.038+M01.1*,趾关节结核
483,表 6-3-2 ,A18.039+M01.1*,关节结核性风湿病
484,表 6-3-2 ,A18.040+M01.1*,关节结核性窦道
485,表 6-3-2 ,A18.041+M68.0*,滑膜结核
486,表 6-3-2 ,A18.042+M68.0*,肌腱结核
487,表 6-3-2 ,A18.043+M01.1*,关节结核性脓肿
488,表 6-3-2 ,A18.044+M01.1*,结核性关节炎
489,表 6-3-2 ,A18.100x018+N51.8*,精囊结核
490,表 6-3-2 ,A18.100x019+N77.1*,外阴结核
491,表 6-3-2 ,A18.100x020+N51.8*,阴囊结核
492,表 6-3-2 ,A18.100x021+N37.8*,结核性会阴瘘
493,表 6-3-2 ,A18.100x022+N37.8*,结核性尿道瘘
494,表 6-3-2 ,A18.100x024+N74.1*,结核性直肠阴道瘘
495,表 6-3-2 ,A18.100x025+N29.1*,结核性肾盂炎
496,表 6-3-2 ,A18.100x026+N74.1*,结核性输卵管炎
497,表 6-3-2 ,A18.100x030+N77.0*,结核性外阴溃疡
498,表 6-3-2 ,A18.100x031,男性盆腔结核
499,表 6-3-2 ,A18.100x032,结核性盆腔炎
500,表 6-3-2 ,A18.101,泌尿系统结核
501,表 6-3-2 ,A18.102,生殖系统结核
502,表 6-3-2 ,A18.103+N29.1*,肾结核
503,表 6-3-2 ,A18.104+N29.1*,结核性肾脓肿
504,表 6-3-2 ,A18.105+N29.1*,结核性肾盂积水
505,表 6-3-2 ,A18.106+N29.1*,输尿管结核
506,表 6-3-2 ,A18.107+N29.1*,结核性输尿管狭窄
507,表 6-3-2 ,A18.108+N33.0*,膀胱结核
508,表 6-3-2 ,A18.109+N51.0*,前列腺结核
509,表 6-3-2 ,A18.110+N51.8*,输精管结核
510,表 6-3-2 ,A18.111+N74.1*,子宫内膜结核
511,表 6-3-2 ,A18.112+N74.0*,子宫颈结核
512,表 6-3-2 ,A18.113+N74.1*,输卵管结核
513,表 6-3-2 ,A18.114+N74.1*,卵巢结核
514,表 6-3-2 ,A18.115+N74.1*,女性盆腔结核
515,表 6-3-2 ,A18.116+N51.8*,结核性阴囊瘘
516,表 6-3-2 ,A18.117+N51.1*,睾丸结核
517,表 6-3-2 ,A18.118+N51.1*,附睾结核
518,表 6-3-2 ,A18.119+N51.8*,阴茎结核
519,表 6-3-2 ,A18.200x002,颌下淋巴结结核
520,表 6-3-2 ,A18.200x005,颏下淋巴结结核
521,表 6-3-2 ,A18.200x006,淋巴结结核
522,表 6-3-2 ,A18.200x010,周围淋巴结结核
523,表 6-3-2 ,A18.201,头颈部结核性淋巴结炎
524,表 6-3-2 ,A18.202,颊淋巴结结核
525,表 6-3-2 ,A18.203,腮腺淋巴结结核
526,表 6-3-2 ,A18.205,颈淋巴结结核
527,表 6-3-2 ,A18.206,锁骨上淋巴结结核
528,表 6-3-2 ,A18.207,腋下淋巴结结核
529,表 6-3-2 ,A18.208,食管旁淋巴结结核
530,表 6-3-2 ,A18.209,闭孔淋巴结结核
531,表 6-3-2 ,A18.210,腹股沟淋巴结结核
532,表 6-3-2 ,A18.211,结核性淋巴管炎
533,表 6-3-2 ,A18.212,全身多发淋巴结结核
534,表 6-3-2 ,A18.300x006+K67.3*,髂窝结核
535,表 6-3-2 ,A18.300x009+K93.0*,腹腔结核
536,表 6-3-2 ,A18.300x013+K93.0*,结核性胃结肠瘘
537,表 6-3-2 ,A18.300x014+K93.0*,结核性直肠瘘
538,表 6-3-2 ,A18.300x015+K93.0*,膈下结核性脓肿
539,表 6-3-2 ,A18.300x016,腹膜后结核
540,表 6-3-2 ,A18.301,肝门淋巴结结核
541,表 6-3-2 ,A18.302+K93.0*,阑尾结核
542,表 6-3-2 ,A18.303+K93.0*,肠结核
543,表 6-3-2 ,A18.304+K93.0*,结核性肠炎
544,表 6-3-2 ,A18.305+K93.0*,结肠结核瘤
545,表 6-3-2 ,A18.306+K93.0*,结核性肛瘘
546,表 6-3-2 ,A18.307+K93.0*,肛周结核
547,表 6-3-2 ,A18.308,腹腔淋巴结结核
548,表 6-3-2 ,A18.309,结核性腹腔积液
549,表 6-3-2 ,A18.310,腹膜后淋巴结结核
550,表 6-3-2 ,A18.311+K93.0*,腹膜结核
551,表 6-3-2 ,A18.312+K93.0*,腹部结核性脓肿
552,表 6-3-2 ,A18.313+K93.0*,腹部结核性窦道
553,表 6-3-2 ,A18.314+K67.3*,结核性腹膜炎
554,表 6-3-2 ,A18.315+K93.0*,肠系膜结核
555,表 6-3-2 ,A18.316+K93.0*,肠系膜淋巴结结核
556,表 6-3-2 ,A18.317,髂窝结核性脓肿
557,表 6-3-2 ,A18.318,髂窝淋巴结结核
558,表 6-3-2 ,A18.400x001,播散性粟粒性狼疮
559,表 6-3-2 ,A18.400x006,酒渣样结核疹
560,表 6-3-2 ,A18.400x010,臀部结核
561,表 6-3-2 ,A18.400x013,皮肤结核溃疡
562,表 6-3-2 ,A18.400x014,疣状皮肤结核
563,表 6-3-2 ,A18.400x018,外耳道结核
564,表 6-3-2 ,A18.400x019,中耳结核
565,表 6-3-2 ,A18.400x020,腰部结核性脓肿
566,表 6-3-2 ,A18.400x021,足结核
567,表 6-3-2 ,A18.400x022,肩部结核
568,表 6-3-2 ,A18.401,皮肤结核
569,表 6-3-2 ,A18.402,皮下组织结核
570,表 6-3-2 ,A18.403,皮肤结核性窦道
571,表 6-3-2 ,A18.404,瘰疬性皮肤结核
572,表 6-3-2 ,A18.405,结核性皮肤脓肿
573,表 6-3-2 ,A18.406,腹壁结核
574,表 6-3-2 ,A18.407,皮下组织结核性窦道
575,表 6-3-2 ,A18.408,结核性结节性红斑
576,表 6-3-2 ,A18.409,结核性狼疮
577,表 6-3-2 ,A18.410,寻常性狼疮
578,表 6-3-2 ,A18.411,巴赞病
579,表 6-3-2 ,A18.412,胸壁结核
580,表 6-3-2 ,A18.500x002,眼眶结核
581,表 6-3-2 ,A18.500x005+H32.0*,结核性视网膜脉络膜炎
582,表 6-3-2 ,A18.500x008+H13.1*,结膜结核
583,表 6-3-2 ,A18.500x010+H32.0*,脉络膜结核瘤
584,表 6-3-2 ,A18.500x013+H22.0*,结核性虹膜睫状体炎
585,表 6-3-2 ,A18.501+H32.0*,视网膜结核
586,表 6-3-2 ,A18.502+H32.0*,脉络膜结核
587,表 6-3-2 ,A18.503+H48.8*,视神经结核
588,表 6-3-2 ,A18.504+H22.0*,葡萄膜结核
589,表 6-3-2 ,A18.506+H19.2*,角膜结核
590,表 6-3-2 ,A18.507+H19.0*,巩膜结核
591,表 6-3-2 ,A18.600,耳结核
592,表 6-3-2 ,A18.601+H67.0*,结核性中耳炎
593,表 6-3-2 ,A18.700+E35.1*,肾上腺结核
594,表 6-3-2 ,A18.700x002+E35.1*,结核性艾迪生病
595,表 6-3-2 ,A18.800x001,肺外结核
596,表 6-3-2 ,A18.800x006+K93.8*,唇结核
597,表 6-3-2 ,A18.800x010+M63.0*,肌结核
598,表 6-3-2 ,A18.800x014+K23.0*,食管结核
599,表 6-3-2 ,A18.800x022+M63.0*,上臂内侧横纹肌结核
600,表 6-3-2 ,A18.800x025+K93.8*,牙龈结核
601,表 6-3-2 ,A18.800x027+M63.0*,腰大肌结核性脓肿
602,表 6-3-2 ,A18.800x028+M63.0*,腰肌结核
603,表 6-3-2 ,A18.800x034+K93.8*,结核性口腔溃疡
604,表 6-3-2 ,A18.801+E35.8*,垂体结核
605,表 6-3-2 ,A18.802+K93.8*,舌结核
606,表 6-3-2 ,A18.803+M63.0*,咀嚼肌结核
607,表 6-3-2 ,A18.804+K93.8*,腮腺结核
608,表 6-3-2 ,A18.805+K93.8*,颌下腺结核
609,表 6-3-2 ,A18.806+E35.0*,甲状腺结核
610,表 6-3-2 ,A18.807+K23.0*,结核性食管炎
611,表 6-3-2 ,A18.808+I32.0*,结核性心包炎
612,表 6-3-2 ,A18.809+I32.0*,结核性心包积液
613,表 6-3-2 ,A18.810+M63.0*,胸大肌结核
614,表 6-3-2 ,A18.811,乳腺结核
615,表 6-3-2 ,A18.812+K93.8*,胃结核
616,表 6-3-2 ,A18.813+D77*,脾结核
617,表 6-3-2 ,A18.814+K77.0*,肝结核
618,表 6-3-2 ,A18.815+K87.0*,胆管结核
619,表 6-3-2 ,A18.816+K87.0*,胆囊结核
620,表 6-3-2 ,A18.817+K87.1*,胰腺结核
621,表 6-3-2 ,A18.818+I79.8*,结核性腹主动脉炎
622,表 6-3-2 ,A18.819+M36.8*,结缔组织结核
623,表 6-3-2 ,A18.820+I39.8*,心内膜结核
624,表 6-3-2 ,A18.821+I41.0*,心肌结核
625,表 6-3-2 ,A18.822+I68.1*,结核性脑动脉炎
626,表 6-3-2 ,A19.000,单个特指部位的急性粟粒型结核
627,表 6-3-2 ,A19.000x001,"血行播散性肺结核(初治,单耐药)涂阳培阳"
628,表 6-3-2 ,A19.000x002,"血行播散性肺结核(初治,单耐药)涂阴培阳"
629,表 6-3-2 ,A19.000x003,"血行播散性肺结核(初治,多耐药)涂阳培阳"
630,表 6-3-2 ,A19.000x004,"血行播散性肺结核(初治,多耐药)涂阴培阳"
631,表 6-3-2 ,A19.000x005,"血行播散性肺结核(初治,广泛耐药)涂阳培阳"
632,表 6-3-2 ,A19.000x006,"血行播散性肺结核(初治,广泛耐药)涂阴培阳"
633,表 6-3-2 ,A19.000x007,"血行播散性肺结核(初治,耐多药)涂阳培阳"
634,表 6-3-2 ,A19.000x008,"血行播散性肺结核(初治,耐多药)涂阴培阳"
635,表 6-3-2 ,A19.000x009,"血行播散性肺结核(初治,药物敏感)涂阳培阳"
636,表 6-3-2 ,A19.000x010,"血行播散性肺结核(初治,药物敏感)涂阴培阳"
637,表 6-3-2 ,A19.000x011,"血行播散性肺结核(复治,单耐药)涂阳培阳"
638,表 6-3-2 ,A19.000x012,"血行播散性肺结核(复治,单耐药)涂阴培阳"
639,表 6-3-2 ,A19.000x013,"血行播散性肺结核(复治,多耐药)涂阳培阳"
640,表 6-3-2 ,A19.000x014,"血行播散性肺结核(复治,多耐药)涂阴培阳"
641,表 6-3-2 ,A19.000x015,"血行播散性肺结核(复治,广泛耐药)涂阳培阳"
642,表 6-3-2 ,A19.000x016,"血行播散性肺结核(复治,广泛耐药)涂阴培阳"
643,表 6-3-2 ,A19.000x017,"血行播散性肺结核(复治,耐多药)涂阳培阳"
644,表 6-3-2 ,A19.000x018,"血行播散性肺结核(复治,耐多药)涂阴培阳"
645,表 6-3-2 ,A19.000x019,"血行播散性肺结核(复治,药物敏感)涂阳培阳"
646,表 6-3-2 ,A19.000x020,"血行播散性肺结核(复治,药物敏感)涂阴培阳"
647,表 6-3-2 ,A19.001,急性血行播散型肺结核
648,表 6-3-2 ,A19.100,多个部位的急性粟粒型结核
649,表 6-3-2 ,A19.200,急性粟粒型结核
650,表 6-3-2 ,A19.200x001,急性血行播散性结核
651,表 6-3-2 ,A19.800,"粟粒型结核,其他的"
652,表 6-3-2 ,A19.801,亚急性血行播散型肺结核
653,表 6-3-2 ,A19.802,慢性血行播散型肺结核
654,表 6-3-2 ,A19.803,亚急性血行播散型结核
655,表 6-3-2 ,A19.900,粟粒型结核
656,表 6-3-2 ,A19.900x004,全身血行播散性结核
657,表 6-3-2 ,A19.900x005,结核性多浆膜腔积液
658,表 6-3-2 ,A19.901,结核性多浆膜炎
659,表 6-3-2 ,A19.902,全身性粟粒型结核
660,表 6-3-3 ,A20.000,腺鼠疫[腹股沟淋巴结鼠疫]
661,表 6-3-3 ,A20.000x001,腺鼠疫
662,表 6-3-3 ,A20.100,蜂窝织皮下型鼠疫
663,表 6-3-3 ,A20.101,皮肤型鼠疫
664,表 6-3-3 ,A20.200,肺鼠疫
665,表 6-3-3 ,A20.300,脑膜炎型鼠疫
666,表 6-3-3 ,A20.700,脓毒症型鼠疫
667,表 6-3-3 ,A20.800x004,肠鼠疫
668,表 6-3-3 ,A20.800x005,眼鼠疫
669,表 6-3-3 ,A20.801,顿挫性鼠疫
670,表 6-3-3 ,A20.802,无症状鼠疫
671,表 6-3-3 ,A20.803,轻型鼠疫
672,表 6-3-3 ,A20.900x002,鼠疫菌病[鼠疫耶尔森菌病]
673,表 6-3-3 ,A21.000,溃疡腺型土拉菌病
674,表 6-3-3 ,A21.100,眼腺型土拉菌病
675,表 6-3-3 ,A21.201+J17.0*,肺型土拉菌病
676,表 6-3-3 ,A21.300,胃肠土拉菌病
677,表 6-3-3 ,A21.300x002,咽腺型土拉菌病
678,表 6-3-3 ,A21.301,腹部土拉菌病
679,表 6-3-3 ,A21.700,全身性土拉菌病
680,表 6-3-3 ,A21.700x002,土拉菌脓毒症
681,表 6-3-3 ,A21.800,土拉菌病，其他形式的
682,表 6-3-3 ,A21.800x001,伤寒中毒型土拉菌病
683,表 6-3-3 ,A21.900x001,兔热病
684,表 6-3-3 ,A22.000,皮肤炭疽
685,表 6-3-3 ,A22.100x003,职业性炭疽
686,表 6-3-3 ,A22.102+J17.0*,炭疽肺炎
687,表 6-3-3 ,A22.200,胃肠炭疽
688,表 6-3-3 ,A22.200x001,肠炭疽
689,表 6-3-3 ,A22.700,炭疽性脓毒症
690,表 6-3-3 ,A22.801+G01*,炭疽脑膜炎
691,表 6-3-3 ,A22.900,炭疽
692,表 6-3-3 ,A23.000,马耳他布氏菌病
693,表 6-3-3 ,A23.000x001,羊布氏杆菌病
694,表 6-3-3 ,A23.100,流产布氏菌病
695,表 6-3-3 ,A23.100x001,牛布氏菌病
696,表 6-3-3 ,A23.200,猪布氏菌病
697,表 6-3-3 ,A23.300,犬布氏菌病
698,表 6-3-3 ,A23.800,布氏菌病，其他的
699,表 6-3-3 ,A23.900x001,布氏杆菌病[波状热]
700,表 6-3-3 ,A23.900x003,布氏杆菌性葡萄膜炎
701,表 6-3-3 ,A23.900x004,慢性布氏杆菌病
702,表 6-3-3 ,A23.900x005+G05.0*,布氏杆菌性脑炎
703,表 6-3-3 ,A23.900x006,布氏杆菌多发性神经根神经病
704,表 6-3-3 ,A23.901+M49.1*,布氏菌病脊柱炎
705,表 6-3-3 ,A23.902+M01.3*,布氏菌病关节炎
706,表 6-3-3 ,A23.903+N16.0*,布氏菌病肾小管-间质病变
707,表 6-3-3 ,A24.000,鼻疽
708,表 6-3-3 ,A24.000x002,马皮疽伯克霍尔德菌感染
709,表 6-3-3 ,A24.001,鼻疽假单胞菌感染性鼻疽
710,表 6-3-3 ,A24.002,鼻疽伯克霍德菌感染性鼻疽
711,表 6-3-3 ,A24.100x002,类鼻疽脓毒症
712,表 6-3-3 ,A24.100x003,类鼻疽肺炎
713,表 6-3-3 ,A24.101,急性类鼻疽
714,表 6-3-3 ,A24.102,暴发性类鼻疽
715,表 6-3-3 ,A24.201,亚急性类鼻疽
716,表 6-3-3 ,A24.202,慢性类鼻疽
717,表 6-3-3 ,A24.300,类鼻疽，其他的
718,表 6-3-3 ,A24.400,类鼻疽
719,表 6-3-3 ,A25.000x001,小螺菌鼠咬热
720,表 6-3-3 ,A25.100x001,念珠状链杆菌鼠咬热
721,表 6-3-3 ,A25.900,鼠咬热
722,表 6-3-3 ,A26.000,皮肤类丹毒
723,表 6-3-3 ,A26.700,丹毒丝菌脓毒症
724,表 6-3-3 ,A26.700x001,类丹毒脓毒症
725,表 6-3-3 ,A26.800x001,播散性类丹毒
726,表 6-3-3 ,A26.900,类丹毒
727,表 6-3-3 ,A26.900x002,丹毒丝菌感染
728,表 6-3-3 ,A27.000,出血性黄疸钩端螺旋体病
729,表 6-3-3 ,A27.800,钩端螺旋体病，其他形式的
730,表 6-3-3 ,A27.800x001,流感伤寒型钩端螺旋体病
731,表 6-3-3 ,A27.900x002,钩端螺旋体病感染中毒型
732,表 6-3-3 ,A27.900x004,钩端螺旋体病肺出血型
733,表 6-3-3 ,A27.900x005,钩端螺旋体病肾衰竭型
734,表 6-3-3 ,A27.900x006,钩端螺旋体病脑膜脑炎型
735,表 6-3-3 ,A28.000,巴斯德菌病
736,表 6-3-3 ,A28.001,巴斯德菌脓毒症
737,表 6-3-3 ,A28.100,猫抓病
738,表 6-3-3 ,A28.200,肠外耶尔森菌病
739,表 6-3-3 ,A28.801,人感染猪链球菌
740,表 6-3-3 ,A28.900,动物源性细菌性疾病
741,表 6-3-4 ,A30.000x001,未定类(I)麻风
742,表 6-3-4 ,A30.100x001,结核样型(TT)麻风
743,表 6-3-4 ,A30.100x003,麻风性穿孔性足溃疡
744,表 6-3-4 ,A30.200,偏结核样型界线类麻风
745,表 6-3-4 ,A30.200x001,界限结核样型(BT)麻风
746,表 6-3-4 ,A30.300,中间界线类麻风
747,表 6-3-4 ,A30.300x001,界线类(BB)麻风
748,表 6-3-4 ,A30.300x002,混合型麻风
749,表 6-3-4 ,A30.400,偏瘤型界线类麻风
750,表 6-3-4 ,A30.400x001,界限瘤型(BL)麻风
751,表 6-3-4 ,A30.400x002,近瘤型中间型麻风
752,表 6-3-4 ,A30.500,瘤型麻风
753,表 6-3-4 ,A30.500x001,瘤型(LL)麻风
754,表 6-3-4 ,A30.800,麻风，其他形式的
755,表 6-3-4 ,A30.900,麻风
756,表 6-3-4 ,A30.900x002,麻木型麻风
757,表 6-3-4 ,A30.900x003,斑疹麻木型麻风
758,表 6-3-4 ,A30.900x004,斑疹性麻风
759,表 6-3-4 ,A30.900x005,神经性麻风
760,表 6-3-4 ,A30.900x006+H19.2*,麻风性点状角膜炎
761,表 6-3-4 ,A30.900x007+H32.0*,麻风性脉络膜炎
762,表 6-3-4 ,A30.900x008,麻风性神经病
763,表 6-3-4 ,A31.000,肺分枝杆菌感染
764,表 6-3-4 ,A31.000x001,肺非结核分枝杆菌病
765,表 6-3-4 ,A31.000x004,堪萨斯分枝杆菌感染
766,表 6-3-4 ,A31.000x005,胞内分枝杆菌感染
767,表 6-3-4 ,A31.001,肺非典型分枝杆菌病
768,表 6-3-4 ,A31.002,鸟-胞内复合分枝杆菌感染
769,表 6-3-4 ,A31.100,皮肤分枝杆菌感染
770,表 6-3-4 ,A31.100x002,溃疡分枝杆菌感染
771,表 6-3-4 ,A31.101,伯鲁里溃疡
772,表 6-3-4 ,A31.102,海分枝杆菌感染
773,表 6-3-4 ,A31.800x001,猿猴分枝杆菌感染
774,表 6-3-4 ,A31.800x002,瘰疬分枝杆菌感染
775,表 6-3-4 ,A31.800x003,偶然分枝杆菌感染
776,表 6-3-4 ,A31.800x004,龟分枝杆菌感染
777,表 6-3-4 ,A31.800x005,土地分枝杆菌感染
778,表 6-3-4 ,A31.800x006,鸟分枝杆菌感染
779,表 6-3-4 ,A31.800x007,脓肿分枝杆菌感染
780,表 6-3-4 ,A31.801,淋巴结分枝杆菌感染
781,表 6-3-4 ,A31.802,足分枝杆菌病
782,表 6-3-4 ,A31.803,播散性非结核分枝杆菌病
783,表 6-3-4 ,A31.900x001,分枝杆菌病
784,表 6-3-4 ,A31.901,非典型分枝杆菌感染
785,表 6-3-4 ,A32.000,皮肤利斯特菌病
786,表 6-3-4 ,A32.101+G01*,利斯特菌性脑膜炎
787,表 6-3-4 ,A32.102+G05.0*,利斯特菌性脑膜脑炎
788,表 6-3-4 ,A32.700,利斯特菌脓毒症
789,表 6-3-4 ,A32.701,单核细胞增多性利斯特菌脓毒症
790,表 6-3-4 ,A32.801+I68.1*,利斯特菌性大脑动脉炎
791,表 6-3-4 ,A32.802+I39.8*,利斯特菌性心内膜炎
792,表 6-3-4 ,A32.803,眼腺利斯特菌病
793,表 6-3-4 ,A32.900,利斯特菌病
794,表 6-3-4 ,A33.x00,新生儿破伤风
795,表 6-3-4 ,A34.x00,产科破伤风
796,表 6-3-4 ,A35.x00x001,破伤风
797,表 6-3-4 ,A36.000,咽白喉
798,表 6-3-4 ,A36.000x002,扁桃体白喉
799,表 6-3-4 ,A36.000x003,白喉性膜性咽峡炎
800,表 6-3-4 ,A36.000x004,白喉性悬雍垂麻痹
801,表 6-3-4 ,A36.100,鼻咽白喉
802,表 6-3-4 ,A36.200,喉白喉
803,表 6-3-4 ,A36.200x002,白喉性喉麻痹
804,表 6-3-4 ,A36.201,白喉性喉气管炎
805,表 6-3-4 ,A36.300,皮肤白喉
806,表 6-3-4 ,A36.800x005+N33.8*,白喉性膀胱炎
807,表 6-3-4 ,A36.800x006+H22.8*,白喉性虹膜麻痹
808,表 6-3-4 ,A36.801+H13.1*,白喉性结膜炎
809,表 6-3-4 ,A36.802+I41.0*,白喉性心肌炎
810,表 6-3-4 ,A36.803+G63.0*,白喉性多神经炎
811,表 6-3-4 ,A36.804+N16.0*,白喉性肾小管-间质病变
812,表 6-3-4 ,A36.900,白喉
813,表 6-3-4 ,A36.900x002,播散性白喉
814,表 6-3-4 ,A37.000,百日咳博德特杆菌性百日咳
815,表 6-3-4 ,A37.100,副百日咳博德特杆菌性百日咳
816,表 6-3-4 ,A37.800x001,支气管败血性杆菌百日咳
817,表 6-3-4 ,A37.900,百日咳
818,表 6-3-4 ,A37.900x003,百日咳肺不张
819,表 6-3-4 ,A37.900x004,百日咳肺气肿
820,表 6-3-4 ,A37.900x005,百日咳脑病
821,表 6-3-4 ,A37.901+J17.0*,百日咳肺炎
822,表 6-3-4 ,A38.x00,猩红热
823,表 6-3-4 ,A38.x00x002+I41.0*,猩红热并发急性心肌炎
824,表 6-3-4 ,A38.x00x010,猩红热轻型
825,表 6-3-4 ,A38.x00x011,猩红热中毒型
826,表 6-3-4 ,A38.x00x012,猩红热脓毒型
827,表 6-3-4 ,A38.x00x013,猩红热外科型
828,表 6-3-4 ,A38.x00x014,猩红热产科型
829,表 6-3-4 ,A39.000+G01*,脑膜炎球菌性脑膜炎
830,表 6-3-4 ,A39.000x004+G01*,双球菌性脑膜炎
831,表 6-3-4 ,A39.000x005+G01*,脑膜炎球菌性蛛网膜炎
832,表 6-3-4 ,A39.000x006+G01*,流行性脑脊髓膜炎轻型
833,表 6-3-4 ,A39.000x007+G01*,流行性脑脊髓膜炎普通型
834,表 6-3-4 ,A39.000x008+G01*,流行性脑脊髓膜炎暴发型
835,表 6-3-4 ,A39.001+G01*,普通型流行性脑脊髓膜炎
836,表 6-3-4 ,A39.002+G01*,暴发型流行性脑脊髓膜炎
837,表 6-3-4 ,A39.003+G01*,流行性脑脊髓膜炎
838,表 6-3-4 ,A39.100+E35.1*,沃-弗综合征
839,表 6-3-4 ,A39.200,急性脑膜炎球菌血症
840,表 6-3-4 ,A39.300,慢性脑膜炎球菌血症
841,表 6-3-4 ,A39.400,脑膜炎球菌血症
842,表 6-3-4 ,A39.500,脑膜炎球菌性心脏病
843,表 6-3-4 ,A39.501+I32.0*,脑膜炎球菌性心包炎
844,表 6-3-4 ,A39.502+I39.8*,脑膜炎球菌性心内膜炎
845,表 6-3-4 ,A39.503+I41.0*,脑膜炎球菌性心肌炎
846,表 6-3-4 ,A39.504+I52.0*,脑膜炎球菌性心炎
847,表 6-3-4 ,A39.801+H13.1*,脑膜炎球菌性结膜炎
848,表 6-3-4 ,A39.802+G05.0*,脑膜炎球菌性脑炎
849,表 6-3-4 ,A39.803+G05.0*,脑膜炎球菌性脊髓脊膜炎
850,表 6-3-4 ,A39.804+M01.0*,脑膜炎球菌性关节炎
851,表 6-3-4 ,A39.805+M03.0*,脑膜炎球菌感染后关节炎
852,表 6-3-4 ,A39.900,脑膜炎球菌感染
853,表 6-3-4 ,A40.000,A族链球菌性脓毒症
854,表 6-3-4 ,A40.100,B族链球菌性脓毒症
855,表 6-3-4 ,A40.200,D族链球菌和肠球菌所致脓毒症
856,表 6-3-4 ,A40.300,肺炎链球菌性脓毒症
857,表 6-3-4 ,A40.800,链球菌性脓毒症，其他的
858,表 6-3-4 ,A40.900,链球菌性脓毒症
859,表 6-3-4 ,A40.901+N08.0*,链球菌性脓毒症性肾小球病变
860,表 6-3-4 ,A40.903+N16.0*,链球菌性脓毒症性肾小管-间质病变
861,表 6-3-4 ,A41.000,金黄色葡萄球菌性脓毒症
862,表 6-3-4 ,A41.100x002,表皮葡萄球菌脓毒症
863,表 6-3-4 ,A41.101,凝固酶阴性葡萄球菌脓毒症
864,表 6-3-4 ,A41.200,葡萄球菌性脓毒症
865,表 6-3-4 ,A41.300,流感嗜血杆菌性脓毒症
866,表 6-3-4 ,A41.400,厌氧菌性脓毒症
867,表 6-3-4 ,A41.400x001,产气荚膜杆菌脓毒症
868,表 6-3-4 ,A41.500x083,革兰阴性杆菌脓毒症
869,表 6-3-4 ,A41.500x087,粘球杆菌脓毒症
870,表 6-3-4 ,A41.501,大肠杆菌脓毒症
871,表 6-3-4 ,A41.502,铜绿假单胞菌脓毒症
872,表 6-3-4 ,A41.503,克雷伯杆菌脓毒症
873,表 6-3-4 ,A41.504,阴沟肠杆菌脓毒症
874,表 6-3-4 ,A41.505,变形杆菌脓毒症
875,表 6-3-4 ,A41.506,不动杆菌属性脓毒症
876,表 6-3-4 ,A41.800x002,JK组棒状杆菌脓毒病
877,表 6-3-4 ,A41.801,枯草杆菌脓毒症
878,表 6-3-4 ,A41.802,类酵母菌脓毒症
879,表 6-3-4 ,A41.803,新型隐球菌脓毒症
880,表 6-3-4 ,A41.804,真菌脓毒症
881,表 6-3-4 ,A41.805,革兰阳性菌脓毒症
882,表 6-3-4 ,A41.806,微球菌属性脓毒症
883,表 6-3-4 ,A41.807,肠球菌性脓毒症
884,表 6-3-4 ,A41.900,脓毒症
885,表 6-3-4 ,A41.900x004,内毒素血症
886,表 6-3-4 ,A41.902+N08.0*,脓毒症性肾小球病变
887,表 6-3-4 ,A41.904+N16.0*,脓毒症性肾小管-间质病变
888,表 6-3-4 ,A42.000,肺放线菌病
889,表 6-3-4 ,A42.100,腹放线菌病
890,表 6-3-4 ,A42.200,颈面部放线菌病
891,表 6-3-4 ,A42.200x002,颌骨放线菌病
892,表 6-3-4 ,A42.700,放线菌病性脓毒症
893,表 6-3-4 ,A42.800x002,放线菌皮肤感染
894,表 6-3-4 ,A42.800x003+G01*,放线菌脑膜炎
895,表 6-3-4 ,A42.801,涎腺放线菌病
896,表 6-3-4 ,A42.802,乳腺放线菌病
897,表 6-3-4 ,A42.803,肝放线菌病
898,表 6-3-4 ,A42.804,盆腔放线菌病
899,表 6-3-4 ,A42.805,阴道放线菌病
900,表 6-3-4 ,A42.900,放线菌病
901,表 6-3-4 ,A43.000x001+J99.8*,肺诺卡菌肺炎
902,表 6-3-4 ,A43.100,皮肤诺卡菌病
903,表 6-3-4 ,A43.800x001,播散性奴卡菌病
904,表 6-3-4 ,A43.801,脑诺卡菌病
905,表 6-3-4 ,A43.802,肾诺卡菌病
906,表 6-3-4 ,A43.900,诺卡菌病
907,表 6-3-4 ,A44.000,全身性巴尔通体病
908,表 6-3-4 ,A44.100,皮肤和黏膜皮肤的巴尔通体病
909,表 6-3-4 ,A44.800,巴尔通体病，其他形式的
910,表 6-3-4 ,A44.900,巴尔通体病
911,表 6-3-4 ,A46.x00,丹毒
912,表 6-3-4 ,A48.000,气性坏疽
913,表 6-3-4 ,A48.100,军团病
914,表 6-3-4 ,A48.100x001,嗜肺军团菌肺炎
915,表 6-3-4 ,A48.100x003,军团菌性脑炎
916,表 6-3-4 ,A48.200,非肺炎性军团病[庞蒂亚克热]
917,表 6-3-4 ,A48.300,中毒性休克综合征
918,表 6-3-4 ,A48.400,巴西紫热
919,表 6-3-4 ,A48.800,细菌性疾病，其他特指的
920,表 6-3-4 ,A48.800x002,坏死性杆菌病
921,表 6-3-4 ,A48.801,鼻硬结病
922,表 6-3-4 ,A49.000,葡萄球菌感染
923,表 6-3-4 ,A49.001,葡萄球菌感染性菌血症
924,表 6-3-4 ,A49.002,耐甲氧西林金黄色葡萄球菌感染
925,表 6-3-4 ,A49.003,耐甲氧西林凝固酶阴性葡萄球菌感染
926,表 6-3-4 ,A49.004,甲氧西林敏感金黄色葡萄球菌感染
927,表 6-3-4 ,A49.100x004,草绿色链球菌感染
928,表 6-3-4 ,A49.100x005,屎肠球菌感染
929,表 6-3-4 ,A49.100x006,粪肠球菌感染
930,表 6-3-4 ,A49.101,链球菌感染性菌血症
931,表 6-3-4 ,A49.102,肺炎球菌感染
932,表 6-3-4 ,A49.103,链球菌感染综合征
933,表 6-3-4 ,A49.200,流感嗜血杆菌感染
934,表 6-3-4 ,A49.201,流感嗜血杆菌感染性菌血症
935,表 6-3-4 ,A49.300,支原体感染
936,表 6-3-4 ,A49.301,支原体菌属感染性菌血症
937,表 6-3-4 ,A49.800x003,弗里德兰德杆菌感染
938,表 6-3-4 ,A49.800x014,产碱杆菌感染
939,表 6-3-4 ,A49.800x015,迟钝爱德华杆菌感染
940,表 6-3-4 ,A49.800x019,醋酸钙不动杆菌感染
941,表 6-3-4 ,A49.800x020,人苍白杆菌菌血症
942,表 6-3-4 ,A49.800x023,革兰阳性杆菌感染
943,表 6-3-4 ,A49.801,大肠杆菌感染
944,表 6-3-4 ,A49.802,肺炎杆菌感染
945,表 6-3-4 ,A49.803,不动杆菌感染性菌血症
946,表 6-3-4 ,A49.804,变形杆菌感染
947,表 6-3-4 ,A49.805,克雷伯杆菌感染
948,表 6-3-4 ,A49.806,肠杆菌感染性菌血症
949,表 6-3-4 ,A49.807,沙雷菌感染
950,表 6-3-4 ,A49.808,雷极普鲁菲登菌感染
951,表 6-3-4 ,A49.809,幽门螺杆菌感染
952,表 6-3-4 ,A49.810,阴沟肠杆菌感染
953,表 6-3-4 ,A49.811,嗜麦芽窄食单胞菌感染性菌血症
954,表 6-3-4 ,A49.812,鲍曼不动杆菌感染
955,表 6-3-4 ,A49.813,克雷伯杆菌感染性菌血症
956,表 6-3-4 ,A49.814,铜绿假单胞菌感染
957,表 6-3-4 ,A49.815,肺炎克雷伯杆菌感染
958,表 6-3-4 ,A49.817,气球菌感染
959,表 6-3-4 ,A49.900,细菌性感染
960,表 6-3-4 ,A49.901,菌血症
961,表 6-3-4 ,A49.902,革兰阴性杆菌感染
962,表 6-3-5 ,A50.000,有症状的早期先天性梅毒
963,表 6-3-5 ,A50.000x001+H32.0*,早期先天性梅毒性脉络膜视网膜炎
964,表 6-3-5 ,A50.000x002+K77.0*,早期先天性梅毒性肝炎
965,表 6-3-5 ,A50.001+H58.8*,早期先天性梅毒性眼病
966,表 6-3-5 ,A50.100,潜伏性早期先天性梅毒
967,表 6-3-5 ,A50.200,早期先天性梅毒
968,表 6-3-5 ,A50.300+H58.8*,晚期先天性梅毒性眼病
969,表 6-3-5 ,A50.300x002+H19.2*,晚期先天性梅毒性间质性角膜炎
970,表 6-3-5 ,A50.300x003+H32.0*,晚期先天性梅毒性脉络膜视网膜炎
971,表 6-3-5 ,A50.301+H19.2*,梅毒性角膜炎
972,表 6-3-5 ,A50.400,晚期先天性神经梅毒[青少年神经梅毒]
973,表 6-3-5 ,A50.400x001,晚期先天性神经梅毒[幼年型神经梅毒]
974,表 6-3-5 ,A50.400x002+G01*,晚期先天性梅毒性脑膜炎
975,表 6-3-5 ,A50.400x003+G05.0*,晚期先天性梅毒性脑炎
976,表 6-3-5 ,A50.400x004+G63.0*,晚期先天性梅毒性多神经病
977,表 6-3-5 ,A50.401,幼年型麻痹性痴呆
978,表 6-3-5 ,A50.402+G01*,先天性梅毒性脑膜炎
979,表 6-3-5 ,A50.500,有症状的其他晚期先天性梅毒
980,表 6-3-5 ,A50.500x001,先天性梅毒牙
981,表 6-3-5 ,A50.600,潜伏性晚期先天性梅毒
982,表 6-3-5 ,A50.700,晚期先天性梅毒
983,表 6-3-5 ,A50.900,先天性梅毒
984,表 6-3-5 ,A51.000,初期生殖器梅毒
985,表 6-3-5 ,A51.000x002,梅毒性下疳
986,表 6-3-5 ,A51.001,阴茎下疳
987,表 6-3-5 ,A51.002,一期梅毒
988,表 6-3-5 ,A51.100x001,肛门梅毒
989,表 6-3-5 ,A51.200,初期梅毒，其他部位的
990,表 6-3-5 ,A51.201,唇下疳
991,表 6-3-5 ,A51.300x002,二期早发梅毒疹
992,表 6-3-5 ,A51.300x003,二期晚发梅毒疹
993,表 6-3-5 ,A51.300x004,二期复发梅毒疹
994,表 6-3-5 ,A51.300x005,二期梅毒湿疣
995,表 6-3-5 ,A51.301,皮肤二期梅毒
996,表 6-3-5 ,A51.302,黏膜二期梅毒
997,表 6-3-5 ,A51.303,皮肤梅毒
998,表 6-3-5 ,A51.304,外阴扁平湿疣
999,表 6-3-5 ,A51.400x001,二期梅毒
1000,表 6-3-5 ,A51.400x002+M90.1*,二期梅毒性骨膜炎
1001,表 6-3-5 ,A51.400x005+H22.0*,二期梅毒性虹膜睫状体炎
1002,表 6-3-5 ,A51.400x007+M63.0*,二期梅毒性肌炎
1003,表 6-3-5 ,A51.400x008+K77.0*,二期梅毒性肝炎
1004,表 6-3-5 ,A51.400x009+N74.2*,女性二期梅毒性盆腔炎
1005,表 6-3-5 ,A51.400x010,二期梅毒性淋巴结炎
1006,表 6-3-5 ,A51.401+G01*,二期梅毒性脑膜炎
1007,表 6-3-5 ,A51.402+H22.0*,二期梅毒性葡萄膜炎
1008,表 6-3-5 ,A51.403+H32.0*,早期梅毒性视网膜炎
1009,表 6-3-5 ,A51.404+H58.8*,早期梅毒性眼病
1010,表 6-3-5 ,A51.405+H58.8*,二期梅毒性眼病
1011,表 6-3-5 ,A51.500,潜伏性早期梅毒
1012,表 6-3-5 ,A51.900,早期梅毒
1013,表 6-3-5 ,A52.000+I98.0*,心血管梅毒
1014,表 6-3-5 ,A52.000x001+I52.0*,梅毒性冠状动脉口狭窄
1015,表 6-3-5 ,A52.000x006+I39.1*,梅毒性主动脉瓣狭窄
1016,表 6-3-5 ,A52.000x007+I39.1*,梅毒性主动脉瓣狭窄关闭不全
1017,表 6-3-5 ,A52.000x011+I39.0*,梅毒性二尖瓣狭窄
1018,表 6-3-5 ,A52.001+I68.1*,梅毒性大脑动脉炎
1019,表 6-3-5 ,A52.002+I79.1*,梅毒性主动脉炎
1020,表 6-3-5 ,A52.003+I79.0*,梅毒性主动脉动脉瘤
1021,表 6-3-5 ,A52.004+I39.1*,梅毒性主动脉瓣关闭不全
1022,表 6-3-5 ,A52.005+I52.0*,梅毒性心脏病
1023,表 6-3-5 ,A52.006+I39.8*,梅毒性心内膜炎
1024,表 6-3-5 ,A52.007+I41.0*,梅毒性心肌炎
1025,表 6-3-5 ,A52.008+I32.0*,梅毒性心包炎
1026,表 6-3-5 ,A52.009+I39.3*,梅毒性肺动脉反流
1027,表 6-3-5 ,A52.100,有症状性神经梅毒
1028,表 6-3-5 ,A52.100x005+G22*,梅毒性帕金森病
1029,表 6-3-5 ,A52.100x006+G59.8*,梅毒性神经炎
1030,表 6-3-5 ,A52.100x007+G05.0*,梅毒性脑炎
1031,表 6-3-5 ,A52.100x008+G63.0*,梅毒性多神经病
1032,表 6-3-5 ,A52.100x009+G01*,梅毒性脑膜炎
1033,表 6-3-5 ,A52.100x010+G05.0*,梅毒性脑膜脑炎
1034,表 6-3-5 ,A52.100x011,梅毒性痉挛性截瘫
1035,表 6-3-5 ,A52.100x012+H48.1*,梅毒相关性视神经炎
1036,表 6-3-5 ,A52.101,脊髓痨
1037,表 6-3-5 ,A52.102+H58.0*,阿-罗瞳孔
1038,表 6-3-5 ,A52.103+M14.6*,夏科关节病
1039,表 6-3-5 ,A52.104+F02.8*,麻痹性痴呆
1040,表 6-3-5 ,A52.105+G01*,三期梅毒性脑膜炎
1041,表 6-3-5 ,A52.106+H48.0*,视神经梅毒
1042,表 6-3-5 ,A52.200,无症状性神经梅毒
1043,表 6-3-5 ,A52.300,神经梅毒
1044,表 6-3-5 ,A52.700x001,梅毒瘤
1045,表 6-3-5 ,A52.700x003+J99.8*,鼻梅毒
1046,表 6-3-5 ,A52.700x004+J99.8*,鼻窦梅毒
1047,表 6-3-5 ,A52.700x007+K77.0*,梅毒性肝病
1048,表 6-3-5 ,A52.700x008+M68.0*,梅毒性滑膜炎
1049,表 6-3-5 ,A52.700x009+M68.0*,梅毒性腱鞘炎
1050,表 6-3-5 ,A52.700x010+M63.0*,梅毒性肌炎
1051,表 6-3-5 ,A52.700x012+N08.0*,梅毒性肾炎
1052,表 6-3-5 ,A52.700x015+H58.8*,梅毒性眼病
1053,表 6-3-5 ,A52.701+H22.0*,三期梅毒性葡萄膜炎
1054,表 6-3-5 ,A52.702+H32.0*,三期梅毒性视网膜炎
1055,表 6-3-5 ,A52.703+J99.8*,梅毒性喉炎
1056,表 6-3-5 ,A52.704+J99.8*,肺梅毒
1057,表 6-3-5 ,A52.705+K77.0*,梅毒性肝硬化
1058,表 6-3-5 ,A52.706+M01.3*,梅毒性关节病
1059,表 6-3-5 ,A52.707+M90.2*,骨梅毒
1060,表 6-3-5 ,A52.708+H58.8*,晚期梅毒性眼病
1061,表 6-3-5 ,A52.709+N08.0*,梅毒性肾小球病变
1062,表 6-3-5 ,A52.710+K67.2*,梅毒性腹膜炎
1063,表 6-3-5 ,A52.800,潜伏性晚期梅毒
1064,表 6-3-5 ,A52.801,潜伏性三期梅毒
1065,表 6-3-5 ,A52.900,晚期梅毒
1066,表 6-3-5 ,A53.000x001,隐性梅毒
1067,表 6-3-5 ,A53.000x002,梅毒血清反应阳性
1068,表 6-3-5 ,A53.900,梅毒
1069,表 6-3-5 ,A54.001,淋球菌性膀胱炎
1070,表 6-3-5 ,A54.002,淋球菌性尿道炎
1071,表 6-3-5 ,A54.003,淋球菌性宫颈炎
1072,表 6-3-5 ,A54.004,淋球菌性阴道炎
1073,表 6-3-5 ,A54.005,淋球菌性外阴阴道炎
1074,表 6-3-5 ,A54.100x002,淋球菌性尿道脓肿
1075,表 6-3-5 ,A54.102,淋球菌性前庭大腺脓肿
1076,表 6-3-5 ,A54.200x004+N74.3*,淋球菌性输卵管炎
1077,表 6-3-5 ,A54.201+N74.3*,淋球菌性女性盆腔炎性疾病
1078,表 6-3-5 ,A54.202+N51.0*,淋球菌性前列腺炎
1079,表 6-3-5 ,A54.203+N51.1*,淋球菌性睾丸炎
1080,表 6-3-5 ,A54.204+N51.1*,淋球菌性附睾炎
1081,表 6-3-5 ,A54.300x002+H19.2*,先天性淋球菌性角膜炎
1082,表 6-3-5 ,A54.301+H13.1*,淋球菌性新生儿眼炎
1083,表 6-3-5 ,A54.302+H13.1*,淋球菌性结膜炎
1084,表 6-3-5 ,A54.303+H22.0*,淋球菌性虹膜睫状体炎
1085,表 6-3-5 ,A54.401+M01.3*,淋球菌性关节炎
1086,表 6-3-5 ,A54.402+M73.0*,淋球菌性滑囊炎
1087,表 6-3-5 ,A54.403+M90.2*,淋球菌性骨髓炎
1088,表 6-3-5 ,A54.404+M68.0*,淋球菌性滑膜炎
1089,表 6-3-5 ,A54.405+M68.0*,淋球菌性腱鞘炎
1090,表 6-3-5 ,A54.500,淋球菌性咽炎
1091,表 6-3-5 ,A54.600x001,淋球菌性直肠炎
1092,表 6-3-5 ,A54.601,直肠淋球菌感染
1093,表 6-3-5 ,A54.602,肛门淋球菌感染
1094,表 6-3-5 ,A54.801+G07*,淋球菌性脑脓肿
1095,表 6-3-5 ,A54.802+I39.8*,淋球菌性心内膜炎
1096,表 6-3-5 ,A54.803+G01*,淋球菌性脑膜炎
1097,表 6-3-5 ,A54.804+I41.0*,淋球菌性心肌炎
1098,表 6-3-5 ,A54.805+I32.0*,淋球菌性心包炎
1099,表 6-3-5 ,A54.806+J17.0*,淋球菌性肺炎
1100,表 6-3-5 ,A54.807+K67.1*,淋球菌性腹膜炎
1101,表 6-3-5 ,A54.808,淋球菌性脓毒症
1102,表 6-3-5 ,A54.809,淋球菌性皮肤病
1103,表 6-3-5 ,A54.900,淋球菌感染
1104,表 6-3-5 ,A54.900x001,淋病
1105,表 6-3-5 ,A54.900x002,慢性淋球菌感染
1106,表 6-3-5 ,A55.x00,衣原体(性病性)淋巴肉芽肿
1107,表 6-3-5 ,A56.000x003,衣原体性尿道炎
1108,表 6-3-5 ,A56.001,衣原体性膀胱炎
1109,表 6-3-5 ,A56.002,衣原体性宫颈炎
1110,表 6-3-5 ,A56.003,衣原体性阴道炎
1111,表 6-3-5 ,A56.004,衣原体性外阴阴道炎
1112,表 6-3-5 ,A56.100x003+N74.4*,衣原体性输卵管炎
1113,表 6-3-5 ,A56.100x004+N74.4*,衣原体性子宫内膜炎
1114,表 6-3-5 ,A56.101+N74.4*,衣原体性女性盆腔炎性疾病
1115,表 6-3-5 ,A56.102+N51.1*,衣原体性睾丸炎
1116,表 6-3-5 ,A56.103+N51.1*,衣原体性附睾炎
1117,表 6-3-5 ,A56.104+N74.4*,衣原体盆腔腹膜感染
1118,表 6-3-5 ,A56.200,泌尿生殖道的衣原体感染
1119,表 6-3-5 ,A56.300x001,衣原体性直肠炎
1120,表 6-3-5 ,A56.301,直肠衣原体感染
1121,表 6-3-5 ,A56.302,肛门衣原体感染
1122,表 6-3-5 ,A56.400,咽的衣原体感染
1123,表 6-3-5 ,A56.800,衣原体感染，其他部位的性传播的
1124,表 6-3-5 ,A57.x00x002,外阴软下疳
1125,表 6-3-5 ,A57.x00x003,阴茎软下疳
1126,表 6-3-5 ,A58.x00,腹股沟肉芽肿
1127,表 6-3-5 ,A58.x01,溃疡性腹股沟肉芽肿
1128,表 6-3-5 ,A59.000,泌尿生殖系滴虫病
1129,表 6-3-5 ,A59.000x003+N51.0*,滴虫性前列腺炎
1130,表 6-3-5 ,A59.001+N37.0*,滴虫性尿道炎
1131,表 6-3-5 ,A59.002+N77.1*,滴虫性阴道炎
1132,表 6-3-5 ,A59.800x001,口腔毛滴虫感染
1133,表 6-3-5 ,A59.900,滴虫病
1134,表 6-3-5 ,A60.000x003+N77.1*,外阴疱疹
1135,表 6-3-5 ,A60.000x004+N51.8*,阴囊单纯性疱疹
1136,表 6-3-5 ,A60.001,生殖器疱疹
1137,表 6-3-5 ,A60.002,泌尿生殖道疱疹病毒感染
1138,表 6-3-5 ,A60.003+N51.8*,阴茎单纯疱疹
1139,表 6-3-5 ,A60.100x002,肛周皮肤疱疹
1140,表 6-3-5 ,A60.102+K93.8*,直肠疱疹病毒感染
1141,表 6-3-5 ,A60.900,肛门生殖器的疱疹病毒感染
1142,表 6-3-5 ,A63.000,肛门生殖器(性病性)疣
1143,表 6-3-5 ,A63.001,肛门生殖器尖锐湿疣
1144,表 6-3-5 ,A63.002,外阴尖锐湿疣
1145,表 6-3-5 ,A63.003,喉尖锐湿疣
1146,表 6-3-5 ,A63.800,主要为性传播的疾病，其他特指的
1147,表 6-3-5 ,A64.x00,性传播疾病
1148,表 6-3-6 ,A65.x00,非性病性梅毒
1149,表 6-3-6 ,A66.000,雅司病初发损害
1150,表 6-3-6 ,A66.100,多发性乳头瘤和湿性角化过度性雅司病
1151,表 6-3-6 ,A66.200,雅司病的其他早期皮肤损害
1152,表 6-3-6 ,A66.300,雅司病角化过度
1153,表 6-3-6 ,A66.400,雅司病的树胶样肿和溃疡
1154,表 6-3-6 ,A66.501+J99.8*,毁形性鼻咽炎
1155,表 6-3-6 ,A66.600,雅司病的骨和关节损害
1156,表 6-3-6 ,A66.700,雅司病的其他表现
1157,表 6-3-6 ,A66.800,潜伏性雅司病
1158,表 6-3-6 ,A66.900,雅司病
1159,表 6-3-6 ,A67.000,品他病初期损害
1160,表 6-3-6 ,A67.100,品他病中期损害
1161,表 6-3-6 ,A67.200,品他病晚期损害
1162,表 6-3-6 ,A67.300,品他病的混合性损害
1163,表 6-3-6 ,A67.900,品他病
1164,表 6-3-6 ,A68.000,虱媒介的回归热
1165,表 6-3-6 ,A68.100,蜱媒介的回归热
1166,表 6-3-6 ,A68.900,回归热
1167,表 6-3-6 ,A69.000,坏死性溃疡性口炎
1168,表 6-3-6 ,A69.000x002,走马疳
1169,表 6-3-6 ,A69.100x001,奋森咽峡炎
1170,表 6-3-6 ,A69.100x002,梭菌螺旋体性咽炎
1171,表 6-3-6 ,A69.100x003,急性坏死性溃疡性龈炎
1172,表 6-3-6 ,A69.200,莱姆病
1173,表 6-3-6 ,A69.200x002+G63.0*,莱姆病性神经病
1174,表 6-3-6 ,A69.800,螺旋体感染，其他特指的
1175,表 6-3-6 ,A69.900,螺旋体感染
1176,表 6-3-6 ,A69.900x002+M01.8*,螺旋体感染性关节炎
1177,表 6-3-7 ,A70.x00,鹦鹉热衣原体感染
1178,表 6-3-7 ,A71.000,初期沙眼
1179,表 6-3-7 ,A71.100,活动期沙眼
1180,表 6-3-7 ,A71.100x002,沙眼性血管翳
1181,表 6-3-7 ,A71.100x003,沙眼性结膜炎
1182,表 6-3-7 ,A71.101,沙眼性角膜炎
1183,表 6-3-7 ,A71.900,沙眼
1184,表 6-3-7 ,A74.000+H13.1*,衣原体结膜炎
1185,表 6-3-7 ,A74.801+K67.0*,衣原体腹膜炎
1186,表 6-3-7 ,A74.900,衣原体感染
1187,表 6-3-8 ,A75.000x002,轻型斑疹伤寒
1188,表 6-3-8 ,A75.000x003,典型斑疹伤寒
1189,表 6-3-8 ,A75.000x004,重型斑疹伤寒
1190,表 6-3-8 ,A75.001,流行性斑疹伤寒
1191,表 6-3-8 ,A75.100,再燃性斑疹伤寒[布里尔病]
1192,表 6-3-8 ,A75.200x001,地方性斑疹伤寒
1193,表 6-3-8 ,A75.300x001,恙虫病
1194,表 6-3-8 ,A75.900,斑疹伤寒
1195,表 6-3-8 ,A77.000,立氏立克次体性斑疹热
1196,表 6-3-8 ,A77.000x001,落基山斑点热
1197,表 6-3-8 ,A77.100,康诺尔立克次体性斑疹热
1198,表 6-3-8 ,A77.100x001,南欧斑疹热[纽扣热]
1199,表 6-3-8 ,A77.200,西伯利亚立克次体性斑疹热
1200,表 6-3-8 ,A77.200x001,北亚蜱传斑点热
1201,表 6-3-8 ,A77.300,澳洲立克次体性斑疹热
1202,表 6-3-8 ,A77.300x001,昆士兰蜱传斑点热
1203,表 6-3-8 ,A77.800,"斑疹热,其他的"
1204,表 6-3-8 ,A77.900,斑疹热
1205,表 6-3-8 ,A77.900x001,蜱传斑点热
1206,表 6-3-8 ,A78.x00,Q热
1207,表 6-3-8 ,A79.000,战壕热
1208,表 6-3-8 ,A79.100,螨立克次体性立克次体痘
1209,表 6-3-8 ,A79.800x002,人粒细胞无形体病
1210,表 6-3-8 ,A79.801,附红细胞体病
1211,表 6-3-8 ,A79.900,立克次体病
1212,表 6-3-8 ,A79.900x003+G05.2*,立克次体脑炎
1213,表 6-3-8 ,A79.901,立克次体感染
1214,表 6-3-9 ,A80.000,急性麻痹性脊髓灰质炎，与接种有关
1215,表 6-3-9 ,A80.100,急性麻痹性脊髓灰质炎，(外地)移入性野病毒
1216,表 6-3-9 ,A80.200,急性麻痹性脊髓灰质炎，本土性野病毒
1217,表 6-3-9 ,A80.300x001,脊髓灰质炎瘫痪型
1218,表 6-3-9 ,A80.301,急性麻痹性脊髓灰质炎
1219,表 6-3-9 ,A80.400,急性非麻痹性脊髓灰质炎
1220,表 6-3-9 ,A80.400x001,脊髓灰质炎无瘫痪型
1221,表 6-3-9 ,A80.400x002,脊髓灰质炎顿挫型
1222,表 6-3-9 ,A80.900,急性脊髓灰质炎
1223,表 6-3-9 ,A81.000,克罗伊茨费尔特-雅各布病
1224,表 6-3-9 ,A81.000x002,亚急性海绵状脑病
1225,表 6-3-9 ,A81.000x004,可传播性海绵状脑病
1226,表 6-3-9 ,A81.000x006,常染色体显性遗传朊蛋白病
1227,表 6-3-9 ,A81.000x007,家族性致死性睡眠症
1228,表 6-3-9 ,A81.001+F02.1*,克罗伊茨费尔特-雅各布病性痴呆
1229,表 6-3-9 ,A81.100,亚急性硬化性全脑炎
1230,表 6-3-9 ,A81.101,亚急性包涵体脑炎
1231,表 6-3-9 ,A81.200,进行性多灶性白质脑病
1232,表 6-3-9 ,A81.200x001,播散性坏死性脑白质病
1233,表 6-3-9 ,A81.800,中枢神经系统其他的非典型病毒感染
1234,表 6-3-9 ,A81.800x001,库鲁病[新几内亚震颤病]
1235,表 6-3-9 ,A81.801,朊蛋白病
1236,表 6-3-9 ,A81.900,中枢神经系统的非典型病毒感染
1237,表 6-3-9 ,A82.000,森林狂犬病
1238,表 6-3-9 ,A82.100,城市狂犬病
1239,表 6-3-9 ,A82.900,狂犬病
1240,表 6-3-9 ,A83.000,日本脑炎
1241,表 6-3-9 ,A83.000x001,流行性乙型脑炎
1242,表 6-3-9 ,A83.000x002,流行性乙型脑炎轻型
1243,表 6-3-9 ,A83.000x003,流行性乙型脑炎普通型
1244,表 6-3-9 ,A83.000x004,流行性乙型脑炎重型
1245,表 6-3-9 ,A83.000x005,流行性乙型脑炎极重型
1246,表 6-3-9 ,A83.100,西方马脑炎
1247,表 6-3-9 ,A83.200,东方马脑炎
1248,表 6-3-9 ,A83.300,圣路易斯脑炎
1249,表 6-3-9 ,A83.400,澳大利亚脑炎
1250,表 6-3-9 ,A83.500,加利福尼亚脑炎
1251,表 6-3-9 ,A83.600,罗西欧病毒病
1252,表 6-3-9 ,A83.800,蚊媒介病毒性脑炎，其他的
1253,表 6-3-9 ,A83.900,蚊媒介的病毒性脑炎
1254,表 6-3-9 ,A84.000,远东蜱媒介的脑炎[俄罗斯春-夏型脑炎]
1255,表 6-3-9 ,A84.000x001,森林脑炎
1256,表 6-3-9 ,A84.100,中部欧洲蜱媒介的脑炎
1257,表 6-3-9 ,A84.800x001,羊跳跃脑炎
1258,表 6-3-9 ,A84.900,蜱媒介的病毒性脑炎
1259,表 6-3-9 ,A85.000+G05.1*,肠病毒性脑炎
1260,表 6-3-9 ,A85.000x002+G05.1*,柯萨奇病毒性脑炎
1261,表 6-3-9 ,A85.000x003+G05.1*,埃可病毒性脑炎
1262,表 6-3-9 ,A85.001+G05.1*,肠病毒性脑脊髓炎
1263,表 6-3-9 ,A85.100+G05.1*,腺病毒性脑炎
1264,表 6-3-9 ,A85.101+G05.1*,腺病毒性脑脊髓炎
1265,表 6-3-9 ,A85.200,节肢动物媒介的病毒性脑炎
1266,表 6-3-9 ,A85.200x001,虫媒病毒性脑炎
1267,表 6-3-9 ,A85.800,病毒性脑炎，其他特指的
1268,表 6-3-9 ,A86.x00,病毒性脑炎
1269,表 6-3-9 ,A86.x01,病毒性脑脊髓炎
1270,表 6-3-9 ,A86.x02,病毒性脑膜脑炎
1271,表 6-3-9 ,A87.000+G02.0*,肠病毒性脑膜炎
1272,表 6-3-9 ,A87.000x001+G02.0*,肠道病毒性脑膜炎
1273,表 6-3-9 ,A87.000x002+G02.0*,柯萨奇病毒性脑膜炎
1274,表 6-3-9 ,A87.000x003+G02.0*,埃可病毒性脑膜炎
1275,表 6-3-9 ,A87.100+G02.0*,腺病毒性脑膜炎
1276,表 6-3-9 ,A87.200x001+G02.0*,淋巴细胞性脉络丛脑膜炎
1277,表 6-3-9 ,A87.200x002+G02.0*,复发性淋巴细胞性脑膜炎
1278,表 6-3-9 ,A87.800,病毒性脑膜炎，其他的
1279,表 6-3-9 ,A87.801,乙脑病毒性脑膜炎
1280,表 6-3-9 ,A87.900,病毒性脑膜炎
1281,表 6-3-9 ,A87.901,病毒性脑脊髓膜炎
1282,表 6-3-9 ,A88.000,肠病毒疹热[波士顿疹病]
1283,表 6-3-9 ,A88.100,流行性眩晕
1284,表 6-3-9 ,A88.800,中枢神经系统其他特指的病毒性感染
1285,表 6-3-9 ,A88.800x001,脊髓灰质炎样综合征
1286,表 6-3-9 ,A89.x00,中枢神经系统的病毒性感染
1287,表 6-3-10 ,A92.000,奇昆古尼亚病毒病
1288,表 6-3-10 ,A92.001,基孔肯雅热
1289,表 6-3-10 ,A92.100,奥尼昂-尼昂热
1290,表 6-3-10 ,A92.200,委内瑞拉马型热
1291,表 6-3-10 ,A92.300,西尼罗河病毒感染
1292,表 6-3-10 ,A92.300x001,西尼罗热
1293,表 6-3-10 ,A92.300x002,西尼罗脑炎
1294,表 6-3-10 ,A92.300x003,西尼罗脑膜炎
1295,表 6-3-10 ,A92.300x004,西尼罗病毒性脑膜脑炎
1296,表 6-3-10 ,A92.400,裂谷热
1297,表 6-3-10 ,A92.500,寨卡病毒病
1298,表 6-3-10 ,A92.800,蚊媒介的病毒性发热，其他特指的
1299,表 6-3-10 ,A92.900,蚊媒介的病毒性发热
1300,表 6-3-10 ,A93.000,奥罗普什病毒病
1301,表 6-3-10 ,A93.100,白蛉热
1302,表 6-3-10 ,A93.200,科罗拉多蜱热
1303,表 6-3-10 ,A93.801,疱疹性口炎病毒病
1304,表 6-3-10 ,A93.802,发热伴血小板减少综合征
1305,表 6-3-10 ,A94.x01,虫媒病毒性发热
1306,表 6-3-10 ,A95.000,森林黄热病
1307,表 6-3-10 ,A95.100,城市黄热病
1308,表 6-3-10 ,A95.900,黄热病
1309,表 6-3-10 ,A96.000,朱宁出血热
1310,表 6-3-10 ,A96.100,马丘波出血热
1311,表 6-3-10 ,A96.100x001,玻利维亚出血热
1312,表 6-3-10 ,A96.200,拉沙热
1313,表 6-3-10 ,A96.800,"沙粒病毒性出血热,其他的"
1314,表 6-3-10 ,A96.900,沙粒病毒性出血热
1315,表 6-3-10 ,A97.000,登革热不伴预警
1316,表 6-3-10 ,A97.100,登革热伴预警
1317,表 6-3-10 ,A97.200,重症登革热
1318,表 6-3-10 ,A97.900,登革热，未特指
1319,表 6-3-10 ,A98.000,克里米亚-刚果出血热
1320,表 6-3-10 ,A98.100,鄂木斯克出血热
1321,表 6-3-10 ,A98.200,基萨那[凯萨努]森林病
1322,表 6-3-10 ,A98.300,马尔堡病毒病
1323,表 6-3-10 ,A98.400,埃博拉病毒病
1324,表 6-3-10 ,A98.400x001,埃博拉出血热
1325,表 6-3-10 ,A98.500x001+N08.0*,流行性出血热[肾综合征出血热]
1326,表 6-3-10 ,A98.800,病毒性出血热，其他特指的
1327,表 6-3-10 ,A99.x00,病毒性出血热
1328,表 6-3-11 ,B00.000,疱疹性湿疹
1329,表 6-3-11 ,B00.001,卡波西水疱样疹
1330,表 6-3-11 ,B00.100,疱疹病毒性水疱皮炎
1331,表 6-3-11 ,B00.100x001,单纯疱疹病毒性水疱皮炎
1332,表 6-3-11 ,B00.100x004+H62.1*,耳部单纯疱疹HSV-Ⅱ型
1333,表 6-3-11 ,B00.100x005,唇部单纯疱疹HSV-Ⅱ型
1334,表 6-3-11 ,B00.101,唇单纯疱疹
1335,表 6-3-11 ,B00.102,面单纯疱疹
1336,表 6-3-11 ,B00.200x001,口腔疱疹
1337,表 6-3-11 ,B00.201,疱疹病毒性龈口炎
1338,表 6-3-11 ,B00.202,疱疹病毒性咽扁桃体炎
1339,表 6-3-11 ,B00.203,疱疹病毒性口炎
1340,表 6-3-11 ,B00.204,疱疹病毒性颌下腺炎
1341,表 6-3-11 ,B00.205,疱疹病毒性咽炎
1342,表 6-3-11 ,B00.300+G02.0*,疱疹病毒性脑膜炎
1343,表 6-3-11 ,B00.400+G05.1*,疱疹病毒性脑炎
1344,表 6-3-11 ,B00.400x001+G05.1*,单纯疱疹病毒性脑炎
1345,表 6-3-11 ,B00.401+G05.1*,疱疹病毒性脑膜脑炎
1346,表 6-3-11 ,B00.500x002+H58.8*,单纯疱疹病毒性眼病
1347,表 6-3-11 ,B00.500x005+H19.1*,树枝状角膜炎
1348,表 6-3-11 ,B00.500x007+H22.0*,单纯疱疹病毒性虹膜睫状体炎
1349,表 6-3-11 ,B00.500x009+H22.0*,疱疹病毒性葡萄膜炎
1350,表 6-3-11 ,B00.501+H19.1*,疱疹病毒性角膜炎
1351,表 6-3-11 ,B00.502+H13.1*,疱疹病毒性结膜炎
1352,表 6-3-11 ,B00.503+H58.8*,疱疹性眼炎
1353,表 6-3-11 ,B00.504+H03.1*,疱疹病毒性眼睑皮炎
1354,表 6-3-11 ,B00.505+H22.0*,疱疹性虹膜睫状体炎
1355,表 6-3-11 ,B00.506+H22.0*,疱疹性虹膜炎
1356,表 6-3-11 ,B00.507+H19.1*,疱疹性角膜结膜炎
1357,表 6-3-11 ,B00.508+H22.0*,疱疹性前葡萄膜炎
1358,表 6-3-11 ,B00.509+H03.1*,疱疹性眼睑炎
1359,表 6-3-11 ,B00.700,播散性疱疹病毒病
1360,表 6-3-11 ,B00.701,疱疹性脓毒症
1361,表 6-3-11 ,B00.801+L99.8*,疱疹病毒性瘭疽
1362,表 6-3-11 ,B00.802+K77.0*,疱疹病毒性肝炎
1363,表 6-3-11 ,B00.803+K77.0*,EB病毒性肝炎
1364,表 6-3-11 ,B00.804+L99.8*,疱疹病毒性甲沟炎
1365,表 6-3-11 ,B00.900x005,播散性单纯疱疹[系统性单纯疱疹]
1366,表 6-3-11 ,B00.900x007,接种性单纯疱疹
1367,表 6-3-11 ,B00.901,EB病毒感染
1368,表 6-3-11 ,B00.902,单纯疱疹
1369,表 6-3-11 ,B01.000+G02.0*,水痘脑膜炎
1370,表 6-3-11 ,B01.000x001+G02.0*,水痘性脑膜炎
1371,表 6-3-11 ,B01.100+G05.1*,水痘脑炎
1372,表 6-3-11 ,B01.200+J17.1*,水痘肺炎
1373,表 6-3-11 ,B01.800x001+I41.1*,水痘并发心肌炎
1374,表 6-3-11 ,B01.800x002+N08.0*,水痘并发肾炎
1375,表 6-3-11 ,B01.800x004,痘感染相关性视神经炎
1376,表 6-3-11 ,B01.801,水痘肝炎
1377,表 6-3-11 ,B01.900x001,水痘
1378,表 6-3-11 ,B01.900x002,出血性水痘
1379,表 6-3-11 ,B02.000+G05.1*,带状疱疹脑炎
1380,表 6-3-11 ,B02.000x002+G05.1*,带状疱疹性脑炎
1381,表 6-3-11 ,B02.000x003+G05.1*,带状疱疹性脑膜脑炎
1382,表 6-3-11 ,B02.001+G05.1*,带状疱疹神经根脊髓炎
1383,表 6-3-11 ,B02.100+G02.0*,带状疱疹脑膜炎
1384,表 6-3-11 ,B02.200x004+G53.0*,拉姆齐-亨特综合征[Ramsy-Hunt综合征]
1385,表 6-3-11 ,B02.200x008+G63.0*,带状疱疹性多神经病
1386,表 6-3-11 ,B02.201+G53.0*,带状疱疹性坐骨神经痛
1387,表 6-3-11 ,B02.202+G53.0*,带状疱疹性神经痛
1388,表 6-3-11 ,B02.203+G53.0*,带状疱疹性神经根炎
1389,表 6-3-11 ,B02.204+G53.1*,带状疱疹性多脑神经麻痹
1390,表 6-3-11 ,B02.206+G53.0*,带状疱疹性肋间神经痛
1391,表 6-3-11 ,B02.207+G53.0*,疱疹后三叉神经痛
1392,表 6-3-11 ,B02.301+H58.8*,带状疱疹性眼炎
1393,表 6-3-11 ,B02.302+H19.2*,带状疱疹性角膜炎
1394,表 6-3-11 ,B02.303+H03.1*,眼睑带状疱疹
1395,表 6-3-11 ,B02.304+H13.1*,带状疱疹性结膜炎
1396,表 6-3-11 ,B02.305+H22.0*,带状疱疹性虹膜睫状体炎
1397,表 6-3-11 ,B02.306+H22.0*,带状疱疹性虹膜炎
1398,表 6-3-11 ,B02.307+H19.2*,带状疱疹性角膜结膜炎
1399,表 6-3-11 ,B02.308+H19.0*,带状疱疹性巩膜炎
1400,表 6-3-11 ,B02.700,播散性带状疱疹
1401,表 6-3-11 ,B02.800,带状疱疹伴有其他并发症
1402,表 6-3-11 ,B02.800x001,内脏带状疱疹
1403,表 6-3-11 ,B02.801+H62.1*,外耳带状疱疹
1404,表 6-3-11 ,B02.900x001,带状疱疹
1405,表 6-3-11 ,B02.900x002,不全性带状疱疹
1406,表 6-3-11 ,B02.900x003,顿挫性带状疱疹
1407,表 6-3-11 ,B03.x00,天花
1408,表 6-3-11 ,B03.x00x002,变形天花
1409,表 6-3-11 ,B03.x00x003,重型天花
1410,表 6-3-11 ,B03.x00x004,类天花
1411,表 6-3-11 ,B04.x00,猴痘
1412,表 6-3-11 ,B05.000+G05.1*,麻疹并发脑炎
1413,表 6-3-11 ,B05.100+G02.0*,麻疹并发脑膜炎
1414,表 6-3-11 ,B05.200+J17.1*,麻疹并发肺炎
1415,表 6-3-11 ,B05.300+H67.1*,麻疹并发中耳炎
1416,表 6-3-11 ,B05.400,麻疹伴有肠道并发症
1417,表 6-3-11 ,B05.800x001+H19.2*,麻疹并发角膜结膜炎
1418,表 6-3-11 ,B05.800x003+K77.0*,麻疹并发肝炎
1419,表 6-3-11 ,B05.800x008,麻疹综合征
1420,表 6-3-11 ,B05.800x009,麻疹合并上呼吸道感染
1421,表 6-3-11 ,B05.800x010,重型麻疹
1422,表 6-3-11 ,B05.801,麻疹并发喉炎
1423,表 6-3-11 ,B05.802,麻疹并发支气管炎
1424,表 6-3-11 ,B05.803,麻疹并发心肌炎
1425,表 6-3-11 ,B05.900x001,麻疹
1426,表 6-3-11 ,B05.900x002,轻型麻疹
1427,表 6-3-11 ,B05.900x005,出血性麻疹
1428,表 6-3-11 ,B05.901,异型麻疹
1429,表 6-3-11 ,B06.000x002+G05.1*,风疹性脑膜脑炎
1430,表 6-3-11 ,B06.001+G05.1*,风疹性脑炎
1431,表 6-3-11 ,B06.002+G02.0*,风疹性脑膜炎
1432,表 6-3-11 ,B06.800,风疹伴有其他并发症
1433,表 6-3-11 ,B06.801+J17.1*,风疹性肺炎
1434,表 6-3-11 ,B06.802+M01.4*,风疹性关节炎
1435,表 6-3-11 ,B06.900x001,风疹
1436,表 6-3-11 ,B07.x00x006,丝状疣
1437,表 6-3-11 ,B07.x00x008,镶嵌疣
1438,表 6-3-11 ,B07.x00x009,咽喉疣
1439,表 6-3-11 ,B07.x00x010,掌疣
1440,表 6-3-11 ,B07.x00x011,掌跖疣
1441,表 6-3-11 ,B07.x01,扁平疣
1442,表 6-3-11 ,B07.x02,眼睑疣
1443,表 6-3-11 ,B07.x03,寻常疣
1444,表 6-3-11 ,B07.x04,疣
1445,表 6-3-11 ,B07.x05,指状疣
1446,表 6-3-11 ,B08.000x001,牛痘
1447,表 6-3-11 ,B08.000x002,副牛痘
1448,表 6-3-11 ,B08.000x003,牛丘疹性口腔炎病毒感染
1449,表 6-3-11 ,B08.000x004,羊痘
1450,表 6-3-11 ,B08.100,传染性软疣
1451,表 6-3-11 ,B08.200,猝发疹[第六病]
1452,表 6-3-11 ,B08.200x002,幼儿急疹
1453,表 6-3-11 ,B08.300,传染性红斑[第五病]
1454,表 6-3-11 ,B08.400x003,EV71感染
1455,表 6-3-11 ,B08.401,手足口病
1456,表 6-3-11 ,B08.500,肠病毒性水疱性咽炎
1457,表 6-3-11 ,B08.501,疱疹性咽峡炎
1458,表 6-3-11 ,B08.800x004,流行性粟疹热
1459,表 6-3-11 ,B08.800x006,传染性水疱病
1460,表 6-3-11 ,B08.800x007,柯萨奇湿疹
1461,表 6-3-11 ,B08.801,口蹄疫
1462,表 6-3-11 ,B08.802,肠病毒性淋巴结咽炎
1463,表 6-3-11 ,B09.x00x002,黏膜病毒性感染
1464,表 6-3-11 ,B09.x01,病毒疹
1465,表 6-3-12 ,B15.000,甲型肝炎，伴有肝昏迷
1466,表 6-3-12 ,B15.001,急性甲型病毒性肝炎伴肝昏迷
1467,表 6-3-12 ,B15.002,急性重型甲型病毒性肝炎伴肝昏迷
1468,表 6-3-12 ,B15.003,亚急性重型甲型病毒性肝炎伴肝昏迷
1469,表 6-3-12 ,B15.900,甲型肝炎，不伴有肝昏迷
1470,表 6-3-12 ,B15.901,急性甲型病毒性肝炎
1471,表 6-3-12 ,B15.902,急性黄疸型甲型病毒性肝炎
1472,表 6-3-12 ,B15.903,急性淤胆型甲型病毒性肝炎
1473,表 6-3-12 ,B15.905,急性无黄疸型甲型病毒性肝炎
1474,表 6-3-12 ,B16.000,急性乙型肝炎，伴有δ因子(共同感染)，并伴有肝昏迷
1475,表 6-3-12 ,B16.000x001,病毒性肝炎乙型丁型亚急性重型
1476,表 6-3-12 ,B16.001,急性乙型丁型病毒性肝炎伴肝昏迷
1477,表 6-3-12 ,B16.100,急性乙型肝炎，伴有δ因子(共同感染)，但不伴有肝昏迷
1478,表 6-3-12 ,B16.100x002,病毒性肝炎乙型丁型急性黄疸型
1479,表 6-3-12 ,B16.100x003,病毒性肝炎乙型丁型急性无黄疸型
1480,表 6-3-12 ,B16.100x004,病毒性肝炎乙型丁型淤胆型
1481,表 6-3-12 ,B16.101,急性乙型丁型病毒性肝炎，不伴有肝昏迷
1482,表 6-3-12 ,B16.200,急性乙型肝炎，不伴有δ因子(共同感染)，但伴有肝昏迷
1483,表 6-3-12 ,B16.201,急性乙型病毒性肝炎伴肝昏迷
1484,表 6-3-12 ,B16.202,亚急性重型乙型病毒性肝炎伴肝昏迷
1485,表 6-3-12 ,B16.203,急性重型乙型病毒性肝炎伴肝昏迷
1486,表 6-3-12 ,B16.204,急性无黄疸型乙型肝炎伴肝昏迷
1487,表 6-3-12 ,B16.901,急性黄疸型乙型病毒性肝炎
1488,表 6-3-12 ,B16.902,急性淤胆型乙型病毒性肝炎
1489,表 6-3-12 ,B16.903,输血后乙型病毒性肝炎
1490,表 6-3-12 ,B16.904,急性乙型病毒性肝炎
1491,表 6-3-12 ,B16.905,急性无黄疸型乙型病毒性肝炎
1492,表 6-3-12 ,B17.000,慢性乙型肝炎的急性δ因子(超级)感染
1493,表 6-3-12 ,B17.100,急性丙型肝炎
1494,表 6-3-12 ,B17.100x003,病毒性肝炎丙型急性无黄疸型
1495,表 6-3-12 ,B17.100x006,病毒性肝炎丙型急性淤疸型
1496,表 6-3-12 ,B17.101,急性黄疸型丙型病毒性肝炎
1497,表 6-3-12 ,B17.102,急性重型丙型病毒性肝炎
1498,表 6-3-12 ,B17.103,亚急性重型丙型病毒性肝炎
1499,表 6-3-12 ,B17.200,急性戊型肝炎
1500,表 6-3-12 ,B17.200x004,病毒性肝炎戊型急性无黄疸型
1501,表 6-3-12 ,B17.200x005,病毒性肝炎戊型急性重型
1502,表 6-3-12 ,B17.202,急性黄疸型戊型病毒性肝炎
1503,表 6-3-12 ,B17.203,急性淤胆型戊型病毒性肝炎
1504,表 6-3-12 ,B17.204,急性重型戊型病毒性肝炎
1505,表 6-3-12 ,B17.205,亚急性重型戊型病毒性肝炎
1506,表 6-3-12 ,B17.800x001,病毒性肝炎重叠感染
1507,表 6-3-12 ,B17.800x002,病毒性肝炎双重感染
1508,表 6-3-12 ,B17.800x003,病毒性肝炎三重感染(三重以上)
1509,表 6-3-12 ,B17.801,急性病毒性肝炎混合感染
1510,表 6-3-12 ,B17.803,急性重叠型黄疸型病毒性肝炎
1511,表 6-3-12 ,B17.900,急性病毒性肝炎
1512,表 6-3-12 ,B17.900x002,病毒性肝炎急性淤胆型
1513,表 6-3-12 ,B17.900x004,病毒性肝炎急性无黄疸型
1514,表 6-3-12 ,B17.900x005,病毒性肝炎急性重型(暴发型)
1515,表 6-3-12 ,B17.900x006,病毒性肝炎亚急性重型
1516,表 6-3-12 ,B17.902,急性黄疸型病毒性肝炎
1517,表 6-3-12 ,B17.903,急性传染性肝炎，未特指
1518,表 6-3-12 ,B17.904,急性肝炎，未特指
1519,表 6-3-12 ,B18.000,慢性乙型病毒性肝炎，伴有δ因子
1520,表 6-3-12 ,B18.001,慢性乙型丁型病毒性肝炎
1521,表 6-3-12 ,B18.002,慢性乙型丁型病毒性肝炎轻度
1522,表 6-3-12 ,B18.003,慢性乙型丁型病毒性肝炎中度
1523,表 6-3-12 ,B18.004,慢性乙型丁型病毒性肝炎重度
1524,表 6-3-12 ,B18.100,慢性乙型病毒性肝炎，不伴有δ因子
1525,表 6-3-12 ,B18.100x007,病毒性肝炎乙型慢性淤胆型
1526,表 6-3-12 ,B18.103+N08.0*,乙型肝炎相关性肾炎
1527,表 6-3-12 ,B18.104,慢性轻度乙型病毒性肝炎
1528,表 6-3-12 ,B18.105,慢性中度乙型病毒性肝炎
1529,表 6-3-12 ,B18.106,慢性重度乙型病毒性肝炎
1530,表 6-3-12 ,B18.107,未特指乙型病毒性肝炎
1531,表 6-3-12 ,B18.200,慢性丙型病毒性肝炎
1532,表 6-3-12 ,B18.200x009,病毒性肝炎丙型慢性淤疸型
1533,表 6-3-12 ,B18.201,慢性黄疸型丙型病毒性肝炎
1534,表 6-3-12 ,B18.202,慢性轻度丙型病毒性肝炎
1535,表 6-3-12 ,B18.203,慢性中度丙型病毒性肝炎
1536,表 6-3-12 ,B18.204,慢性重度丙型病毒性肝炎
1537,表 6-3-12 ,B18.205+N08.0*,丙型肝炎相关性肾炎
1538,表 6-3-12 ,B18.800x001,病毒性肝炎三重感染(三重以上)(慢性轻度)
1539,表 6-3-12 ,B18.800x002,病毒性肝炎三重感染(三重以上)(慢性中度)
1540,表 6-3-12 ,B18.800x003,病毒性肝炎三重感染(三重以上)(慢性重度)
1541,表 6-3-12 ,B18.800x004,病毒性肝炎三重感染(三重以上)(慢性重型)
1542,表 6-3-12 ,B18.800x005,慢性戊型病毒性肝炎
1543,表 6-3-12 ,B18.801,慢性轻度重叠感染型病毒性肝炎
1544,表 6-3-12 ,B18.802,慢性重叠型病毒性肝炎
1545,表 6-3-12 ,B18.803,慢性重型重叠型病毒性肝炎
1546,表 6-3-12 ,B18.804,慢性混合型病毒性肝炎
1547,表 6-3-12 ,B18.805,慢性重型混合型病毒性肝炎
1548,表 6-3-12 ,B18.900,慢性病毒性肝炎
1549,表 6-3-12 ,B18.900x006,病毒性肝炎慢性淤胆型
1550,表 6-3-12 ,B18.901,慢性轻度病毒性肝炎
1551,表 6-3-12 ,B18.902,慢性中度病毒性肝炎
1552,表 6-3-12 ,B18.903,慢性重度病毒性肝炎
1553,表 6-3-12 ,B18.904+N08.0*,病毒性肝炎相关性肾病
1554,表 6-3-12 ,B19.000,病毒性肝炎，伴有肝昏迷
1555,表 6-3-12 ,B19.001,急性重型病毒性肝炎伴肝昏迷
1556,表 6-3-12 ,B19.002,亚急性重型病毒性肝炎伴肝昏迷
1557,表 6-3-12 ,B19.900,病毒性肝炎，不伴有肝昏迷
1558,表 6-3-12 ,B19.900x001+M03.2*,病毒性肝炎相关性关节炎
1559,表 6-3-12 ,B19.901,输血后肝炎
1560,表 6-3-13 ,B20.000x001,艾滋病伴分枝杆菌感染
1561,表 6-3-13 ,B20.001,人类免疫缺陷病毒病性结核菌感染
1562,表 6-3-13 ,B20.002,人类免疫缺陷病毒病性颈淋巴结结核
1563,表 6-3-13 ,B20.003,人类免疫缺陷病毒病性肺结核
1564,表 6-3-13 ,B20.004,人类免疫缺陷病毒病性结核性胸膜炎
1565,表 6-3-13 ,B20.005,人类免疫缺陷病毒病性肠结核
1566,表 6-3-13 ,B20.006,人类免疫缺陷病毒病性结核性腹膜炎
1567,表 6-3-13 ,B20.100x001,艾滋病伴细菌感染
1568,表 6-3-13 ,B20.200x001,艾滋病伴巨细胞病毒感染
1569,表 6-3-13 ,B20.300x001,艾滋病伴病毒感染
1570,表 6-3-13 ,B20.301,人类免疫缺陷病毒病性带状疱疹
1571,表 6-3-13 ,B20.400x001,艾滋病伴念珠菌病
1572,表 6-3-13 ,B20.500x001,艾滋病伴真菌病
1573,表 6-3-13 ,B20.600x001,艾滋病伴卡氏肺孢子虫肺炎
1574,表 6-3-13 ,B20.700x001,艾滋病伴多发性感染
1575,表 6-3-13 ,B20.801,人类免疫缺陷病毒病性弓形虫病
1576,表 6-3-13 ,B20.901,人类免疫缺陷病毒病造成寄生虫病
1577,表 6-3-13 ,B21.000x001,艾滋病伴卡波西肉瘤
1578,表 6-3-13 ,B21.100x001,艾滋病伴伯基特淋巴瘤
1579,表 6-3-13 ,B21.200x001,艾滋病伴非霍奇金淋巴瘤
1580,表 6-3-13 ,B21.300,人类免疫缺陷病毒[HIV]病造成的淋巴造血和有关组织的其他恶性肿瘤
1581,表 6-3-13 ,B21.700,人类免疫缺陷病毒[HIV]病造成的多发性恶性肿瘤
1582,表 6-3-13 ,B21.800,人类免疫缺陷病毒[HIV]病造成的其他恶性肿瘤
1583,表 6-3-13 ,B21.900,人类免疫缺陷病毒[HIV]病造成的恶性肿瘤
1584,表 6-3-13 ,B22.000x001,艾滋病相关的脑病
1585,表 6-3-13 ,B22.000x003,艾滋病性脑炎
1586,表 6-3-13 ,B22.000x004,艾滋病性脑膜炎
1587,表 6-3-13 ,B22.000x005,艾滋病性脑膜脑炎
1588,表 6-3-13 ,B22.001+F02.4*,人类免疫缺陷病毒病性痴呆
1589,表 6-3-13 ,B22.100,人类免疫缺陷病毒[HIV]病造成的淋巴组织间质性肺炎
1590,表 6-3-13 ,B22.200,人类免疫缺陷病毒[HIV]病造成的消瘦综合征
1591,表 6-3-13 ,B22.700,人类免疫缺陷病毒[HIV]病造成的分类于他处的多种疾病
1592,表 6-3-13 ,B22.701,人类免疫缺陷病毒病性多发性疾病
1593,表 6-3-13 ,B23.000,急性人类免疫缺陷病毒[HIV]感染综合征
1594,表 6-3-13 ,B23.100,人类免疫缺陷病毒[HIV]病造成的(持续的)全身性淋巴结病
1595,表 6-3-13 ,B23.100x001,持续性全身淋巴结肿大综合征
1596,表 6-3-13 ,B23.100x002,HIV感染的不典型皮肤淋巴细胞增生性疾病
1597,表 6-3-13 ,B23.200,人类免疫缺陷病毒[HIV]病造成的不可归类在他处的血液学和免疫学的异常
1598,表 6-3-13 ,B23.201,人类免疫缺陷病毒病造成免疫学异常
1599,表 6-3-13 ,B23.800,人类免疫缺陷病毒[HIV]病造成的其他特指的情况
1600,表 6-3-13 ,B23.800x001,空泡样脊髓病
1601,表 6-3-13 ,B23.800x002,艾滋病神经综合征
1602,表 6-3-13 ,B23.801,免疫重建炎症综合征
1603,表 6-3-13 ,B24.x01,艾滋病
1604,表 6-3-14 ,B25.000+J17.1*,巨细胞病毒性肺炎
1605,表 6-3-14 ,B25.100+K77.0*,巨细胞病毒性肝炎
1606,表 6-3-14 ,B25.101+K77.0*,巨细胞病毒性肝炎伴肝昏迷
1607,表 6-3-14 ,B25.200+K87.1*,巨细胞病毒性胰腺炎
1608,表 6-3-14 ,B25.800x001,巨细胞病毒血症
1609,表 6-3-14 ,B25.800x002+H19.2*,巨细胞病毒性角膜炎
1610,表 6-3-14 ,B25.801+G05.1*,巨细胞病毒性脑炎
1611,表 6-3-14 ,B25.802+H32.0*,巨细胞病毒性视网膜炎
1612,表 6-3-14 ,B25.803+I41.1*,巨细胞病毒性心肌炎
1613,表 6-3-14 ,B25.900x001,巨细胞病毒感染
1614,表 6-3-14 ,B25.900x002,巨细胞包涵体病
1615,表 6-3-14 ,B26.000+N51.1*,流行性腮腺炎性睾丸炎
1616,表 6-3-14 ,B26.100+G02.0*,流行性腮腺炎性脑膜炎
1617,表 6-3-14 ,B26.200+G05.1*,流行性腮腺炎性脑炎
1618,表 6-3-14 ,B26.201+G05.1*,流行性腮腺炎性脑膜脑炎
1619,表 6-3-14 ,B26.202+G05.1*,流行性腮腺炎性脑脊髓炎
1620,表 6-3-14 ,B26.300+K87.1*,流行性腮腺炎性胰腺炎
1621,表 6-3-14 ,B26.800x001+M01.5*,流行性腮腺炎性关节炎
1622,表 6-3-14 ,B26.800x003+G63.0*,流行性腮腺炎性多神经病
1623,表 6-3-14 ,B26.800x004,流行性腮腺炎并发胸骨前水肿
1624,表 6-3-14 ,B26.800x008+N08.0*,流行性腮腺炎性肾炎
1625,表 6-3-14 ,B26.800x009+N74.8*,流行性腮腺炎并发卵巢炎
1626,表 6-3-14 ,B26.800x010,流行性腮腺炎并发乳腺炎
1627,表 6-3-14 ,B26.800x011,流行性腮腺炎并发甲状腺炎
1628,表 6-3-14 ,B26.801+H13.1*,流行性腮腺炎性结膜炎
1629,表 6-3-14 ,B26.802+K77.0*,流行性腮腺炎性肝炎
1630,表 6-3-14 ,B26.803+I41.1*,流行性腮腺炎并心肌炎
1631,表 6-3-14 ,B26.804,流行性腮腺炎伴颌下腺炎
1632,表 6-3-14 ,B26.805+N08.0*,流行性腮腺炎性肾小球病变
1633,表 6-3-14 ,B26.900x001,流行性腮腺炎
1634,表 6-3-14 ,B27.000,γ疱疹病毒性单核细胞增多症
1635,表 6-3-14 ,B27.001,EB病毒性单核细胞增多症
1636,表 6-3-14 ,B27.100,巨细胞病毒性单核细胞增多症
1637,表 6-3-14 ,B27.800,传染性单核细胞增多症，其他的
1638,表 6-3-14 ,B27.900x001,传染性单核细胞增多症[腺性热]
1639,表 6-3-14 ,B30.000+H19.2*,腺病毒性角膜结膜炎
1640,表 6-3-14 ,B30.001+H19.2*,流行性角膜结膜炎
1641,表 6-3-14 ,B30.100+H13.1*,腺病毒性结膜炎
1642,表 6-3-14 ,B30.200+H13.1*,病毒性咽结膜炎
1643,表 6-3-14 ,B30.201+H13.1*,咽结膜热
1644,表 6-3-14 ,B30.300+H13.1*,急性流行性出血性(肠病毒性)结膜炎
1645,表 6-3-14 ,B30.301+H13.1*,流行性出血性结膜炎
1646,表 6-3-14 ,B30.800+H13.1*,病毒性结膜炎，其他的
1647,表 6-3-14 ,B30.900,病毒性结膜炎
1648,表 6-3-14 ,B33.000,流行性肌痛
1649,表 6-3-14 ,B33.000x001,波恩霍尔姆病
1650,表 6-3-14 ,B33.001,流行性胸肌痛
1651,表 6-3-14 ,B33.100,罗斯河病
1652,表 6-3-14 ,B33.200,病毒性心炎
1653,表 6-3-14 ,B33.200x001+I32.1*,柯萨奇病毒性心包炎
1654,表 6-3-14 ,B33.200x002+I39.8*,柯萨奇病毒性心内膜炎
1655,表 6-3-14 ,B33.200x004+I41.1*,柯萨奇病毒性心肌炎
1656,表 6-3-14 ,B33.201+I41.1*,新生儿无菌性心肌炎
1657,表 6-3-14 ,B33.300x001,逆转录病毒感染
1658,表 6-3-14 ,B33.400x001+J17.1*,汉坦病毒心肺综合征
1659,表 6-3-14 ,B33.800,病毒性疾病，其他特指的
1660,表 6-3-14 ,B33.801,急性传染性淋巴细胞增多症
1661,表 6-3-14 ,B33.802,奥耶斯基病毒（伪狂犬病毒(PRV)）感染
1662,表 6-3-14 ,B34.000,腺病毒感染
1663,表 6-3-14 ,B34.100,肠病毒感染
1664,表 6-3-14 ,B34.101,柯萨奇病毒感染
1665,表 6-3-14 ,B34.102,艾柯病毒感染
1666,表 6-3-14 ,B34.200,冠状病毒感染
1667,表 6-3-14 ,B34.300,细小病毒感染
1668,表 6-3-14 ,B34.300x002,细小病毒B19感染
1669,表 6-3-14 ,B34.400,乳头多瘤空泡病毒感染
1670,表 6-3-14 ,B34.400x001,乳头状瘤多型空泡病毒感染
1671,表 6-3-14 ,B34.400x002,人乳头瘤病毒感染
1672,表 6-3-14 ,B34.800x002,副流感病毒感染
1673,表 6-3-14 ,B34.800x003,呼吸道合胞病毒感染
1674,表 6-3-14 ,B34.800x004,尼帕病毒感染
1675,表 6-3-14 ,B34.801,鼻病毒感染
1676,表 6-3-14 ,B34.900,病毒性感染
1677,表 6-3-15 ,B35.000,须癣和头癣
1678,表 6-3-15 ,B35.000x001,癣菌性须疮
1679,表 6-3-15 ,B35.001,头癣
1680,表 6-3-15 ,B35.002,须癣
1681,表 6-3-15 ,B35.003,脓癣
1682,表 6-3-15 ,B35.100,甲癣
1683,表 6-3-15 ,B35.100x002,皮肤癣菌性甲床炎
1684,表 6-3-15 ,B35.200,手癣
1685,表 6-3-15 ,B35.300,脚癣
1686,表 6-3-15 ,B35.400,体癣
1687,表 6-3-15 ,B35.500,叠瓦癣
1688,表 6-3-15 ,B35.600,股癣
1689,表 6-3-15 ,B35.600x002,腹股沟癣
1690,表 6-3-15 ,B35.800x002,肉芽肿性皮肤癣菌病
1691,表 6-3-15 ,B35.800x003,面癣
1692,表 6-3-15 ,B35.800x004,腋毛癣
1693,表 6-3-15 ,B35.801,播散性皮真菌病
1694,表 6-3-15 ,B35.901,黄癣
1695,表 6-3-15 ,B36.000x001,花斑癣[花斑糠疹]
1696,表 6-3-15 ,B36.000x003,马拉色菌毛囊炎
1697,表 6-3-15 ,B36.100,黑癣
1698,表 6-3-15 ,B36.200,白癣
1699,表 6-3-15 ,B36.200x001,皮肤毛孢子菌病
1700,表 6-3-15 ,B36.300,黑色发结节病
1701,表 6-3-15 ,B36.300x002,毛结节菌病
1702,表 6-3-15 ,B36.800,浅部真菌病，其他特指的
1703,表 6-3-15 ,B36.801,播散性阿萨希毛孢子菌感染
1704,表 6-3-15 ,B36.901,皮肤真菌感染
1705,表 6-3-15 ,B36.902+H62.2*,耳真菌病
1706,表 6-3-15 ,B36.903+H62.2*,真菌性外耳道炎
1707,表 6-3-15 ,B37.000,念珠菌性口炎
1708,表 6-3-15 ,B37.001,口腔念珠菌感染
1709,表 6-3-15 ,B37.002,念珠菌性口角炎
1710,表 6-3-15 ,B37.003,咽念珠菌感染
1711,表 6-3-15 ,B37.100,肺念珠菌病
1712,表 6-3-15 ,B37.101+J17.2*,念珠菌性肺炎
1713,表 6-3-15 ,B37.200x003,肢端念珠菌病
1714,表 6-3-15 ,B37.200x005+H62.2*,念珠菌性外耳炎
1715,表 6-3-15 ,B37.201,念珠菌性指甲炎
1716,表 6-3-15 ,B37.202,念珠菌性趾甲炎
1717,表 6-3-15 ,B37.203,念珠菌性甲沟炎
1718,表 6-3-15 ,B37.204,念珠菌性甲床炎
1719,表 6-3-15 ,B37.205,皮肤念珠菌病
1720,表 6-3-15 ,B37.300+N77.1*,外阴和阴道念珠菌病
1721,表 6-3-15 ,B37.300x002+N77.1*,真菌性外阴炎
1722,表 6-3-15 ,B37.301+N77.1*,念珠菌性阴道炎
1723,表 6-3-15 ,B37.302+N77.1*,念珠菌性外阴阴道炎
1724,表 6-3-15 ,B37.400x001+N37.0*,泌尿道念珠菌病
1725,表 6-3-15 ,B37.401+N37.0*,念珠菌性尿道口炎
1726,表 6-3-15 ,B37.402+N51.2*,念珠菌性龟头炎
1727,表 6-3-15 ,B37.500+G02.1*,念珠菌性脑膜炎
1728,表 6-3-15 ,B37.600+I39.8*,念珠菌性心内膜炎
1729,表 6-3-15 ,B37.700,念珠菌性脓毒症
1730,表 6-3-15 ,B37.700x001,念珠菌脓毒症
1731,表 6-3-15 ,B37.800x083,呼吸道念珠菌感染
1732,表 6-3-15 ,B37.800x084,念珠菌性唇炎
1733,表 6-3-15 ,B37.800x085,脑念珠菌感染
1734,表 6-3-15 ,B37.800x088,念珠菌性扁桃体炎
1735,表 6-3-15 ,B37.800x089+M01.6*,念珠菌性髋关节炎
1736,表 6-3-15 ,B37.800x090,腰椎念珠菌感染
1737,表 6-3-15 ,B37.800x091,念珠菌性腹膜炎
1738,表 6-3-15 ,B37.801,念珠菌性眼内炎
1739,表 6-3-15 ,B37.802,念珠菌性中耳炎
1740,表 6-3-15 ,B37.803,支气管念珠菌感染
1741,表 6-3-15 ,B37.804,食管念珠菌病
1742,表 6-3-15 ,B37.805,胃肠道念珠菌感染
1743,表 6-3-15 ,B37.806,肠道念珠菌病
1744,表 6-3-15 ,B37.807+H48.8*,视神经念珠菌感染
1745,表 6-3-15 ,B37.808,播散性念珠菌病
1746,表 6-3-15 ,B37.900,念珠菌病
1747,表 6-3-15 ,B37.900x001,克柔念珠菌感染
1748,表 6-3-15 ,B37.900x002,近平滑念珠菌感染
1749,表 6-3-15 ,B37.900x003,光滑念珠菌感染
1750,表 6-3-15 ,B37.901,热带白色念珠菌感染
1751,表 6-3-15 ,B38.000,急性肺球孢子菌病
1752,表 6-3-15 ,B38.000x001+J17.2*,急性肺球孢子菌肺炎
1753,表 6-3-15 ,B38.100,慢性肺球孢子菌病
1754,表 6-3-15 ,B38.100x001+J17.2*,慢性肺球孢子菌肺炎
1755,表 6-3-15 ,B38.200,肺球孢子菌病
1756,表 6-3-15 ,B38.200x001+J17.2*,肺球孢子菌肺炎
1757,表 6-3-15 ,B38.300,皮肤球孢子菌病
1758,表 6-3-15 ,B38.400+G02.1*,球孢子菌病脑膜炎
1759,表 6-3-15 ,B38.700,播散性球孢子菌病
1760,表 6-3-15 ,B38.800,球孢子菌病，其他形式的
1761,表 6-3-15 ,B38.900,球孢子菌病
1762,表 6-3-15 ,B39.000,急性肺荚膜组织胞浆菌病
1763,表 6-3-15 ,B39.000x001+J17.2*,急性肺荚膜组织胞浆菌肺炎
1764,表 6-3-15 ,B39.100,慢性肺荚膜组织胞浆菌病
1765,表 6-3-15 ,B39.100x001+J17.2*,慢性肺荚膜组织胞浆菌肺炎
1766,表 6-3-15 ,B39.200,肺荚膜组织胞浆菌病
1767,表 6-3-15 ,B39.200x001+J17.2*,肺荚膜组织胞浆菌肺炎
1768,表 6-3-15 ,B39.300,播散性荚膜组织胞浆菌病
1769,表 6-3-15 ,B39.400,荚膜组织胞浆菌病
1770,表 6-3-15 ,B39.400x001,美洲组织胞浆菌病
1771,表 6-3-15 ,B39.500,杜波依西变种组织胞浆菌病
1772,表 6-3-15 ,B39.500x001,非洲组织胞浆菌病
1773,表 6-3-15 ,B39.900,组织胞浆菌病
1774,表 6-3-15 ,B40.000,急性肺芽生菌病
1775,表 6-3-15 ,B40.100,慢性肺芽生菌病
1776,表 6-3-15 ,B40.200,肺芽生菌病
1777,表 6-3-15 ,B40.300,皮肤芽生菌病
1778,表 6-3-15 ,B40.301+L99.8*,芽生菌性皮炎
1779,表 6-3-15 ,B40.302+L99.8*,芽生菌性脓皮病
1780,表 6-3-15 ,B40.700,播散性芽生菌病
1781,表 6-3-15 ,B40.800,芽生菌病，其他形式的
1782,表 6-3-15 ,B40.900,芽生菌病
1783,表 6-3-15 ,B41.000,肺副球孢子菌病
1784,表 6-3-15 ,B41.700,播散性副球孢子菌病
1785,表 6-3-15 ,B41.800x001,内脏型副球孢子菌病
1786,表 6-3-15 ,B41.800x002,皮肤型副球孢子菌病
1787,表 6-3-15 ,B41.800x003,淋巴管型副球孢子菌病
1788,表 6-3-15 ,B41.900,副球孢子菌病
1789,表 6-3-15 ,B42.000+J99.8*,肺孢子丝菌病
1790,表 6-3-15 ,B42.100,淋巴皮肤的孢子丝菌病
1791,表 6-3-15 ,B42.100x001,固定型孢子丝菌病
1792,表 6-3-15 ,B42.100x002,淋巴管型孢子丝菌病
1793,表 6-3-15 ,B42.100x003,黏膜型孢子丝菌病
1794,表 6-3-15 ,B42.700,播散性孢子丝菌病
1795,表 6-3-15 ,B42.800,孢子丝菌病，其他形式的
1796,表 6-3-15 ,B42.900,孢子丝菌病
1797,表 6-3-15 ,B43.000,皮肤着色真菌病
1798,表 6-3-15 ,B43.100,棕色真菌病性脑脓肿
1799,表 6-3-15 ,B43.101+G07*,大脑着色真菌病
1800,表 6-3-15 ,B43.200,皮下棕色真菌病性脓肿和囊肿
1801,表 6-3-15 ,B43.800,着色真菌病，其他形式的
1802,表 6-3-15 ,B43.801,暗丝孢霉病
1803,表 6-3-15 ,B43.900,着色真菌病
1804,表 6-3-15 ,B44.000x001+J99.8*,侵袭性肺曲霉菌病
1805,表 6-3-15 ,B44.100x003,曲霉球
1806,表 6-3-15 ,B44.101+J99.8*,变态反应性支气管肺曲霉病
1807,表 6-3-15 ,B44.102+J17.2*,曲霉菌性肺炎
1808,表 6-3-15 ,B44.200x001+J99.8*,扁桃体曲霉菌病
1809,表 6-3-15 ,B44.700,播散性曲霉病
1810,表 6-3-15 ,B44.800x001,上颌窦曲霉菌病
1811,表 6-3-15 ,B44.800x002,皮肤曲霉菌病
1812,表 6-3-15 ,B44.800x003,眼曲霉菌病
1813,表 6-3-15 ,B44.800x004+H62.2*,外耳道曲霉菌病
1814,表 6-3-15 ,B44.800x005,脑曲霉菌病
1815,表 6-3-15 ,B44.800x006,中耳曲霉菌病
1816,表 6-3-15 ,B44.800x007,喉曲霉菌病
1817,表 6-3-15 ,B44.801,声带曲霉病
1818,表 6-3-15 ,B44.802,耳曲霉病
1819,表 6-3-15 ,B44.803,肝曲霉病
1820,表 6-3-15 ,B44.804,鼻窦曲霉菌病
1821,表 6-3-15 ,B44.900x001,曲霉菌病
1822,表 6-3-15 ,B45.000,肺隐球菌病
1823,表 6-3-15 ,B45.000x002+J99.8*,新型隐球菌肺炎
1824,表 6-3-15 ,B45.100,大脑隐球菌病
1825,表 6-3-15 ,B45.100x002+G02.1*,新型隐球菌脑膜炎
1826,表 6-3-15 ,B45.101+G02.1*,隐球菌性脑膜炎
1827,表 6-3-15 ,B45.102+G05.2*,隐球菌性脑炎
1828,表 6-3-15 ,B45.200,皮肤隐球菌病
1829,表 6-3-15 ,B45.300,骨隐球菌病
1830,表 6-3-15 ,B45.700,播散性隐球菌病
1831,表 6-3-15 ,B45.800x001,胆道隐球菌病
1832,表 6-3-15 ,B45.800x002,前列腺隐球菌病
1833,表 6-3-15 ,B45.801,眼新型隐球菌病
1834,表 6-3-15 ,B45.900,隐球菌病
1835,表 6-3-15 ,B46.000x001+J99.8*,肺毛霉菌病
1836,表 6-3-15 ,B46.100x001+G99.8*,鼻脑型毛霉菌病
1837,表 6-3-15 ,B46.200x001+K93.8*,胃肠型毛霉菌病
1838,表 6-3-15 ,B46.300x001+L99.8*,皮肤型毛霉菌病
1839,表 6-3-15 ,B46.400,播散性毛霉病
1840,表 6-3-15 ,B46.500,毛霉病
1841,表 6-3-15 ,B46.800x001,蝇疫霉病
1842,表 6-3-15 ,B46.800x002,虫霉病
1843,表 6-3-15 ,B46.900x002,藻菌病
1844,表 6-3-15 ,B47.000,真菌性足菌肿
1845,表 6-3-15 ,B47.100,放线菌瘤
1846,表 6-3-15 ,B47.100x001,放线菌性足菌肿
1847,表 6-3-15 ,B47.900,足菌肿
1848,表 6-3-15 ,B48.000,瘢痕疙瘩性芽生菌病
1849,表 6-3-15 ,B48.000x001,洛博芽生菌病
1850,表 6-3-15 ,B48.100,鼻孢子菌病
1851,表 6-3-15 ,B48.200,阿利什利菌病
1852,表 6-3-15 ,B48.201,霉样真菌病
1853,表 6-3-15 ,B48.300,地霉病
1854,表 6-3-15 ,B48.300x001,地丝菌病
1855,表 6-3-15 ,B48.300x002+K93.8*,地丝菌口炎
1856,表 6-3-15 ,B48.400,青霉病
1857,表 6-3-15 ,B48.401,马尔尼菲蓝状菌病
1858,表 6-3-15 ,B48.402,播散型青霉病
1859,表 6-3-15 ,B48.500+J17.2*,肺孢子菌病
1860,表 6-3-15 ,B48.501+J17.2*,卡氏肺孢子虫病
1861,表 6-3-15 ,B48.502+J17.2*,耶氏肺孢子虫病
1862,表 6-3-15 ,B48.700,机会性真菌病
1863,表 6-3-15 ,B48.800x001,不育大孢子菌病
1864,表 6-3-15 ,B49.x00x002,真菌性结肠炎
1865,表 6-3-15 ,B49.x00x007,真菌感染
1866,表 6-3-15 ,B49.x00x011,呼吸道真菌感染
1867,表 6-3-15 ,B49.x00x013,脑真菌感染
1868,表 6-3-15 ,B49.x00x021,肝脏真菌感染
1869,表 6-3-15 ,B49.x01+G02.1*,真菌性脑膜炎
1870,表 6-3-15 ,B49.x02+E35.8*,垂体真菌感染
1871,表 6-3-15 ,B49.x03+H19.2*,真菌性角膜炎
1872,表 6-3-15 ,B49.x04+H19.2*,真菌性角膜溃疡
1873,表 6-3-15 ,B49.x05,真菌性鼻窦炎
1874,表 6-3-15 ,B49.x06,真菌性额窦炎
1875,表 6-3-15 ,B49.x07,真菌性筛窦炎
1876,表 6-3-15 ,B49.x08,真菌性蝶窦炎
1877,表 6-3-15 ,B49.x09,真菌性上颌窦炎
1878,表 6-3-15 ,B49.x10,鼻真菌病
1879,表 6-3-15 ,B49.x11,外耳道真菌病
1880,表 6-3-15 ,B49.x12,真菌性食管炎
1881,表 6-3-15 ,B49.x13,支气管真菌感染
1882,表 6-3-15 ,B49.x14+J99.8*,肺真菌感染
1883,表 6-3-15 ,B49.x15,真菌性心包炎
1884,表 6-3-15 ,B49.x16,肠道真菌感染
1885,表 6-3-15 ,B49.x17,真菌性腹膜炎
1886,表 6-3-15 ,B49.x18,真菌性泌尿道感染
1887,表 6-3-15 ,B49.x19+M01.6*,真菌性关节炎
1888,表 6-3-16 ,B50.000,恶性疟原虫疟疾伴有大脑并发症
1889,表 6-3-16 ,B50.000x001+G94.8*,脑型疟疾
1890,表 6-3-16 ,B50.800,恶性疟原虫疟疾，其他严重的和有并发症的
1891,表 6-3-16 ,B50.801,黑水热
1892,表 6-3-16 ,B50.900x001,恶性疟
1893,表 6-3-16 ,B51.000,间日疟原虫疟疾伴有脾破裂
1894,表 6-3-16 ,B51.000x001+D77*,间日疟伴脾破裂
1895,表 6-3-16 ,B51.800,间日疟原虫疟疾伴有其他并发症
1896,表 6-3-16 ,B51.900,间日疟原虫疟疾不伴有并发症
1897,表 6-3-16 ,B52.000,三日疟原虫疟疾伴有肾病
1898,表 6-3-16 ,B52.000x002+N08.0*,三日疟性肾小球肾炎
1899,表 6-3-16 ,B52.001+N08.0*,三日疟原虫疟疾性肾小球病变
1900,表 6-3-16 ,B52.800,三日疟原虫疟疾伴有其他并发症
1901,表 6-3-16 ,B52.900x001,三日疟
1902,表 6-3-16 ,B53.000x001,卵形疟
1903,表 6-3-16 ,B53.100,猴疟原虫性疟疾
1904,表 6-3-16 ,B53.800x001,寄生虫学性疟疾
1905,表 6-3-16 ,B54.x00,疟疾
1906,表 6-3-16 ,B54.x00x003+K77.0*,疟疾性肝炎
1907,表 6-3-16 ,B54.x00x004,输血性疟疾
1908,表 6-3-16 ,B54.x00x006,婴幼儿疟疾
1909,表 6-3-16 ,B54.x00x008,疟疾复发
1910,表 6-3-16 ,B55.000,内脏利什曼病
1911,表 6-3-16 ,B55.000x001,黑热病
1912,表 6-3-16 ,B55.000x003,黑热病后皮肤利什曼病
1913,表 6-3-16 ,B55.100,皮肤利什曼病
1914,表 6-3-16 ,B55.100x001,皮肤利什曼病[皮肤型黑热病]
1915,表 6-3-16 ,B55.200,黏膜皮肤利什曼病
1916,表 6-3-16 ,B55.200x001,淋巴结型黑热病
1917,表 6-3-16 ,B55.900,利什曼病
1918,表 6-3-16 ,B56.000x001,布氏冈比亚锥虫病[中西非睡眠病]
1919,表 6-3-16 ,B56.100x001,布氏罗得西亚锥虫病[东非睡眠病]
1920,表 6-3-16 ,B56.900x001,非洲锥虫病[非洲睡眠病]
1921,表 6-3-16 ,B57.001+I98.1*,急性查加斯病累及心血管
1922,表 6-3-16 ,B57.002+I41.2*,急性查加斯病伴心肌炎
1923,表 6-3-16 ,B57.100,急性查加斯病，未累及心脏
1924,表 6-3-16 ,B57.200x001,美洲锥虫病
1925,表 6-3-16 ,B57.200x003,慢性恰加斯病
1926,表 6-3-16 ,B57.201+I98.1*,心血管介入性慢性查加斯病
1927,表 6-3-16 ,B57.202+I41.2*,慢性查加斯病性心肌炎
1928,表 6-3-16 ,B57.300,慢性查加斯病累及消化系统
1929,表 6-3-16 ,B57.400x001+G02.8*,慢性恰加斯病伴脑膜炎
1930,表 6-3-16 ,B57.400x002+G05.2*,慢性恰加斯病伴脑炎
1931,表 6-3-16 ,B57.401+F02.8*,慢性查加斯病性痴呆
1932,表 6-3-16 ,B57.500,慢性查加斯病累及其他器官
1933,表 6-3-16 ,B58.000,眼弓形虫病
1934,表 6-3-16 ,B58.001+H32.0*,弓形虫脉络膜视网膜炎
1935,表 6-3-16 ,B58.100+K77.0*,弓形虫肝炎
1936,表 6-3-16 ,B58.200+G05.2*,弓形虫脑膜脑炎
1937,表 6-3-16 ,B58.200x002+G05.2*,弓形虫脑炎
1938,表 6-3-16 ,B58.201+G05.2*,脑弓形虫病
1939,表 6-3-16 ,B58.300+J17.3*,肺弓形虫病
1940,表 6-3-16 ,B58.800x001+I41.2*,弓形虫心肌炎
1941,表 6-3-16 ,B58.800x002+M63.1*,弓形虫肌炎
1942,表 6-3-16 ,B58.801+N16.0*,弓形虫病性肾小球病变
1943,表 6-3-16 ,B58.900x001,弓形虫病[弓形体病]
1944,表 6-3-16 ,B60.000,巴贝虫病
1945,表 6-3-16 ,B60.000x001,梨浆虫病
1946,表 6-3-16 ,B60.100x002+H13.1*,棘阿米巴性结膜炎
1947,表 6-3-16 ,B60.100x003+H19.2*,棘阿米巴性角膜结膜炎
1948,表 6-3-16 ,B60.100x004+H19.2*,棘阿米巴性角膜炎
1949,表 6-3-16 ,B60.200x001+G05.2*,原发性阿米巴性脑膜脑炎
1950,表 6-3-16 ,B60.200x002+G05.2*,肉芽肿性阿米巴脑炎
1951,表 6-3-16 ,B60.201+G05.2*,阿米巴性脑膜脑炎
1952,表 6-3-16 ,B60.800x001,肺蠊缨滴虫感染
1953,表 6-3-16 ,B64.x00,原虫性疾病
1954,表 6-3-17 ,B65.000x001,埃及血吸虫病
1955,表 6-3-17 ,B65.001,膀胱血吸虫病
1956,表 6-3-17 ,B65.002+N22.0*,血吸虫病性尿结石
1957,表 6-3-17 ,B65.100x001,曼氏血吸虫病
1958,表 6-3-17 ,B65.101,慢性结肠血吸虫病
1959,表 6-3-17 ,B65.200x001,日本血吸虫病
1960,表 6-3-17 ,B65.202+K77.0*,血吸虫病性肝硬化
1961,表 6-3-17 ,B65.300,尾蚴性皮炎
1962,表 6-3-17 ,B65.800x001,湄公血吸虫病
1963,表 6-3-17 ,B65.800x002,间插血吸虫病
1964,表 6-3-17 ,B65.800x003,异位血吸虫病
1965,表 6-3-17 ,B65.900x004+K77.0*,血吸虫性门静脉高压
1966,表 6-3-17 ,B65.900x006,急性血吸虫病
1967,表 6-3-17 ,B65.900x007,慢性血吸虫病
1968,表 6-3-17 ,B65.900x008,晚期血吸虫病
1969,表 6-3-17 ,B65.900x010+K77.0*,肝血吸虫病
1970,表 6-3-17 ,B65.901+G07*,脑型血吸虫病
1971,表 6-3-17 ,B65.902+J99.8*,肺血吸虫病
1972,表 6-3-17 ,B65.903+K77.0*,血吸虫性肝炎
1973,表 6-3-17 ,B65.904+I98.2*,血吸虫性食管静脉曲张
1974,表 6-3-17 ,B65.905+N08.0*,血吸虫病性肾小球病变
1975,表 6-3-17 ,B65.906+I98.3*,血吸虫性食管静脉曲张破裂出血
1976,表 6-3-17 ,B65.907+I52.1*,血吸虫病性肺心病
1977,表 6-3-17 ,B66.000,后睾吸虫病
1978,表 6-3-17 ,B66.000x001,猫后睾吸虫病
1979,表 6-3-17 ,B66.100,支睾吸虫病
1980,表 6-3-17 ,B66.100x001+K77.0*,中华肝吸虫病
1981,表 6-3-17 ,B66.101,华支睾吸虫感染
1982,表 6-3-17 ,B66.200,支双腔吸虫病
1983,表 6-3-17 ,B66.300,片吸虫病
1984,表 6-3-17 ,B66.300x001,巨片吸虫病
1985,表 6-3-17 ,B66.301,肝片吸虫病
1986,表 6-3-17 ,B66.400,并殖吸虫病
1987,表 6-3-17 ,B66.400x001,皮下组织并殖吸虫病
1988,表 6-3-17 ,B66.401+J99.8*,肺吸虫病
1989,表 6-3-17 ,B66.500,姜片虫病
1990,表 6-3-17 ,B66.501,肠吸虫病
1991,表 6-3-17 ,B66.800x001,棘口吸虫病
1992,表 6-3-17 ,B66.800x002,异形吸虫病
1993,表 6-3-17 ,B66.800x003,后殖吸虫病
1994,表 6-3-17 ,B66.800x004,隐孔吸虫病
1995,表 6-3-17 ,B66.800x005,沃森吸虫病
1996,表 6-3-17 ,B66.800x006,横川吸虫病
1997,表 6-3-17 ,B66.800x007,胰阔盘吸虫病
1998,表 6-3-17 ,B66.900,吸虫感染
1999,表 6-3-17 ,B66.901,脑吸虫病
2000,表 6-3-17 ,B66.902,胆道吸虫病
2001,表 6-3-17 ,B67.000x001+K77.0*,肝细粒棘球蚴病
2002,表 6-3-17 ,B67.100x001+J99.8*,肺细粒棘球蚴病
2003,表 6-3-17 ,B67.200x001+M90.2*,骨细粒棘球蚴病
2004,表 6-3-17 ,B67.301,多部位细粒棘球蚴感染
2005,表 6-3-17 ,B67.302+E35.0*,甲状腺细粒棘球蚴病
2006,表 6-3-17 ,B67.400x001,细粒棘球蚴病
2007,表 6-3-17 ,B67.401,犬绦虫感染
2008,表 6-3-17 ,B67.500x001+K77.0*,肝泡型棘球蚴病
2009,表 6-3-17 ,B67.600x001,肺泡型棘球蚴病
2010,表 6-3-17 ,B67.600x002,脑泡型棘球蚴病
2011,表 6-3-17 ,B67.600x003,骨泡型棘球蚴病
2012,表 6-3-17 ,B67.601,多部位多房棘球蚴感染
2013,表 6-3-17 ,B67.700x001,泡型棘球蚴病
2014,表 6-3-17 ,B67.800x001+K77.0*,肝棘球蚴病[肝包虫病]
2015,表 6-3-17 ,B67.901,棘球蚴病
2016,表 6-3-17 ,B67.902,脑棘球蚴病
2017,表 6-3-17 ,B67.903,心脏棘球蚴病
2018,表 6-3-17 ,B67.904,肺棘球蚴病
2019,表 6-3-17 ,B67.905,胸膜棘球蚴病
2020,表 6-3-17 ,B67.906,纵隔棘球蚴病
2021,表 6-3-17 ,B67.907,腹腔棘球蚴病
2022,表 6-3-17 ,B68.000,猪肉绦虫的绦虫病
2023,表 6-3-17 ,B68.100,牛肉绦虫的绦虫病
2024,表 6-3-17 ,B68.900x002,脑绦虫病
2025,表 6-3-17 ,B68.900x003,肠绦虫病
2026,表 6-3-17 ,B68.900x004,带绦虫病
2027,表 6-3-17 ,B68.901,马尾绦虫肉芽肿
2028,表 6-3-17 ,B69.000x002+G94.8*,马尾神经囊虫病
2029,表 6-3-17 ,B69.001+G94.8*,脑囊虫病
2030,表 6-3-17 ,B69.002+G94.8*,囊虫病癫痫
2031,表 6-3-17 ,B69.100,眼囊虫病
2032,表 6-3-17 ,B69.800x003,肌肉囊虫病
2033,表 6-3-17 ,B69.800x004,皮下组织囊虫病
2034,表 6-3-17 ,B69.800x005,脊髓囊虫病
2035,表 6-3-17 ,B69.800x008,胸膜包囊虫症
2036,表 6-3-17 ,B69.801,肺囊尾蚴病
2037,表 6-3-17 ,B69.802,肝囊虫病
2038,表 6-3-17 ,B69.803,骨囊虫病
2039,表 6-3-17 ,B69.804,肌肉囊尾蚴病
2040,表 6-3-17 ,B69.805,皮肤囊尾蚴病
2041,表 6-3-17 ,B69.900x001,囊虫病[囊尾蚴病]
2042,表 6-3-17 ,B70.000,裂头绦虫病
2043,表 6-3-17 ,B70.100,裂头蚴病
2044,表 6-3-17 ,B71.000,膜壳绦虫病
2045,表 6-3-17 ,B71.100,复孔绦虫病
2046,表 6-3-17 ,B71.800,绦虫感染，其他特指的
2047,表 6-3-17 ,B71.900,绦虫感染
2048,表 6-3-17 ,B72.x00,龙线虫病
2049,表 6-3-17 ,B72.x00x001,麦地那龙线虫病
2050,表 6-3-17 ,B73.x00,盘尾丝虫病
2051,表 6-3-17 ,B74.000x001,班氏丝虫病
2052,表 6-3-17 ,B74.000x002,班氏丝虫性象皮肿
2053,表 6-3-17 ,B74.000x003,班氏丝虫性乳糜尿
2054,表 6-3-17 ,B74.100x001,马来丝虫病
2055,表 6-3-17 ,B74.100x002,马来丝虫性象皮肿
2056,表 6-3-17 ,B74.100x003,马来丝虫性乳糜尿
2057,表 6-3-17 ,B74.200x001,帝汶丝虫病
2058,表 6-3-17 ,B74.200x002,帝汶丝虫性象皮肿
2059,表 6-3-17 ,B74.200x003,帝汶丝虫性乳糜尿
2060,表 6-3-17 ,B74.300,罗阿丝虫病
2061,表 6-3-17 ,B74.400,曼森丝虫病
2062,表 6-3-17 ,B74.400x001,欧氏丝虫病
2063,表 6-3-17 ,B74.400x002,常现丝虫病
2064,表 6-3-17 ,B74.400x003,链尾丝虫病
2065,表 6-3-17 ,B74.800x001,恶丝虫病
2066,表 6-3-17 ,B74.900,丝虫病
2067,表 6-3-17 ,B74.900x003,丝虫性外阴象皮肿
2068,表 6-3-17 ,B74.900x005,淋巴丝虫病
2069,表 6-3-17 ,B74.901,丝虫病性乳糜尿
2070,表 6-3-17 ,B74.902,丝虫性象皮病
2071,表 6-3-17 ,B75.x00,旋毛虫病
2072,表 6-3-17 ,B76.000,十二指肠钩虫病
2073,表 6-3-17 ,B76.100,美洲钩虫病
2074,表 6-3-17 ,B76.800,钩虫病，其他的
2075,表 6-3-17 ,B76.900,钩虫病
2076,表 6-3-17 ,B76.900x003,皮肤蠕虫蚴移行症
2077,表 6-3-17 ,B76.901,胃钩虫病
2078,表 6-3-17 ,B76.902,肠道钩虫病
2079,表 6-3-17 ,B77.000x001+K93.8*,肠蛔虫病
2080,表 6-3-17 ,B77.001+K93.8*,蛔虫性肠穿孔
2081,表 6-3-17 ,B77.800x002,肝管蛔虫病
2082,表 6-3-17 ,B77.800x004,蛔虫病伴胆道并发症
2083,表 6-3-17 ,B77.800x005,蛔虫病伴肝管并发症
2084,表 6-3-17 ,B77.801+J17.3*,急性蛔蚴性肺炎
2085,表 6-3-17 ,B77.803,胆道蛔虫病
2086,表 6-3-17 ,B77.900,蛔虫病
2087,表 6-3-17 ,B78.000,肠道类圆线虫病
2088,表 6-3-17 ,B78.100x001+L99.8*,皮肤粪圆线虫病
2089,表 6-3-17 ,B78.700,播散性类圆线虫病
2090,表 6-3-17 ,B78.901,粪类圆线虫感染
2091,表 6-3-17 ,B78.902+N08.0*,类圆线虫病性肾小球病变
2092,表 6-3-17 ,B79.x00,鞭虫病
2093,表 6-3-17 ,B80.x00,蛲虫病
2094,表 6-3-17 ,B81.000,异尖线虫病
2095,表 6-3-17 ,B81.100,肠道毛细线虫病
2096,表 6-3-17 ,B81.200,毛圆线虫病
2097,表 6-3-17 ,B81.300,肠道血管圆线虫病
2098,表 6-3-17 ,B81.400,混合型肠道蠕虫病
2099,表 6-3-17 ,B81.800x001,结节线虫病
2100,表 6-3-17 ,B81.800x002,三齿线虫病
2101,表 6-3-17 ,B81.801,食道口线虫病
2102,表 6-3-17 ,B81.802,缩小三齿线虫病
2103,表 6-3-17 ,B82.000,肠道蠕虫病
2104,表 6-3-17 ,B82.900,肠道寄生虫病
2105,表 6-3-17 ,B82.901,肠寄生虫性脓肿
2106,表 6-3-17 ,B83.000,内脏幼虫移行症
2107,表 6-3-17 ,B83.000x001,内脏蠕虫蚴移行症
2108,表 6-3-17 ,B83.000x002,弓蛔虫病
2109,表 6-3-17 ,B83.100,颚口线虫病
2110,表 6-3-17 ,B83.200x001,广州管圆线虫病
2111,表 6-3-17 ,B83.200x003,广州管圆线虫病性脑炎
2112,表 6-3-17 ,B83.201,广州血管圆线虫病
2113,表 6-3-17 ,B83.202+G05.2*,嗜酸细胞性脑膜脑炎
2114,表 6-3-17 ,B83.300,比翼(线虫)病
2115,表 6-3-17 ,B83.400,内部水蛭病
2116,表 6-3-17 ,B83.800x001,棘头虫病
2117,表 6-3-17 ,B83.800x002,美丽筒线虫病
2118,表 6-3-17 ,B83.800x003,肝毛细线虫病
2119,表 6-3-17 ,B83.800x004,后圆线虫病
2120,表 6-3-17 ,B83.800x005,结膜吸吮线虫病
2121,表 6-3-17 ,B83.800x006,管圆线虫病
2122,表 6-3-17 ,B83.800x007,腹部管圆线虫病
2123,表 6-3-17 ,B83.800x008,肾膨结线虫病
2124,表 6-3-17 ,B83.800x009,猪巨吻棘头虫病
2125,表 6-3-17 ,B83.900,蠕虫病
2126,表 6-3-18 ,B85.000,头虱引起的虱病
2127,表 6-3-18 ,B85.100,体虱引起的虱病
2128,表 6-3-18 ,B85.200,虱病
2129,表 6-3-18 ,B85.300,阴虱病
2130,表 6-3-18 ,B85.400,混合型虱病和阴虱病
2131,表 6-3-18 ,B86.x00,疥疮
2132,表 6-3-18 ,B86.x00x003,绵羊疥疮
2133,表 6-3-18 ,B86.x00x004,牛疥疮
2134,表 6-3-18 ,B86.x00x005,犬疥疮
2135,表 6-3-18 ,B86.x00x006,猪疥疮
2136,表 6-3-18 ,B86.x00x007,动物疥疮
2137,表 6-3-18 ,B87.000x001+L99.8*,皮肤蝇蛆病
2138,表 6-3-18 ,B87.100,伤口蝇蛆病
2139,表 6-3-18 ,B87.200x001+H58.8*,眼蝇蛆病
2140,表 6-3-18 ,B87.300,鼻咽蝇蛆病
2141,表 6-3-18 ,B87.300x002+J99.8*,喉蝇蛆病
2142,表 6-3-18 ,B87.400x001+H94.8*,耳蝇蛆病
2143,表 6-3-18 ,B87.800x001,泌尿生殖道蝇蛆病
2144,表 6-3-18 ,B87.800x002+K93.8*,肠蝇蛆病
2145,表 6-3-18 ,B87.900,蝇蛆病
2146,表 6-3-18 ,B88.000x002,螨虫病
2147,表 6-3-18 ,B88.000x003,蠕形螨病
2148,表 6-3-18 ,B88.000x004+L99.8*,革螨皮炎
2149,表 6-3-18 ,B88.000x006+L99.8*,恙螨皮炎
2150,表 6-3-18 ,B88.001+L99.8*,螨性皮炎
2151,表 6-3-18 ,B88.100,潜蚤病[沙蚤侵染]
2152,表 6-3-18 ,B88.200x001,肠蜣螂病
2153,表 6-3-18 ,B88.300,外部水蛭病
2154,表 6-3-18 ,B88.800x001,舌形虫病
2155,表 6-3-18 ,B88.800x002,蛇舌状虫病
2156,表 6-3-18 ,B88.800x004,蚰蜒皮炎
2157,表 6-3-18 ,B88.900x001,皮肤病虫侵染
2158,表 6-3-18 ,B88.900x002,螨侵染
2159,表 6-3-18 ,B88.900x003,皮肤寄生虫侵染
2160,表 6-3-18 ,B89.x00,寄生虫病
2161,表 6-3-18 ,B89.x00x002+G73.4*,寄生虫病并发肌病
2162,表 6-3-18 ,B89.x01,颅内寄生虫感染
2163,表 6-3-18 ,B89.x02+H06.1*,眼眶寄生虫病
2164,表 6-3-19 ,B90.000,中枢神经系统结核的后遗症
2165,表 6-3-19 ,B90.001,陈旧性结核性脑膜炎
2166,表 6-3-19 ,B90.002,结核性脑膜炎后遗症
2167,表 6-3-19 ,B90.100,泌尿生殖系结核的后遗症
2168,表 6-3-19 ,B90.101,陈旧性肾结核
2169,表 6-3-19 ,B90.102+N29.1*,肾自截
2170,表 6-3-19 ,B90.200,骨和关节结核的后遗症
2171,表 6-3-19 ,B90.200x002,陈旧性关节结核
2172,表 6-3-19 ,B90.200x003,陈旧性脊柱结核
2173,表 6-3-19 ,B90.201,陈旧性骨关节结核病
2174,表 6-3-19 ,B90.202,陈旧性骨结核病
2175,表 6-3-19 ,B90.800x004,陈旧性肠结核
2176,表 6-3-19 ,B90.800x005,陈旧性支气管淋巴结核
2177,表 6-3-19 ,B90.800x006,陈旧性心包结核
2178,表 6-3-19 ,B90.801,陈旧性颈淋巴结核
2179,表 6-3-19 ,B90.802,陈旧性肠系膜淋巴结核
2180,表 6-3-19 ,B90.803,陈旧性腹腔结核
2181,表 6-3-19 ,B90.804,结核性皮肤瘢痕
2182,表 6-3-19 ,B90.901,陈旧性支气管结核
2183,表 6-3-19 ,B90.902,陈旧性肺结核
2184,表 6-3-19 ,B90.903,陈旧性胸膜结核
2185,表 6-3-19 ,B90.904,陈旧性纵隔结核
2186,表 6-3-19 ,B91.x00,脊髓灰质炎的后遗症
2187,表 6-3-19 ,B92.x00,麻风的后遗症
2188,表 6-3-19 ,B94.000,沙眼的后遗症
2189,表 6-3-19 ,B94.100,病毒性脑炎的后遗症
2190,表 6-3-19 ,B94.101,流行性乙型脑炎后遗症
2191,表 6-3-19 ,B94.200,病毒性肝炎的后遗症
2192,表 6-3-19 ,B94.201,肝炎后综合征
2193,表 6-3-19 ,B94.800x001,破伤风后遗症
2194,表 6-3-19 ,B94.800x003,流行性脑脊髓膜炎后遗症
2195,表 6-3-19 ,B94.801,带状疱疹后遗症
2196,表 6-3-19 ,B94.802,天花后遗症
2197,表 6-3-19 ,B94.900,传染病或寄生虫病的后遗症
2198,表 6-3-20 ,C00.000,外上唇恶性肿瘤
2199,表 6-3-20 ,C00.001,外上唇口红区恶性肿瘤
2200,表 6-3-20 ,C00.002,外上唇唇红缘恶性肿瘤
2201,表 6-3-20 ,C00.100,外下唇恶性肿瘤
2202,表 6-3-20 ,C00.101,外下唇口红区恶性肿瘤
2203,表 6-3-20 ,C00.102,外下唇唇红缘恶性肿瘤
2204,表 6-3-20 ,C00.200,外唇的恶性肿瘤
2205,表 6-3-20 ,C00.200x002,外唇唇红缘恶性肿瘤
2206,表 6-3-20 ,C00.300,上唇内面恶性肿瘤
2207,表 6-3-20 ,C00.301,上唇内面颊侧面恶性肿瘤
2208,表 6-3-20 ,C00.302,上唇内面系带恶性肿瘤
2209,表 6-3-20 ,C00.303,上唇内面黏膜恶性肿瘤
2210,表 6-3-20 ,C00.304,上唇内面口腔面恶性肿瘤
2211,表 6-3-20 ,C00.400,下唇内面恶性肿瘤
2212,表 6-3-20 ,C00.401,下唇内面颊侧面恶性肿瘤
2213,表 6-3-20 ,C00.402,下唇内面系带恶性肿瘤
2214,表 6-3-20 ,C00.403,下唇内面黏膜恶性肿瘤
2215,表 6-3-20 ,C00.404,下唇内面口腔面恶性肿瘤
2216,表 6-3-20 ,C00.500,唇内面的恶性肿瘤
2217,表 6-3-20 ,C00.500x002,唇内面黏膜恶性肿瘤
2218,表 6-3-20 ,C00.500x003,唇内面口腔面恶性肿瘤
2219,表 6-3-20 ,C00.500x004,唇内面系带恶性肿瘤
2220,表 6-3-20 ,C00.500x005,唇内面颊侧面恶性肿瘤
2221,表 6-3-20 ,C00.600,唇连合的恶性肿瘤
2222,表 6-3-20 ,C00.800,唇交搭跨越恶性肿瘤的损害
2223,表 6-3-20 ,C00.900,唇恶性肿瘤
2224,表 6-3-20 ,C01.x00,舌根恶性肿瘤
2225,表 6-3-20 ,C01.x00x003,舌后三分之一恶性肿瘤
2226,表 6-3-20 ,C01.x01,舌根背面恶性肿瘤
2227,表 6-3-20 ,C02.000,舌背面恶性肿瘤
2228,表 6-3-20 ,C02.000x002,舌前三分之二背面恶性肿瘤
2229,表 6-3-20 ,C02.100,舌缘恶性肿瘤
2230,表 6-3-20 ,C02.100x001,舌尖及侧缘的恶性肿瘤
2231,表 6-3-20 ,C02.101,舌尖恶性肿瘤
2232,表 6-3-20 ,C02.200,舌腹面恶性肿瘤
2233,表 6-3-20 ,C02.200x002,舌前三分之二腹面恶性肿瘤
2234,表 6-3-20 ,C02.201,舌系带恶性肿瘤
2235,表 6-3-20 ,C02.300,舌前三分之二部位的恶性肿瘤
2236,表 6-3-20 ,C02.300x002,舌中三分之一恶性肿瘤
2237,表 6-3-20 ,C02.300x003,舌活动部分恶性肿瘤
2238,表 6-3-20 ,C02.400,舌扁桃体恶性肿瘤
2239,表 6-3-20 ,C02.800,舌交搭跨越恶性肿瘤的损害
2240,表 6-3-20 ,C02.900,舌恶性肿瘤
2241,表 6-3-20 ,C02.900x002,舌多处恶性肿瘤
2242,表 6-3-20 ,C03.000,上牙龈恶性肿瘤
2243,表 6-3-20 ,C03.000x002,上颌恶性肿瘤
2244,表 6-3-20 ,C03.001,上颌软组织恶性肿瘤
2245,表 6-3-20 ,C03.100,下牙龈恶性肿瘤
2246,表 6-3-20 ,C03.100x002,下颌恶性肿瘤
2247,表 6-3-20 ,C03.101,下颌软组织恶性肿瘤
2248,表 6-3-20 ,C03.900,牙龈恶性肿瘤
2249,表 6-3-20 ,C03.900x001,颌结缔组织恶性肿瘤
2250,表 6-3-20 ,C03.901,颌软组织恶性肿瘤
2251,表 6-3-20 ,C04.000,口底前部恶性肿瘤
2252,表 6-3-20 ,C04.100,口底侧部恶性肿瘤
2253,表 6-3-20 ,C04.800,口底交搭跨越恶性肿瘤的损害
2254,表 6-3-20 ,C04.900,口底恶性肿瘤
2255,表 6-3-20 ,C05.000,硬腭恶性肿瘤
2256,表 6-3-20 ,C05.100,软腭恶性肿瘤
2257,表 6-3-20 ,C05.200,悬雍垂恶性肿瘤
2258,表 6-3-20 ,C05.800,腭交搭跨越恶性肿瘤的损害
2259,表 6-3-20 ,C05.900,腭恶性肿瘤
2260,表 6-3-20 ,C05.900x002,口顶恶性肿瘤
2261,表 6-3-20 ,C06.000,颊黏膜恶性肿瘤
2262,表 6-3-20 ,C06.001,颊内部恶性肿瘤
2263,表 6-3-20 ,C06.100,口前庭恶性肿瘤
2264,表 6-3-20 ,C06.100x002,上颊沟恶性肿瘤
2265,表 6-3-20 ,C06.100x003,下颊沟恶性肿瘤
2266,表 6-3-20 ,C06.100x004,上唇沟恶性肿瘤
2267,表 6-3-20 ,C06.100x005,下唇沟恶性肿瘤
2268,表 6-3-20 ,C06.101,颊龈沟恶性肿瘤
2269,表 6-3-20 ,C06.102,唇龈沟恶性肿瘤
2270,表 6-3-20 ,C06.200,磨牙后区恶性肿瘤
2271,表 6-3-20 ,C06.800,口的其他和未特指部位交搭跨越恶性肿瘤的损害
2272,表 6-3-20 ,C06.900,口恶性肿瘤
2273,表 6-3-20 ,C06.901,小涎腺恶性肿瘤
2274,表 6-3-20 ,C06.902,口腔黏膜恶性肿瘤
2275,表 6-3-20 ,C07.x00,腮腺恶性肿瘤
2276,表 6-3-20 ,C07.x00x003,副腮腺恶性肿瘤
2277,表 6-3-20 ,C08.000,下颌下腺恶性肿瘤
2278,表 6-3-20 ,C08.100,舌下腺恶性肿瘤
2279,表 6-3-20 ,C08.800,大涎腺交搭跨越恶性肿瘤的损害
2280,表 6-3-20 ,C08.800x001,舌下腺及下颌下腺恶性肿瘤
2281,表 6-3-20 ,C08.900,大涎腺恶性肿瘤
2282,表 6-3-20 ,C08.900x001,唾液腺恶性肿瘤
2283,表 6-3-20 ,C09.000,扁桃体窝恶性肿瘤
2284,表 6-3-20 ,C09.100,扁桃体柱恶性肿瘤(前)(后)
2285,表 6-3-20 ,C09.100x001,舌腭弓恶性肿瘤
2286,表 6-3-20 ,C09.100x002,前扁桃体柱恶性肿瘤
2287,表 6-3-20 ,C09.100x003,后扁桃体柱恶性肿瘤
2288,表 6-3-20 ,C09.800,扁桃体交搭跨越恶性肿瘤的损害
2289,表 6-3-20 ,C09.900,扁桃体恶性肿瘤
2290,表 6-3-20 ,C09.901,咽门扁桃体恶性肿瘤
2291,表 6-3-20 ,C09.902,腭扁桃体恶性肿瘤
2292,表 6-3-20 ,C10.000,会厌谷恶性肿瘤
2293,表 6-3-20 ,C10.100,会厌前面恶性肿瘤
2294,表 6-3-20 ,C10.101,会厌边缘恶性肿瘤
2295,表 6-3-20 ,C10.102,舌会厌褶恶性肿瘤
2296,表 6-3-20 ,C10.200,口咽侧壁恶性肿瘤
2297,表 6-3-20 ,C10.300,口咽后壁恶性肿瘤
2298,表 6-3-20 ,C10.400,鳃裂恶性肿瘤
2299,表 6-3-20 ,C10.800,口咽交搭跨越恶性肿瘤的损害
2300,表 6-3-20 ,C10.800x002,口咽连接部恶性肿瘤
2301,表 6-3-20 ,C10.900,口咽恶性肿瘤
2302,表 6-3-20 ,C11.000,鼻咽上壁恶性肿瘤
2303,表 6-3-20 ,C11.001,鼻咽顶恶性肿瘤
2304,表 6-3-20 ,C11.100,鼻咽后壁恶性肿瘤
2305,表 6-3-20 ,C11.101,腺样体恶性肿瘤
2306,表 6-3-20 ,C11.102,咽扁桃体恶性肿瘤
2307,表 6-3-20 ,C11.200,鼻咽侧壁恶性肿瘤
2308,表 6-3-20 ,C11.200x002,罗森米窝恶性肿瘤
2309,表 6-3-20 ,C11.201,咽鼓管开口恶性肿瘤
2310,表 6-3-20 ,C11.202,咽隐窝恶性肿瘤
2311,表 6-3-20 ,C11.300,鼻咽前壁恶性肿瘤
2312,表 6-3-20 ,C11.300x001,鼻中隔后缘恶性肿瘤
2313,表 6-3-20 ,C11.300x004,软腭的鼻咽后面恶性肿瘤
2314,表 6-3-20 ,C11.300x005,软腭的鼻咽上面恶性肿瘤
2315,表 6-3-20 ,C11.300x006,鼻后缘恶性肿瘤
2316,表 6-3-20 ,C11.301,鼻咽底恶性肿瘤
2317,表 6-3-20 ,C11.302,鼻后孔恶性肿瘤
2318,表 6-3-20 ,C11.800,鼻咽交搭跨越恶性肿瘤的损害
2319,表 6-3-20 ,C11.801,鼻咽多壁恶性肿瘤
2320,表 6-3-20 ,C11.900,鼻咽恶性肿瘤
2321,表 6-3-20 ,C11.901,鼻咽壁恶性肿瘤
2322,表 6-3-20 ,C12.x00x002,梨状窝恶性肿瘤
2323,表 6-3-20 ,C13.000,环状软骨后部恶性肿瘤
2324,表 6-3-20 ,C13.100x001,杓状会厌褶恶性肿瘤
2325,表 6-3-20 ,C13.100x002,杓状会厌褶边缘区恶性肿瘤
2326,表 6-3-20 ,C13.101,咽下面恶性肿瘤
2327,表 6-3-20 ,C13.200,下咽后壁恶性肿瘤
2328,表 6-3-20 ,C13.800,下咽交搭跨越恶性肿瘤的损害
2329,表 6-3-20 ,C13.900,下咽恶性肿瘤
2330,表 6-3-20 ,C13.901,下咽壁恶性肿瘤
2331,表 6-3-20 ,C14.000,咽恶性肿瘤
2332,表 6-3-20 ,C14.001,咽喉恶性肿瘤
2333,表 6-3-20 ,C14.002,咽侧壁恶性肿瘤
2334,表 6-3-20 ,C14.003,咽后壁恶性肿瘤
2335,表 6-3-20 ,C14.200,瓦尔代尔扁桃体环恶性肿瘤
2336,表 6-3-20 ,C14.800,唇、口腔和咽交搭跨越恶性肿瘤的损害
2337,表 6-3-20 ,C14.800x001,颊部及牙龈恶性肿瘤
2338,表 6-3-20 ,C14.800x002,舌根及咽部恶性肿瘤
2339,表 6-3-20 ,C14.800x003,舌根和咽部及喉部恶性肿瘤
2340,表 6-3-20 ,C14.800x004,舌部及口底恶性肿瘤
2341,表 6-3-20 ,C14.800x005,口腔及咽部恶性肿瘤
2342,表 6-3-20 ,C14.800x006,腭部及咽部恶性肿瘤
2343,表 6-3-20 ,C14.800x007,舌下腺及舌根恶性肿瘤
2344,表 6-3-21 ,C15.000,颈部食管恶性肿瘤
2345,表 6-3-21 ,C15.100,胸部食管恶性肿瘤
2346,表 6-3-21 ,C15.100x002,食管胸上段恶性肿瘤
2347,表 6-3-21 ,C15.100x003,食管胸中段恶性肿瘤
2348,表 6-3-21 ,C15.100x004,食管胸下段恶性肿瘤
2349,表 6-3-21 ,C15.200,腹部食管恶性肿瘤
2350,表 6-3-21 ,C15.300,食管上三分之一的恶性肿瘤
2351,表 6-3-21 ,C15.400,食管中三分之一的恶性肿瘤
2352,表 6-3-21 ,C15.500,食管下三分之一的恶性肿瘤
2353,表 6-3-21 ,C15.800x001,食管颈部及腹部恶性肿瘤
2354,表 6-3-21 ,C15.800x002,食管颈部及胸部恶性肿瘤
2355,表 6-3-21 ,C15.800x003,食管胸部及腹部恶性肿瘤
2356,表 6-3-21 ,C15.800x004,食管颈部和胸部及腹部恶性肿瘤
2357,表 6-3-21 ,C15.801,食管中上段恶性肿瘤
2358,表 6-3-21 ,C15.802,食管中下段恶性肿瘤
2359,表 6-3-21 ,C15.900,食管恶性肿瘤
2360,表 6-3-21 ,C15.900x003,食管多处恶性肿瘤
2361,表 6-3-21 ,C16.000,贲门恶性肿瘤
2362,表 6-3-21 ,C16.000x003,贲门口恶性肿瘤
2363,表 6-3-21 ,C16.000x004,胃角恶性肿瘤
2364,表 6-3-21 ,C16.001,食管贲门连接处恶性肿瘤
2365,表 6-3-21 ,C16.002,食管胃连接处恶性肿瘤
2366,表 6-3-21 ,C16.100,胃底恶性肿瘤
2367,表 6-3-21 ,C16.200,胃体恶性肿瘤
2368,表 6-3-21 ,C16.301,胃窦恶性肿瘤
2369,表 6-3-21 ,C16.400,幽门恶性肿瘤
2370,表 6-3-21 ,C16.401,幽门前恶性肿瘤
2371,表 6-3-21 ,C16.402,幽门管恶性肿瘤
2372,表 6-3-21 ,C16.500,胃小弯恶性肿瘤
2373,表 6-3-21 ,C16.600,胃大弯恶性肿瘤
2374,表 6-3-21 ,C16.800,胃交搭跨越恶性肿瘤的损害
2375,表 6-3-21 ,C16.800x002,胃体和胃窦及胃大弯恶性肿瘤
2376,表 6-3-21 ,C16.800x003,胃底及胃体恶性肿瘤
2377,表 6-3-21 ,C16.801,贲门胃底恶性肿瘤
2378,表 6-3-21 ,C16.802,贲门胃体恶性肿瘤
2379,表 6-3-21 ,C16.803,胃窦胃体恶性肿瘤
2380,表 6-3-21 ,C16.804,胃底胃体恶性肿瘤
2381,表 6-3-21 ,C16.900,胃恶性肿瘤
2382,表 6-3-21 ,C16.900x003,胃多处恶性肿瘤
2383,表 6-3-21 ,C16.902,胃溃疡癌变
2384,表 6-3-21 ,C16.903,残胃恶性肿瘤
2385,表 6-3-21 ,C17.000,十二指肠恶性肿瘤
2386,表 6-3-21 ,C17.100,空肠恶性肿瘤
2387,表 6-3-21 ,C17.200,回肠恶性肿瘤
2388,表 6-3-21 ,C17.300,麦克尔憩室恶性肿瘤
2389,表 6-3-21 ,C17.800,小肠交搭跨越恶性肿瘤的损害
2390,表 6-3-21 ,C17.801,十二指肠及空肠恶性肿瘤
2391,表 6-3-21 ,C17.900,小肠恶性肿瘤
2392,表 6-3-21 ,C17.900x002,小肠多处恶性肿瘤
2393,表 6-3-21 ,C18.000,盲肠恶性肿瘤
2394,表 6-3-21 ,C18.001,回盲部恶性肿瘤
2395,表 6-3-21 ,C18.100,阑尾恶性肿瘤
2396,表 6-3-21 ,C18.200,升结肠恶性肿瘤
2397,表 6-3-21 ,C18.300,结肠肝曲恶性肿瘤
2398,表 6-3-21 ,C18.400,横结肠恶性肿瘤
2399,表 6-3-21 ,C18.500,结肠脾曲恶性肿瘤
2400,表 6-3-21 ,C18.600,降结肠恶性肿瘤
2401,表 6-3-21 ,C18.700,乙状结肠恶性肿瘤
2402,表 6-3-21 ,C18.800x002,盲肠及升结肠恶性肿瘤
2403,表 6-3-21 ,C18.801,降结肠乙状结肠恶性肿瘤
2404,表 6-3-21 ,C18.802,升结肠横结肠恶性肿瘤
2405,表 6-3-21 ,C18.803,横结肠降结肠恶性肿瘤
2406,表 6-3-21 ,C18.900,结肠恶性肿瘤
2407,表 6-3-21 ,C18.900x001,结肠多处恶性肿瘤
2408,表 6-3-21 ,C18.901,结肠腺瘤恶变
2409,表 6-3-21 ,C19.x00,直肠乙状结肠连接处恶性肿瘤
2410,表 6-3-21 ,C19.x01,结肠和直肠恶性肿瘤
2411,表 6-3-21 ,C20.x00,直肠恶性肿瘤
2412,表 6-3-21 ,C20.x00x003,直肠多处恶性肿瘤
2413,表 6-3-21 ,C20.x01,直肠壶腹部恶性肿瘤
2414,表 6-3-21 ,C21.000,肛门恶性肿瘤
2415,表 6-3-21 ,C21.100,肛管恶性肿瘤
2416,表 6-3-21 ,C21.101,肛门括约肌恶性肿瘤
2417,表 6-3-21 ,C21.200,泄殖腔肛源区恶性肿瘤
2418,表 6-3-21 ,C21.800,直肠、肛门和肛管交搭跨越恶性肿瘤的损害
2419,表 6-3-21 ,C21.801,直肠肛管恶性肿瘤
2420,表 6-3-21 ,C21.802,直肠肛门恶性肿瘤
2421,表 6-3-21 ,C22.000,肝细胞癌
2422,表 6-3-21 ,C22.001,肝恶性细胞瘤
2423,表 6-3-21 ,C22.100,肝内胆管癌
2424,表 6-3-21 ,C22.101,胆管癌
2425,表 6-3-21 ,C22.200,肝母细胞瘤
2426,表 6-3-21 ,C22.300,肝血管肉瘤
2427,表 6-3-21 ,C22.301,肝巨噬细胞肉瘤
2428,表 6-3-21 ,C22.400,肝的其他肉瘤
2429,表 6-3-21 ,C22.700,肝恶性肿瘤，其他特指的
2430,表 6-3-21 ,C22.900,肝恶性肿瘤
2431,表 6-3-21 ,C23.x00,胆囊恶性肿瘤
2432,表 6-3-21 ,C24.000,肝外胆管恶性肿瘤
2433,表 6-3-21 ,C24.000x007,肝门胆管恶性肿瘤
2434,表 6-3-21 ,C24.001,肝管恶性肿瘤
2435,表 6-3-21 ,C24.002,胆管恶性肿瘤
2436,表 6-3-21 ,C24.003,胆总管恶性肿瘤
2437,表 6-3-21 ,C24.004,胆囊管恶性肿瘤
2438,表 6-3-21 ,C24.100,法特壶腹恶性肿瘤
2439,表 6-3-21 ,C24.101,法特壶腹周围恶性肿瘤
2440,表 6-3-21 ,C24.800,胆道交搭跨越恶性肿瘤的损害
2441,表 6-3-21 ,C24.800x001,肝内及肝外胆管恶性肿瘤
2442,表 6-3-21 ,C24.900,胆道恶性肿瘤
2443,表 6-3-21 ,C25.000,胰头恶性肿瘤
2444,表 6-3-21 ,C25.100,胰体恶性肿瘤
2445,表 6-3-21 ,C25.200,胰尾恶性肿瘤
2446,表 6-3-21 ,C25.300,胰管恶性肿瘤
2447,表 6-3-21 ,C25.400,胰腺内分泌的恶性肿瘤
2448,表 6-3-21 ,C25.401,胰岛恶性肿瘤
2449,表 6-3-21 ,C25.701,胰颈恶性肿瘤
2450,表 6-3-21 ,C25.800x001,胰头和胰颈及胰体恶性肿瘤
2451,表 6-3-21 ,C25.801,胰体胰尾部恶性肿瘤
2452,表 6-3-21 ,C25.802,胰颈胰体部恶性肿瘤
2453,表 6-3-21 ,C25.803,胰头胰颈部恶性肿瘤
2454,表 6-3-21 ,C25.900,胰恶性肿瘤
2455,表 6-3-21 ,C26.000,肠道部位的恶性肿瘤
2456,表 6-3-21 ,C26.100,脾恶性肿瘤
2457,表 6-3-21 ,C26.800,消化系统交搭跨越恶性肿瘤的损害
2458,表 6-3-21 ,C26.800x001,小肠及结肠恶性肿瘤
2459,表 6-3-21 ,C26.800x002,胃体及横结肠恶性肿瘤
2460,表 6-3-21 ,C26.800x003,胆管及胆囊恶性肿瘤
2461,表 6-3-21 ,C26.900,消化系统部位不明确的恶性肿瘤
2462,表 6-3-21 ,C26.901,胃肠道恶性肿瘤
2463,表 6-3-22 ,C30.000,鼻腔恶性肿瘤
2464,表 6-3-22 ,C30.001,鼻软骨恶性肿瘤
2465,表 6-3-22 ,C30.002,鼻甲恶性肿瘤
2466,表 6-3-22 ,C30.003,内鼻恶性肿瘤
2467,表 6-3-22 ,C30.004,鼻中隔恶性肿瘤
2468,表 6-3-22 ,C30.005,鼻前庭恶性肿瘤
2469,表 6-3-22 ,C30.100,中耳恶性肿瘤
2470,表 6-3-22 ,C30.101,咽鼓管恶性肿瘤
2471,表 6-3-22 ,C30.102,乳突恶性肿瘤
2472,表 6-3-22 ,C30.103,内耳恶性肿瘤
2473,表 6-3-22 ,C31.000,上颌窦恶性肿瘤
2474,表 6-3-22 ,C31.100,筛窦恶性肿瘤
2475,表 6-3-22 ,C31.200,额窦恶性肿瘤
2476,表 6-3-22 ,C31.300,蝶窦恶性肿瘤
2477,表 6-3-22 ,C31.800,鼻旁窦交搭跨越恶性肿瘤的损害
2478,表 6-3-22 ,C31.801,筛窦蝶窦恶性肿瘤
2479,表 6-3-22 ,C31.900x001,鼻窦恶性肿瘤
2480,表 6-3-22 ,C32.000,声门恶性肿瘤
2481,表 6-3-22 ,C32.001,声带恶性肿瘤
2482,表 6-3-22 ,C32.100,声门上恶性肿瘤
2483,表 6-3-22 ,C32.100x004,会厌后面(喉面)恶性肿瘤
2484,表 6-3-22 ,C32.101,会厌恶性肿瘤
2485,表 6-3-22 ,C32.102,喉外部恶性肿瘤
2486,表 6-3-22 ,C32.103,假声带恶性肿瘤
2487,表 6-3-22 ,C32.104,喉室带恶性肿瘤
2488,表 6-3-22 ,C32.200,声门下恶性肿瘤
2489,表 6-3-22 ,C32.300,喉软骨恶性肿瘤
2490,表 6-3-22 ,C32.800,喉交搭跨越恶性肿瘤的损害
2491,表 6-3-22 ,C32.900,喉恶性肿瘤
2492,表 6-3-22 ,C33.x00,气管恶性肿瘤
2493,表 6-3-22 ,C34.000,主支气管恶性肿瘤
2494,表 6-3-22 ,C34.000x002,左主支气管恶性肿瘤
2495,表 6-3-22 ,C34.000x003,右主支气管恶性肿瘤
2496,表 6-3-22 ,C34.001,肺门恶性肿瘤
2497,表 6-3-22 ,C34.100x003,左肺上叶恶性肿瘤
2498,表 6-3-22 ,C34.100x004,右肺上叶恶性肿瘤
2499,表 6-3-22 ,C34.101,肺上叶恶性肿瘤
2500,表 6-3-22 ,C34.102,肺上沟恶性肿瘤
2501,表 6-3-22 ,C34.201,肺中叶恶性肿瘤
2502,表 6-3-22 ,C34.300x003,左肺下叶恶性肿瘤
2503,表 6-3-22 ,C34.300x004,右肺下叶恶性肿瘤
2504,表 6-3-22 ,C34.301,肺下叶恶性肿瘤
2505,表 6-3-22 ,C34.800,支气管和肺交搭跨越恶性肿瘤的损害
2506,表 6-3-22 ,C34.800x001,右肺中上叶恶性肿瘤
2507,表 6-3-22 ,C34.800x002,右肺中下叶恶性肿瘤
2508,表 6-3-22 ,C34.800x003,左肺上下叶恶性肿瘤
2509,表 6-3-22 ,C34.801,肺中上叶恶性肿瘤
2510,表 6-3-22 ,C34.802,肺中下叶恶性肿瘤
2511,表 6-3-22 ,C34.803,肺上下叶恶性肿瘤
2512,表 6-3-22 ,C34.900x001,肺恶性肿瘤
2513,表 6-3-22 ,C34.900x004,左肺恶性肿瘤
2514,表 6-3-22 ,C34.900x005,右肺恶性肿瘤
2515,表 6-3-22 ,C34.900x006,双肺恶性肿瘤
2516,表 6-3-22 ,C34.900x008,肺多处恶性肿瘤
2517,表 6-3-22 ,C34.901,支气管恶性肿瘤
2518,表 6-3-22 ,C34.902,细支气管恶性肿瘤
2519,表 6-3-22 ,C37.x00,胸腺恶性肿瘤
2520,表 6-3-22 ,C38.000,心脏恶性肿瘤
2521,表 6-3-22 ,C38.000x004,心室恶性肿瘤
2522,表 6-3-22 ,C38.001,心包恶性肿瘤
2523,表 6-3-22 ,C38.002,心房恶性肿瘤
2524,表 6-3-22 ,C38.100,前纵隔恶性肿瘤
2525,表 6-3-22 ,C38.200,后纵隔恶性肿瘤
2526,表 6-3-22 ,C38.300,纵隔恶性肿瘤
2527,表 6-3-22 ,C38.400,胸膜恶性肿瘤
2528,表 6-3-22 ,C38.400x003,胸膜脏层恶性肿瘤
2529,表 6-3-22 ,C38.401,胸膜壁层恶性肿瘤
2530,表 6-3-22 ,C38.800,心脏、纵隔和胸膜交搭跨越恶性肿瘤的损害
2531,表 6-3-22 ,C39.000,上呼吸道的恶性肿瘤
2532,表 6-3-22 ,C39.800,呼吸和胸腔内器官交搭跨越恶性肿瘤的损害
2533,表 6-3-22 ,C39.801,"鼻腔,鼻窦恶性肿瘤"
2534,表 6-3-22 ,C39.900x001,呼吸系统恶性肿瘤
2535,表 6-3-23 ,C40.000x006,肩关节恶性肿瘤
2536,表 6-3-23 ,C40.001,肩胛骨恶性肿瘤
2537,表 6-3-23 ,C40.002,肱骨恶性肿瘤
2538,表 6-3-23 ,C40.003,尺骨恶性肿瘤
2539,表 6-3-23 ,C40.004,桡骨恶性肿瘤
2540,表 6-3-23 ,C40.005,肘关节恶性肿瘤
2541,表 6-3-23 ,C40.100x006,腕关节恶性肿瘤
2542,表 6-3-23 ,C40.100x007,手关节恶性肿瘤
2543,表 6-3-23 ,C40.101,腕骨恶性肿瘤
2544,表 6-3-23 ,C40.102,指骨恶性肿瘤
2545,表 6-3-23 ,C40.103,掌骨恶性肿瘤
2546,表 6-3-23 ,C40.200x005,膝关节恶性肿瘤
2547,表 6-3-23 ,C40.201,股骨恶性肿瘤
2548,表 6-3-23 ,C40.202,胫骨恶性肿瘤
2549,表 6-3-23 ,C40.203,腓骨恶性肿瘤
2550,表 6-3-23 ,C40.300x003,踝骨恶性肿瘤
2551,表 6-3-23 ,C40.300x004,距骨恶性肿瘤
2552,表 6-3-23 ,C40.300x005,跟骨恶性肿瘤
2553,表 6-3-23 ,C40.300x009,足骨恶性肿瘤
2554,表 6-3-23 ,C40.300x010,踝关节恶性肿瘤
2555,表 6-3-23 ,C40.300x011,足关节恶性肿瘤
2556,表 6-3-23 ,C40.301,髌骨恶性肿瘤
2557,表 6-3-23 ,C40.302,跗骨恶性肿瘤
2558,表 6-3-23 ,C40.303,趾骨恶性肿瘤
2559,表 6-3-23 ,C40.304,跖骨恶性肿瘤
2560,表 6-3-23 ,C40.800,四肢骨和关节软骨交搭跨越恶性肿瘤的损害
2561,表 6-3-23 ,C40.900x001,四肢骨恶性肿瘤
2562,表 6-3-23 ,C40.901,四肢关节软骨恶性肿瘤
2563,表 6-3-23 ,C41.000x018,颅骨恶性肿瘤
2564,表 6-3-23 ,C41.000x019,斜坡恶性肿瘤
2565,表 6-3-23 ,C41.000x020,舌骨恶性肿瘤
2566,表 6-3-23 ,C41.000x021,犁骨恶性肿瘤
2567,表 6-3-23 ,C41.000x023,颚骨恶性肿瘤
2568,表 6-3-23 ,C41.000x025,鼻甲骨恶性肿瘤
2569,表 6-3-23 ,C41.000x027,颌面骨恶性肿瘤
2570,表 6-3-23 ,C41.001,面骨恶性肿瘤
2571,表 6-3-23 ,C41.002,额骨恶性肿瘤
2572,表 6-3-23 ,C41.003,顶骨恶性肿瘤
2573,表 6-3-23 ,C41.004,枕骨恶性肿瘤
2574,表 6-3-23 ,C41.005,蝶骨恶性肿瘤
2575,表 6-3-23 ,C41.006,筛骨恶性肿瘤
2576,表 6-3-23 ,C41.007,颞骨恶性肿瘤
2577,表 6-3-23 ,C41.008,眶骨恶性肿瘤
2578,表 6-3-23 ,C41.009,鼻骨恶性肿瘤
2579,表 6-3-23 ,C41.010,颧骨恶性肿瘤
2580,表 6-3-23 ,C41.011,上颌骨恶性肿瘤
2581,表 6-3-23 ,C41.012,眉弓恶性肿瘤
2582,表 6-3-23 ,C41.100,下颌骨恶性肿瘤
2583,表 6-3-23 ,C41.100x002,髁突恶性肿瘤
2584,表 6-3-23 ,C41.200x005,椎骨恶性肿瘤
2585,表 6-3-23 ,C41.201,颈椎恶性肿瘤
2586,表 6-3-23 ,C41.202,胸椎恶性肿瘤
2587,表 6-3-23 ,C41.203,腰椎恶性肿瘤
2588,表 6-3-23 ,C41.300x002,锁骨恶性肿瘤
2589,表 6-3-23 ,C41.301,胸骨恶性肿瘤
2590,表 6-3-23 ,C41.302,肋骨恶性肿瘤
2591,表 6-3-23 ,C41.400x008,髋关节恶性肿瘤
2592,表 6-3-23 ,C41.400x009,髋臼恶性肿瘤
2593,表 6-3-23 ,C41.401,盆骨恶性肿瘤
2594,表 6-3-23 ,C41.402,髋骨恶性肿瘤
2595,表 6-3-23 ,C41.403,骶骨恶性肿瘤
2596,表 6-3-23 ,C41.404,耻骨恶性肿瘤
2597,表 6-3-23 ,C41.405,尾骨恶性肿瘤
2598,表 6-3-23 ,C41.406,髂骨恶性肿瘤
2599,表 6-3-23 ,C41.800,骨和关节软骨交搭跨越恶性肿瘤的损害
2600,表 6-3-23 ,C41.800x001,腰椎及骶椎恶性肿瘤
2601,表 6-3-23 ,C41.900x001,骨恶性肿瘤
2602,表 6-3-23 ,C41.901,关节软骨恶性肿瘤
2603,表 6-3-24 ,C43.000,唇恶性黑色素瘤
2604,表 6-3-24 ,C43.100x001,眼睑恶性黑色素瘤
2605,表 6-3-24 ,C43.101,眦恶性黑色素瘤
2606,表 6-3-24 ,C43.200x001,耳廓恶性黑色素瘤
2607,表 6-3-24 ,C43.200x003,耳恶性黑色素瘤
2608,表 6-3-24 ,C43.201,外耳道恶性黑色素瘤
2609,表 6-3-24 ,C43.300,面部恶性黑色素瘤
2610,表 6-3-24 ,C43.302,鼻恶性黑色素瘤
2611,表 6-3-24 ,C43.400x002,头皮恶性黑色素瘤
2612,表 6-3-24 ,C43.401,颈部恶性黑色素瘤
2613,表 6-3-24 ,C43.500,躯干恶性黑色素瘤
2614,表 6-3-24 ,C43.501,乳房恶性黑色素瘤
2615,表 6-3-24 ,C43.502,胸壁恶性黑色素瘤
2616,表 6-3-24 ,C43.503,腹壁恶性黑色素瘤
2617,表 6-3-24 ,C43.504,腹股沟恶性黑色素瘤
2618,表 6-3-24 ,C43.505,背部恶性黑色素瘤
2619,表 6-3-24 ,C43.506,臀部恶性黑色素瘤
2620,表 6-3-24 ,C43.507,肛门恶性黑色素瘤
2621,表 6-3-24 ,C43.508,肛周恶性黑色素瘤
2622,表 6-3-24 ,C43.600,上肢(包括肩)恶性黑色素瘤
2623,表 6-3-24 ,C43.600x002,手指恶性黑色素瘤
2624,表 6-3-24 ,C43.601,肩部恶性黑色素瘤
2625,表 6-3-24 ,C43.602,上臂恶性黑色素瘤
2626,表 6-3-24 ,C43.603,前臂恶性黑色素瘤
2627,表 6-3-24 ,C43.604,肘部恶性黑色素瘤
2628,表 6-3-24 ,C43.605,腕部恶性黑色素瘤
2629,表 6-3-24 ,C43.606,手恶性黑色素瘤
2630,表 6-3-24 ,C43.700x001,下肢恶性黑色素瘤
2631,表 6-3-24 ,C43.701,髋恶性黑色素瘤
2632,表 6-3-24 ,C43.702,大腿恶性黑色素瘤
2633,表 6-3-24 ,C43.703,小腿恶性黑色素瘤
2634,表 6-3-24 ,C43.704,膝部恶性黑色素瘤
2635,表 6-3-24 ,C43.705,腘部恶性黑色素瘤
2636,表 6-3-24 ,C43.706,踝部恶性黑色素瘤
2637,表 6-3-24 ,C43.707,足部恶性黑色素瘤
2638,表 6-3-24 ,C43.800,皮肤交搭跨越的恶性黑色素瘤
2639,表 6-3-24 ,C43.900,皮肤恶性黑色素瘤
2640,表 6-3-24 ,C43.900x003,恶性雀斑样痣
2641,表 6-3-24 ,C43.901,恶性蓝痣
2642,表 6-3-24 ,C44.000,唇皮肤恶性肿瘤
2643,表 6-3-24 ,C44.100x002,眼睑恶性肿瘤
2644,表 6-3-24 ,C44.100x003,内眦恶性肿瘤
2645,表 6-3-24 ,C44.100x004,外眦恶性肿瘤
2646,表 6-3-24 ,C44.101,眦恶性肿瘤
2647,表 6-3-24 ,C44.102,睑板腺恶性肿瘤
2648,表 6-3-24 ,C44.200x001,耳部皮肤恶性肿瘤
2649,表 6-3-24 ,C44.201,外耳道皮肤恶性肿瘤
2650,表 6-3-24 ,C44.300,面部皮肤恶性肿瘤
2651,表 6-3-24 ,C44.300x005,颞部皮肤恶性肿瘤
2652,表 6-3-24 ,C44.300x006,鼻翼皮肤恶性肿瘤
2653,表 6-3-24 ,C44.302,额部皮肤恶性肿瘤
2654,表 6-3-24 ,C44.304,鼻部皮肤恶性肿瘤
2655,表 6-3-24 ,C44.305,颌下皮肤恶性肿瘤
2656,表 6-3-24 ,C44.306,鼻唇沟恶性肿瘤
2657,表 6-3-24 ,C44.307,颏部恶性肿瘤
2658,表 6-3-24 ,C44.400x004,头皮恶性肿瘤
2659,表 6-3-24 ,C44.401,颈部皮肤恶性肿瘤
2660,表 6-3-24 ,C44.500,躯干皮肤恶性肿瘤
2661,表 6-3-24 ,C44.501,乳房皮肤恶性肿瘤
2662,表 6-3-24 ,C44.502,胸部皮肤恶性肿瘤
2663,表 6-3-24 ,C44.503,腹部皮肤恶性肿瘤
2664,表 6-3-24 ,C44.504,背部皮肤恶性肿瘤
2665,表 6-3-24 ,C44.505,肩胛区皮肤恶性肿瘤
2666,表 6-3-24 ,C44.506,臀部皮肤恶性肿瘤
2667,表 6-3-24 ,C44.507,肛门皮肤恶性肿瘤
2668,表 6-3-24 ,C44.508,肛周皮肤恶性肿瘤
2669,表 6-3-24 ,C44.509,腹股沟皮肤恶性肿瘤
2670,表 6-3-24 ,C44.600,上肢(包括肩)皮肤恶性肿瘤
2671,表 6-3-24 ,C44.601,肩部皮肤恶性肿瘤
2672,表 6-3-24 ,C44.602,上臂皮肤恶性肿瘤
2673,表 6-3-24 ,C44.603,前臂皮肤恶性肿瘤
2674,表 6-3-24 ,C44.604,肘部皮肤恶性肿瘤
2675,表 6-3-24 ,C44.605,腕部皮肤恶性肿瘤
2676,表 6-3-24 ,C44.606,手皮肤恶性肿瘤
2677,表 6-3-24 ,C44.700,下肢(包括髋)皮肤恶性肿瘤
2678,表 6-3-24 ,C44.701,髋部皮肤恶性肿瘤
2679,表 6-3-24 ,C44.702,大腿皮肤恶性肿瘤
2680,表 6-3-24 ,C44.703,小腿皮肤恶性肿瘤
2681,表 6-3-24 ,C44.704,膝部皮肤恶性肿瘤
2682,表 6-3-24 ,C44.705,腘窝皮肤恶性肿瘤
2683,表 6-3-24 ,C44.706,踝部皮肤恶性肿瘤
2684,表 6-3-24 ,C44.707,足皮肤恶性肿瘤
2685,表 6-3-24 ,C44.800,皮肤交搭跨越恶性肿瘤的损害
2686,表 6-3-24 ,C44.900,皮肤恶性肿瘤
2687,表 6-3-24 ,C44.901,汗腺恶性肿瘤
2688,表 6-3-25 ,C45.000,胸膜间皮瘤
2689,表 6-3-25 ,C45.100,腹膜间皮瘤
2690,表 6-3-25 ,C45.100x005,腹膜壁层间皮瘤
2691,表 6-3-25 ,C45.101,肠系膜间皮瘤
2692,表 6-3-25 ,C45.102,结肠系膜间皮瘤
2693,表 6-3-25 ,C45.103,网膜间皮瘤
2694,表 6-3-25 ,C45.200,心包间皮瘤
2695,表 6-3-25 ,C45.700,间皮瘤，其他部位的
2696,表 6-3-25 ,C45.700x002,腹膜后间皮瘤
2697,表 6-3-25 ,C45.700x005,直肠间皮瘤
2698,表 6-3-25 ,C45.701,肺间皮瘤
2699,表 6-3-25 ,C45.702,纵隔间皮瘤
2700,表 6-3-25 ,C45.703,胃间皮瘤
2701,表 6-3-25 ,C45.704,肝间皮瘤
2702,表 6-3-25 ,C45.705,结肠间皮瘤
2703,表 6-3-25 ,C45.706,盆腔间皮瘤
2704,表 6-3-25 ,C45.900,间皮瘤
2705,表 6-3-25 ,C46.000,皮肤卡波西肉瘤
2706,表 6-3-25 ,C46.100,软组织卡波西肉瘤
2707,表 6-3-25 ,C46.200,腭卡波西肉瘤
2708,表 6-3-25 ,C46.300,淋巴结卡波西肉瘤
2709,表 6-3-25 ,C46.700,卡波西肉瘤，其他部位的
2710,表 6-3-25 ,C46.700x001,外阴卡波西肉瘤
2711,表 6-3-25 ,C46.701,肺卡波西肉瘤
2712,表 6-3-25 ,C46.800,多器官的卡波西肉瘤
2713,表 6-3-25 ,C46.900,卡波西肉瘤
2714,表 6-3-25 ,C46.900x002,非洲型卡波西肉瘤
2715,表 6-3-25 ,C46.900x003,经典(欧洲)型卡波西肉瘤
2716,表 6-3-25 ,C46.900x004,同种异质移植型卡波西肉瘤
2717,表 6-3-25 ,C47.000x001,头部周围神经和自主神经恶性肿瘤
2718,表 6-3-25 ,C47.000x002,面部周围神经和自主神经恶性肿瘤
2719,表 6-3-25 ,C47.000x003,颈部周围神经和自主神经恶性肿瘤
2720,表 6-3-25 ,C47.000x004,耳部周围神经和自主神经恶性肿瘤
2721,表 6-3-25 ,C47.000x005,颞下窝周围神经和自主神经恶性肿瘤
2722,表 6-3-25 ,C47.000x006,翼腭窝周围神经和自主神经恶性肿瘤
2723,表 6-3-25 ,C47.000x007,咽旁间隙周围神经和自主神经恶性肿瘤
2724,表 6-3-25 ,C47.000x008,咽后间隙周围神经和自主神经恶性肿瘤
2725,表 6-3-25 ,C47.000x009,眼睑周围神经和自主神经恶性肿瘤
2726,表 6-3-25 ,C47.000x010,鼻部周围神经和自主神经恶性肿瘤
2727,表 6-3-25 ,C47.000x011,颈丛恶性肿瘤
2728,表 6-3-25 ,C47.100x001,上肢周围神经和自主神经恶性肿瘤
2729,表 6-3-25 ,C47.100x004,腕周围神经和自主神经恶性肿瘤
2730,表 6-3-25 ,C47.100x005,臂神经恶性肿瘤
2731,表 6-3-25 ,C47.100x006,臂丛恶性肿瘤
2732,表 6-3-25 ,C47.100x007,正中神经恶性肿瘤
2733,表 6-3-25 ,C47.100x008,桡神经恶性肿瘤
2734,表 6-3-25 ,C47.100x009,尺神经恶性肿瘤
2735,表 6-3-25 ,C47.101,肩部神经恶性肿瘤
2736,表 6-3-25 ,C47.102,手神经恶性肿瘤
2737,表 6-3-25 ,C47.200x001,下肢周围神经和自主神经恶性肿瘤
2738,表 6-3-25 ,C47.200x004,髂部周围神经和自主神经恶性肿瘤
2739,表 6-3-25 ,C47.200x005,踝部周围神经和自主神经恶性肿瘤
2740,表 6-3-25 ,C47.200x006,股神经恶性肿瘤
2741,表 6-3-25 ,C47.200x007,闭孔神经恶性肿瘤
2742,表 6-3-25 ,C47.200x008,坐骨神经恶性肿瘤
2743,表 6-3-25 ,C47.201,髋神经恶性肿瘤
2744,表 6-3-25 ,C47.202,足神经恶性肿瘤
2745,表 6-3-25 ,C47.300,胸部周围神经恶性肿瘤
2746,表 6-3-25 ,C47.300x002,腋部周围神经和自主神经恶性肿瘤
2747,表 6-3-25 ,C47.300x003,膈部周围神经和自主神经恶性肿瘤
2748,表 6-3-25 ,C47.300x004,肩胛区周围神经和自主神经恶性肿瘤
2749,表 6-3-25 ,C47.300x005,肋间神经恶性肿瘤
2750,表 6-3-25 ,C47.400,腹部周围神经恶性肿瘤
2751,表 6-3-25 ,C47.400x002,脐部周围神经和自主神经恶性肿瘤
2752,表 6-3-25 ,C47.500,盆腔周围神经恶性肿瘤
2753,表 6-3-25 ,C47.500x001,骨盆周围神经和自主神经恶性肿瘤
2754,表 6-3-25 ,C47.500x002,臀部周围神经和自主神经恶性肿瘤
2755,表 6-3-25 ,C47.500x004,会阴周围神经和自主神经恶性肿瘤
2756,表 6-3-25 ,C47.500x005,骶部周围神经和自主神经恶性肿瘤
2757,表 6-3-25 ,C47.500x006,骶尾周围神经和自主神经恶性肿瘤
2758,表 6-3-25 ,C47.500x007,直肠膀胱隔周围神经和自主神经恶性肿瘤
2759,表 6-3-25 ,C47.500x008,直肠阴道隔周围神经和自主神经恶性肿瘤
2760,表 6-3-25 ,C47.500x009,直肠周围周围神经和自主神经恶性肿瘤
2761,表 6-3-25 ,C47.500x010,坐骨直肠窝周围神经和自主神经恶性肿瘤
2762,表 6-3-25 ,C47.500x012,腰骶丛恶性肿瘤
2763,表 6-3-25 ,C47.500x013,骶神经恶性肿瘤
2764,表 6-3-25 ,C47.500x014,骶丛恶性肿瘤
2765,表 6-3-25 ,C47.501,腹股沟神经恶性肿瘤
2766,表 6-3-25 ,C47.600,躯干周围神经恶性肿瘤
2767,表 6-3-25 ,C47.600x002,背部周围神经和自主神经恶性肿瘤
2768,表 6-3-25 ,C47.600x003,腰部周围神经和自主神经恶性肿瘤
2769,表 6-3-25 ,C47.800,周围神经和自主神经系统交搭跨越恶性肿瘤的损害
2770,表 6-3-25 ,C47.900,周围神经和自主神经系统恶性肿瘤
2771,表 6-3-25 ,C48.000,腹膜后腔恶性肿瘤
2772,表 6-3-25 ,C48.000x002,肾上腺周围组织恶性肿瘤
2773,表 6-3-25 ,C48.001,肾周恶性肿瘤
2774,表 6-3-25 ,C48.100,腹膜特指部位的恶性肿瘤
2775,表 6-3-25 ,C48.100x006,直肠子宫陷凹恶性肿瘤
2776,表 6-3-25 ,C48.101,肠系膜恶性肿瘤
2777,表 6-3-25 ,C48.102,结肠系膜恶性肿瘤
2778,表 6-3-25 ,C48.103,盆腔腹膜恶性肿瘤
2779,表 6-3-25 ,C48.104,网膜恶性肿瘤
2780,表 6-3-25 ,C48.105,腹膜壁层恶性肿瘤
2781,表 6-3-25 ,C48.200,腹膜恶性肿瘤
2782,表 6-3-25 ,C48.201,腹膜腔恶性肿瘤
2783,表 6-3-25 ,C48.800,腹膜后腔和腹膜交搭跨越恶性肿瘤的损害
2784,表 6-3-25 ,C49.000x004,颞部结缔组织恶性肿瘤
2785,表 6-3-25 ,C49.000x005,头部结缔组织恶性肿瘤
2786,表 6-3-25 ,C49.001,面部结缔组织和软组织恶性肿瘤
2787,表 6-3-25 ,C49.002,颈部结缔组织和软组织恶性肿瘤
2788,表 6-3-25 ,C49.003,睑结缔组织恶性肿瘤
2789,表 6-3-25 ,C49.004,耳部结缔组织恶性肿瘤
2790,表 6-3-25 ,C49.005,翼腭窝结缔组织恶性肿瘤
2791,表 6-3-25 ,C49.100x001,上肢结缔组织恶性肿瘤
2792,表 6-3-25 ,C49.100x002,上肢软组织恶性肿瘤
2793,表 6-3-25 ,C49.100x006,腕部结缔组织恶性肿瘤
2794,表 6-3-25 ,C49.101,肩结缔组织和软组织恶性肿瘤
2795,表 6-3-25 ,C49.102,肘结缔组织恶性肿瘤
2796,表 6-3-25 ,C49.103,手结缔组织恶性肿瘤
2797,表 6-3-25 ,C49.200x001,下肢结缔组织恶性肿瘤
2798,表 6-3-25 ,C49.200x002,下肢软组织恶性肿瘤
2799,表 6-3-25 ,C49.200x005,膝部结缔组织和软组织恶性肿瘤
2800,表 6-3-25 ,C49.200x006,踝部结缔组织恶性肿瘤
2801,表 6-3-25 ,C49.201,髋结缔组织和软组织恶性肿瘤
2802,表 6-3-25 ,C49.202,足结缔组织恶性肿瘤
2803,表 6-3-25 ,C49.300x001,横膈恶性肿瘤
2804,表 6-3-25 ,C49.300x002,肩胛区结缔组织恶性肿瘤
2805,表 6-3-25 ,C49.300x003,胸部结缔组织恶性肿瘤
2806,表 6-3-25 ,C49.300x006,上腔静脉恶性肿瘤
2807,表 6-3-25 ,C49.301,腋下结缔组织恶性肿瘤
2808,表 6-3-25 ,C49.302,膈结缔组织恶性肿瘤
2809,表 6-3-25 ,C49.400,腹部结缔组织和软组织恶性肿瘤
2810,表 6-3-25 ,C49.400x003,腹壁结缔组织恶性肿瘤
2811,表 6-3-25 ,C49.401,季肋部结缔组织恶性肿瘤
2812,表 6-3-25 ,C49.402,下腔静脉恶性肿瘤
2813,表 6-3-25 ,C49.500,盆腔结缔组织和软组织恶性肿瘤
2814,表 6-3-25 ,C49.500x001,骶前结缔组织恶性肿瘤
2815,表 6-3-25 ,C49.500x008,直肠周围结缔组织恶性肿瘤
2816,表 6-3-25 ,C49.501,臀部结缔组织恶性肿瘤
2817,表 6-3-25 ,C49.502,腹股沟结缔组织恶性肿瘤
2818,表 6-3-25 ,C49.503,会阴结缔组织恶性肿瘤
2819,表 6-3-25 ,C49.504,骶结缔组织恶性肿瘤
2820,表 6-3-25 ,C49.505,直肠阴道隔结缔组织恶性肿瘤
2821,表 6-3-25 ,C49.600,躯干结缔组织和软组织的恶性肿瘤
2822,表 6-3-25 ,C49.601,背部结缔组织恶性肿瘤
2823,表 6-3-25 ,C49.800,结缔组织和软组织交搭跨越恶性肿瘤的损害
2824,表 6-3-25 ,C49.900x001,结缔组织恶性肿瘤
2825,表 6-3-25 ,C49.900x003,软组织恶性肿瘤
2826,表 6-3-25 ,C49.901,淋巴管恶性肿瘤
2827,表 6-3-26 ,C50.000,乳头和乳晕恶性肿瘤
2828,表 6-3-26 ,C50.000x001,乳头恶性肿瘤
2829,表 6-3-26 ,C50.001,乳晕恶性肿瘤
2830,表 6-3-26 ,C50.100,乳房中央部恶性肿瘤
2831,表 6-3-26 ,C50.200,乳房上内象限恶性肿瘤
2832,表 6-3-26 ,C50.300,乳房下内象限恶性肿瘤
2833,表 6-3-26 ,C50.400,乳房上外象限恶性肿瘤
2834,表 6-3-26 ,C50.500,乳房下外象限恶性肿瘤
2835,表 6-3-26 ,C50.600,乳房腋尾部恶性肿瘤
2836,表 6-3-26 ,C50.800,乳房交搭跨越恶性肿瘤的损害
2837,表 6-3-26 ,C50.800x005,异位乳腺恶性肿瘤
2838,表 6-3-26 ,C50.801,乳腺恶性肿瘤，上部
2839,表 6-3-26 ,C50.802,乳腺恶性肿瘤，下部
2840,表 6-3-26 ,C50.803,乳腺恶性肿瘤，内侧
2841,表 6-3-26 ,C50.804,乳腺恶性肿瘤，外侧
2842,表 6-3-26 ,C50.900,乳房恶性肿瘤
2843,表 6-3-26 ,C50.900x005,双侧乳腺恶性肿瘤
2844,表 6-3-26 ,C50.901,男性乳腺恶性肿瘤
2845,表 6-3-26 ,C50.902,副乳腺恶性肿瘤
2846,表 6-3-27 ,C51.000,大阴唇恶性肿瘤
2847,表 6-3-27 ,C51.001,前庭大腺恶性肿瘤
2848,表 6-3-27 ,C51.100,小阴唇恶性肿瘤
2849,表 6-3-27 ,C51.200,阴蒂恶性肿瘤
2850,表 6-3-27 ,C51.800,外阴交搭跨越恶性肿瘤的损害
2851,表 6-3-27 ,C51.900,外阴恶性肿瘤
2852,表 6-3-27 ,C52.x00,阴道恶性肿瘤
2853,表 6-3-27 ,C53.000,宫颈内膜恶性肿瘤
2854,表 6-3-27 ,C53.100,外宫颈恶性肿瘤
2855,表 6-3-27 ,C53.800,宫颈交搭跨越恶性肿瘤的损害
2856,表 6-3-27 ,C53.801,宫颈残端恶性肿瘤
2857,表 6-3-27 ,C53.900,宫颈恶性肿瘤
2858,表 6-3-27 ,C54.000,子宫峡部恶性肿瘤
2859,表 6-3-27 ,C54.001,子宫下段恶性肿瘤
2860,表 6-3-27 ,C54.100,子宫内膜恶性肿瘤
2861,表 6-3-27 ,C54.200,子宫肌层恶性肿瘤
2862,表 6-3-27 ,C54.300,子宫底部恶性肿瘤
2863,表 6-3-27 ,C54.800,子宫体交搭跨越恶性肿瘤的损害
2864,表 6-3-27 ,C54.900,子宫体恶性肿瘤
2865,表 6-3-27 ,C55.x00,子宫恶性肿瘤
2866,表 6-3-27 ,C56.x00,卵巢恶性肿瘤
2867,表 6-3-27 ,C56.x00x003,双侧卵巢恶性肿瘤
2868,表 6-3-27 ,C57.000,输卵管恶性肿瘤
2869,表 6-3-27 ,C57.000x002,双侧输卵管恶性肿瘤
2870,表 6-3-27 ,C57.100,阔韧带恶性肿瘤
2871,表 6-3-27 ,C57.101,卵巢冠恶性肿瘤
2872,表 6-3-27 ,C57.200,圆韧带恶性肿瘤
2873,表 6-3-27 ,C57.300,子宫旁组织恶性肿瘤
2874,表 6-3-27 ,C57.300x001,子宫骶骨韧带恶性肿瘤
2875,表 6-3-27 ,C57.301,子宫韧带恶性肿瘤
2876,表 6-3-27 ,C57.400,子宫附件恶性肿瘤
2877,表 6-3-27 ,C57.700,女性生殖器官，其他特指的恶性肿瘤
2878,表 6-3-27 ,C57.701,女性沃尔夫体恶性肿瘤
2879,表 6-3-27 ,C57.702,女性沃尔夫管恶性肿瘤
2880,表 6-3-27 ,C57.800x004,子宫颈及阴道恶性肿瘤
2881,表 6-3-27 ,C57.800x005,子宫及输卵管恶性肿瘤
2882,表 6-3-27 ,C57.801,输卵管卵巢恶性肿瘤
2883,表 6-3-27 ,C57.802,子宫卵巢恶性肿瘤
2884,表 6-3-27 ,C57.803,阴道外阴恶性肿瘤
2885,表 6-3-27 ,C57.900,女性生殖器官恶性肿瘤
2886,表 6-3-27 ,C58.x00,胎盘恶性肿瘤
2887,表 6-3-27 ,C58.x00x002,绒毛膜癌
2888,表 6-3-27 ,C58.x00x003,绒毛膜上皮癌
2889,表 6-3-28 ,C60.000,包皮恶性肿瘤
2890,表 6-3-28 ,C60.100,阴茎头恶性肿瘤
2891,表 6-3-28 ,C60.200,阴茎体恶性肿瘤
2892,表 6-3-28 ,C60.201,海绵体恶性肿瘤
2893,表 6-3-28 ,C60.800,阴茎交搭跨越恶性肿瘤的损害
2894,表 6-3-28 ,C60.900,阴茎恶性肿瘤
2895,表 6-3-28 ,C60.901,阴茎皮肤恶性肿瘤
2896,表 6-3-28 ,C61.x00,前列腺恶性肿瘤
2897,表 6-3-28 ,C62.000,睾丸未降部的恶性肿瘤
2898,表 6-3-28 ,C62.001,异位睾丸恶性肿瘤
2899,表 6-3-28 ,C62.100,睾丸下降部的恶性肿瘤
2900,表 6-3-28 ,C62.900,睾丸恶性肿瘤
2901,表 6-3-28 ,C62.901,男性绒毛膜癌
2902,表 6-3-28 ,C63.000,附睾恶性肿瘤
2903,表 6-3-28 ,C63.100,精索恶性肿瘤
2904,表 6-3-28 ,C63.200,阴囊恶性肿瘤
2905,表 6-3-28 ,C63.201,阴囊皮肤恶性肿瘤
2906,表 6-3-28 ,C63.700,男性生殖器官，其他特指的恶性肿瘤
2907,表 6-3-28 ,C63.701,精囊恶性肿瘤
2908,表 6-3-28 ,C63.702,鞘膜恶性肿瘤
2909,表 6-3-28 ,C63.800,男性生殖器官交搭跨越恶性肿瘤的损害
2910,表 6-3-28 ,C63.801,阴茎阴囊恶性肿瘤
2911,表 6-3-28 ,C63.900,男性生殖器官恶性肿瘤
2912,表 6-3-29 ,C64.x00x001,肾恶性肿瘤
2913,表 6-3-29 ,C64.x00x003,双侧肾恶性肿瘤
2914,表 6-3-29 ,C64.x00x004,肾多处恶性肿瘤
2915,表 6-3-29 ,C65.x00,肾盂恶性肿瘤
2916,表 6-3-29 ,C65.x01,肾盂输尿管连接处恶性肿瘤
2917,表 6-3-29 ,C65.x02,肾盏恶性肿瘤
2918,表 6-3-29 ,C66.x00,输尿管恶性肿瘤
2919,表 6-3-29 ,C66.x00x002,双侧输尿管恶性肿瘤
2920,表 6-3-29 ,C66.x00x003,输尿管多处恶性肿瘤
2921,表 6-3-29 ,C67.000,膀胱三角区恶性肿瘤
2922,表 6-3-29 ,C67.100,膀胱顶恶性肿瘤
2923,表 6-3-29 ,C67.200,膀胱侧壁恶性肿瘤
2924,表 6-3-29 ,C67.300,膀胱前壁恶性肿瘤
2925,表 6-3-29 ,C67.400,膀胱后壁恶性肿瘤
2926,表 6-3-29 ,C67.500,膀胱颈恶性肿瘤
2927,表 6-3-29 ,C67.501,尿道内口恶性肿瘤
2928,表 6-3-29 ,C67.600,输尿管口恶性肿瘤
2929,表 6-3-29 ,C67.700,脐尿管恶性肿瘤
2930,表 6-3-29 ,C67.800,膀胱交搭跨越恶性肿瘤的损害
2931,表 6-3-29 ,C67.900,膀胱恶性肿瘤
2932,表 6-3-29 ,C67.900x002,膀胱多处恶性肿瘤
2933,表 6-3-29 ,C68.000,尿道恶性肿瘤
2934,表 6-3-29 ,C68.100,尿道旁腺恶性肿瘤
2935,表 6-3-29 ,C68.800,泌尿器官交搭跨越恶性肿瘤的损害
2936,表 6-3-29 ,C68.800x003,膀胱和尿道及前列腺恶性肿瘤
2937,表 6-3-29 ,C68.801,肾输尿管恶性肿瘤
2938,表 6-3-29 ,C68.802,肾盂膀胱恶性肿瘤
2939,表 6-3-29 ,C68.803,膀胱尿道恶性肿瘤
2940,表 6-3-29 ,C68.804,输尿管膀胱恶性肿瘤
2941,表 6-3-29 ,C68.805,肾盂输尿管恶性肿瘤
2942,表 6-3-29 ,C68.900,泌尿器官恶性肿瘤
2943,表 6-3-30 ,C69.000x001,结膜恶性肿瘤
2944,表 6-3-30 ,C69.100,角膜恶性肿瘤
2945,表 6-3-30 ,C69.200,视网膜恶性肿瘤
2946,表 6-3-30 ,C69.300,脉络膜恶性肿瘤
2947,表 6-3-30 ,C69.400,睫状体恶性肿瘤
2948,表 6-3-30 ,C69.400x005,虹膜恶性肿瘤
2949,表 6-3-30 ,C69.401,葡萄膜恶性肿瘤
2950,表 6-3-30 ,C69.500x003,泪管恶性肿瘤
2951,表 6-3-30 ,C69.501,泪腺恶性肿瘤
2952,表 6-3-30 ,C69.502,泪囊恶性肿瘤
2953,表 6-3-30 ,C69.503,鼻泪管恶性肿瘤
2954,表 6-3-30 ,C69.600,眶恶性肿瘤
2955,表 6-3-30 ,C69.600x001,眶内恶性肿瘤
2956,表 6-3-30 ,C69.601,眶结缔组织恶性肿瘤
2957,表 6-3-30 ,C69.602,眶周神经恶性肿瘤
2958,表 6-3-30 ,C69.603,眼外肌恶性肿瘤
2959,表 6-3-30 ,C69.604,眼球后组织恶性肿瘤
2960,表 6-3-30 ,C69.800,眼和附器交搭跨越恶性肿瘤的损害
2961,表 6-3-30 ,C69.900,眼恶性肿瘤
2962,表 6-3-30 ,C69.900x001,眼内恶性肿瘤
2963,表 6-3-30 ,C69.901,眼球恶性肿瘤
2964,表 6-3-30 ,C70.000,脑膜恶性肿瘤
2965,表 6-3-30 ,C70.000x002,硬脑膜恶性肿瘤
2966,表 6-3-30 ,C70.100x001,脊膜恶性肿瘤
2967,表 6-3-30 ,C70.100x003,硬脊膜恶性肿瘤
2968,表 6-3-30 ,C70.900,脑脊膜恶性肿瘤
2969,表 6-3-30 ,C70.901,硬膜下恶性肿瘤
2970,表 6-3-30 ,C71.000,大脑(除外脑叶和脑室)恶性肿瘤
2971,表 6-3-30 ,C71.000x001,下丘脑恶性肿瘤
2972,表 6-3-30 ,C71.000x004,岛叶恶性肿瘤
2973,表 6-3-30 ,C71.000x006,基底节恶性肿瘤
2974,表 6-3-30 ,C71.000x007,脑白质恶性肿瘤
2975,表 6-3-30 ,C71.001,幕上恶性肿瘤
2976,表 6-3-30 ,C71.002,丘脑恶性肿瘤
2977,表 6-3-30 ,C71.003,胼胝体恶性肿瘤
2978,表 6-3-30 ,C71.100,额叶恶性肿瘤
2979,表 6-3-30 ,C71.200,颞叶恶性肿瘤
2980,表 6-3-30 ,C71.300,顶叶恶性肿瘤
2981,表 6-3-30 ,C71.400,枕叶恶性肿瘤
2982,表 6-3-30 ,C71.500,脑室恶性肿瘤
2983,表 6-3-30 ,C71.500x003,侧脑室恶性肿瘤
2984,表 6-3-30 ,C71.500x004,第三脑室恶性肿瘤
2985,表 6-3-30 ,C71.501,脉络丛恶性肿瘤
2986,表 6-3-30 ,C71.600,小脑恶性肿瘤
2987,表 6-3-30 ,C71.601,小脑蚓部恶性肿瘤
2988,表 6-3-30 ,C71.602,小脑扁桃体恶性肿瘤
2989,表 6-3-30 ,C71.700,脑干恶性肿瘤
2990,表 6-3-30 ,C71.701,脑桥恶性肿瘤
2991,表 6-3-30 ,C71.702,延髓恶性肿瘤
2992,表 6-3-30 ,C71.703,第四脑室恶性肿瘤
2993,表 6-3-30 ,C71.704,幕下恶性肿瘤
2994,表 6-3-30 ,C71.705,中脑恶性肿瘤
2995,表 6-3-30 ,C71.800,脑交搭跨越恶性肿瘤的损害
2996,表 6-3-30 ,C71.800x006,额颞岛叶恶性肿瘤
2997,表 6-3-30 ,C71.800x007,额叶和丘脑及胼胝体恶性肿瘤
2998,表 6-3-30 ,C71.800x008,大脑皮层多处恶性肿瘤
2999,表 6-3-30 ,C71.801,额顶叶恶性肿瘤
3000,表 6-3-30 ,C71.802,额颞顶叶恶性肿瘤
3001,表 6-3-30 ,C71.803,顶枕叶恶性肿瘤
3002,表 6-3-30 ,C71.804,顶颞叶恶性肿瘤
3003,表 6-3-30 ,C71.805,颞顶枕叶恶性肿瘤
3004,表 6-3-30 ,C71.806,额颞叶恶性肿瘤
3005,表 6-3-30 ,C71.807,颞叶脑岛恶性肿瘤
3006,表 6-3-30 ,C71.808,颞枕叶恶性肿瘤
3007,表 6-3-30 ,C71.809,脑桥小脑角恶性肿瘤
3008,表 6-3-30 ,C71.900,脑恶性肿瘤
3009,表 6-3-30 ,C71.900x001,蝶鞍上恶性肿瘤
3010,表 6-3-30 ,C71.900x002,颅内恶性肿瘤
3011,表 6-3-30 ,C71.900x005,颅前窝恶性肿瘤
3012,表 6-3-30 ,C71.900x006,颅底恶性肿瘤
3013,表 6-3-30 ,C71.900x007,颅中窝恶性肿瘤
3014,表 6-3-30 ,C71.900x008,颅后窝恶性肿瘤
3015,表 6-3-30 ,C71.900x009,翼腭窝恶性肿瘤
3016,表 6-3-30 ,C71.900x010,颞下窝恶性肿瘤
3017,表 6-3-30 ,C71.901,鞍上区恶性肿瘤
3018,表 6-3-30 ,C71.902,蝶鞍区恶性肿瘤
3019,表 6-3-30 ,C71.903,颅底交通性恶性肿瘤
3020,表 6-3-30 ,C72.000,脊髓恶性肿瘤
3021,表 6-3-30 ,C72.000x006,骶髓恶性肿瘤
3022,表 6-3-30 ,C72.001,脊髓颈段恶性肿瘤
3023,表 6-3-30 ,C72.002,脊髓圆锥恶性肿瘤
3024,表 6-3-30 ,C72.003,脊髓胸段恶性肿瘤
3025,表 6-3-30 ,C72.004,脊髓腰段恶性肿瘤
3026,表 6-3-30 ,C72.100,马尾恶性肿瘤
3027,表 6-3-30 ,C72.200,嗅神经恶性肿瘤
3028,表 6-3-30 ,C72.201,嗅球恶性肿瘤
3029,表 6-3-30 ,C72.300,视神经恶性肿瘤
3030,表 6-3-30 ,C72.400,听神经恶性肿瘤
3031,表 6-3-30 ,C72.500,脑神经恶性肿瘤
3032,表 6-3-30 ,C72.501,动眼神经恶性肿瘤
3033,表 6-3-30 ,C72.502,滑车神经恶性肿瘤
3034,表 6-3-30 ,C72.503,三叉神经恶性肿瘤
3035,表 6-3-30 ,C72.504,展神经恶性肿瘤
3036,表 6-3-30 ,C72.505,面神经恶性肿瘤
3037,表 6-3-30 ,C72.506,前庭蜗神经恶性肿瘤
3038,表 6-3-30 ,C72.507,舌咽神经恶性肿瘤
3039,表 6-3-30 ,C72.508,迷走神经恶性肿瘤
3040,表 6-3-30 ,C72.509,副神经恶性肿瘤
3041,表 6-3-30 ,C72.510,舌下神经恶性肿瘤
3042,表 6-3-30 ,C72.800,脑和中枢神经系统其他部位交搭跨越恶性肿瘤的损害
3043,表 6-3-30 ,C72.800x001,颅眶沟通恶性肿瘤
3044,表 6-3-30 ,C72.800x002,颅底沟通恶性肿瘤
3045,表 6-3-30 ,C72.800x003,颅鼻眶沟通恶性肿瘤
3046,表 6-3-30 ,C72.900,中枢神经系统恶性肿瘤
3047,表 6-3-30 ,C72.900x004,椎管内恶性肿瘤
3048,表 6-3-30 ,C72.900x005,蝶鞍旁恶性肿瘤
3049,表 6-3-30 ,C72.900x006,颈静脉孔区恶性肿瘤
3050,表 6-3-30 ,C72.901,硬膜外恶性肿瘤
3051,表 6-3-31 ,C73.x00,甲状腺恶性肿瘤
3052,表 6-3-31 ,C73.x00x003,甲状腺多处恶性肿瘤
3053,表 6-3-31 ,C74.000,肾上腺皮质恶性肿瘤
3054,表 6-3-31 ,C74.100,肾上腺髓质恶性肿瘤
3055,表 6-3-31 ,C74.900,肾上腺恶性肿瘤
3056,表 6-3-31 ,C75.000,甲状旁腺恶性肿瘤
3057,表 6-3-31 ,C75.100,垂体恶性肿瘤
3058,表 6-3-31 ,C75.200,颅咽管恶性肿瘤
3059,表 6-3-31 ,C75.300,松果体恶性肿瘤
3060,表 6-3-31 ,C75.400,颈动脉体恶性肿瘤
3061,表 6-3-31 ,C75.500x001,主动脉体恶性肿瘤
3062,表 6-3-31 ,C75.501,节旁体恶性肿瘤
3063,表 6-3-31 ,C75.800,累及多个腺体的恶性肿瘤
3064,表 6-3-31 ,C75.900,内分泌腺恶性肿瘤
3065,表 6-3-32 ,C76.000x002,头部恶性肿瘤
3066,表 6-3-32 ,C76.000x007,颌下恶性肿瘤
3067,表 6-3-32 ,C76.001,面部恶性肿瘤
3068,表 6-3-32 ,C76.002,颈部恶性肿瘤
3069,表 6-3-32 ,C76.003,颊恶性肿瘤
3070,表 6-3-32 ,C76.004,鼻恶性肿瘤
3071,表 6-3-32 ,C76.005,颔下恶性肿瘤
3072,表 6-3-32 ,C76.006,颏下恶性肿瘤
3073,表 6-3-32 ,C76.100,胸部恶性肿瘤
3074,表 6-3-32 ,C76.100x003,胸腔恶性肿瘤
3075,表 6-3-32 ,C76.101,腋恶性肿瘤
3076,表 6-3-32 ,C76.200,腹部恶性肿瘤
3077,表 6-3-32 ,C76.200x002,髂窝恶性肿瘤
3078,表 6-3-32 ,C76.300,盆腔恶性肿瘤
3079,表 6-3-32 ,C76.300x001,骶前恶性肿瘤
3080,表 6-3-32 ,C76.300x009,骨盆恶性肿瘤
3081,表 6-3-32 ,C76.301,膀胱直肠隔恶性肿瘤
3082,表 6-3-32 ,C76.302,骶恶性肿瘤
3083,表 6-3-32 ,C76.303,会阴部恶性肿瘤
3084,表 6-3-32 ,C76.304,腹股沟恶性肿瘤
3085,表 6-3-32 ,C76.305,骶尾部恶性肿瘤
3086,表 6-3-32 ,C76.306,臀部恶性肿瘤
3087,表 6-3-32 ,C76.307,直肠阴道隔恶性肿瘤
3088,表 6-3-32 ,C76.400,上肢恶性肿瘤
3089,表 6-3-32 ,C76.401,肩恶性肿瘤
3090,表 6-3-32 ,C76.402,手部恶性肿瘤
3091,表 6-3-32 ,C76.500,下肢恶性肿瘤
3092,表 6-3-32 ,C76.501,髋恶性肿瘤
3093,表 6-3-32 ,C76.502,腘窝恶性肿瘤
3094,表 6-3-32 ,C76.503,足恶性肿瘤
3095,表 6-3-32 ,C76.700,"恶性肿瘤,其他不明确部位的"
3096,表 6-3-32 ,C76.700x002,腰部恶性肿瘤
3097,表 6-3-32 ,C76.701,躯干部恶性肿瘤
3098,表 6-3-32 ,C76.702,背部恶性肿瘤
3099,表 6-3-32 ,C76.800,交搭跨越恶性肿瘤的损害，其他和不明确部位的
3100,表 6-3-32 ,C76.801,不明确部位交搭跨越恶性肿瘤
3101,表 6-3-32 ,C77.000x005,头部淋巴结继发恶性肿瘤
3102,表 6-3-32 ,C77.001,面部淋巴结继发恶性肿瘤
3103,表 6-3-32 ,C77.002,颈部淋巴结继发恶性肿瘤
3104,表 6-3-32 ,C77.003,颏下淋巴结继发恶性肿瘤
3105,表 6-3-32 ,C77.004,颌下淋巴结继发恶性肿瘤
3106,表 6-3-32 ,C77.005,腮腺淋巴结继发恶性肿瘤
3107,表 6-3-32 ,C77.006,耳淋巴结继发恶性肿瘤
3108,表 6-3-32 ,C77.007,锁骨上淋巴结继发恶性肿瘤
3109,表 6-3-32 ,C77.008,气管食管沟淋巴结继发恶性肿瘤
3110,表 6-3-32 ,C77.100,胸腔内淋巴结继发性的恶性肿瘤
3111,表 6-3-32 ,C77.100x004,支气管淋巴结继发恶性肿瘤
3112,表 6-3-32 ,C77.101,胸骨旁淋巴结继发恶性肿瘤
3113,表 6-3-32 ,C77.102,肺门淋巴结继发恶性肿瘤
3114,表 6-3-32 ,C77.103,纵隔淋巴结继发恶性肿瘤
3115,表 6-3-32 ,C77.104,气管淋巴结继发恶性肿瘤
3116,表 6-3-32 ,C77.105,气管支气管淋巴结继发恶性肿瘤
3117,表 6-3-32 ,C77.106,食管淋巴结继发恶性肿瘤
3118,表 6-3-32 ,C77.107,膈淋巴结继发恶性肿瘤
3119,表 6-3-32 ,C77.200,腹腔内淋巴结继发性的恶性肿瘤
3120,表 6-3-32 ,C77.200x001,贲门淋巴结继发恶性肿瘤
3121,表 6-3-32 ,C77.201,胃淋巴结继发恶性肿瘤
3122,表 6-3-32 ,C77.202,脾淋巴结继发恶性肿瘤
3123,表 6-3-32 ,C77.203,肝淋巴结继发恶性肿瘤
3124,表 6-3-32 ,C77.204,胰淋巴结继发恶性肿瘤
3125,表 6-3-32 ,C77.205,腹膜后淋巴结继发恶性肿瘤
3126,表 6-3-32 ,C77.206,主动脉旁淋巴结继发恶性肿瘤
3127,表 6-3-32 ,C77.207,肠系膜淋巴结继发恶性肿瘤
3128,表 6-3-32 ,C77.208,肠周淋巴结继发恶性肿瘤
3129,表 6-3-32 ,C77.300,腋下和上肢淋巴结继发性的恶性肿瘤
3130,表 6-3-32 ,C77.300x001,腋窝淋巴结继发恶性肿瘤
3131,表 6-3-32 ,C77.300x003,肱骨内上髁淋巴结继发恶性肿瘤
3132,表 6-3-32 ,C77.301,腋下淋巴结继发恶性肿瘤
3133,表 6-3-32 ,C77.302,锁骨下淋巴结继发恶性肿瘤
3134,表 6-3-32 ,C77.303,胸壁淋巴结继发恶性肿瘤
3135,表 6-3-32 ,C77.400x001,腹股沟淋巴结继发恶性肿瘤
3136,表 6-3-32 ,C77.401,下肢淋巴结继发恶性肿瘤
3137,表 6-3-32 ,C77.500,盆腔内淋巴结继发性的恶性肿瘤
3138,表 6-3-32 ,C77.500x003,子宫旁淋巴结继发恶性肿瘤
3139,表 6-3-32 ,C77.501,髂淋巴结继发恶性肿瘤
3140,表 6-3-32 ,C77.502,骶骨淋巴结继发恶性肿瘤
3141,表 6-3-32 ,C77.503,耻骨联合前淋巴结继发恶性肿瘤
3142,表 6-3-32 ,C77.800,多个部位淋巴结继发性的恶性肿瘤
3143,表 6-3-32 ,C77.900,淋巴结恶性肿瘤
3144,表 6-3-32 ,C77.900x001,淋巴结继发恶性肿瘤
3145,表 6-3-32 ,C78.000,肺部继发性恶性肿瘤
3146,表 6-3-32 ,C78.000x003,支气管软骨继发恶性肿瘤
3147,表 6-3-32 ,C78.001,支气管继发恶性肿瘤
3148,表 6-3-32 ,C78.002,主支气管继发恶性肿瘤
3149,表 6-3-32 ,C78.003,气管支气管继发恶性肿瘤
3150,表 6-3-32 ,C78.100,纵隔继发性恶性肿瘤
3151,表 6-3-32 ,C78.200,胸膜继发性恶性肿瘤
3152,表 6-3-32 ,C78.201,恶性胸腔积液
3153,表 6-3-32 ,C78.300x004,咽鼓管继发恶性肿瘤
3154,表 6-3-32 ,C78.300x005,上颌窦继发恶性肿瘤
3155,表 6-3-32 ,C78.300x006,声带继发恶性肿瘤
3156,表 6-3-32 ,C78.300x008,乳突继发恶性肿瘤
3157,表 6-3-32 ,C78.300x010,会厌继发恶性肿瘤
3158,表 6-3-32 ,C78.301,鼻窦继发恶性肿瘤
3159,表 6-3-32 ,C78.302,鼻腔继发恶性肿瘤
3160,表 6-3-32 ,C78.303,中耳继发恶性肿瘤
3161,表 6-3-32 ,C78.304,气管继发恶性肿瘤
3162,表 6-3-32 ,C78.305,喉继发恶性肿瘤
3163,表 6-3-32 ,C78.306,呼吸器官继发恶性肿瘤
3164,表 6-3-32 ,C78.400,小肠继发性恶性肿瘤
3165,表 6-3-32 ,C78.401,十二指肠继发恶性肿瘤
3166,表 6-3-32 ,C78.402,空肠继发恶性肿瘤
3167,表 6-3-32 ,C78.403,回肠继发恶性肿瘤
3168,表 6-3-32 ,C78.500x004,乙状结肠继发恶性肿瘤
3169,表 6-3-32 ,C78.500x006,直肠乙状结肠连接部继发恶性肿瘤
3170,表 6-3-32 ,C78.500x008,肛门继发恶性肿瘤
3171,表 6-3-32 ,C78.501,直肠继发恶性肿瘤
3172,表 6-3-32 ,C78.502,盲肠继发恶性肿瘤
3173,表 6-3-32 ,C78.503,阑尾继发恶性肿瘤
3174,表 6-3-32 ,C78.504,结肠继发恶性肿瘤
3175,表 6-3-32 ,C78.505,肛管继发恶性肿瘤
3176,表 6-3-32 ,C78.600x004,腹膜继发恶性肿瘤
3177,表 6-3-32 ,C78.601,腹膜后继发恶性肿瘤
3178,表 6-3-32 ,C78.602,大网膜继发恶性肿瘤
3179,表 6-3-32 ,C78.603,肠系膜继发恶性肿瘤
3180,表 6-3-32 ,C78.604,恶性腹水
3181,表 6-3-32 ,C78.605,道格拉斯陷凹继发恶性肿瘤
3182,表 6-3-32 ,C78.700,肝部和肝内胆管继发性恶性肿瘤
3183,表 6-3-32 ,C78.800x005,胃肠道继发恶性肿瘤
3184,表 6-3-32 ,C78.800x009,胰头继发恶性肿瘤
3185,表 6-3-32 ,C78.800x010,胃底继发恶性肿瘤
3186,表 6-3-32 ,C78.800x013,胃食管连接部继发恶性肿瘤
3187,表 6-3-32 ,C78.800x014,贲门食管连接部继发恶性肿瘤
3188,表 6-3-32 ,C78.801,食管继发恶性肿瘤
3189,表 6-3-32 ,C78.802,胃继发恶性肿瘤
3190,表 6-3-32 ,C78.803,贲门继发恶性肿瘤
3191,表 6-3-32 ,C78.804,壶腹继发恶性肿瘤
3192,表 6-3-32 ,C78.805,脾继发恶性肿瘤
3193,表 6-3-32 ,C78.806,胰腺继发恶性肿瘤
3194,表 6-3-32 ,C78.807,胆囊继发恶性肿瘤
3195,表 6-3-32 ,C78.808,胆管继发恶性肿瘤
3196,表 6-3-32 ,C78.809,消化器官继发性恶性肿瘤
3197,表 6-3-32 ,C79.000x001,肾继发恶性肿瘤
3198,表 6-3-32 ,C79.001,肾盂继发恶性肿瘤
3199,表 6-3-32 ,C79.100x002,泌尿系统继发恶性肿瘤
3200,表 6-3-32 ,C79.101,膀胱继发恶性肿瘤
3201,表 6-3-32 ,C79.102,输尿管继发恶性肿瘤
3202,表 6-3-32 ,C79.103,尿道继发恶性肿瘤
3203,表 6-3-32 ,C79.200,皮肤继发性恶性肿瘤
3204,表 6-3-32 ,C79.200x001,腹壁皮肤继发恶性肿瘤
3205,表 6-3-32 ,C79.200x002,眼睑继发恶性肿瘤
3206,表 6-3-32 ,C79.200x005,臀部皮肤继发恶性肿瘤
3207,表 6-3-32 ,C79.200x006,颌部皮肤继发恶性肿瘤
3208,表 6-3-32 ,C79.200x007,乳房皮肤继发恶性肿瘤
3209,表 6-3-32 ,C79.200x008,颏部皮肤继发恶性肿瘤
3210,表 6-3-32 ,C79.201,头部皮肤继发恶性肿瘤
3211,表 6-3-32 ,C79.202,面部皮肤继发恶性肿瘤
3212,表 6-3-32 ,C79.203,颈部皮肤继发恶性肿瘤
3213,表 6-3-32 ,C79.204,躯干皮肤继发恶性肿瘤
3214,表 6-3-32 ,C79.205,四肢皮肤继发恶性肿瘤
3215,表 6-3-32 ,C79.300,脑和脑膜继发性恶性肿瘤
3216,表 6-3-32 ,C79.300x002,脑继发恶性肿瘤
3217,表 6-3-32 ,C79.300x006,颅窝继发恶性肿瘤
3218,表 6-3-32 ,C79.300x011,颅内继发恶性肿瘤
3219,表 6-3-32 ,C79.300x012,颅内静脉窦继发恶性肿瘤
3220,表 6-3-32 ,C79.300x013,颈静脉孔区继发恶性肿瘤
3221,表 6-3-32 ,C79.300x016,脑白质继发恶性肿瘤
3222,表 6-3-32 ,C79.300x017,硬脑膜下继发恶性肿瘤
3223,表 6-3-32 ,C79.300x018,岛叶继发恶性肿瘤
3224,表 6-3-32 ,C79.300x019,侧脑室继发恶性肿瘤
3225,表 6-3-32 ,C79.300x020,第三脑室继发恶性肿瘤
3226,表 6-3-32 ,C79.300x021,基底节继发恶性肿瘤
3227,表 6-3-32 ,C79.300x023,胼胝体继发恶性肿瘤
3228,表 6-3-32 ,C79.300x024,中脑继发恶性肿瘤
3229,表 6-3-32 ,C79.300x025,脑桥继发恶性肿瘤
3230,表 6-3-32 ,C79.300x026,延髓继发恶性肿瘤
3231,表 6-3-32 ,C79.300x027,第四脑室继发恶性肿瘤
3232,表 6-3-32 ,C79.300x028,小脑幕上继发恶性肿瘤
3233,表 6-3-32 ,C79.300x029,小脑幕下继发恶性肿瘤
3234,表 6-3-32 ,C79.300x030,癌性脑膜炎
3235,表 6-3-32 ,C79.300x031,颅底继发恶性肿瘤
3236,表 6-3-32 ,C79.300x032,颅前窝继发恶性肿瘤
3237,表 6-3-32 ,C79.300x033,颅中窝继发恶性肿瘤
3238,表 6-3-32 ,C79.300x034,颅后窝继发恶性肿瘤
3239,表 6-3-32 ,C79.301,脑膜继发恶性肿瘤
3240,表 6-3-32 ,C79.302,大脑继发恶性肿瘤
3241,表 6-3-32 ,C79.303,额叶继发恶性肿瘤
3242,表 6-3-32 ,C79.304,顶叶继发恶性肿瘤
3243,表 6-3-32 ,C79.305,枕叶继发恶性肿瘤
3244,表 6-3-32 ,C79.306,颞叶继发恶性肿瘤
3245,表 6-3-32 ,C79.307,脑岛继发恶性肿瘤
3246,表 6-3-32 ,C79.308,海马回继发恶性肿瘤
3247,表 6-3-32 ,C79.309,小脑继发恶性肿瘤
3248,表 6-3-32 ,C79.310,脑干继发恶性肿瘤
3249,表 6-3-32 ,C79.311,丘脑继发恶性肿瘤
3250,表 6-3-32 ,C79.400x012,硬膜外继发恶性肿瘤
3251,表 6-3-32 ,C79.400x013,椎管内继发恶性肿瘤
3252,表 6-3-32 ,C79.400x014,泪管继发恶性肿瘤
3253,表 6-3-32 ,C79.400x018,马尾继发恶性肿瘤
3254,表 6-3-32 ,C79.400x019,上肢周围神经继发恶性肿瘤
3255,表 6-3-32 ,C79.400x020,下肢周围神经继发恶性肿瘤
3256,表 6-3-32 ,C79.400x021,交感神经继发恶性肿瘤
3257,表 6-3-32 ,C79.400x022,周围神经继发恶性肿瘤
3258,表 6-3-32 ,C79.401,中枢神经系统继发恶性肿瘤
3259,表 6-3-32 ,C79.402,脑神经继发恶性肿瘤
3260,表 6-3-32 ,C79.403,脊髓继发恶性肿瘤
3261,表 6-3-32 ,C79.404,脊膜继发恶性肿瘤
3262,表 6-3-32 ,C79.405,眼继发恶性肿瘤
3263,表 6-3-32 ,C79.406,眶内继发恶性肿瘤
3264,表 6-3-32 ,C79.407,眼球继发恶性肿瘤
3265,表 6-3-32 ,C79.408,眼外肌继发恶性肿瘤
3266,表 6-3-32 ,C79.409,脉络膜继发恶性肿瘤
3267,表 6-3-32 ,C79.500x001,骨继发恶性肿瘤
3268,表 6-3-32 ,C79.500x004,上颌骨继发恶性肿瘤
3269,表 6-3-32 ,C79.500x006,椎体继发恶性肿瘤
3270,表 6-3-32 ,C79.500x007,斜坡继发恶性肿瘤
3271,表 6-3-32 ,C79.500x008,指骨继发恶性肿瘤
3272,表 6-3-32 ,C79.500x009,髂骨继发恶性肿瘤
3273,表 6-3-32 ,C79.500x010,股骨继发恶性肿瘤
3274,表 6-3-32 ,C79.500x011,关节继发恶性肿瘤
3275,表 6-3-32 ,C79.500x012,桡骨继发恶性肿瘤
3276,表 6-3-32 ,C79.500x013,胸骨继发恶性肿瘤
3277,表 6-3-32 ,C79.500x016,眶骨继发恶性肿瘤
3278,表 6-3-32 ,C79.500x021,肋骨继发恶性肿瘤
3279,表 6-3-32 ,C79.500x022,锁骨继发恶性肿瘤
3280,表 6-3-32 ,C79.500x024,盆骨继发恶性肿瘤
3281,表 6-3-32 ,C79.500x025,骶骨继发恶性肿瘤
3282,表 6-3-32 ,C79.500x026,尾骨继发恶性肿瘤
3283,表 6-3-32 ,C79.500x028,舌骨继发恶性肿瘤
3284,表 6-3-32 ,C79.500x030,颈椎继发恶性肿瘤
3285,表 6-3-32 ,C79.500x031,胸椎继发恶性肿瘤
3286,表 6-3-32 ,C79.500x032,腰椎继发恶性肿瘤
3287,表 6-3-32 ,C79.501,骨髓继发恶性肿瘤
3288,表 6-3-32 ,C79.502,颅骨继发恶性肿瘤
3289,表 6-3-32 ,C79.503,面骨继发恶性肿瘤
3290,表 6-3-32 ,C79.504,颌骨继发恶性肿瘤
3291,表 6-3-32 ,C79.505,下颌骨继发恶性肿瘤
3292,表 6-3-32 ,C79.506,躯干骨继发恶性肿瘤
3293,表 6-3-32 ,C79.507,上肢骨继发恶性肿瘤
3294,表 6-3-32 ,C79.508,下肢骨继发恶性肿瘤
3295,表 6-3-32 ,C79.509,脊柱继发恶性肿瘤
3296,表 6-3-32 ,C79.600,卵巢继发性恶性肿瘤
3297,表 6-3-32 ,C79.700,肾上腺继发性恶性肿瘤
3298,表 6-3-32 ,C79.800x202,输卵管继发恶性肿瘤
3299,表 6-3-32 ,C79.800x205,子宫角继发恶性肿瘤
3300,表 6-3-32 ,C79.800x206,子宫体继发恶性肿瘤
3301,表 6-3-32 ,C79.800x209,子宫颈继发恶性肿瘤
3302,表 6-3-32 ,C79.800x211,子宫旁继发恶性肿瘤
3303,表 6-3-32 ,C79.800x213,子宫下段继发恶性肿瘤
3304,表 6-3-32 ,C79.800x214,子宫韧带继发恶性肿瘤
3305,表 6-3-32 ,C79.800x215,子宫圆韧带继发恶性肿瘤
3306,表 6-3-32 ,C79.800x216,子宫阔韧带继发恶性肿瘤
3307,表 6-3-32 ,C79.800x218,子宫卵巢韧带继发恶性肿瘤
3308,表 6-3-32 ,C79.800x219,子宫骶骨韧带继发恶性肿瘤
3309,表 6-3-32 ,C79.800x220,子宫内膜继发恶性肿瘤
3310,表 6-3-32 ,C79.800x222,子宫附件继发恶性肿瘤
3311,表 6-3-32 ,C79.800x223,子宫肌层继发恶性肿瘤
3312,表 6-3-32 ,C79.800x228,生殖器官继发恶性肿瘤
3313,表 6-3-32 ,C79.800x231,精索继发恶性肿瘤
3314,表 6-3-32 ,C79.800x233,附睾继发恶性肿瘤
3315,表 6-3-32 ,C79.800x804,躯干继发恶性肿瘤
3316,表 6-3-32 ,C79.800x806,头部继发恶性肿瘤
3317,表 6-3-32 ,C79.800x807,心包继发恶性肿瘤
3318,表 6-3-32 ,C79.800x809,胸壁继发恶性肿瘤
3319,表 6-3-32 ,C79.800x811,腋下继发恶性肿瘤
3320,表 6-3-32 ,C79.800x812,颌部继发恶性肿瘤
3321,表 6-3-32 ,C79.800x813,锁骨上继发恶性肿瘤
3322,表 6-3-32 ,C79.800x816,臀部继发恶性肿瘤
3323,表 6-3-32 ,C79.800x817,下肢继发恶性肿瘤
3324,表 6-3-32 ,C79.800x818,骶尾区继发恶性肿瘤
3325,表 6-3-32 ,C79.800x819,腹主动脉继发恶性肿瘤
3326,表 6-3-32 ,C79.800x824,悬雍垂继发恶性肿瘤
3327,表 6-3-32 ,C79.800x825,腭部继发恶性肿瘤
3328,表 6-3-32 ,C79.800x826,臼齿后区继发恶性肿瘤
3329,表 6-3-32 ,C79.800x828,鼻咽继发恶性肿瘤
3330,表 6-3-32 ,C79.800x829,胸腺继发恶性肿瘤
3331,表 6-3-32 ,C79.800x830,血管继发恶性肿瘤
3332,表 6-3-32 ,C79.800x831,皮下继发恶性肿瘤
3333,表 6-3-32 ,C79.800x833,面部继发恶性肿瘤
3334,表 6-3-32 ,C79.800x834,腹股沟继发恶性肿瘤
3335,表 6-3-32 ,C79.800x835,上肢继发恶性肿瘤
3336,表 6-3-32 ,C79.800x836,肌肉继发恶性肿瘤
3337,表 6-3-32 ,C79.800x837,鞘膜继发恶性肿瘤
3338,表 6-3-32 ,C79.800x838,胸导管继发恶性肿瘤
3339,表 6-3-32 ,C79.800x839,松果体继发恶性肿瘤
3340,表 6-3-32 ,C79.800x840,唇部继发恶性肿瘤
3341,表 6-3-32 ,C79.800x843,齿龈继发恶性肿瘤
3342,表 6-3-32 ,C79.800x844,颊黏膜继发恶性肿瘤
3343,表 6-3-32 ,C79.800x845,颊龈沟继发恶性肿瘤
3344,表 6-3-32 ,C79.800x847,髂窝继发恶性肿瘤
3345,表 6-3-32 ,C79.800x862,癌性淋巴管炎
3346,表 6-3-32 ,C79.800x863,恶性心包积液
3347,表 6-3-32 ,C79.801,口腔继发恶性肿瘤
3348,表 6-3-32 ,C79.802,舌继发恶性肿瘤
3349,表 6-3-32 ,C79.803,咽继发恶性肿瘤
3350,表 6-3-32 ,C79.804,扁桃体继发恶性肿瘤
3351,表 6-3-32 ,C79.805,甲状腺继发恶性肿瘤
3352,表 6-3-32 ,C79.806,乳腺继发恶性肿瘤
3353,表 6-3-32 ,C79.807,胸腔继发恶性肿瘤
3354,表 6-3-32 ,C79.808,心脏继发恶性肿瘤
3355,表 6-3-32 ,C79.809,腹腔继发恶性肿瘤
3356,表 6-3-32 ,C79.810,膈继发恶性肿瘤
3357,表 6-3-32 ,C79.811,盆腔继发恶性肿瘤
3358,表 6-3-32 ,C79.812,子宫继发恶性肿瘤
3359,表 6-3-32 ,C79.813,附件继发恶性肿瘤
3360,表 6-3-32 ,C79.814,阴道继发恶性肿瘤
3361,表 6-3-32 ,C79.815,输精管继发恶性肿瘤
3362,表 6-3-32 ,C79.816,精囊继发恶性肿瘤
3363,表 6-3-32 ,C79.817,睾丸继发恶性肿瘤
3364,表 6-3-32 ,C79.818,前列腺继发恶性肿瘤
3365,表 6-3-32 ,C79.819,阴囊继发恶性肿瘤
3366,表 6-3-32 ,C79.820,阴茎继发恶性肿瘤
3367,表 6-3-32 ,C79.821,会阴继发恶性肿瘤
3368,表 6-3-32 ,C79.822,外阴继发恶性肿瘤
3369,表 6-3-32 ,C79.823,前庭大腺继发恶性肿瘤
3370,表 6-3-32 ,C79.824,直肠阴道隔继发恶性肿瘤
3371,表 6-3-32 ,C79.825,垂体继发恶性肿瘤
3372,表 6-3-32 ,C79.826,淋巴管继发恶性肿瘤
3373,表 6-3-32 ,C79.827,结缔组织继发恶性肿瘤
3374,表 6-3-32 ,C79.828,神经节继发恶性肿瘤
3375,表 6-3-32 ,C79.829,骶尾部继发恶性肿瘤
3376,表 6-3-32 ,C79.830,颌下腺继发恶性肿瘤
3377,表 6-3-32 ,C79.831,腮腺继发恶性肿瘤
3378,表 6-3-32 ,C79.832,拉特克囊继发恶性肿瘤
3379,表 6-3-32 ,C79.833,纳博特腺继发恶性肿瘤
3380,表 6-3-32 ,C79.834,颈部继发性恶性肿瘤
3381,表 6-3-32 ,C79.835,舌下腺继发恶性肿瘤
3382,表 6-3-32 ,C79.900,继发恶性肿瘤，未特指部位
3383,表 6-3-32 ,C79.900x001,广泛转移性恶性肿瘤
3384,表 6-3-32 ,C80.000,恶性肿瘤
3385,表 6-3-32 ,C80.000x001,恶性肿瘤复发
3386,表 6-3-32 ,C80.000x002+G13.1*,癌性脑白质病
3387,表 6-3-32 ,C80.000x003+G13.1*,癌性脑病
3388,表 6-3-32 ,C80.001,恶性恶病质
3389,表 6-3-32 ,C80.002+G63.1*,恶性肿瘤性周围神经病
3390,表 6-3-32 ,C80.004+G73.1*,伊顿-兰伯特综合征
3391,表 6-3-32 ,C80.900,恶性肿瘤，原发部位未特指
3392,表 6-3-32 ,C80.901,癌，未特指
3393,表 6-3-32 ,C80.902,恶性上皮肿瘤，未特指
3394,表 6-3-32 ,C80.903,恶性肿瘤，未特指
3395,表 6-3-32 ,C80.904,恶性肿瘤恶病质，未特指
3396,表 6-3-32 ,C80.905,复合癌，未特指
3397,表 6-3-33 ,C81.000,结节性淋巴细胞为主型霍奇金淋巴瘤
3398,表 6-3-33 ,C81.100,结节性硬化型（经典型）霍奇金淋巴瘤
3399,表 6-3-33 ,C81.200,混合细胞型（经典型）霍奇金淋巴瘤
3400,表 6-3-33 ,C81.300,淋巴细胞减少型（经典型）霍奇金淋巴瘤
3401,表 6-3-33 ,C81.400,富淋巴细胞性（经典型）霍奇金淋巴瘤
3402,表 6-3-33 ,C81.700,经典型霍奇金淋巴瘤，其他类型的
3403,表 6-3-33 ,C81.701,霍奇金副肉芽肿
3404,表 6-3-33 ,C81.702,霍奇金肉芽肿
3405,表 6-3-33 ,C81.703,霍奇金肉瘤
3406,表 6-3-33 ,C81.900,霍奇金淋巴瘤，未特指
3407,表 6-3-33 ,C81.900x005,皮肤霍奇金淋巴瘤
3408,表 6-3-33 ,C82.000,滤泡性淋巴瘤I级
3409,表 6-3-33 ,C82.100,滤泡性淋巴瘤II级
3410,表 6-3-33 ,C82.200,滤泡性淋巴瘤III级
3411,表 6-3-33 ,C82.300,滤泡性淋巴瘤IIIa级
3412,表 6-3-33 ,C82.400,滤泡性淋巴瘤IIIb级
3413,表 6-3-33 ,C82.500,弥漫性滤泡中心细胞淋巴瘤
3414,表 6-3-33 ,C82.600,皮肤滤泡中心细胞淋巴瘤
3415,表 6-3-33 ,C82.700,滤泡性淋巴瘤，其他类型的
3416,表 6-3-33 ,C82.701,"恶性淋巴瘤,淋巴细胞性,高分化,结节性"
3417,表 6-3-33 ,C82.702,"恶性淋巴瘤,淋巴细胞性,中分化,结节性"
3418,表 6-3-33 ,C82.703,"恶性淋巴瘤,淋巴细胞性,低分化,结节性"
3419,表 6-3-33 ,C82.704,"恶性淋巴瘤,中心母细胞性,滤泡性"
3420,表 6-3-33 ,C82.900,滤泡性淋巴瘤
3421,表 6-3-33 ,C82.901,"恶性淋巴瘤,滤泡中心性"
3422,表 6-3-33 ,C82.903,结节性淋巴瘤，未特指
3423,表 6-3-33 ,C83.000,小B细胞淋巴瘤
3424,表 6-3-33 ,C83.001,淋巴浆细胞性淋巴瘤
3425,表 6-3-33 ,C83.002,结节边缘区淋巴瘤
3426,表 6-3-33 ,C83.003,脾缘区淋巴瘤
3427,表 6-3-33 ,C83.004,非白血病B-CLL变异
3428,表 6-3-33 ,C83.100,曼特尔细胞淋巴瘤
3429,表 6-3-33 ,C83.101,中心细胞性淋巴瘤
3430,表 6-3-33 ,C83.102,恶性淋巴瘤性息肉病
3431,表 6-3-33 ,C83.300,弥漫性大B细胞淋巴瘤
3432,表 6-3-33 ,C83.300x006,原发中枢神经系统弥漫大B细胞淋巴瘤
3433,表 6-3-33 ,C83.300x007,原发皮肤弥漫大B细胞淋巴瘤(腿型)
3434,表 6-3-33 ,C83.300x008,老年人EBV阳性弥漫大B细胞淋巴瘤
3435,表 6-3-33 ,C83.300x009,与慢性炎症相关弥漫大B细胞淋巴瘤
3436,表 6-3-33 ,C83.301,间变型弥漫大B细胞淋巴瘤
3437,表 6-3-33 ,C83.302,中心母细胞型弥漫大B细胞淋巴瘤
3438,表 6-3-33 ,C83.303,浆母细胞性弥漫大B细胞淋巴瘤
3439,表 6-3-33 ,C83.304,免疫母细胞型弥漫大B细胞淋巴瘤
3440,表 6-3-33 ,C83.305,未特指亚型的弥漫大B细胞淋巴瘤
3441,表 6-3-33 ,C83.306,富T细胞弥漫大B细胞淋巴瘤
3442,表 6-3-33 ,C83.307,CD30阳性弥漫大B细胞淋巴瘤
3443,表 6-3-33 ,C83.500,原淋巴细胞（弥漫性）淋巴瘤
3444,表 6-3-33 ,C83.501,前体B细胞淋巴瘤
3445,表 6-3-33 ,C83.502,B淋巴母细胞性淋巴瘤
3446,表 6-3-33 ,C83.503,淋巴母细胞性淋巴瘤NOS
3447,表 6-3-33 ,C83.504,T淋巴母细胞性淋巴瘤
3448,表 6-3-33 ,C83.505,前体T细胞淋巴瘤
3449,表 6-3-33 ,C83.700,伯基特淋巴瘤
3450,表 6-3-33 ,C83.702,伯基特样淋巴瘤
3451,表 6-3-33 ,C83.703,非典型伯基特淋巴瘤
3452,表 6-3-33 ,C83.800,其他非滤泡性淋巴瘤
3453,表 6-3-33 ,C83.800x006,脾红髓弥漫小B细胞淋巴瘤
3454,表 6-3-33 ,C83.800x008,"恶性淋巴瘤,淋巴浆细胞性"
3455,表 6-3-33 ,C83.800x009,起源于HHV8相关多中心性Castleman病的大B细胞淋巴瘤
3456,表 6-3-33 ,C83.801,原发渗出性淋巴瘤
3457,表 6-3-33 ,C83.802,血管内大B细胞淋巴瘤
3458,表 6-3-33 ,C83.803,淋巴样肉芽肿病
3459,表 6-3-33 ,C83.900,非滤泡（弥漫性）淋巴瘤，未特指
3460,表 6-3-33 ,C84.000,蕈样真菌病
3461,表 6-3-33 ,C84.000x002,原发性皮肤T细胞淋巴瘤[蕈样肉芽肿]
3462,表 6-3-33 ,C84.000x003,嗜毛囊性蕈样肉芽肿
3463,表 6-3-33 ,C84.100,塞扎里病
3464,表 6-3-33 ,C84.400,周围T细胞淋巴瘤，不可分类在他处
3465,表 6-3-33 ,C84.400x001,成熟T细胞淋巴瘤
3466,表 6-3-33 ,C84.401,血管免疫母细胞性T-细胞淋巴瘤
3467,表 6-3-33 ,C84.402,外周T-细胞淋巴瘤，多形性小细胞
3468,表 6-3-33 ,C84.403,外周T-细胞淋巴瘤，多形性中等细胞和大细胞
3469,表 6-3-33 ,C84.404,"间变大细胞T-细胞淋巴瘤,ALK阴性"
3470,表 6-3-33 ,C84.405,"外周T-细胞淋巴瘤,AILD"
3471,表 6-3-33 ,C84.406,Lennert淋巴瘤
3472,表 6-3-33 ,C84.407,淋巴上皮样淋巴瘤
3473,表 6-3-33 ,C84.500,其他成熟的T/NK细胞淋巴瘤
3474,表 6-3-33 ,C84.500x004,儿童系统性EBV阳性T细胞增殖性疾病
3475,表 6-3-33 ,C84.500x012,原发皮肤外周T细胞淋巴瘤(罕见类型)
3476,表 6-3-33 ,C84.500x016,原发皮肤CD4+小/中多形性T细胞淋巴瘤
3477,表 6-3-33 ,C84.502,皮肤淋巴瘤
3478,表 6-3-33 ,C84.600,间变性大细胞淋巴瘤，ALK阳性
3479,表 6-3-33 ,C84.601,间变性大细胞淋巴瘤，CD30阳性
3480,表 6-3-33 ,C84.700,间变性大细胞淋巴瘤，ALK阴性
3481,表 6-3-33 ,C84.800,皮肤T细胞淋巴瘤，未特指
3482,表 6-3-33 ,C84.900,成熟T/NK细胞淋巴瘤，未特指
3483,表 6-3-33 ,C84.901,T/NK细胞淋巴瘤，未特指
3484,表 6-3-33 ,C85.100,B-细胞淋巴瘤
3485,表 6-3-33 ,C85.100x010,富T细胞/富组织细胞大B细胞淋巴瘤
3486,表 6-3-33 ,C85.100x017,ALK+大B细胞淋巴瘤
3487,表 6-3-33 ,C85.100x021,原发皮肤B细胞淋巴瘤
3488,表 6-3-33 ,C85.200,纵膈（胸腺）大B细胞淋巴瘤
3489,表 6-3-33 ,C85.700,非霍奇金淋巴瘤的其他特指类型
3490,表 6-3-33 ,C85.700x004,慢性NK细胞淋巴增殖性疾病
3491,表 6-3-33 ,C85.700x016,皮下NK细胞淋巴瘤
3492,表 6-3-33 ,C85.701,单核细胞样B细胞淋巴瘤
3493,表 6-3-33 ,C85.704,血管中心性T-细胞淋巴瘤
3494,表 6-3-33 ,C85.705,大细胞(ki-1+)淋巴瘤
3495,表 6-3-33 ,C85.707,NK/T-细胞淋巴瘤
3496,表 6-3-33 ,C85.709,间变大细胞淋巴瘤
3497,表 6-3-33 ,C85.715,血管内皮瘤病
3498,表 6-3-33 ,C85.900,非霍奇金淋巴瘤
3499,表 6-3-33 ,C85.900x001,鼻窦淋巴瘤
3500,表 6-3-33 ,C85.900x002,鼻腔淋巴瘤
3501,表 6-3-33 ,C85.900x003,扁桃体淋巴瘤
3502,表 6-3-33 ,C85.900x004,肠淋巴瘤
3503,表 6-3-33 ,C85.900x005,肠系膜淋巴瘤
3504,表 6-3-33 ,C85.900x006,淋巴瘤
3505,表 6-3-33 ,C85.900x008,肺淋巴瘤
3506,表 6-3-33 ,C85.900x009,腹膜后淋巴瘤
3507,表 6-3-33 ,C85.900x010,腹腔淋巴瘤
3508,表 6-3-33 ,C85.900x011,肝淋巴瘤
3509,表 6-3-33 ,C85.900x012,睾丸淋巴瘤
3510,表 6-3-33 ,C85.900x013,纵隔淋巴瘤
3511,表 6-3-33 ,C85.900x014,回盲部淋巴瘤
3512,表 6-3-33 ,C85.900x015,结肠淋巴瘤
3513,表 6-3-33 ,C85.900x016,卵巢淋巴瘤
3514,表 6-3-33 ,C85.900x017,盲肠淋巴瘤
3515,表 6-3-33 ,C85.900x019,脑淋巴瘤
3516,表 6-3-33 ,C85.900x020,脾淋巴瘤
3517,表 6-3-33 ,C85.900x022,舌淋巴瘤
3518,表 6-3-33 ,C85.900x023,胃淋巴瘤
3519,表 6-3-33 ,C85.900x024,小肠淋巴瘤
3520,表 6-3-33 ,C85.900x025,眼淋巴瘤
3521,表 6-3-33 ,C85.900x026,硬膜外淋巴瘤
3522,表 6-3-33 ,C85.900x027,肢体淋巴瘤
3523,表 6-3-33 ,C85.900x028,直肠淋巴瘤
3524,表 6-3-33 ,C85.900x029,骨淋巴瘤
3525,表 6-3-33 ,C85.900x030,腹股沟淋巴瘤
3526,表 6-3-33 ,C85.900x031,乳腺淋巴瘤
3527,表 6-3-33 ,C85.900x034,周围神经血管内淋巴瘤
3528,表 6-3-33 ,C85.900x036,甲状腺淋巴瘤
3529,表 6-3-33 ,C85.900x037,脊髓淋巴瘤
3530,表 6-3-33 ,C85.900x038,淋巴瘤结内侵及
3531,表 6-3-33 ,C85.900x039,淋巴瘤结外侵及
3532,表 6-3-33 ,C85.900x040,颈淋巴瘤
3533,表 6-3-33 ,C85.900x041,心脏淋巴瘤
3534,表 6-3-33 ,C85.900x042,胰腺淋巴瘤
3535,表 6-3-33 ,C85.900x043,肾淋巴瘤
3536,表 6-3-33 ,C85.901,复合性霍奇金和非霍奇金淋巴瘤
3537,表 6-3-33 ,C86.000,结外NK/T细胞淋巴瘤，鼻型
3538,表 6-3-33 ,C86.100,肝脾T细胞淋巴瘤
3539,表 6-3-33 ,C86.200,肠型T细胞淋巴瘤
3540,表 6-3-33 ,C86.300,皮下血管炎样T细胞淋巴瘤
3541,表 6-3-33 ,C86.400,原始NK细胞淋巴瘤
3542,表 6-3-33 ,C86.500,血管免疫母细胞性T细胞淋巴瘤
3543,表 6-3-33 ,C86.600,原发性皮肤CD30阳性T细胞增殖性病变
3544,表 6-3-33 ,C86.601,淋巴瘤样丘疹病
3545,表 6-3-33 ,C86.602,原发性皮肤间变性大细胞淋巴瘤
3546,表 6-3-33 ,C86.603,原发性皮肤CD30+间变性大细胞淋巴瘤
3547,表 6-3-33 ,C88.000,瓦尔登斯特伦巨球蛋白血症
3548,表 6-3-33 ,C88.000x002,高粘滞综合征
3549,表 6-3-33 ,C88.000x011,巨球蛋白血症伴缓解
3550,表 6-3-33 ,C88.000x012,高粘滞综合征伴缓解
3551,表 6-3-33 ,C88.200,其他重链病
3552,表 6-3-33 ,C88.200x011,γ重链病伴缓解
3553,表 6-3-33 ,C88.200x012,富兰克林病伴缓解
3554,表 6-3-33 ,C88.201,富兰克林病
3555,表 6-3-33 ,C88.202,γ重链病
3556,表 6-3-33 ,C88.203,Mµ重链病
3557,表 6-3-33 ,C88.300,免疫增生性小肠病
3558,表 6-3-33 ,C88.301,地中海淋巴瘤
3559,表 6-3-33 ,C88.302,α重链病
3560,表 6-3-33 ,C88.400,MALT-淋巴瘤
3561,表 6-3-33 ,C88.401,与黏膜有关的淋巴样组织淋巴瘤
3562,表 6-3-33 ,C88.402,与支气管有关的淋巴样组织淋巴瘤
3563,表 6-3-33 ,C88.403,与皮肤有关的淋巴样组织淋巴瘤
3564,表 6-3-33 ,C88.700,恶性免疫增生性疾病，其他的
3565,表 6-3-33 ,C88.700x002,重链病
3566,表 6-3-33 ,C88.700x003,μ重链病
3567,表 6-3-33 ,C88.700x012,重链病伴缓解
3568,表 6-3-33 ,C88.700x013,μ重链病伴缓解
3569,表 6-3-33 ,C88.701,血管中心性免疫增生性病变，恶性
3570,表 6-3-33 ,C88.900,恶性免疫增生性疾病
3571,表 6-3-33 ,C88.900x001,原发性免疫疾病相关性淋巴增殖性疾病
3572,表 6-3-33 ,C90.000,多发性骨髓瘤
3573,表 6-3-33 ,C90.000x004,卡勒病
3574,表 6-3-33 ,C90.000x005,浆细胞病
3575,表 6-3-33 ,C90.000x008+M90.6*,多发性骨髓瘤引起的变形性骨炎
3576,表 6-3-33 ,C90.000x009,多发性骨髓瘤髓外浸润
3577,表 6-3-33 ,C90.000x011,多发性骨髓瘤伴缓解
3578,表 6-3-33 ,C90.000x012,浆细胞性骨髓瘤伴缓解
3579,表 6-3-33 ,C90.000x014,卡勒病伴缓解
3580,表 6-3-33 ,C90.000x021,多发性骨髓瘤(IgGλ型)
3581,表 6-3-33 ,C90.000x022,多发性骨髓瘤(IgGк型)
3582,表 6-3-33 ,C90.000x023,多发性骨髓瘤(轻链λ型)
3583,表 6-3-33 ,C90.000x024,多发性骨髓瘤(轻链к型)
3584,表 6-3-33 ,C90.000x025,多发性骨髓瘤(无分泌型)
3585,表 6-3-33 ,C90.000x026,多发性骨髓瘤(IgDλ型)
3586,表 6-3-33 ,C90.000x027,多发性骨髓瘤(IgAλ型)
3587,表 6-3-33 ,C90.000x028,多发性骨髓瘤(IgAк型)
3588,表 6-3-33 ,C90.000x029,多发性骨髓瘤(IgDк型)
3589,表 6-3-33 ,C90.000x030,多发性骨髓瘤(DS分期I期)
3590,表 6-3-33 ,C90.000x031,多发性骨髓瘤(DS分期II期B组)
3591,表 6-3-33 ,C90.000x032,多发性骨髓瘤(DS分期II期)
3592,表 6-3-33 ,C90.000x033,多发性骨髓瘤(DS分期III期B组)
3593,表 6-3-33 ,C90.000x034,多发性骨髓瘤(DS分期III期)
3594,表 6-3-33 ,C90.000x035,多发性骨髓瘤(DS分期I期B组)
3595,表 6-3-33 ,C90.000x036,多发性骨髓瘤(ISS分期III期)
3596,表 6-3-33 ,C90.000x037,多发性骨髓瘤(ISS分期III期B组)
3597,表 6-3-33 ,C90.000x038,多发性骨髓瘤(ISS分期II期)
3598,表 6-3-33 ,C90.000x039,多发性骨髓瘤(ISS分期II期B组)
3599,表 6-3-33 ,C90.000x040,多发性骨髓瘤(ISS分期I期)
3600,表 6-3-33 ,C90.000x041,多发性骨髓瘤(ISS分期I期B组)
3601,表 6-3-33 ,C90.001,骨髓瘤病
3602,表 6-3-33 ,C90.002,浆细胞性骨髓瘤
3603,表 6-3-33 ,C90.004+N16.1*,多发性骨髓瘤伴肾小管间质病
3604,表 6-3-33 ,C90.005+N08.1*,骨髓瘤伴肾小球病变
3605,表 6-3-33 ,C90.100,浆细胞白血病
3606,表 6-3-33 ,C90.100x002,继发性浆细胞白血病
3607,表 6-3-33 ,C90.100x011,浆细胞白血病伴缓解
3608,表 6-3-33 ,C90.200,髓外浆细胞瘤
3609,表 6-3-33 ,C90.200x008,软组织浆细胞瘤
3610,表 6-3-33 ,C90.200x009,原发皮肤浆细胞瘤
3611,表 6-3-33 ,C90.200x013,髓外的浆细胞瘤伴缓解
3612,表 6-3-33 ,C90.300,孤立性浆细胞瘤
3613,表 6-3-33 ,C90.300x001,浆细胞瘤伴缓解
3614,表 6-3-33 ,C90.300x002,浆细胞肉瘤伴缓解
3615,表 6-3-33 ,C90.300x003,浆细胞肉瘤
3616,表 6-3-33 ,C90.300x004,孤立性骨髓瘤伴缓解
3617,表 6-3-33 ,C90.301,局限性恶性浆细胞瘤
3618,表 6-3-33 ,C90.302,浆细胞瘤
3619,表 6-3-33 ,C90.303,孤立性骨髓瘤
3620,表 6-3-33 ,C91.000,急性淋巴细胞白血病
3621,表 6-3-33 ,C91.000x006,前B细胞急性淋巴细胞白血病
3622,表 6-3-33 ,C91.000x007,前T细胞急性淋巴细胞白血病
3623,表 6-3-33 ,C91.000x009,B淋巴母细胞性白血病/淋巴瘤
3624,表 6-3-33 ,C91.000x012,急性淋巴细胞白血病L1伴缓解
3625,表 6-3-33 ,C91.000x013,急性淋巴细胞白血病L2伴缓解
3626,表 6-3-33 ,C91.000x014,急性淋巴细胞白血病L3伴缓解
3627,表 6-3-33 ,C91.000x015,慢性粒细胞性白血病伴缓解(急淋变)
3628,表 6-3-33 ,C91.000x016,T淋巴母细胞白血病/淋巴瘤
3629,表 6-3-33 ,C91.000x017,前T细胞急性淋巴细胞白血病伴缓解
3630,表 6-3-33 ,C91.001,急性淋巴细胞性白血病，L1型
3631,表 6-3-33 ,C91.002,急性淋巴细胞性白血病，L2型
3632,表 6-3-33 ,C91.003,急性淋巴细胞性白血病，L3型
3633,表 6-3-33 ,C91.004,慢性粒细胞性白血病，急淋变
3634,表 6-3-33 ,C91.006,急性淋巴细胞白血病，完全缓解
3635,表 6-3-33 ,C91.007,成人Ph+急性淋巴细胞白血病（ALL）
3636,表 6-3-33 ,C91.008,成人Ph-急性淋巴细胞白血病（ALL）
3637,表 6-3-33 ,C91.100,B细胞型慢性淋巴细胞白血病
3638,表 6-3-33 ,C91.100x011,慢性淋巴细胞白血病伴缓解
3639,表 6-3-33 ,C91.100x012,慢性淋巴细胞性白血病，急性变
3640,表 6-3-33 ,C91.101,淋巴浆细胞性白血病
3641,表 6-3-33 ,C91.102,Richter综合征
3642,表 6-3-33 ,C91.300,幼淋巴细胞白血病，B细胞型
3643,表 6-3-33 ,C91.400,多毛细胞白血病
3644,表 6-3-33 ,C91.400x004,毛细胞白血病(变异型)
3645,表 6-3-33 ,C91.400x013,毛细胞白血病伴缓解
3646,表 6-3-33 ,C91.401,白血病性网状内皮细胞增多症
3647,表 6-3-33 ,C91.500,成人T-细胞淋巴瘤/白血病[HTLV-1-相关性]
3648,表 6-3-33 ,C91.500x011,成人T细胞白血病伴缓解
3649,表 6-3-33 ,C91.600,T细胞型早幼粒细胞白血病
3650,表 6-3-33 ,C91.700,淋巴样白血病，其他的
3651,表 6-3-33 ,C91.701,非白血性淋巴细胞性白血病
3652,表 6-3-33 ,C91.704,T-细胞大颗粒淋巴细胞白血病
3653,表 6-3-33 ,C91.800,伯基特型成熟B细胞白血病
3654,表 6-3-33 ,C91.900,淋巴样白血病
3655,表 6-3-33 ,C91.901,淋巴细胞白血病
3656,表 6-3-33 ,C92.000,急性髓细胞白血病
3657,表 6-3-33 ,C92.000x003,急性粒细胞性白血病
3658,表 6-3-33 ,C92.000x006,急性嗜碱性粒细胞白血病
3659,表 6-3-33 ,C92.000x011,急性粒细胞性白血病未分化型伴缓解(M1型)
3660,表 6-3-33 ,C92.000x012,急性粒细胞性白血病部分分化型伴缓解(M2型)
3661,表 6-3-33 ,C92.000x013,急性粒细胞性白血病伴缓解
3662,表 6-3-33 ,C92.000x014,急性髓系白血病，伴有异常的骨髓嗜酸性粒细胞
3663,表 6-3-33 ,C92.000x015,急性髓系白血病，最低分化
3664,表 6-3-33 ,C92.000x016,急性髓系白血病，伴有成熟
3665,表 6-3-33 ,C92.000x017,急性髓系白血病，完全缓解
3666,表 6-3-33 ,C92.000x018,急性髓系白血病，t(6;9)(p23;q34);DEK-NUP214
3667,表 6-3-33 ,C92.001,急性髓细胞白血病，微分化型
3668,表 6-3-33 ,C92.002,急性髓细胞白血病，不伴有成熟
3669,表 6-3-33 ,C92.003,急性髓细胞白血病，1/ETO型
3670,表 6-3-33 ,C92.004,急性髓细胞白血病，M0型
3671,表 6-3-33 ,C92.005,急性髓细胞白血病，M1型
3672,表 6-3-33 ,C92.006,急性髓细胞白血病，M2型
3673,表 6-3-33 ,C92.007,急性髓细胞白血病，t(8;21)
3674,表 6-3-33 ,C92.008,急性髓细胞白血病(没有FAB分类)，未特指
3675,表 6-3-33 ,C92.009,转化过程中难治性贫血伴原始细胞增多
3676,表 6-3-33 ,C92.100,慢性髓系白血病（CML)，BCR/ABL阳性
3677,表 6-3-33 ,C92.100x001,慢性粒细胞性白血病
3678,表 6-3-33 ,C92.100x002,慢性粒细胞性白血病(急性变)
3679,表 6-3-33 ,C92.100x004,慢性髓单核细胞性白血病
3680,表 6-3-33 ,C92.100x011,慢性粒细胞性白血病伴缓解
3681,表 6-3-33 ,C92.100x012,慢性粒细胞性白血病伴缓解(急性变)
3682,表 6-3-33 ,C92.100x014,慢性髓单核细胞性白血病伴缓解
3683,表 6-3-33 ,C92.100x016,慢性髓系白血病伴缓解
3684,表 6-3-33 ,C92.100x017,慢性髓系白血病，急性发作
3685,表 6-3-33 ,C92.100x018,慢性中幼粒细胞性白血病
3686,表 6-3-33 ,C92.100x019,慢性髓系白血病，BCR/ABL阳性
3687,表 6-3-33 ,C92.101,费城染色体（Ph1）阳性慢性粒细胞白血病
3688,表 6-3-33 ,C92.102,慢性粒细胞白血病t(9:22)(q34；q11)
3689,表 6-3-33 ,C92.103,慢性粒细胞白血病原始细胞危象
3690,表 6-3-33 ,C92.200,非典型性慢性髓系白血病，BCR/ABL阴性
3691,表 6-3-33 ,C92.200x001,慢性粒细胞白血病(加速期)
3692,表 6-3-33 ,C92.200x011,慢性粒细胞白血病伴缓解(加速期)
3693,表 6-3-33 ,C92.201,亚急性粒细胞性白血病
3694,表 6-3-33 ,C92.300,髓样肉瘤
3695,表 6-3-33 ,C92.300x001,绿色瘤
3696,表 6-3-33 ,C92.300x003,粒细胞肉瘤
3697,表 6-3-33 ,C92.300x011,绿色瘤伴缓解
3698,表 6-3-33 ,C92.300x013,粒细胞肉瘤伴缓解
3699,表 6-3-33 ,C92.400x011,急性早幼粒细胞白血病伴缓解(M3型)
3700,表 6-3-33 ,C92.401,急性早幼粒细胞性白血病，完全缓解
3701,表 6-3-33 ,C92.402,急性髓细胞白血病，M3型
3702,表 6-3-33 ,C92.403,急性髓细胞白血病，M3伴（15；17）伴多样型
3703,表 6-3-33 ,C92.500x011,急性粒单核细胞白血病伴缓解(M4型)
3704,表 6-3-33 ,C92.501,急性髓细胞白血病，M4型
3705,表 6-3-33 ,C92.502,急性髓细胞白血病，M4伴t（16；16）伴多样型
3706,表 6-3-33 ,C92.600,急性髓系白血病伴11q23异常
3707,表 6-3-33 ,C92.601,急性髓系白血病伴MLL基因变异
3708,表 6-3-33 ,C92.700,"髓样白血病,其他的"
3709,表 6-3-33 ,C92.700x006,唐氏综合征相关的髓系白血病
3710,表 6-3-33 ,C92.700x012,嗜碱细胞性白血病伴缓解
3711,表 6-3-33 ,C92.700x013,嗜酸细胞性白血病伴缓解
3712,表 6-3-33 ,C92.701,非白血性髓系白血病
3713,表 6-3-33 ,C92.703,嗜碱细胞白血病
3714,表 6-3-33 ,C92.706,嗜酸细胞白血病
3715,表 6-3-33 ,C92.800,急性髓系白血病伴多系增生异常
3716,表 6-3-33 ,C92.900,髓样白血病
3717,表 6-3-33 ,C92.900x001,低增生性粒细胞性白血病
3718,表 6-3-33 ,C92.900x011,低增生性粒细胞性白血病伴缓解
3719,表 6-3-33 ,C92.901,粒细胞白血病
3720,表 6-3-33 ,C93.000x011,急性单核细胞性白血病伴缓解(M5型)
3721,表 6-3-33 ,C93.000x016,急性单核细胞白血病伴缓解
3722,表 6-3-33 ,C93.001,急性髓细胞白血病，M5a型
3723,表 6-3-33 ,C93.002,急性髓细胞白血病，M5b型
3724,表 6-3-33 ,C93.003,急性髓细胞白血病，M5型
3725,表 6-3-33 ,C93.100,慢性粒单核细胞白血病
3726,表 6-3-33 ,C93.100x011,慢性单核细胞白血病伴缓解
3727,表 6-3-33 ,C93.100x012,慢性单核细胞白血病，急性加重
3728,表 6-3-33 ,C93.100x013,慢性粒单核细胞性白血病伴缓解
3729,表 6-3-33 ,C93.101,慢性单核细胞白血病
3730,表 6-3-33 ,C93.102,慢性粒单核细胞白血病-1
3731,表 6-3-33 ,C93.103,慢性粒单核细胞白血病-2
3732,表 6-3-33 ,C93.104,慢性粒单核细胞白血病伴嗜酸粒细胞增多
3733,表 6-3-33 ,C93.300,幼年型骨髓单核细胞白血病
3734,表 6-3-33 ,C93.300x001,幼年型粒单核细胞白血病伴缓解
3735,表 6-3-33 ,C93.700,单核细胞白血病，其他的
3736,表 6-3-33 ,C93.701,非白血性单核细胞白血病
3737,表 6-3-33 ,C93.900,单核细胞白血病
3738,表 6-3-33 ,C93.901,组织细胞白血病
3739,表 6-3-33 ,C94.000x001,急性红白血病(M6型)
3740,表 6-3-33 ,C94.000x011,急性红白血病伴缓解(M6型)
3741,表 6-3-33 ,C94.001,红白血病
3742,表 6-3-33 ,C94.004,"急性髓系白血病,M6(a)(b)"
3743,表 6-3-33 ,C94.200,急性原巨核细胞白血病
3744,表 6-3-33 ,C94.200x011,急性巨核细胞白血病伴缓解(M7型)
3745,表 6-3-33 ,C94.201,急性巨核细胞性白血病
3746,表 6-3-33 ,C94.202,急性髓系白血病，M7
3747,表 6-3-33 ,C94.300,肥大细胞白血病
3748,表 6-3-33 ,C94.300x011,肥大细胞白血病伴缓解
3749,表 6-3-33 ,C94.400,急性全骨髓增殖症伴骨髓纤维化
3750,表 6-3-33 ,C94.400x001,急性骨髓纤维化
3751,表 6-3-33 ,C94.600,骨髓增生异常和骨髓增生性疾病，不可归类在他处者
3752,表 6-3-33 ,C94.700,白血病，其他特指的
3753,表 6-3-33 ,C94.700x004,中枢神经系统白血病
3754,表 6-3-33 ,C94.700x014,中枢神经系统白血病伴缓解
3755,表 6-3-33 ,C94.702,急性嗜碱细胞性白血病
3756,表 6-3-33 ,C94.703,侵袭性NK细胞白血病
3757,表 6-3-33 ,C95.000,急性白血病
3758,表 6-3-33 ,C95.000x002,急性白血病髓外复发
3759,表 6-3-33 ,C95.000x003,急性非淋巴细胞性白血病
3760,表 6-3-33 ,C95.000x015,急性白血病(谱系未定)
3761,表 6-3-33 ,C95.000x016,B淋巴细胞和髓系混合表型急性白血病
3762,表 6-3-33 ,C95.000x017,T淋巴细胞和髓系混合表型急性白血病
3763,表 6-3-33 ,C95.000x018,NK细胞淋巴母细胞性白血病/淋巴瘤
3764,表 6-3-33 ,C95.000x101,急性白血病伴缓解
3765,表 6-3-33 ,C95.000x102,急性白血病髓外复发伴缓解
3766,表 6-3-33 ,C95.000x115,急性白血病伴缓解(谱系未定)
3767,表 6-3-33 ,C95.000x116,B淋巴细胞和髓系混合表型急性白血病伴缓解
3768,表 6-3-33 ,C95.000x117,T淋巴细胞和髓系混合表型急性白血病伴缓解
3769,表 6-3-33 ,C95.000x118,NK细胞淋巴母细胞性白血病/淋巴瘤伴缓解
3770,表 6-3-33 ,C95.002,干细胞白血病
3771,表 6-3-33 ,C95.003,未分化细胞白血病
3772,表 6-3-33 ,C95.004,急性双系白血病
3773,表 6-3-33 ,C95.005,急性混合型单系白血病
3774,表 6-3-33 ,C95.006,急性双表型白血病
3775,表 6-3-33 ,C95.100,慢性白血病
3776,表 6-3-33 ,C95.100x011,慢性白血病伴缓解
3777,表 6-3-33 ,C95.100x012,慢性白血病急性加重
3778,表 6-3-33 ,C95.700x001,高白细胞白血病
3779,表 6-3-33 ,C95.700x002,先天性白血病
3780,表 6-3-33 ,C95.700x003,皮肤白血病
3781,表 6-3-33 ,C95.700x011,高白细胞白血病伴缓解
3782,表 6-3-33 ,C95.900,白血病
3783,表 6-3-33 ,C95.900x003+M36.1*,白血病性关节病
3784,表 6-3-33 ,C95.900x005,难治性白血病
3785,表 6-3-33 ,C95.900x007+N16.1*,白血病致肾小管间质疾患
3786,表 6-3-33 ,C95.900x012,混合细胞性白血病伴缓解
3787,表 6-3-33 ,C95.900x013+M36.1*,白血病性关节病伴缓解
3788,表 6-3-33 ,C95.900x015,难治性白血病伴缓解
3789,表 6-3-33 ,C95.900x017+N16.1*,白血病致肾小管间质疾患伴缓解
3790,表 6-3-33 ,C95.901,混合细胞性白血病
3791,表 6-3-33 ,C96.000,莱特雷尔-西韦病
3792,表 6-3-33 ,C96.002,急性分化性进行性组织细胞增多症
3793,表 6-3-33 ,C96.004,组织细胞增生症X，多系统
3794,表 6-3-33 ,C96.200,恶性肥大细胞瘤
3795,表 6-3-33 ,C96.200x005,全身性肥大细胞病
3796,表 6-3-33 ,C96.200x006,皮肤外肥大细胞病
3797,表 6-3-33 ,C96.200x013,肥大细胞肉瘤伴缓解
3798,表 6-3-33 ,C96.201,侵袭性系统性肥大细胞增生症
3799,表 6-3-33 ,C96.202,肥大细胞肉瘤
3800,表 6-3-33 ,C96.400,树突细胞肉瘤
3801,表 6-3-33 ,C96.400x001,滤泡树突状细胞肉瘤
3802,表 6-3-33 ,C96.400x002,未定型树突细胞瘤
3803,表 6-3-33 ,C96.400x003,母细胞性浆细胞样树状突细胞肿瘤
3804,表 6-3-33 ,C96.400x004,指突状树突细胞肉瘤
3805,表 6-3-33 ,C96.401,交错树突细胞肉瘤
3806,表 6-3-33 ,C96.402,朗格汉斯细胞肉瘤
3807,表 6-3-33 ,C96.403,小结树突细胞肉瘤
3808,表 6-3-33 ,C96.500,朗格汉斯细胞组织细胞增生症，多病灶和单系统性
3809,表 6-3-33 ,C96.501,汉-许-克病
3810,表 6-3-33 ,C96.502,组织细胞增生症X，多病灶
3811,表 6-3-33 ,C96.600,朗格汉斯细胞组织细胞增生症，单病灶
3812,表 6-3-33 ,C96.601,嗜酸细胞性肉芽肿
3813,表 6-3-33 ,C96.602,组织细胞增生症X，单病灶
3814,表 6-3-33 ,C96.603,组织细胞增生症XNOS
3815,表 6-3-33 ,C96.604,朗格汉斯细胞组织细胞增生症NOS
3816,表 6-3-33 ,C96.700,淋巴、造血和有关组织其他特指的恶性肿瘤
3817,表 6-3-33 ,C96.704,原发皮肤γδ-T细胞淋巴瘤
3818,表 6-3-33 ,C96.705,种痘样水疱病样淋巴瘤
3819,表 6-3-33 ,C96.800,组织细胞肉瘤
3820,表 6-3-33 ,C96.801,恶性组织细胞增生症
3821,表 6-3-33 ,C96.900,淋巴、造血和有关组织的恶性肿瘤
3822,表 6-3-34 ,D00.000x005,唇红缘原位癌
3823,表 6-3-34 ,D00.000x007,鼻咽原位癌
3824,表 6-3-34 ,D00.000x008,腮腺原位癌
3825,表 6-3-34 ,D00.001,扁桃体原位癌
3826,表 6-3-34 ,D00.002,唇原位癌
3827,表 6-3-34 ,D00.003,口腔原位癌
3828,表 6-3-34 ,D00.004,舌原位癌
3829,表 6-3-34 ,D00.005,杓状会厌褶原位癌
3830,表 6-3-34 ,D00.006,口底原位癌
3831,表 6-3-34 ,D00.007,咽原位癌
3832,表 6-3-34 ,D00.008,下咽原位癌
3833,表 6-3-34 ,D00.009,舌下腺原位癌
3834,表 6-3-34 ,D00.010,颌下腺原位癌
3835,表 6-3-34 ,D00.011,颊黏膜原位癌
3836,表 6-3-34 ,D00.012,臼齿后区原位癌
3837,表 6-3-34 ,D00.013,硬腭原位癌
3838,表 6-3-34 ,D00.100,食管原位癌
3839,表 6-3-34 ,D00.200,胃原位癌
3840,表 6-3-34 ,D00.200x002,贲门食管连接部原位癌
3841,表 6-3-34 ,D00.200x003,胃角原位癌
3842,表 6-3-34 ,D01.000,结肠原位癌
3843,表 6-3-34 ,D01.100,直肠乙状结肠连接处原位癌
3844,表 6-3-34 ,D01.200,直肠原位癌
3845,表 6-3-34 ,D01.300x001,肛门原位癌
3846,表 6-3-34 ,D01.301,肛管原位癌
3847,表 6-3-34 ,D01.401,肠原位癌
3848,表 6-3-34 ,D01.402,小肠原位癌
3849,表 6-3-34 ,D01.403,空肠原位癌
3850,表 6-3-34 ,D01.404,回肠原位癌
3851,表 6-3-34 ,D01.405,十二指肠原位癌
3852,表 6-3-34 ,D01.500x001,肝原位癌
3853,表 6-3-34 ,D01.501,胆囊原位癌
3854,表 6-3-34 ,D01.502,胆道原位癌
3855,表 6-3-34 ,D01.503,法特壶腹原位癌
3856,表 6-3-34 ,D01.700,消化器官其他特指的原位癌
3857,表 6-3-34 ,D01.701,胰腺原位癌
3858,表 6-3-34 ,D01.900,消化器官原位癌
3859,表 6-3-34 ,D02.000,喉原位癌
3860,表 6-3-34 ,D02.000x003,喉面杓状会厌褶原位癌
3861,表 6-3-34 ,D02.000x004,会厌舌骨上原位癌
3862,表 6-3-34 ,D02.001,会厌原位癌
3863,表 6-3-34 ,D02.002,声带原位癌
3864,表 6-3-34 ,D02.100,气管原位癌
3865,表 6-3-34 ,D02.200x002,肺原位癌
3866,表 6-3-34 ,D02.201,支气管原位癌
3867,表 6-3-34 ,D02.300,呼吸系统其他部位的原位癌
3868,表 6-3-34 ,D02.301,鼻腔原位癌
3869,表 6-3-34 ,D02.302,鼻旁窦原位癌
3870,表 6-3-34 ,D02.303,中耳原位癌
3871,表 6-3-34 ,D02.400,呼吸系统的原位癌
3872,表 6-3-34 ,D03.000,唇原位黑色素瘤
3873,表 6-3-34 ,D03.100x002,眼睑原位黑色素瘤
3874,表 6-3-34 ,D03.100x003,眦原位黑色素瘤
3875,表 6-3-34 ,D03.200x002,耳原位黑色素瘤
3876,表 6-3-34 ,D03.201,外耳道原位黑色素瘤
3877,表 6-3-34 ,D03.301,面部原位黑色素瘤
3878,表 6-3-34 ,D03.400x002,头皮原位黑色素瘤
3879,表 6-3-34 ,D03.401,颈部原位黑色素瘤
3880,表 6-3-34 ,D03.500,躯干原位黑色素瘤
3881,表 6-3-34 ,D03.500x002,肛门原位黑色素瘤
3882,表 6-3-34 ,D03.501,乳房原位黑色素瘤
3883,表 6-3-34 ,D03.502,肛门边缘原位黑色素瘤
3884,表 6-3-34 ,D03.503,肛门皮肤原位黑色素瘤
3885,表 6-3-34 ,D03.504,肛周原位黑色素瘤
3886,表 6-3-34 ,D03.600,上肢(包括肩)原位黑色素瘤
3887,表 6-3-34 ,D03.600x002,上肢端原位黑色素瘤
3888,表 6-3-34 ,D03.601,肩原位黑色素瘤
3889,表 6-3-34 ,D03.602,手原位黑色素瘤
3890,表 6-3-34 ,D03.700x001,下肢原位黑色素瘤
3891,表 6-3-34 ,D03.700x002,下肢端原位黑色素瘤
3892,表 6-3-34 ,D03.701,髋原位黑色素瘤
3893,表 6-3-34 ,D03.800,原位黑色素瘤，其他部位的
3894,表 6-3-34 ,D03.900,原位黑色素瘤
3895,表 6-3-34 ,D03.900x002,浅表扩散性原位黑色素瘤
3896,表 6-3-34 ,D04.000,唇皮肤原位癌
3897,表 6-3-34 ,D04.100x001,眼皮肤原位癌
3898,表 6-3-34 ,D04.101,眦原位癌
3899,表 6-3-34 ,D04.200x001,耳皮肤原位癌
3900,表 6-3-34 ,D04.201,外耳道皮肤原位癌
3901,表 6-3-34 ,D04.300x001,鼻沟皮肤原位癌
3902,表 6-3-34 ,D04.300x002,面皮肤原位癌
3903,表 6-3-34 ,D04.400x001,头皮原位癌
3904,表 6-3-34 ,D04.401,颈部皮肤原位癌
3905,表 6-3-34 ,D04.500,躯干皮肤原位癌
3906,表 6-3-34 ,D04.501,乳房皮肤原位癌
3907,表 6-3-34 ,D04.502,肛门边缘皮肤原位癌
3908,表 6-3-34 ,D04.503,肛门皮肤原位癌
3909,表 6-3-34 ,D04.504,肛周皮肤原位癌
3910,表 6-3-34 ,D04.600x001,上肢皮肤原位癌
3911,表 6-3-34 ,D04.601,肩皮肤原位癌
3912,表 6-3-34 ,D04.700x001,下肢皮肤原位癌
3913,表 6-3-34 ,D04.701,髋皮肤原位癌
3914,表 6-3-34 ,D04.800,皮肤其他部位的原位癌
3915,表 6-3-34 ,D04.900x001,皮肤原位癌
3916,表 6-3-34 ,D05.000,乳房小叶原位癌
3917,表 6-3-34 ,D05.100,乳房导管原位癌
3918,表 6-3-34 ,D05.700,乳房其他部位的原位癌
3919,表 6-3-34 ,D05.900,乳房的原位癌
3920,表 6-3-34 ,D06.000,宫颈内膜原位癌
3921,表 6-3-34 ,D06.100,宫颈外膜原位癌
3922,表 6-3-34 ,D06.700,宫颈其他部位的原位癌
3923,表 6-3-34 ,D06.900,宫颈的原位癌
3924,表 6-3-34 ,D06.900x002,子宫颈上皮内瘤变III级[CINIII级]
3925,表 6-3-34 ,D07.000,子宫内膜原位癌
3926,表 6-3-34 ,D07.100,外阴原位癌
3927,表 6-3-34 ,D07.100x002,外阴上皮内瘤变III级[VINIII级]
3928,表 6-3-34 ,D07.200,阴道原位癌
3929,表 6-3-34 ,D07.200x002,阴道上皮内瘤变III级[VAINIII级]
3930,表 6-3-34 ,D07.301,卵巢原位癌
3931,表 6-3-34 ,D07.302,输卵管原位癌
3932,表 6-3-34 ,D07.303,子宫体原位癌
3933,表 6-3-34 ,D07.304,女性生殖器官原位癌
3934,表 6-3-34 ,D07.400,阴茎原位癌
3935,表 6-3-34 ,D07.401,凯拉增殖性红斑
3936,表 6-3-34 ,D07.402,包皮原位癌
3937,表 6-3-34 ,D07.500,前列腺原位癌
3938,表 6-3-34 ,D07.601,阴囊原位癌
3939,表 6-3-34 ,D07.602,睾丸原位癌
3940,表 6-3-34 ,D07.603,男性生殖器官原位癌
3941,表 6-3-34 ,D09.000,膀胱原位癌
3942,表 6-3-34 ,D09.100x001,尿道原位癌
3943,表 6-3-34 ,D09.101,肾原位癌
3944,表 6-3-34 ,D09.102,肾盂原位癌
3945,表 6-3-34 ,D09.103,输尿管原位癌
3946,表 6-3-34 ,D09.104,泌尿器官原位癌
3947,表 6-3-34 ,D09.200,眼原位癌
3948,表 6-3-34 ,D09.201,眼球原位癌
3949,表 6-3-34 ,D09.202,角膜原位癌
3950,表 6-3-34 ,D09.300,甲状腺和其他和未特指内分泌腺原位癌
3951,表 6-3-34 ,D09.301,甲状腺原位癌
3952,表 6-3-34 ,D09.302,垂体原位癌
3953,表 6-3-34 ,D09.303,肾上腺原位癌
3954,表 6-3-34 ,D09.304,甲状旁腺原位癌
3955,表 6-3-34 ,D09.700,原位癌，其他特指部位的
3956,表 6-3-34 ,D09.700x001,骶尾原位癌
3957,表 6-3-34 ,D09.700x002,腹腔原位癌
3958,表 6-3-34 ,D09.701,颊原位癌
3959,表 6-3-34 ,D09.900,原位癌
3960,表 6-3-35 ,D37.000x001,扁桃体交界性肿瘤
3961,表 6-3-35 ,D37.000x002,唇交界性肿瘤
3962,表 6-3-35 ,D37.000x003,腮腺交界性肿瘤
3963,表 6-3-35 ,D37.000x004,唾液腺交界性肿瘤
3964,表 6-3-35 ,D37.000x005,咽部交界性肿瘤
3965,表 6-3-35 ,D37.000x006,杓状会厌褶交界性肿瘤
3966,表 6-3-35 ,D37.000x007,唇红缘交界性肿瘤
3967,表 6-3-35 ,D37.000x008,大唾液腺交界性肿瘤
3968,表 6-3-35 ,D37.000x009,小唾液腺交界性肿瘤
3969,表 6-3-35 ,D37.000x010,齿龈交界性肿瘤
3970,表 6-3-35 ,D37.000x011,鼻咽交界性肿瘤
3971,表 6-3-35 ,D37.000x012,舌根交界性肿瘤
3972,表 6-3-35 ,D37.000x013,口底交界性肿瘤
3973,表 6-3-35 ,D37.000x014,腭交界性肿瘤
3974,表 6-3-35 ,D37.000x015,颊黏膜交界性肿瘤
3975,表 6-3-35 ,D37.001,唇肿瘤
3976,表 6-3-35 ,D37.002,口腔动态未定肿瘤
3977,表 6-3-35 ,D37.003,口腔肿瘤
3978,表 6-3-35 ,D37.004,咽动态未定肿瘤
3979,表 6-3-35 ,D37.005,咽肿瘤
3980,表 6-3-35 ,D37.006,腭动态未定肿瘤
3981,表 6-3-35 ,D37.007,腭肿瘤
3982,表 6-3-35 ,D37.008,舌根动态未定肿瘤
3983,表 6-3-35 ,D37.009,舌根肿瘤
3984,表 6-3-35 ,D37.010,腮腺动态未定肿瘤
3985,表 6-3-35 ,D37.011,腮腺肿瘤
3986,表 6-3-35 ,D37.012,扁桃体动态未定肿瘤
3987,表 6-3-35 ,D37.013,扁桃体肿瘤
3988,表 6-3-35 ,D37.014,大涎腺动态未定肿瘤
3989,表 6-3-35 ,D37.015,大涎腺肿瘤
3990,表 6-3-35 ,D37.016,小涎腺动态未定肿瘤
3991,表 6-3-35 ,D37.017,小涎腺肿瘤
3992,表 6-3-35 ,D37.018,杓状会厌褶动态未定肿瘤
3993,表 6-3-35 ,D37.019,杓状会厌褶肿瘤
3994,表 6-3-35 ,D37.100x001,贲门交界性肿瘤
3995,表 6-3-35 ,D37.100x002,胃交界性肿瘤
3996,表 6-3-35 ,D37.100x003,胃角交界性肿瘤
3997,表 6-3-35 ,D37.101,胃肿瘤
3998,表 6-3-35 ,D37.102,贲门动态未定肿瘤
3999,表 6-3-35 ,D37.103,贲门肿瘤
4000,表 6-3-35 ,D37.200x001,十二指肠交界性肿瘤
4001,表 6-3-35 ,D37.200x002,小肠交界性肿瘤
4002,表 6-3-35 ,D37.200x003,空肠交界性肿瘤
4003,表 6-3-35 ,D37.200x004,回肠交界性肿瘤
4004,表 6-3-35 ,D37.201,小肠肿瘤
4005,表 6-3-35 ,D37.202,十二指肠动态未定肿瘤
4006,表 6-3-35 ,D37.203,十二指肠肿瘤
4007,表 6-3-35 ,D37.204,空肠动态未定肿瘤
4008,表 6-3-35 ,D37.205,空肠肿瘤
4009,表 6-3-35 ,D37.206,回肠动态未定肿瘤
4010,表 6-3-35 ,D37.207,回肠肿瘤
4011,表 6-3-35 ,D37.300x001,阑尾交界性肿瘤
4012,表 6-3-35 ,D37.301,阑尾肿瘤
4013,表 6-3-35 ,D37.400x001,结肠交界性肿瘤
4014,表 6-3-35 ,D37.400x002,乙状结肠交界性肿瘤
4015,表 6-3-35 ,D37.401,结肠肿瘤
4016,表 6-3-35 ,D37.402,升结肠动态未定肿瘤
4017,表 6-3-35 ,D37.403,升结肠肿瘤
4018,表 6-3-35 ,D37.404,横结肠动态未定肿瘤
4019,表 6-3-35 ,D37.405,横结肠肿瘤
4020,表 6-3-35 ,D37.406,降结肠动态未定肿瘤
4021,表 6-3-35 ,D37.407,降结肠肿瘤
4022,表 6-3-35 ,D37.408,乙状结肠动态未定肿瘤
4023,表 6-3-35 ,D37.409,乙状结肠肿瘤
4024,表 6-3-35 ,D37.410,盲肠动态未定肿瘤
4025,表 6-3-35 ,D37.411,盲肠肿瘤
4026,表 6-3-35 ,D37.500x001,直肠交界性肿瘤
4027,表 6-3-35 ,D37.500x002,直肠乙状结肠连接部交界性肿瘤
4028,表 6-3-35 ,D37.501,直肠肿瘤
4029,表 6-3-35 ,D37.502,直肠乙状结肠交界处动态未定肿瘤
4030,表 6-3-35 ,D37.503,直肠乙状结肠交界处肿瘤
4031,表 6-3-35 ,D37.600x001,胆囊交界性肿瘤
4032,表 6-3-35 ,D37.600x002,法特壶腹交界性肿瘤
4033,表 6-3-35 ,D37.600x003,肝交界性肿瘤
4034,表 6-3-35 ,D37.600x004,肝胆管交界性肿瘤
4035,表 6-3-35 ,D37.601,肝肿瘤
4036,表 6-3-35 ,D37.602,胆囊动态未定肿瘤
4037,表 6-3-35 ,D37.603,胆囊肿瘤
4038,表 6-3-35 ,D37.604,胆管动态未定肿瘤
4039,表 6-3-35 ,D37.605,胆管肿瘤
4040,表 6-3-35 ,D37.606,壶腹部动态未定肿瘤
4041,表 6-3-35 ,D37.607,壶腹部肿瘤
4042,表 6-3-35 ,D37.700x001,肠交界性肿瘤
4043,表 6-3-35 ,D37.700x002,食管交界性肿瘤
4044,表 6-3-35 ,D37.700x003,胰腺交界性肿瘤
4045,表 6-3-35 ,D37.700x005,脾交界性肿瘤
4046,表 6-3-35 ,D37.700x007,肛管交界性肿瘤
4047,表 6-3-35 ,D37.701,食管动态未定肿瘤
4048,表 6-3-35 ,D37.702,食管肿瘤
4049,表 6-3-35 ,D37.703,脾动态未定肿瘤
4050,表 6-3-35 ,D37.704,脾肿瘤
4051,表 6-3-35 ,D37.705,胰腺动态未定肿瘤
4052,表 6-3-35 ,D37.706,胰腺肿瘤
4053,表 6-3-35 ,D37.707,肠动态未定肿瘤
4054,表 6-3-35 ,D37.708,肠肿瘤
4055,表 6-3-35 ,D37.709,肛门动态未定肿瘤
4056,表 6-3-35 ,D37.710,肛门肿瘤
4057,表 6-3-35 ,D37.900x001,消化器官交界性肿瘤
4058,表 6-3-35 ,D37.901,消化器官肿瘤
4059,表 6-3-35 ,D38.000x001,会厌交界性肿瘤
4060,表 6-3-35 ,D38.000x002,喉交界性肿瘤
4061,表 6-3-35 ,D38.001,喉肿瘤
4062,表 6-3-35 ,D38.002,会厌动态未定肿瘤
4063,表 6-3-35 ,D38.003,会厌肿瘤
4064,表 6-3-35 ,D38.100x001,肺交界性肿瘤
4065,表 6-3-35 ,D38.100x002,气管交界性肿瘤
4066,表 6-3-35 ,D38.100x003,支气管交界性肿瘤
4067,表 6-3-35 ,D38.101,肺肿瘤
4068,表 6-3-35 ,D38.102,气管动态未定肿瘤
4069,表 6-3-35 ,D38.103,气管肿瘤
4070,表 6-3-35 ,D38.104,支气管动态未定肿瘤
4071,表 6-3-35 ,D38.105,支气管肿瘤
4072,表 6-3-35 ,D38.200x001,胸膜交界性肿瘤
4073,表 6-3-35 ,D38.201,胸膜肿瘤
4074,表 6-3-35 ,D38.300x001,纵隔交界性肿瘤
4075,表 6-3-35 ,D38.300x002,前纵隔交界性肿瘤
4076,表 6-3-35 ,D38.300x003,后纵隔交界性肿瘤
4077,表 6-3-35 ,D38.301,纵隔肿瘤
4078,表 6-3-35 ,D38.400x001,胸腺交界性肿瘤
4079,表 6-3-35 ,D38.401,胸腺肿瘤
4080,表 6-3-35 ,D38.500x001,鼻腔交界性肿瘤
4081,表 6-3-35 ,D38.500x003,鼻窦交界性肿瘤
4082,表 6-3-35 ,D38.500x004,鼻软骨交界性肿瘤
4083,表 6-3-35 ,D38.500x005,中耳交界性肿瘤
4084,表 6-3-35 ,D38.501,鼻腔动态未定肿瘤
4085,表 6-3-35 ,D38.502,鼻腔肿瘤
4086,表 6-3-35 ,D38.503,鼻旁窦动态未定肿瘤
4087,表 6-3-35 ,D38.504,鼻旁窦肿瘤
4088,表 6-3-35 ,D38.505,鼻软骨动态未定肿瘤
4089,表 6-3-35 ,D38.506,鼻软骨肿瘤
4090,表 6-3-35 ,D38.507,中耳动态未定肿瘤
4091,表 6-3-35 ,D38.508,中耳肿瘤
4092,表 6-3-35 ,D38.509,鼻颅底交通性肿瘤
4093,表 6-3-35 ,D38.600x001,呼吸系统交界性肿瘤
4094,表 6-3-35 ,D38.601,呼吸器官肿瘤
4095,表 6-3-35 ,D39.000x001,子宫交界性肿瘤
4096,表 6-3-35 ,D39.000x002,子宫内膜交界性肿瘤
4097,表 6-3-35 ,D39.001,子宫肿瘤
4098,表 6-3-35 ,D39.002,子宫体动态未定肿瘤
4099,表 6-3-35 ,D39.003,子宫体肿瘤
4100,表 6-3-35 ,D39.004,子宫颈动态未定肿瘤
4101,表 6-3-35 ,D39.005,子宫颈肿瘤
4102,表 6-3-35 ,D39.100x001,卵巢多房囊肿
4103,表 6-3-35 ,D39.100x003,卵巢交界性肿瘤
4104,表 6-3-35 ,D39.101,卵巢肿瘤
4105,表 6-3-35 ,D39.200x001,侵蚀性葡萄胎
4106,表 6-3-35 ,D39.200x002,胎盘交界性肿瘤
4107,表 6-3-35 ,D39.201,胎盘肿瘤
4108,表 6-3-35 ,D39.202,恶性葡萄胎
4109,表 6-3-35 ,D39.203,侵袭性葡萄胎
4110,表 6-3-35 ,D39.204,破坏性绒毛膜腺瘤
4111,表 6-3-35 ,D39.700x001,输卵管交界性肿瘤
4112,表 6-3-35 ,D39.700x002,阴道交界性肿瘤
4113,表 6-3-35 ,D39.701,外阴动态未定肿瘤
4114,表 6-3-35 ,D39.702,外阴肿瘤
4115,表 6-3-35 ,D39.703,子宫韧带动态未定肿瘤
4116,表 6-3-35 ,D39.704,子宫韧带肿瘤
4117,表 6-3-35 ,D39.705,输卵管动态未定肿瘤
4118,表 6-3-35 ,D39.706,输卵管肿瘤
4119,表 6-3-35 ,D39.707,阴道动态未定肿瘤
4120,表 6-3-35 ,D39.708,阴道肿瘤
4121,表 6-3-35 ,D39.709,女性生殖器官皮肤动态未定肿瘤
4122,表 6-3-35 ,D39.710,女性生殖器官皮肤肿瘤
4123,表 6-3-35 ,D39.900x001,女性生殖器官交界性肿瘤
4124,表 6-3-35 ,D39.901,女性生殖器官肿瘤
4125,表 6-3-35 ,D39.902,尿道阴道隔动态未定肿瘤
4126,表 6-3-35 ,D39.903,尿道阴道隔肿瘤
4127,表 6-3-35 ,D40.000x001,前列腺交界性肿瘤
4128,表 6-3-35 ,D40.001,前列腺肿瘤
4129,表 6-3-35 ,D40.100x002,睾丸交界性肿瘤
4130,表 6-3-35 ,D40.101,睾丸肿瘤
4131,表 6-3-35 ,D40.700x001,附睾交界性肿瘤
4132,表 6-3-35 ,D40.700x002,精囊交界性肿瘤
4133,表 6-3-35 ,D40.700x003,阴茎纤维瘤病
4134,表 6-3-35 ,D40.701,阴茎动态未定肿瘤
4135,表 6-3-35 ,D40.702,阴茎肿瘤
4136,表 6-3-35 ,D40.703,男性生殖器官皮肤动态未定肿瘤
4137,表 6-3-35 ,D40.704,男性生殖器官皮肤肿瘤
4138,表 6-3-35 ,D40.900x001,男性生殖器官交界性肿瘤
4139,表 6-3-35 ,D40.901,男性生殖器官肿瘤
4140,表 6-3-35 ,D41.000x001,肾交界性肿瘤
4141,表 6-3-35 ,D41.001,肾肿瘤
4142,表 6-3-35 ,D41.100x001,肾盂交界性肿瘤
4143,表 6-3-35 ,D41.101,肾盂肿瘤
4144,表 6-3-35 ,D41.200x001,输尿管交界性肿瘤
4145,表 6-3-35 ,D41.201,输尿管肿瘤
4146,表 6-3-35 ,D41.300x001,尿道交界性肿瘤
4147,表 6-3-35 ,D41.301,尿道肿瘤
4148,表 6-3-35 ,D41.400x001,膀胱交界性肿瘤
4149,表 6-3-35 ,D41.400x004,膀胱息肉
4150,表 6-3-35 ,D41.401,膀胱肿瘤
4151,表 6-3-35 ,D41.700,泌尿器官动态未定或动态未知的肿瘤，其他的
4152,表 6-3-35 ,D41.900x001,泌尿生殖系统交界性肿瘤
4153,表 6-3-35 ,D41.901,泌尿系统肿瘤
4154,表 6-3-35 ,D42.000x001,脑膜交界性肿瘤
4155,表 6-3-35 ,D42.000x002,硬脑膜下交界性肿瘤
4156,表 6-3-35 ,D42.001,脑膜肿瘤
4157,表 6-3-35 ,D42.002,硬脑膜下动态未定肿瘤
4158,表 6-3-35 ,D42.003,硬脑膜下肿瘤
4159,表 6-3-35 ,D42.100x001,脊膜交界性肿瘤
4160,表 6-3-35 ,D42.100x002,硬脊膜下交界性肿瘤
4161,表 6-3-35 ,D42.101,脊膜肿瘤
4162,表 6-3-35 ,D42.900x001,脑脊膜交界性肿瘤
4163,表 6-3-35 ,D42.900x002,硬膜下交界性肿瘤
4164,表 6-3-35 ,D42.901,脑脊膜肿瘤
4165,表 6-3-35 ,D43.000x001,枕叶交界性肿瘤
4166,表 6-3-35 ,D43.000x002,脑室交界性肿瘤
4167,表 6-3-35 ,D43.000x003,额叶交界性肿瘤
4168,表 6-3-35 ,D43.000x004,顶叶交界性肿瘤
4169,表 6-3-35 ,D43.000x005,颞叶交界性肿瘤
4170,表 6-3-35 ,D43.000x006,大脑交界性肿瘤
4171,表 6-3-35 ,D43.001,脑幕上肿瘤
4172,表 6-3-35 ,D43.002,脑室动态未定肿瘤
4173,表 6-3-35 ,D43.003,脑室肿瘤
4174,表 6-3-35 ,D43.004,大脑动态未定肿瘤
4175,表 6-3-35 ,D43.005,大脑肿瘤
4176,表 6-3-35 ,D43.006,额叶动态未定肿瘤
4177,表 6-3-35 ,D43.007,额叶肿瘤
4178,表 6-3-35 ,D43.008,枕叶动态未定肿瘤
4179,表 6-3-35 ,D43.009,枕叶肿瘤
4180,表 6-3-35 ,D43.010,顶叶动态未定肿瘤
4181,表 6-3-35 ,D43.011,顶叶肿瘤
4182,表 6-3-35 ,D43.012,颞叶动态未定肿瘤
4183,表 6-3-35 ,D43.013,颞叶肿瘤
4184,表 6-3-35 ,D43.100x001,脑干交界性肿瘤
4185,表 6-3-35 ,D43.100x002,小脑交界性肿瘤
4186,表 6-3-35 ,D43.100x003,延髓交界性肿瘤
4187,表 6-3-35 ,D43.100x004,第四脑室交界性肿瘤
4188,表 6-3-35 ,D43.101,脑幕下肿瘤
4189,表 6-3-35 ,D43.102,脑干动态未定肿瘤
4190,表 6-3-35 ,D43.103,脑干肿瘤
4191,表 6-3-35 ,D43.104,小脑动态未定肿瘤
4192,表 6-3-35 ,D43.105,小脑肿瘤
4193,表 6-3-35 ,D43.106,延髓动态未定肿瘤
4194,表 6-3-35 ,D43.107,延髓肿瘤
4195,表 6-3-35 ,D43.200x001,颅内交界性肿瘤
4196,表 6-3-35 ,D43.200x002,脑交界性肿瘤
4197,表 6-3-35 ,D43.200x003,颅底沟通交界性肿瘤
4198,表 6-3-35 ,D43.200x004,颅底交界性肿瘤
4199,表 6-3-35 ,D43.200x005,斜坡交界性肿瘤
4200,表 6-3-35 ,D43.201,脑肿瘤
4201,表 6-3-35 ,D43.202,颅底交通性肿瘤
4202,表 6-3-35 ,D43.300x001,脑神经交界性肿瘤
4203,表 6-3-35 ,D43.300x002,嗅神经交界性肿瘤
4204,表 6-3-35 ,D43.300x003,视神经交界性肿瘤
4205,表 6-3-35 ,D43.300x004,动眼神经交界性肿瘤
4206,表 6-3-35 ,D43.300x005,滑车神经交界性肿瘤
4207,表 6-3-35 ,D43.300x006,三叉神经交界性肿瘤
4208,表 6-3-35 ,D43.300x007,外展神经交界性肿瘤
4209,表 6-3-35 ,D43.300x008,面神经交界性肿瘤
4210,表 6-3-35 ,D43.300x009,听神经交界性肿瘤
4211,表 6-3-35 ,D43.300x010,舌咽神经交界性肿瘤
4212,表 6-3-35 ,D43.300x011,迷走神经交界性肿瘤
4213,表 6-3-35 ,D43.300x012,副神经交界性肿瘤
4214,表 6-3-35 ,D43.300x013,舌下神经交界性肿瘤
4215,表 6-3-35 ,D43.301,脑神经肿瘤
4216,表 6-3-35 ,D43.400x001,脊髓交界性肿瘤
4217,表 6-3-35 ,D43.400x002,马尾交界性肿瘤
4218,表 6-3-35 ,D43.401,脊髓肿瘤
4219,表 6-3-35 ,D43.402,马尾动态未定肿瘤
4220,表 6-3-35 ,D43.403,马尾肿瘤
4221,表 6-3-35 ,D43.700,中枢神经系统其他部位动态未定或动态未知的肿瘤
4222,表 6-3-35 ,D43.900x001,硬膜外交界性肿瘤
4223,表 6-3-35 ,D43.900x002,椎管内交界性肿瘤
4224,表 6-3-35 ,D43.900x003,硬脑膜外交界性肿瘤
4225,表 6-3-35 ,D43.900x004,硬脊膜外交界性肿瘤
4226,表 6-3-35 ,D43.901,中枢神经系统肿瘤
4227,表 6-3-35 ,D43.902,硬脑膜外动态未定肿瘤
4228,表 6-3-35 ,D43.903,硬脑膜外肿瘤
4229,表 6-3-35 ,D44.000x001,甲状腺交界性肿瘤
4230,表 6-3-35 ,D44.001,甲状腺肿瘤
4231,表 6-3-35 ,D44.100x001,肾上腺交界性肿瘤
4232,表 6-3-35 ,D44.101,肾上腺肿瘤
4233,表 6-3-35 ,D44.200x001,甲状旁腺交界性肿瘤
4234,表 6-3-35 ,D44.201,甲状旁腺肿瘤
4235,表 6-3-35 ,D44.300x001,垂体交界性肿瘤
4236,表 6-3-35 ,D44.301,垂体肿瘤
4237,表 6-3-35 ,D44.400x001,颅咽管交界性肿瘤
4238,表 6-3-35 ,D44.401,颅咽管肿瘤
4239,表 6-3-35 ,D44.500x001,松果体交界性肿瘤
4240,表 6-3-35 ,D44.500x003,松果体区交界性肿瘤
4241,表 6-3-35 ,D44.501,松果体肿瘤
4242,表 6-3-35 ,D44.600x002,颈动脉体交界性肿瘤
4243,表 6-3-35 ,D44.601,颈动脉体肿瘤
4244,表 6-3-35 ,D44.700,主动脉体和其他节旁体动态未定或动态未知的肿瘤
4245,表 6-3-35 ,D44.700x002,主动脉体交界性肿瘤
4246,表 6-3-35 ,D44.700x003,颈静脉体交界性肿瘤
4247,表 6-3-35 ,D44.700x004,颈静脉球交界性肿瘤
4248,表 6-3-35 ,D44.701,主动脉体肿瘤
4249,表 6-3-35 ,D44.702,颈静脉球动态未定肿瘤
4250,表 6-3-35 ,D44.703,颈静脉球肿瘤
4251,表 6-3-35 ,D44.800,累及多个腺体动态未定或动态未知的肿瘤
4252,表 6-3-35 ,D44.800x002,多内分泌腺瘤病
4253,表 6-3-35 ,D44.801,累及多个腺体肿瘤
4254,表 6-3-35 ,D44.802,多发性内分泌腺瘤病
4255,表 6-3-35 ,D44.900x001,内分泌腺交界性肿瘤
4256,表 6-3-35 ,D44.901,内分泌腺肿瘤
4257,表 6-3-35 ,D45.x00,真性红细胞增多症
4258,表 6-3-35 ,D46.000,难治性贫血不伴有环形铁粒幼细胞，如此述及的
4259,表 6-3-35 ,D46.000x002,骨髓再生不良性贫血
4260,表 6-3-35 ,D46.000x003,再生不良性贫血
4261,表 6-3-35 ,D46.001,难治性贫血伴单系病态造血
4262,表 6-3-35 ,D46.100,难治性贫血伴有环形铁粒幼细胞
4263,表 6-3-35 ,D46.100x002,伴环形铁粒幼红细胞的难治性贫血合并血小板显著增多
4264,表 6-3-35 ,D46.100x012,伴环形铁粒幼红细胞的难治性贫血合并血小板显著增多伴缓解
4265,表 6-3-35 ,D46.200,难治性贫血伴有胚细胞过多
4266,表 6-3-35 ,D46.201x001,难治贫血伴有胚细胞过多-I型
4267,表 6-3-35 ,D46.203,难治性贫血伴有胚细胞过多-II型
4268,表 6-3-35 ,D46.400,难治性贫血
4269,表 6-3-35 ,D46.500,难治性贫血伴多系病态造血
4270,表 6-3-35 ,D46.600,MDS-5q-综合症
4271,表 6-3-35 ,D46.700,骨髓增生异常综合征，其他的
4272,表 6-3-35 ,D46.700x001,难治性血细胞减少伴单一系列病态造血
4273,表 6-3-35 ,D46.700x002,难治性中性粒细胞减少症
4274,表 6-3-35 ,D46.700x003,难治性血小板减少症
4275,表 6-3-35 ,D46.700x006,不能分型的骨髓异常增生综合征
4276,表 6-3-35 ,D46.700x007,儿童骨髓异常增生综合征
4277,表 6-3-35 ,D46.700x008,儿童难治性血细胞减少
4278,表 6-3-35 ,D46.900,骨髓增生异常综合征
4279,表 6-3-35 ,D46.900x002,骨髓增生异常性贫血
4280,表 6-3-35 ,D46.900x004,骨髓发育不良综合征
4281,表 6-3-35 ,D46.900x006,治疗相关性AML和MDS
4282,表 6-3-35 ,D46.901,白血病前期综合征
4283,表 6-3-35 ,D47.000,动态未定和动态未知的组织细胞和肥大细胞瘤
4284,表 6-3-35 ,D47.001,懒性系统性肥大细胞增多症
4285,表 6-3-35 ,D47.002,肥大细胞肿瘤，未特指
4286,表 6-3-35 ,D47.003,肥大细胞瘤，未特指
4287,表 6-3-35 ,D47.004,非肥大细胞系的造血系统增生疾病
4288,表 6-3-35 ,D47.100,慢性骨髓增生性疾病
4289,表 6-3-35 ,D47.100x004,慢性骨髓增殖性肿瘤
4290,表 6-3-35 ,D47.100x007,慢性骨髓增殖性疾病(不能分型)
4291,表 6-3-35 ,D47.100x008,骨髓增生异常性/骨髓增殖性肿瘤(不能分型)
4292,表 6-3-35 ,D47.100x009,唐氏综合征相关的骨髓增殖性疾病
4293,表 6-3-35 ,D47.100x017,慢性骨髓增殖性疾病伴缓解(不能分型)
4294,表 6-3-35 ,D47.100x018,骨髓增生异常性/骨髓增殖性肿瘤伴缓解(不能分型)
4295,表 6-3-35 ,D47.100x019,慢性中性粒细胞性白血病伴缓解
4296,表 6-3-35 ,D47.101,慢性中性粒细胞白血病
4297,表 6-3-35 ,D47.200,意义未明的单克隆丙种球蛋白病
4298,表 6-3-35 ,D47.200x003,单克隆免疫球蛋白沉积病
4299,表 6-3-35 ,D47.200x004+G63.1*,副蛋白血症相关神经病
4300,表 6-3-35 ,D47.200x005+G63.1*,神经病伴副蛋白血症
4301,表 6-3-35 ,D47.300,特发性(出血性)血小板增多症
4302,表 6-3-35 ,D47.400,骨髓纤维瘤
4303,表 6-3-35 ,D47.401,慢性原发性(特发性)骨髓纤维化
4304,表 6-3-35 ,D47.402,（特发性）（髓样化生性）骨髓纤维化
4305,表 6-3-35 ,D47.403,（巨核细胞性）骨髓硬化伴有髓样化生的
4306,表 6-3-35 ,D47.404,继发性骨髓纤维化骨髓增殖性疾病
4307,表 6-3-35 ,D47.500,慢性嗜酸性粒细胞白血病
4308,表 6-3-35 ,D47.700,淋巴、造血和有关组织其他特指的动态未定或动态未知的肿瘤
4309,表 6-3-35 ,D47.700x005,B淋巴细胞克隆性疾病
4310,表 6-3-35 ,D47.700x006,原发性系统性淀粉样变性
4311,表 6-3-35 ,D47.700x007,Castleman病
4312,表 6-3-35 ,D47.700x008,儿童Castleman病
4313,表 6-3-35 ,D47.700x009,局限性Castleman病
4314,表 6-3-35 ,D47.700x010,多中心性Castleman病
4315,表 6-3-35 ,D47.700x011,血管滤泡性淋巴细胞增生病
4316,表 6-3-35 ,D47.701,血管中心性免疫增生性损害
4317,表 6-3-35 ,D47.702,血管免疫母细胞淋巴结病
4318,表 6-3-35 ,D47.703,T-γ淋巴组织增生性疾病
4319,表 6-3-35 ,D47.900,淋巴、造血和有关组织的动态未定或动态未知的肿瘤
4320,表 6-3-35 ,D47.900x001,淋巴细胞增殖性疾病
4321,表 6-3-35 ,D47.900x002,移植后淋巴增殖性疾病
4322,表 6-3-35 ,D48.000x001,骨交界性肿瘤
4323,表 6-3-35 ,D48.000x004,上颌骨交界性肿瘤
4324,表 6-3-35 ,D48.000x028,髂骨交界性肿瘤
4325,表 6-3-35 ,D48.001,骨肿瘤
4326,表 6-3-35 ,D48.002,颅骨动态未定肿瘤
4327,表 6-3-35 ,D48.003,颅骨肿瘤
4328,表 6-3-35 ,D48.004,面骨动态未定肿瘤
4329,表 6-3-35 ,D48.005,面骨肿瘤
4330,表 6-3-35 ,D48.006,锁骨动态未定肿瘤
4331,表 6-3-35 ,D48.007,锁骨肿瘤
4332,表 6-3-35 ,D48.008,胸骨动态未定肿瘤
4333,表 6-3-35 ,D48.009,胸骨肿瘤
4334,表 6-3-35 ,D48.010,肋骨动态未定肿瘤
4335,表 6-3-35 ,D48.011,肋骨肿瘤
4336,表 6-3-35 ,D48.012,脊柱动态未定肿瘤
4337,表 6-3-35 ,D48.013,脊柱肿瘤
4338,表 6-3-35 ,D48.014,盆骨动态未定肿瘤
4339,表 6-3-35 ,D48.015,盆骨肿瘤
4340,表 6-3-35 ,D48.016,骶骨动态未定肿瘤
4341,表 6-3-35 ,D48.017,骶骨肿瘤
4342,表 6-3-35 ,D48.018,上肢骨动态未定肿瘤
4343,表 6-3-35 ,D48.019,上肢骨肿瘤
4344,表 6-3-35 ,D48.020,下肢骨动态未定肿瘤
4345,表 6-3-35 ,D48.021,下肢骨肿瘤
4346,表 6-3-35 ,D48.022,关节动态未定肿瘤
4347,表 6-3-35 ,D48.023,关节肿瘤
4348,表 6-3-35 ,D48.100x003,骶前结缔组织交界性肿瘤
4349,表 6-3-35 ,D48.100x006,滑膜交界性肿瘤
4350,表 6-3-35 ,D48.100x007,结缔组织交界性肿瘤
4351,表 6-3-35 ,D48.100x008,颈静脉交界性肿瘤
4352,表 6-3-35 ,D48.100x009,软组织交界性肿瘤
4353,表 6-3-35 ,D48.100x018,腹部结缔组织交界性肿瘤
4354,表 6-3-35 ,D48.100x020,盆腔结缔组织交界性肿瘤
4355,表 6-3-35 ,D48.100x021,背部结缔组织交界性肿瘤
4356,表 6-3-35 ,D48.100x023,脑血管交界性肿瘤
4357,表 6-3-35 ,D48.100x024,血管交界性肿瘤
4358,表 6-3-35 ,D48.100x025,肢端结缔组织交界性肿瘤
4359,表 6-3-35 ,D48.101,头部结缔组织动态未定肿瘤
4360,表 6-3-35 ,D48.102,头部结缔组织肿瘤
4361,表 6-3-35 ,D48.103,面结缔组织动态未定肿瘤
4362,表 6-3-35 ,D48.104,面结缔组织肿瘤
4363,表 6-3-35 ,D48.105,耳结缔组织动态未定肿瘤
4364,表 6-3-35 ,D48.106,耳结缔组织肿瘤
4365,表 6-3-35 ,D48.107,颈部结缔组织动态未定肿瘤
4366,表 6-3-35 ,D48.108,颈部结缔组织肿瘤
4367,表 6-3-35 ,D48.109,躯干结缔组织动态未定肿瘤
4368,表 6-3-35 ,D48.110,躯干结缔组织肿瘤
4369,表 6-3-35 ,D48.111,腋下结缔组织动态未定肿瘤
4370,表 6-3-35 ,D48.112,腋下结缔组织肿瘤
4371,表 6-3-35 ,D48.113,肩结缔组织动态未定肿瘤
4372,表 6-3-35 ,D48.114,肩结缔组织肿瘤
4373,表 6-3-35 ,D48.115,胸壁结缔组织动态未定肿瘤
4374,表 6-3-35 ,D48.116,胸壁结缔组织肿瘤
4375,表 6-3-35 ,D48.117,腹壁结缔组织动态未定肿瘤
4376,表 6-3-35 ,D48.118,腹壁结缔组织肿瘤
4377,表 6-3-35 ,D48.119,腰结缔组织动态未定肿瘤
4378,表 6-3-35 ,D48.120,腰结缔组织肿瘤
4379,表 6-3-35 ,D48.121,腹股沟结缔组织动态未定肿瘤
4380,表 6-3-35 ,D48.122,腹股沟结缔组织肿瘤
4381,表 6-3-35 ,D48.123,骶结缔组织动态未定肿瘤
4382,表 6-3-35 ,D48.124,骶结缔组织肿瘤
4383,表 6-3-35 ,D48.125,臀结缔组织动态未定肿瘤
4384,表 6-3-35 ,D48.126,臀结缔组织肿瘤
4385,表 6-3-35 ,D48.127,会阴结缔组织动态未定肿瘤
4386,表 6-3-35 ,D48.128,会阴结缔组织肿瘤
4387,表 6-3-35 ,D48.129,直肠阴道隔结缔组织动态未定肿瘤
4388,表 6-3-35 ,D48.130,直肠阴道隔结缔组织肿瘤
4389,表 6-3-35 ,D48.131,上肢结缔组织动态未定肿瘤
4390,表 6-3-35 ,D48.132,上肢结缔组织肿瘤
4391,表 6-3-35 ,D48.133,下肢结缔组织动态未定肿瘤
4392,表 6-3-35 ,D48.134,下肢结缔组织肿瘤
4393,表 6-3-35 ,D48.200x001,周围神经和自主神经系统交界性肿瘤
4394,表 6-3-35 ,D48.200x002,头周围神经和自主神经交界性肿瘤
4395,表 6-3-35 ,D48.200x003,面周围神经和自主神经交界性肿瘤
4396,表 6-3-35 ,D48.200x004,颈周围神经和自主神经交界性肿瘤
4397,表 6-3-35 ,D48.200x005,耳周围神经和自主神经交界性肿瘤
4398,表 6-3-35 ,D48.200x006,颞下窝周围神经和自主神经交界性肿瘤
4399,表 6-3-35 ,D48.200x007,翼腭窝周围神经和自主神经交界性肿瘤
4400,表 6-3-35 ,D48.200x008,咽旁间隙周围神经和自主神经交界性肿瘤
4401,表 6-3-35 ,D48.200x009,咽后间隙周围神经和自主神经交界性肿瘤
4402,表 6-3-35 ,D48.200x010,眼睑周围神经和自主神经交界性肿瘤
4403,表 6-3-35 ,D48.200x011,鼻周围神经和自主神经交界性肿瘤
4404,表 6-3-35 ,D48.200x012,上肢周围神经和自主神经交界性肿瘤
4405,表 6-3-35 ,D48.200x013,肩周围神经和自主神经交界性肿瘤
4406,表 6-3-35 ,D48.200x014,手周围神经和自主神经交界性肿瘤
4407,表 6-3-35 ,D48.200x015,腕周围神经和自主神经交界性肿瘤
4408,表 6-3-35 ,D48.200x016,臂神经交界性肿瘤
4409,表 6-3-35 ,D48.200x017,臂丛交界性肿瘤
4410,表 6-3-35 ,D48.200x018,正中神经交界性肿瘤
4411,表 6-3-35 ,D48.200x019,桡神经交界性肿瘤
4412,表 6-3-35 ,D48.200x020,尺神经交界性肿瘤
4413,表 6-3-35 ,D48.200x022,髋周围神经和自主神经交界性肿瘤
4414,表 6-3-35 ,D48.200x023,足周围神经和自主神经交界性肿瘤
4415,表 6-3-35 ,D48.200x024,髂周围神经和自主神经交界性肿瘤
4416,表 6-3-35 ,D48.200x025,踝周围神经和自主神经交界性肿瘤
4417,表 6-3-35 ,D48.200x026,股神经交界性肿瘤
4418,表 6-3-35 ,D48.200x027,闭孔神经交界性肿瘤
4419,表 6-3-35 ,D48.200x028,坐骨神经交界性肿瘤
4420,表 6-3-35 ,D48.200x029,胸周围神经和自主神经交界性肿瘤
4421,表 6-3-35 ,D48.200x030,腋周围神经和自主神经交界性肿瘤
4422,表 6-3-35 ,D48.200x031,膈周围神经和自主神经交界性肿瘤
4423,表 6-3-35 ,D48.200x032,肩胛区周围神经和自主神经交界性肿瘤
4424,表 6-3-35 ,D48.200x033,肋间神经交界性肿瘤
4425,表 6-3-35 ,D48.200x034,腹周围神经和自主神经交界性肿瘤
4426,表 6-3-35 ,D48.200x035,脐周围神经和自主神经交界性肿瘤
4427,表 6-3-35 ,D48.200x036,骨盆周围神经和自主神经交界性肿瘤
4428,表 6-3-35 ,D48.200x037,臀周围神经和自主神经交界性肿瘤
4429,表 6-3-35 ,D48.200x038,腹股沟周围神经和自主神经交界性肿瘤
4430,表 6-3-35 ,D48.200x039,会阴周围神经和自主神经交界性肿瘤
4431,表 6-3-35 ,D48.200x040,骶周围神经和自主神经交界性肿瘤
4432,表 6-3-35 ,D48.200x041,骶尾周围神经和自主神经交界性肿瘤
4433,表 6-3-35 ,D48.200x042,直肠膀胱隔周围神经和自主神经交界性肿瘤
4434,表 6-3-35 ,D48.200x043,直肠阴道隔周围神经和自主神经交界性肿瘤
4435,表 6-3-35 ,D48.200x044,直肠周围周围神经和自主神经交界性肿瘤
4436,表 6-3-35 ,D48.200x045,坐骨直肠窝周围神经和自主神经交界性肿瘤
4437,表 6-3-35 ,D48.200x046,盆腔周围神经和自主神经交界性肿瘤
4438,表 6-3-35 ,D48.200x047,腰骶丛交界性肿瘤
4439,表 6-3-35 ,D48.200x048,骶神经交界性肿瘤
4440,表 6-3-35 ,D48.200x049,骶丛交界性肿瘤
4441,表 6-3-35 ,D48.200x051,背周围神经和自主神经交界性肿瘤
4442,表 6-3-35 ,D48.200x052,腰周围神经和自主神经交界性肿瘤
4443,表 6-3-35 ,D48.200x053,腰神经交界性肿瘤
4444,表 6-3-35 ,D48.201,周围神经肿瘤
4445,表 6-3-35 ,D48.202,自主神经肿瘤
4446,表 6-3-35 ,D48.203,头颈部周围神经动态未定肿瘤
4447,表 6-3-35 ,D48.204,头颈部周围神经肿瘤
4448,表 6-3-35 ,D48.205,头颈部自主神经动态未定肿瘤
4449,表 6-3-35 ,D48.206,头颈部自主神经肿瘤
4450,表 6-3-35 ,D48.207,躯干周围神经动态未定肿瘤
4451,表 6-3-35 ,D48.208,躯干周围神经肿瘤
4452,表 6-3-35 ,D48.209,躯干自主神经动态未定肿瘤
4453,表 6-3-35 ,D48.210,躯干自主神经肿瘤
4454,表 6-3-35 ,D48.211,上肢周围神经动态未定肿瘤
4455,表 6-3-35 ,D48.212,上肢周围神经肿瘤
4456,表 6-3-35 ,D48.213,上肢自主神经动态未定肿瘤
4457,表 6-3-35 ,D48.214,上肢自主神经肿瘤
4458,表 6-3-35 ,D48.215,下肢周围神经动态未定肿瘤
4459,表 6-3-35 ,D48.216,下肢周围神经肿瘤
4460,表 6-3-35 ,D48.217,下肢自主神经动态未定肿瘤
4461,表 6-3-35 ,D48.218,下肢自主神经肿瘤
4462,表 6-3-35 ,D48.300x001,腹膜后交界性肿瘤
4463,表 6-3-35 ,D48.301,腹膜后肿瘤
4464,表 6-3-35 ,D48.400x002,腹膜交界性肿瘤
4465,表 6-3-35 ,D48.400x003,直肠子宫陷凹交界性肿瘤
4466,表 6-3-35 ,D48.401,腹膜肿瘤
4467,表 6-3-35 ,D48.402,肠系膜动态未定肿瘤
4468,表 6-3-35 ,D48.403,肠系膜肿瘤
4469,表 6-3-35 ,D48.500x002,鼻部皮肤交界性肿瘤
4470,表 6-3-35 ,D48.500x003,臀部皮肤交界性肿瘤
4471,表 6-3-35 ,D48.500x004,耳部皮肤交界性肿瘤
4472,表 6-3-35 ,D48.500x005,皮肤交界性肿瘤
4473,表 6-3-35 ,D48.500x006,躯干皮肤交界性肿瘤
4474,表 6-3-35 ,D48.500x007,眼睑交界性肿瘤
4475,表 6-3-35 ,D48.500x008,头皮交界性肿瘤
4476,表 6-3-35 ,D48.500x009,面部皮肤交界性肿瘤
4477,表 6-3-35 ,D48.500x010,手部皮肤交界性肿瘤
4478,表 6-3-35 ,D48.500x011,肢体皮肤交界性肿瘤
4479,表 6-3-35 ,D48.500x012,毛囊漏斗部交界性肿瘤
4480,表 6-3-35 ,D48.500x014,耵聍腺交界性肿瘤
4481,表 6-3-35 ,D48.501,皮肤肿瘤
4482,表 6-3-35 ,D48.502,头颈部皮肤动态未定肿瘤
4483,表 6-3-35 ,D48.503,头颈部皮肤肿瘤
4484,表 6-3-35 ,D48.504,躯干皮肤动态未定肿瘤
4485,表 6-3-35 ,D48.505,躯干皮肤肿瘤
4486,表 6-3-35 ,D48.506,乳房皮肤动态未定肿瘤
4487,表 6-3-35 ,D48.507,乳房皮肤肿瘤
4488,表 6-3-35 ,D48.508,肛门边缘动态未定肿瘤
4489,表 6-3-35 ,D48.509,肛门边缘肿瘤
4490,表 6-3-35 ,D48.510,肛门皮肤动态未定肿瘤
4491,表 6-3-35 ,D48.511,肛门皮肤肿瘤
4492,表 6-3-35 ,D48.512,肛周皮肤动态未定肿瘤
4493,表 6-3-35 ,D48.513,肛周皮肤肿瘤
4494,表 6-3-35 ,D48.514,上肢皮肤动态未定肿瘤
4495,表 6-3-35 ,D48.515,上肢皮肤肿瘤
4496,表 6-3-35 ,D48.516,下肢皮肤动态未定肿瘤
4497,表 6-3-35 ,D48.517,下肢皮肤肿瘤
4498,表 6-3-35 ,D48.518,鼻皮肤动态未定肿瘤
4499,表 6-3-35 ,D48.519,耳皮肤动态未定肿瘤
4500,表 6-3-35 ,D48.600x001,乳房交界性肿瘤
4501,表 6-3-35 ,D48.601,乳腺肿瘤
4502,表 6-3-35 ,D48.700x001,背部交界性肿瘤
4503,表 6-3-35 ,D48.700x004,腹部交界性肿瘤
4504,表 6-3-35 ,D48.700x005,腹股沟交界性肿瘤
4505,表 6-3-35 ,D48.700x007,颊部交界性肿瘤
4506,表 6-3-35 ,D48.700x010,肢端交界性肿瘤
4507,表 6-3-35 ,D48.700x013,手部交界性肿瘤
4508,表 6-3-35 ,D48.700x015,臀部交界性肿瘤
4509,表 6-3-35 ,D48.700x016,腕部交界性肿瘤
4510,表 6-3-35 ,D48.700x019,胸部交界性肿瘤
4511,表 6-3-35 ,D48.700x021,眶交界性肿瘤
4512,表 6-3-35 ,D48.700x023,腋下交界性肿瘤
4513,表 6-3-35 ,D48.700x025,面部交界性肿瘤
4514,表 6-3-35 ,D48.700x026,颅眶沟通交界性肿瘤
4515,表 6-3-35 ,D48.700x027,颅鼻眶沟通交界性肿瘤
4516,表 6-3-35 ,D48.701,头颈部动态未定肿瘤
4517,表 6-3-35 ,D48.702,头颈部肿瘤
4518,表 6-3-35 ,D48.703,眼动态未定肿瘤
4519,表 6-3-35 ,D48.704,眼肿瘤
4520,表 6-3-35 ,D48.705,眶周围神经动态未定肿瘤
4521,表 6-3-35 ,D48.706,眶周围神经肿瘤
4522,表 6-3-35 ,D48.707,躯干动态未定肿瘤
4523,表 6-3-35 ,D48.708,躯干肿瘤
4524,表 6-3-35 ,D48.709,胸腔动态未定肿瘤
4525,表 6-3-35 ,D48.710,胸腔肿瘤
4526,表 6-3-35 ,D48.711,心脏动态未定肿瘤
4527,表 6-3-35 ,D48.712,心脏肿瘤
4528,表 6-3-35 ,D48.713,腹腔动态未定肿瘤
4529,表 6-3-35 ,D48.714,腹腔肿瘤
4530,表 6-3-35 ,D48.715,盆腔动态未定肿瘤
4531,表 6-3-35 ,D48.716,盆腔肿瘤
4532,表 6-3-35 ,D48.717,上肢动态未定肿瘤
4533,表 6-3-35 ,D48.718,上肢肿瘤
4534,表 6-3-35 ,D48.719,下肢动态未定肿瘤
4535,表 6-3-35 ,D48.720,下肢肿瘤
4536,表 6-3-35 ,D48.721,骶动态未定或动态未知肿瘤
4537,表 6-3-35 ,D48.722,背动态未定肿瘤
4538,表 6-3-35 ,D48.723,臀动态未定肿瘤
4539,表 6-3-35 ,D48.724,手动态未定肿瘤
4540,表 6-3-35 ,D48.725,腋动态未定肿瘤
4541,表 6-3-35 ,D48.900,动态未定或动态未知的肿瘤
4542,表 6-3-35 ,D48.900x004+G94.1*,肿瘤引起的脑积水
4543,表 6-3-35 ,D48.900x005+M90.6*,肿瘤引起的变形性骨炎
4544,表 6-3-35 ,D48.900x010+G05.8*,副肿瘤相关性边缘叶脑炎
4545,表 6-3-35 ,D48.900x011+G63.1*,副肿瘤相关性周围神经病
4546,表 6-3-35 ,D48.900x012+G73.2*,副肿瘤综合征相关性肌无力综合征
4547,表 6-3-35 ,D48.900x013+M63.8*,肿瘤相关性肌炎
4548,表 6-3-35 ,D48.900x014+H36.8*,肿瘤相关性视网膜病
4549,表 6-3-35 ,D48.901,瘤
4550,表 6-3-35 ,D48.902,新生物
4551,表 6-3-35 ,D48.903+M90.7*,肿瘤性病理性骨折
4552,表 6-3-35 ,D48.904+M36.0*,肿瘤相关性皮肌炎
4553,表 6-3-35 ,D48.905+G13.1*,副肿瘤性小脑共济失调
4554,表 6-3-35 ,D48.906+D63.0*,肿瘤性贫血
4555,表 6-3-35 ,D48.907+G13.0*,神经系统副肿瘤综合征
4556,表 6-3-36 ,D50.000,继发于(慢性)失血的缺铁性贫血
4557,表 6-3-36 ,D50.001,慢性失血性贫血
4558,表 6-3-36 ,D50.100,缺铁性吞咽困难
4559,表 6-3-36 ,D50.101,普卢默-文森综合征
4560,表 6-3-36 ,D50.102,凯利-佩特森综合征
4561,表 6-3-36 ,D50.800x001,正细胞低色素性贫血
4562,表 6-3-36 ,D50.801,小细胞低色素性贫血
4563,表 6-3-36 ,D50.900,缺铁性贫血
4564,表 6-3-36 ,D50.901,低色素性贫血
4565,表 6-3-36 ,D51.000,内在因子缺乏引起的维生素B12缺乏性贫血
4566,表 6-3-36 ,D51.001,恶性贫血
4567,表 6-3-36 ,D51.002,亨特舌炎
4568,表 6-3-36 ,D51.003+G32.0*,内在因子缺乏引起维生素B12缺乏性贫血性脊髓后侧索硬化
4569,表 6-3-36 ,D51.100,选择性维生素B12吸收不良伴有蛋白尿引起的维生素B12缺乏性贫血
4570,表 6-3-36 ,D51.101,巨幼细胞遗传性贫血
4571,表 6-3-36 ,D51.102,伊梅斯隆德综合征
4572,表 6-3-36 ,D51.200,转钴胺素Ⅱ缺乏
4573,表 6-3-36 ,D51.200x001,转钴胺素Ⅱ缺乏性贫血
4574,表 6-3-36 ,D51.300,饮食性维生素B12缺乏性贫血，其他的
4575,表 6-3-36 ,D51.301,绝对素食者贫血
4576,表 6-3-36 ,D51.302+G32.0*,饮食性维生素B12缺乏性贫血性脊髓后侧索硬化
4577,表 6-3-36 ,D51.800,维生素B12缺乏性贫血，其他的
4578,表 6-3-36 ,D51.900,维生素B12缺乏性贫血
4579,表 6-3-36 ,D51.901+G32.0*,维生素B12缺乏性贫血性脊髓后侧索硬化
4580,表 6-3-36 ,D52.000x001,营养性大细胞性贫血
4581,表 6-3-36 ,D52.000x003,饮食性叶酸缺乏性贫血
4582,表 6-3-36 ,D52.001,营养性巨幼细胞性贫血
4583,表 6-3-36 ,D52.100,药物性叶酸盐缺乏性贫血
4584,表 6-3-36 ,D52.800,叶酸缺乏性贫血，其他的
4585,表 6-3-36 ,D52.900x001,叶酸缺乏性贫血
4586,表 6-3-36 ,D53.000,蛋白缺乏性贫血
4587,表 6-3-36 ,D53.001,乳清酸尿性贫血
4588,表 6-3-36 ,D53.002,氨基酸缺乏性贫血
4589,表 6-3-36 ,D53.100,巨幼细胞性贫血，其他的，不可归类在他处者
4590,表 6-3-36 ,D53.200,维生素C缺乏性贫血
4591,表 6-3-36 ,D53.801,缺铜性贫血
4592,表 6-3-36 ,D53.802,缺锌性贫血
4593,表 6-3-36 ,D53.803,缺钼性贫血
4594,表 6-3-36 ,D53.804,维生素D缺乏性贫血
4595,表 6-3-36 ,D53.900,营养性贫血
4596,表 6-3-36 ,D53.901,慢性单纯性贫血
4597,表 6-3-37 ,D55.000,葡萄糖6-磷酸脱氢酶[G6PD]缺乏性贫血
4598,表 6-3-37 ,D55.001,蚕豆病
4599,表 6-3-37 ,D55.100x001,谷胱甘肽代谢紊乱性贫血
4600,表 6-3-37 ,D55.100x003,已糖磷酸盐酶缺乏性贫血
4601,表 6-3-37 ,D55.101,遗传性非球形细胞性溶血性贫血Ⅰ型
4602,表 6-3-37 ,D55.200,糖酵解酶代谢紊乱性贫血
4603,表 6-3-37 ,D55.201,遗传性非球形细胞性溶血性贫血Ⅱ型
4604,表 6-3-37 ,D55.202,己糖激酶缺乏性贫血
4605,表 6-3-37 ,D55.203,磷酸丙糖异构酶缺乏性贫血
4606,表 6-3-37 ,D55.204,丙酮酸激酶缺乏性贫血
4607,表 6-3-37 ,D55.300,核苷酸代谢紊乱性贫血
4608,表 6-3-37 ,D55.800,酶代谢紊乱性贫血，其他的
4609,表 6-3-37 ,D55.900,酶代谢紊乱性贫血
4610,表 6-3-37 ,D56.000,α型地中海贫血
4611,表 6-3-37 ,D56.100,β型地中海贫血
4612,表 6-3-37 ,D56.100x001,库利贫血
4613,表 6-3-37 ,D56.100x003,重型β型地中海贫血
4614,表 6-3-37 ,D56.101,中间型地中海贫血
4615,表 6-3-37 ,D56.102,重型地中海贫血
4616,表 6-3-37 ,D56.200,δ-β型地中海贫血
4617,表 6-3-37 ,D56.300,地中海贫血特性
4618,表 6-3-37 ,D56.301,(β型)地中海贫血轻型
4619,表 6-3-37 ,D56.400,遗传性胎儿血红蛋白持续增多症[HPFH]
4620,表 6-3-37 ,D56.800,地中海贫血，其他的
4621,表 6-3-37 ,D56.900,地中海贫血
4622,表 6-3-37 ,D56.901,混合型地中海贫血
4623,表 6-3-37 ,D57.000x001,镰状细胞性贫血伴危象
4624,表 6-3-37 ,D57.001,血红蛋白-SS病伴危象
4625,表 6-3-37 ,D57.100,镰状细胞性贫血不伴有危象
4626,表 6-3-37 ,D57.100x003,镰状细胞疾病
4627,表 6-3-37 ,D57.200,双杂合镰状细胞形成疾患
4628,表 6-3-37 ,D57.200x001,双杂合镰状细胞β型地中海贫血
4629,表 6-3-37 ,D57.201,血红蛋白-SC病
4630,表 6-3-37 ,D57.202,血红蛋白-SD病
4631,表 6-3-37 ,D57.203,血红蛋白-SE病
4632,表 6-3-37 ,D57.204,镰状细胞地中海贫血
4633,表 6-3-37 ,D57.300,镰状细胞特性
4634,表 6-3-37 ,D57.301,杂合血红蛋白S病
4635,表 6-3-37 ,D57.302,血红蛋白S病
4636,表 6-3-37 ,D57.800,镰状细胞疾患，其他的
4637,表 6-3-37 ,D58.000,遗传性球形红细胞增多症
4638,表 6-3-37 ,D58.000x001,先天性球形红细胞血性黄疸
4639,表 6-3-37 ,D58.000x003,家族性无胆色素尿性黄疸
4640,表 6-3-37 ,D58.001,先天性溶血性贫血
4641,表 6-3-37 ,D58.002,明科夫斯基-消法尔综合征
4642,表 6-3-37 ,D58.003,无胆色素尿性黄疸
4643,表 6-3-37 ,D58.100,遗传性椭圆形红细胞增多症
4644,表 6-3-37 ,D58.100x002,先天性椭圆形红细胞增多症
4645,表 6-3-37 ,D58.100x004,遗传性卵形红细胞症
4646,表 6-3-37 ,D58.101,先天性卵形红细胞症
4647,表 6-3-37 ,D58.200x002,异常的血红蛋白
4648,表 6-3-37 ,D58.200x004,血红蛋白病
4649,表 6-3-37 ,D58.200x006,不稳定血红蛋白溶血病
4650,表 6-3-37 ,D58.201,血红蛋白-C病
4651,表 6-3-37 ,D58.202,血红蛋白-D病
4652,表 6-3-37 ,D58.203,血红蛋白-E病
4653,表 6-3-37 ,D58.204,先天性海因茨小体性贫血
4654,表 6-3-37 ,D58.205,血红蛋白增高
4655,表 6-3-37 ,D58.206,不稳定血红蛋白病
4656,表 6-3-37 ,D58.800,遗传性溶血性贫血，其他特指的
4657,表 6-3-37 ,D58.800x001,口形红细胞增多
4658,表 6-3-37 ,D58.801,遗传性口形红细胞增多
4659,表 6-3-37 ,D58.900,遗传性溶血性贫血
4660,表 6-3-37 ,D58.901,溶血性贫血
4661,表 6-3-37 ,D59.000,药物性自身免疫性溶血性贫血
4662,表 6-3-37 ,D59.100x002,慢性冷性血细胞凝集素病
4663,表 6-3-37 ,D59.100x005,冷凝集素性血红蛋白尿
4664,表 6-3-37 ,D59.101,自身免疫性溶血性贫血
4665,表 6-3-37 ,D59.102,冷抗体型自身免疫性溶血性贫血
4666,表 6-3-37 ,D59.103,温抗体型自身免疫性溶血性贫血
4667,表 6-3-37 ,D59.104,继发性冷性溶血性贫血
4668,表 6-3-37 ,D59.105,冷凝集素病
4669,表 6-3-37 ,D59.200,药物性非自身免疫性溶血性贫血
4670,表 6-3-37 ,D59.201,药物性酶缺乏性贫血
4671,表 6-3-37 ,D59.300x001,溶血-尿毒综合征
4672,表 6-3-37 ,D59.301,非典型溶血性尿毒症
4673,表 6-3-37 ,D59.400x001,非自身免疫性溶血性贫血
4674,表 6-3-37 ,D59.400x002,感染性溶血性贫血
4675,表 6-3-37 ,D59.401,继发性溶血性贫血
4676,表 6-3-37 ,D59.402,传染性溶血性贫血
4677,表 6-3-37 ,D59.403,微血管病性溶血性贫血
4678,表 6-3-37 ,D59.404,机械性溶血性贫血
4679,表 6-3-37 ,D59.500,阵发性夜间血红蛋白尿［马尔基亚法瓦-米凯利］
4680,表 6-3-37 ,D59.500x001,阵发性睡眠性血红蛋白尿
4681,表 6-3-37 ,D59.501,阵发性夜间性血红蛋白尿伴再生障碍性贫血
4682,表 6-3-37 ,D59.600,血红蛋白尿，其他外因性溶血症引起的
4683,表 6-3-37 ,D59.600x004,外因性溶血性血红蛋白尿
4684,表 6-3-37 ,D59.601,劳力性血红蛋白尿
4685,表 6-3-37 ,D59.602,行军性血红蛋白尿
4686,表 6-3-37 ,D59.603,阵发性冷性血红蛋白尿
4687,表 6-3-37 ,D59.604,血红蛋白尿伴溶血性贫血
4688,表 6-3-37 ,D59.800,后天性溶血性贫血，其他的
4689,表 6-3-37 ,D59.900,后天性溶血性贫血
4690,表 6-3-37 ,D59.901,急性溶血性贫血
4691,表 6-3-37 ,D59.902,溶血性黄疸
4692,表 6-3-37 ,D59.903,慢性特发性溶血性贫血
4693,表 6-3-38 ,D60.000x001,慢性后天性纯红细胞再生障碍性贫血
4694,表 6-3-38 ,D60.100x001,短暂后天性纯红细胞再生障碍性贫血
4695,表 6-3-38 ,D60.800,后天性纯红细胞再生障碍，其他的
4696,表 6-3-38 ,D60.900x001,纯红细胞再生障碍性贫血
4697,表 6-3-38 ,D61.000,体质性再生障碍性贫血
4698,表 6-3-38 ,D61.000x006,全血细胞减少症伴畸形
4699,表 6-3-38 ,D61.001,先天性纯红细胞再生障碍性贫血
4700,表 6-3-38 ,D61.002,婴儿纯红细胞再生障碍性贫血
4701,表 6-3-38 ,D61.003,原发性纯红细胞再生障碍性贫血
4702,表 6-3-38 ,D61.004,布拉克凡-戴蒙德综合征
4703,表 6-3-38 ,D61.005,家族性再生不良性贫血
4704,表 6-3-38 ,D61.006,先天性再生障碍性贫血
4705,表 6-3-38 ,D61.007,范科尼贫血
4706,表 6-3-38 ,D61.101,化疗后骨髓抑制
4707,表 6-3-38 ,D61.102,药物性骨髓抑制
4708,表 6-3-38 ,D61.200x002,外因性再生障碍性贫血
4709,表 6-3-38 ,D61.201,中毒性贫血
4710,表 6-3-38 ,D61.202,放疗后骨髓抑制
4711,表 6-3-38 ,D61.300,特发性再生障碍性贫血
4712,表 6-3-38 ,D61.800x002,肝炎相关重型再生障碍性贫血
4713,表 6-3-38 ,D61.801,肝炎后再生障碍性贫血
4714,表 6-3-38 ,D61.802,继发性再生障碍性贫血
4715,表 6-3-38 ,D61.900,再生障碍性贫血
4716,表 6-3-38 ,D61.900x001,骨髓抑制
4717,表 6-3-38 ,D61.901,骨髓抑制性贫血
4718,表 6-3-38 ,D61.902,慢性再生障碍性贫血
4719,表 6-3-38 ,D61.903,全血细胞减少
4720,表 6-3-38 ,D61.904,增生低下性贫血
4721,表 6-3-38 ,D61.905,重度再生障碍性贫血
4722,表 6-3-38 ,D61.906,急性骨髓造血功能抑制
4723,表 6-3-38 ,D61.907,全骨髓病
4724,表 6-3-38 ,D61.908,髓性再生不良
4725,表 6-3-38 ,D61.909,急性再生障碍性贫血
4726,表 6-3-38 ,D62.x00,急性出血后贫血
4727,表 6-3-38 ,D64.000,遗传性铁粒幼细胞贫血
4728,表 6-3-38 ,D64.001,性连锁遗传低色素铁粒幼细胞贫血
4729,表 6-3-38 ,D64.100,由疾病引起的继发性铁粒幼细胞贫血
4730,表 6-3-38 ,D64.200,由药物和中毒引起的继发性铁粒幼细胞贫血
4731,表 6-3-38 ,D64.300,铁粒幼细胞贫血，其他的
4732,表 6-3-38 ,D64.300x002,吡哆醇有效性铁粒幼红细胞贫血
4733,表 6-3-38 ,D64.400x001,先天性造血不良性贫血
4734,表 6-3-38 ,D64.401,造血不良性贫血
4735,表 6-3-38 ,D64.800x002,多红细胞的高粘稠综合征
4736,表 6-3-38 ,D64.801,婴儿假白血病性贫血
4737,表 6-3-38 ,D64.802,混合性贫血
4738,表 6-3-38 ,D64.803,幼白红细胞贫血
4739,表 6-3-38 ,D64.900,贫血
4740,表 6-3-38 ,D64.900x006,婴儿贫血
4741,表 6-3-38 ,D64.900x007,感染性贫血
4742,表 6-3-38 ,D64.901,轻度贫血
4743,表 6-3-38 ,D64.902,中度贫血
4744,表 6-3-38 ,D64.903,重度贫血
4745,表 6-3-38 ,D64.904,继发性贫血
4746,表 6-3-39 ,D65.x00x001,弥散性血管内凝血
4747,表 6-3-39 ,D65.x00x003,坏疽性紫癜
4748,表 6-3-39 ,D65.x00x005,消耗性凝血障碍
4749,表 6-3-39 ,D65.x01,后天性纤维蛋白原缺乏血症
4750,表 6-3-39 ,D65.x02,后天性纤维蛋白溶解性出血
4751,表 6-3-39 ,D65.x03,纤维蛋白溶解性紫癜
4752,表 6-3-39 ,D65.x04,暴发性紫癜
4753,表 6-3-39 ,D66.x00x001,获得性血友病
4754,表 6-3-39 ,D66.x01,血友病A型
4755,表 6-3-39 ,D66.x02,血友病
4756,表 6-3-39 ,D66.x03+M36.2*,血友病性关节炎
4757,表 6-3-39 ,D67.x00x003,克里斯马斯病
4758,表 6-3-39 ,D67.x01,血友病B型
4759,表 6-3-39 ,D68.000,冯·维勒布兰德病
4760,表 6-3-39 ,D68.000x001,血管性血友病
4761,表 6-3-39 ,D68.000x002,因子Ⅷ缺乏伴血管缺陷
4762,表 6-3-39 ,D68.001,获得性血管性血友病
4763,表 6-3-39 ,D68.100x001,血浆凝血致活酶前质缺乏
4764,表 6-3-39 ,D68.101,血友病C型
4765,表 6-3-39 ,D68.200x001,凝血酶原缺乏
4766,表 6-3-39 ,D68.200x005,先天性纤维蛋白原缺乏血症
4767,表 6-3-39 ,D68.200x006,AC球蛋白缺乏
4768,表 6-3-39 ,D68.200x007,低前转变素血症
4769,表 6-3-39 ,D68.200x008,奥夫伦病
4770,表 6-3-39 ,D68.200x009,前加速因子缺乏
4771,表 6-3-39 ,D68.200x010,先天性异常纤维蛋白原血症
4772,表 6-3-39 ,D68.201,纤维蛋白原缺乏血症
4773,表 6-3-39 ,D68.202,凝血因子Ⅰ缺乏症
4774,表 6-3-39 ,D68.203,凝血因子Ⅱ缺乏症
4775,表 6-3-39 ,D68.204,凝血因子Ⅴ缺乏症
4776,表 6-3-39 ,D68.205,凝血因子Ⅶ缺乏症
4777,表 6-3-39 ,D68.206,凝血因子Ⅹ缺乏症
4778,表 6-3-39 ,D68.207,凝血因子Ⅻ缺乏症
4779,表 6-3-39 ,D68.208,凝血因子XIII缺乏症
4780,表 6-3-39 ,D68.300,循环抗凝物引起的出血性疾患
4781,表 6-3-39 ,D68.300x001,因子Ⅷ抗体形成
4782,表 6-3-39 ,D68.300x003,血循环中抗凝物质存在
4783,表 6-3-39 ,D68.300x004,抗凝血酶增多
4784,表 6-3-39 ,D68.301,高肝素血症
4785,表 6-3-39 ,D68.302,抗凝血酶增多导致的出血症
4786,表 6-3-39 ,D68.303,长期使用抗凝剂引起的出血
4787,表 6-3-39 ,D68.400,后天性凝血因子缺乏
4788,表 6-3-39 ,D68.400x002,获得性维生素K依赖因子缺乏症
4789,表 6-3-39 ,D68.400x003,由于肝病引起的凝血因子缺乏
4790,表 6-3-39 ,D68.401,维生素K依赖因子缺乏症
4791,表 6-3-39 ,D68.402,自身免疫性凝血酶原减少
4792,表 6-3-39 ,D68.500,原发性血栓形成倾向
4793,表 6-3-39 ,D68.501,抗活化蛋白C症
4794,表 6-3-39 ,D68.502,抗凝血酶原Ⅲ缺乏症
4795,表 6-3-39 ,D68.503,遗传性蛋白C缺陷症
4796,表 6-3-39 ,D68.504,遗传性蛋白S缺陷症
4797,表 6-3-39 ,D68.505,凝血酶原基因突变
4798,表 6-3-39 ,D68.600x003,高凝状态
4799,表 6-3-39 ,D68.601,抗心磷脂抗体综合征
4800,表 6-3-39 ,D68.602,易栓症
4801,表 6-3-39 ,D68.603,抗磷脂综合征
4802,表 6-3-39 ,D68.604,狼疮抗凝物质出现
4803,表 6-3-39 ,D68.605,抗磷脂抗体综合征
4804,表 6-3-39 ,D68.801,凝血因子缺乏
4805,表 6-3-39 ,D68.900x003,凝血功能异常
4806,表 6-3-39 ,D68.900x005,高纤维蛋白原血症
4807,表 6-3-39 ,D68.900x006,低纤维蛋白原血症
4808,表 6-3-39 ,D68.901,出血倾向
4809,表 6-3-39 ,D68.902,凝血障碍
4810,表 6-3-39 ,D68.903,凝血时间延长
4811,表 6-3-39 ,D69.000,变应性［过敏性］紫癜
4812,表 6-3-39 ,D69.000x007,恶性紫癜
4813,表 6-3-39 ,D69.000x008,感染性紫癜
4814,表 6-3-39 ,D69.000x010,神经性紫癜
4815,表 6-3-39 ,D69.000x011,细菌性紫癜
4816,表 6-3-39 ,D69.000x013,中毒性紫癜
4817,表 6-3-39 ,D69.001,皮肤型过敏性紫癜
4818,表 6-3-39 ,D69.002,关节型过敏性紫癜
4819,表 6-3-39 ,D69.003,风湿性紫癜
4820,表 6-3-39 ,D69.004,过敏性紫癜
4821,表 6-3-39 ,D69.005+N08.2*,肾型过敏性紫癜
4822,表 6-3-39 ,D69.006,混合型过敏性紫癜
4823,表 6-3-39 ,D69.007,血管性紫癜
4824,表 6-3-39 ,D69.008,变应性血管炎
4825,表 6-3-39 ,D69.009,腹型过敏性紫癜
4826,表 6-3-39 ,D69.010,亨诺克紫癜
4827,表 6-3-39 ,D69.100x001,血小板病
4828,表 6-3-39 ,D69.100x002,出血性血小板功能不全
4829,表 6-3-39 ,D69.100x003,贝尔纳德-苏利耶综合征[Bernard-Soulier综合征]
4830,表 6-3-39 ,D69.100x004,格兰茨曼病
4831,表 6-3-39 ,D69.101,血小板功能不全
4832,表 6-3-39 ,D69.102,巨大血小板综合征
4833,表 6-3-39 ,D69.103,灰色血小板综合征
4834,表 6-3-39 ,D69.200,非血小板减少性紫癜、其他的
4835,表 6-3-39 ,D69.200x003,精神性紫癜
4836,表 6-3-39 ,D69.200x005,湿疹样紫癜
4837,表 6-3-39 ,D69.200x006,糖皮质激素紫癜
4838,表 6-3-39 ,D69.200x007,血小板增多性紫癜
4839,表 6-3-39 ,D69.200x008,淤积性紫癜
4840,表 6-3-39 ,D69.201,单纯性紫癜
4841,表 6-3-39 ,D69.202,老年性紫癜
4842,表 6-3-39 ,D69.203,紫癜
4843,表 6-3-39 ,D69.300,特发性血小板减少性紫癜
4844,表 6-3-39 ,D69.301,出血性紫癜
4845,表 6-3-39 ,D69.302,埃文斯综合征
4846,表 6-3-39 ,D69.400,血小板减少，其他原发性的
4847,表 6-3-39 ,D69.400x001,巨核细胞再生不良
4848,表 6-3-39 ,D69.400x002,免疫性血小板减少
4849,表 6-3-39 ,D69.400x003,无巨核细胞性血小板减少
4850,表 6-3-39 ,D69.400x006,先天性巨核细胞增生不良
4851,表 6-3-39 ,D69.401,先天性血小板减少症
4852,表 6-3-39 ,D69.403,原发性血小板减少症
4853,表 6-3-39 ,D69.405,无巨核细胞性血小板减少性紫癜
4854,表 6-3-39 ,D69.406,血小板减少性紫癜
4855,表 6-3-39 ,D69.407,MYH9相关综合征
4856,表 6-3-39 ,D69.500,继发性血小板减少
4857,表 6-3-39 ,D69.500x003,症状性血小板减少性紫癜
4858,表 6-3-39 ,D69.501,继发性血小板减少性紫癜
4859,表 6-3-39 ,D69.502,药物性血小板减少症
4860,表 6-3-39 ,D69.503,药物性血小板减少性紫癜
4861,表 6-3-39 ,D69.504,获得性巨细胞性血小板减少症
4862,表 6-3-39 ,D69.600,血小板减少
4863,表 6-3-39 ,D69.800,出血性情况，其他特指的
4864,表 6-3-39 ,D69.800x002,血管性假血友病
4865,表 6-3-39 ,D69.801,卡-梅综合征
4866,表 6-3-39 ,D69.802,毛细血管脆弱
4867,表 6-3-39 ,D69.900,出血性情况
4868,表 6-3-40 ,D70.x00,粒细胞缺乏
4869,表 6-3-40 ,D70.x00x001,周期性中性粒细胞减少症
4870,表 6-3-40 ,D70.x00x003,药物性中性粒细胞减少症
4871,表 6-3-40 ,D70.x00x004,脾性中性粒细胞减少症
4872,表 6-3-40 ,D70.x00x005,婴儿遗传性粒细胞缺乏
4873,表 6-3-40 ,D70.x00x008,粒细胞缺乏性咽峡炎
4874,表 6-3-40 ,D70.x00x010,先天性中性粒细胞减少症
4875,表 6-3-40 ,D70.x00x011,TAFRO综合征
4876,表 6-3-40 ,D70.x01,急性粒细胞缺乏症
4877,表 6-3-40 ,D70.x02,药物性粒细胞减少
4878,表 6-3-40 ,D70.x03,科斯特曼病
4879,表 6-3-40 ,D70.x04,白细胞减少
4880,表 6-3-40 ,D70.x05,中性粒细胞减少症
4881,表 6-3-40 ,D70.x06,中性粒细胞减少性脾肿大
4882,表 6-3-40 ,D70.x07,重症先天性粒细胞缺乏症
4883,表 6-3-40 ,D71.x00,多形核中性粒细胞的功能紊乱
4884,表 6-3-40 ,D71.x00x002,细胞膜受体复合体缺陷
4885,表 6-3-40 ,D71.x00x003,儿童期慢性肉芽肿病
4886,表 6-3-40 ,D71.x00x004,先天性吞噬细胞功能不良
4887,表 6-3-40 ,D71.x00x005,进行性脓毒性肉芽肿病
4888,表 6-3-40 ,D71.x01,慢性肉芽肿病
4889,表 6-3-40 ,D72.000,白细胞遗传性异常
4890,表 6-3-40 ,D72.001,佩尔格-许特综合征
4891,表 6-3-40 ,D72.100,嗜酸性粒细胞增多
4892,表 6-3-40 ,D72.101,反应性嗜酸性粒细胞增多症
4893,表 6-3-40 ,D72.102,特发性嗜酸性粒细胞增多症
4894,表 6-3-40 ,D72.104,遗传性嗜酸性粒细胞增多症
4895,表 6-3-40 ,D72.105,继发性嗜酸性粒细胞增多
4896,表 6-3-40 ,D72.800,白细胞的其他特指疾患
4897,表 6-3-40 ,D72.800x003,症状性单核细胞增多
4898,表 6-3-40 ,D72.801,浆细胞增多症
4899,表 6-3-40 ,D72.802,白细胞增多症
4900,表 6-3-40 ,D72.803,淋巴细胞减少症
4901,表 6-3-40 ,D72.804,淋巴细胞增多症
4902,表 6-3-40 ,D72.805,淋巴细胞性白血病样反应
4903,表 6-3-40 ,D72.806,类白血病反应
4904,表 6-3-40 ,D72.807,单核细胞增多症
4905,表 6-3-40 ,D72.808,症状性淋巴细胞增多
4906,表 6-3-40 ,D72.809,单核细胞性类白血病反应
4907,表 6-3-40 ,D72.900,白细胞疾患
4908,表 6-3-40 ,D73.000,脾功能减退症
4909,表 6-3-40 ,D73.001,脾萎缩
4910,表 6-3-40 ,D73.002,后天性脾缺失
4911,表 6-3-40 ,D73.100,脾功能亢进
4912,表 6-3-40 ,D73.200,慢性充血性脾大
4913,表 6-3-40 ,D73.300,脾脓肿
4914,表 6-3-40 ,D73.400,脾囊肿
4915,表 6-3-40 ,D73.500,脾梗死
4916,表 6-3-40 ,D73.501,非创伤性脾破裂
4917,表 6-3-40 ,D73.502,脾出血
4918,表 6-3-40 ,D73.503,脾坏死
4919,表 6-3-40 ,D73.504,脾静脉血栓形成
4920,表 6-3-40 ,D73.505,脾扭转
4921,表 6-3-40 ,D73.800x002,脾血肿机化
4922,表 6-3-40 ,D73.800x007,脾感染
4923,表 6-3-40 ,D73.800x010,脾钙化
4924,表 6-3-40 ,D73.800x011,脾瘘
4925,表 6-3-40 ,D73.801,脾浆细胞性肉芽肿
4926,表 6-3-40 ,D73.802,脾假性囊肿
4927,表 6-3-40 ,D73.803,脾周围炎
4928,表 6-3-40 ,D73.804,游走脾
4929,表 6-3-40 ,D73.805,脾炎性假瘤
4930,表 6-3-40 ,D73.807,脾纤维化
4931,表 6-3-40 ,D73.808,脾疝
4932,表 6-3-40 ,D73.900,脾疾病
4933,表 6-3-40 ,D73.901,脾肿物
4934,表 6-3-40 ,D74.000,先天性高铁血红蛋白血症
4935,表 6-3-40 ,D74.000x002,先天性NADH高铁血红蛋白还原酶缺乏
4936,表 6-3-40 ,D74.000x003,血红蛋白-M病
4937,表 6-3-40 ,D74.000x004,遗传性高铁血红蛋白血症
4938,表 6-3-40 ,D74.800x001,后天性高铁血红蛋白血症伴硫化血红蛋白血症
4939,表 6-3-40 ,D74.800x003,硫化血红蛋白血症
4940,表 6-3-40 ,D74.801,中毒性高铁血红蛋白血症
4941,表 6-3-40 ,D74.900,高铁血红蛋白血症
4942,表 6-3-40 ,D75.000,家族性红细胞增多症
4943,表 6-3-40 ,D75.000x002,良性红细胞增多症
4944,表 6-3-40 ,D75.100,继发性红细胞增多症
4945,表 6-3-40 ,D75.101,一过性红细胞增多症
4946,表 6-3-40 ,D75.102,后天性红细胞增多症
4947,表 6-3-40 ,D75.103,高原性红细胞增多症
4948,表 6-3-40 ,D75.104,应激性红细胞增多症
4949,表 6-3-40 ,D75.105,相对性红细胞增多症
4950,表 6-3-40 ,D75.106,红细胞增多症，未特指
4951,表 6-3-40 ,D75.107,红细胞生成素性红细胞增多症
4952,表 6-3-40 ,D75.108,血浆容量降低性红细胞增多症
4953,表 6-3-40 ,D75.109,情绪性红细胞增多症
4954,表 6-3-40 ,D75.110,血氧过低性红细胞增多症
4955,表 6-3-40 ,D75.111,肾源性红细胞增多症
4956,表 6-3-40 ,D75.800,血液和造血器官其他特指的疾病
4957,表 6-3-40 ,D75.800x003,感染后骨髓抑制
4958,表 6-3-40 ,D75.801,骨髓硬化
4959,表 6-3-40 ,D75.802,骨髓坏死
4960,表 6-3-40 ,D75.803,继发性骨髓纤维化
4961,表 6-3-40 ,D75.804,骨髓增生
4962,表 6-3-40 ,D75.805,继发性血小板增多症
4963,表 6-3-40 ,D75.806,嗜碱粒细胞增多症
4964,表 6-3-40 ,D75.807,红细胞生成障碍
4965,表 6-3-40 ,D75.809,急性造血功能抑制
4966,表 6-3-40 ,D75.901,造血功能停滞
4967,表 6-3-40 ,D75.902,骨髓增生减低
4968,表 6-3-40 ,D76.100x003,除朗格汉斯细胞外的单核吞噬细胞的组织细胞增多症
4969,表 6-3-40 ,D76.100x004,家族性噬血细胞淋巴组织细胞增生症
4970,表 6-3-40 ,D76.100x005,噬血细胞淋巴组织细胞增生症
4971,表 6-3-40 ,D76.101,噬血细胞综合征
4972,表 6-3-40 ,D76.102,家族性噬红细胞性网状细胞增多
4973,表 6-3-40 ,D76.200,噬红细胞综合征，与感染有关的
4974,表 6-3-40 ,D76.300,组织细胞增多综合征，其他的
4975,表 6-3-40 ,D76.301,黄色肉芽肿
4976,表 6-3-40 ,D76.302,网状组织细胞瘤
4977,表 6-3-40 ,D76.303,窦性组织细胞增生伴巨大淋巴结病
4978,表 6-3-40 ,D76.304,Erdheim-Chester病
4979,表 6-3-41 ,D80.000,遗传性低丙球蛋白血症
4980,表 6-3-41 ,D80.001,常染色体隐性无丙种球蛋白血症
4981,表 6-3-41 ,D80.002,X-连锁无丙球蛋白血症
4982,表 6-3-41 ,D80.100,非家族性低丙球蛋白血症
4983,表 6-3-41 ,D80.100x003,无丙球蛋白血症伴载有免疫球蛋白的B型淋巴细胞
4984,表 6-3-41 ,D80.101,低丙种球蛋白血症
4985,表 6-3-41 ,D80.102,普通易变型无丙球蛋白血症
4986,表 6-3-41 ,D80.200x001,lgA缺乏
4987,表 6-3-41 ,D80.300,免疫球蛋白G［IgG］亚类的选择性缺乏
4988,表 6-3-41 ,D80.400,免疫球蛋白M［IgM］的选择性缺乏
4989,表 6-3-41 ,D80.500,伴有免疫球蛋白M［IgM］增多的免疫缺陷
4990,表 6-3-41 ,D80.601,免疫缺陷伴高免疫球蛋白血症
4991,表 6-3-41 ,D80.700,婴儿期短暂性低丙球蛋白血症
4992,表 6-3-41 ,D80.800,抗体缺陷为主的其他免疫缺陷
4993,表 6-3-41 ,D80.800x001,κ轻链缺乏
4994,表 6-3-41 ,D80.900,抗体缺陷为主的免疫缺陷
4995,表 6-3-41 ,D80.900x002,体液免疫缺陷
4996,表 6-3-41 ,D80.901,免疫球蛋白缺乏
4997,表 6-3-41 ,D81.000,重症联合免疫缺陷［SCID］伴有网状组织发育不全
4998,表 6-3-41 ,D81.000x002,网状组织发育不全
4999,表 6-3-41 ,D81.100,重症联合免疫缺陷［SCID］伴有低数量的T和B细胞
5000,表 6-3-41 ,D81.200,重症联合免疫缺陷［SCID］伴有低或正常数量的B细胞
5001,表 6-3-41 ,D81.300,腺苷脱氨酶［ADA］缺乏
5002,表 6-3-41 ,D81.400,奈泽洛夫综合征
5003,表 6-3-41 ,D81.500,嘌呤核苷磷酸化酶［PNP］缺乏
5004,表 6-3-41 ,D81.600,主要组织相容性复合体一级缺乏
5005,表 6-3-41 ,D81.601,淋巴细胞稀少综合征
5006,表 6-3-41 ,D81.700,主要组织相容性复合体二级缺乏
5007,表 6-3-41 ,D81.800,联合免疫缺陷，其他的
5008,表 6-3-41 ,D81.801,生物素依赖羧化酶缺乏
5009,表 6-3-41 ,D81.802,全羧化酶合成酶缺乏症
5010,表 6-3-41 ,D81.803,生物素酶缺乏症
5011,表 6-3-41 ,D81.900,联合免疫缺陷
5012,表 6-3-41 ,D81.900x001,重症联合型免疫缺陷病
5013,表 6-3-41 ,D81.901,获得性联合免疫缺陷
5014,表 6-3-41 ,D82.000,威斯科特-奥尔德里奇综合征
5015,表 6-3-41 ,D82.100,迪格奥尔格综合征
5016,表 6-3-41 ,D82.200,免疫缺陷伴有短肢身材
5017,表 6-3-41 ,D82.300,EB病毒遗传缺陷反应后的免疫缺陷
5018,表 6-3-41 ,D82.300x002,EB病毒阳性T细胞淋巴增殖性疾病
5019,表 6-3-41 ,D82.301,X-连锁淋巴增生性疾病
5020,表 6-3-41 ,D82.400,高免疫球蛋白E［IgE］综合征
5021,表 6-3-41 ,D82.800,与其他特指的严重缺陷有关的免疫缺陷
5022,表 6-3-41 ,D82.800x001,Omenn综合征
5023,表 6-3-41 ,D82.900,与严重缺陷有关的免疫缺陷
5024,表 6-3-41 ,D83.000,常见变异型免疫缺陷伴有显著的B细胞数量和功能异常
5025,表 6-3-41 ,D83.100,常见变异型免疫缺陷伴有显著的免疫调节的T细胞疾患
5026,表 6-3-41 ,D83.200,常见变异型免疫缺陷伴有对B或T细胞的自身抗体
5027,表 6-3-41 ,D83.800,常见变异型免疫缺陷，其他的
5028,表 6-3-41 ,D83.900,常见变异型免疫缺陷
5029,表 6-3-41 ,D84.000,淋巴细胞功能抗原-1［LFA-1］缺陷
5030,表 6-3-41 ,D84.100,补体系统中的缺陷
5031,表 6-3-41 ,D84.100x002,遗传性血管神经性水肿
5032,表 6-3-41 ,D84.100x005,补体缺陷综合征
5033,表 6-3-41 ,D84.101,补体成分缺乏
5034,表 6-3-41 ,D84.102,补体1酯酶抑制剂［C1-INH］缺乏
5035,表 6-3-41 ,D84.103,遗传性血管水肿
5036,表 6-3-41 ,D84.800,免疫缺陷，其他特指的
5037,表 6-3-41 ,D84.800x001,细胞免疫缺陷
5038,表 6-3-41 ,D84.900,免疫缺陷
5039,表 6-3-41 ,D84.900x002,原发性免疫缺陷
5040,表 6-3-41 ,D84.900x003,重症免疫缺陷
5041,表 6-3-41 ,D86.000,肺结节病
5042,表 6-3-41 ,D86.100,淋巴结结节病
5043,表 6-3-41 ,D86.101,良性淋巴肉芽肿
5044,表 6-3-41 ,D86.200,肺结节病伴有淋巴结结节病
5045,表 6-3-41 ,D86.300,皮肤结节病
5046,表 6-3-41 ,D86.300x002,冻疮样狼疮型皮肤结节病
5047,表 6-3-41 ,D86.800x002+G53.2*,结节病性多发性脑神经麻痹
5048,表 6-3-41 ,D86.800x003+H22.1*,结节病性虹膜睫状体炎
5049,表 6-3-41 ,D86.800x005+I41.8*,结节病性心肌炎
5050,表 6-3-41 ,D86.800x006+M14.8*,结节病性关节病
5051,表 6-3-41 ,D86.800x007,BLAU综合征
5052,表 6-3-41 ,D86.801,眼眶结节病
5053,表 6-3-41 ,D86.802,眼色素层腮腺炎
5054,表 6-3-41 ,D86.803+M63.3*,结节病性肌炎
5055,表 6-3-41 ,D86.900,结节病
5056,表 6-3-41 ,D86.901,伯克结节病
5057,表 6-3-41 ,D89.000,多克隆高丙球蛋白血症
5058,表 6-3-41 ,D89.000x003,良性高丙球蛋白血症性紫癜
5059,表 6-3-41 ,D89.000x004,多克隆丙球蛋白病
5060,表 6-3-41 ,D89.001,高球蛋白血症性紫癜
5061,表 6-3-41 ,D89.002,多克隆免疫球蛋白增多症
5062,表 6-3-41 ,D89.100,冷球蛋白血症
5063,表 6-3-41 ,D89.100x001,冷球蛋白血症性血管炎
5064,表 6-3-41 ,D89.100x002,继发性冷球蛋白血症
5065,表 6-3-41 ,D89.100x003,冷球蛋白血症性紫癜
5066,表 6-3-41 ,D89.100x004,原发性冷球蛋白血症
5067,表 6-3-41 ,D89.100x005,混合性冷球蛋白血症
5068,表 6-3-41 ,D89.100x006,特发性冷球蛋白血症
5069,表 6-3-41 ,D89.100x007,自发性冷球蛋白血症
5070,表 6-3-41 ,D89.101+N08.2*,冷球蛋白血症性肾小球肾炎
5071,表 6-3-41 ,D89.200,高丙球蛋白血症
5072,表 6-3-41 ,D89.300,免疫重建综合征
5073,表 6-3-41 ,D89.301,免疫重建炎性综合症
5074,表 6-3-41 ,D89.800,涉及免疫机制其他特指的疾患，不可归类在他处者
5075,表 6-3-41 ,D89.800x002,γ-球蛋白增高
5076,表 6-3-41 ,D89.800x003,克罗-深濑综合征
5077,表 6-3-41 ,D89.801,POEMS综合征
5078,表 6-3-41 ,D89.900,涉及免疫机制的疾患
5079,表 6-3-42 ,E00.000,先天性碘缺乏综合征，神经病型
5080,表 6-3-42 ,E00.000x002,神经病型地方性呆小病
5081,表 6-3-42 ,E00.100,先天性碘缺乏综合征，黏液水肿型
5082,表 6-3-42 ,E00.100x002,粘液水肿型地方性呆小病
5083,表 6-3-42 ,E00.100x003,甲状腺功能减退型地方性呆小病
5084,表 6-3-42 ,E00.200,先天性碘缺乏综合征，混合型
5085,表 6-3-42 ,E00.200x002,混合型地方性呆小病
5086,表 6-3-42 ,E00.900,先天性碘缺乏综合征
5087,表 6-3-42 ,E00.900x002,先天性碘缺乏性甲状腺功能减退症
5088,表 6-3-42 ,E00.900x004,地方性克汀病
5089,表 6-3-42 ,E00.900x005,散发性克汀病
5090,表 6-3-42 ,E00.901,呆小病
5091,表 6-3-42 ,E01.000,碘缺乏相关性弥漫性(地方性)甲状腺肿
5092,表 6-3-42 ,E01.000x002,碘缺乏相关性弥漫性锁骨下甲状腺肿
5093,表 6-3-42 ,E01.000x003,碘缺乏相关性弥漫性胸骨后甲状腺肿
5094,表 6-3-42 ,E01.100,碘缺乏相关性多结节性(地方性)甲状腺肿
5095,表 6-3-42 ,E01.100x002,碘缺乏相关性多结节性胸骨后甲状腺肿
5096,表 6-3-42 ,E01.100x003,碘缺乏相关性结节性甲状腺肿
5097,表 6-3-42 ,E01.200,碘缺乏相关性(地方性)甲状腺肿
5098,表 6-3-42 ,E01.200x001,幼年期缺碘性甲状腺肿
5099,表 6-3-42 ,E01.201,地方性甲状腺肿
5100,表 6-3-42 ,E01.800x002,后天性碘缺乏性甲状腺功能减退症
5101,表 6-3-42 ,E01.801,碘性甲状腺功能减退
5102,表 6-3-42 ,E01.802+F02.8*,后天性甲状腺机能减退性痴呆
5103,表 6-3-42 ,E02.x00,临床症状不明显［亚临床］的碘缺乏性甲状腺功能减退症
5104,表 6-3-42 ,E03.000,先天性甲状腺功能减退症伴有弥漫性甲状腺肿
5105,表 6-3-42 ,E03.000x002,先天性非毒性甲状腺肿
5106,表 6-3-42 ,E03.000x004,先天性实质的甲状腺肿
5107,表 6-3-42 ,E03.001,先天性甲状腺肿
5108,表 6-3-42 ,E03.100,先天性甲状腺功能减退症不伴有甲状腺肿
5109,表 6-3-42 ,E03.100x001,先天性甲状腺萎缩
5110,表 6-3-42 ,E03.100x002,甲状腺发育不全伴粘液性水肿
5111,表 6-3-42 ,E03.100x004,先天性甲状腺功能不全
5112,表 6-3-42 ,E03.101,甲状腺发育不良
5113,表 6-3-42 ,E03.200x003,外源性物质引起的甲状腺功能减退症
5114,表 6-3-42 ,E03.201,药物性甲状腺功能减退症
5115,表 6-3-42 ,E03.202,医源性甲状腺功能减退症
5116,表 6-3-42 ,E03.300,感染后甲状腺功能减退症
5117,表 6-3-42 ,E03.400,甲状腺萎缩(后天性)
5118,表 6-3-42 ,E03.500,黏液性水肿昏迷
5119,表 6-3-42 ,E03.801,继发性甲状腺功能减退症
5120,表 6-3-42 ,E03.802,原发性甲状腺功能减退症
5121,表 6-3-42 ,E03.803+F02.8*,其他特指的后天性甲状腺机能减退性痴呆
5122,表 6-3-42 ,E03.900,甲状腺功能减退症
5123,表 6-3-42 ,E03.900x004+I43.8*,甲状腺功能减退性心脏病
5124,表 6-3-42 ,E03.900x005+M14.5*,甲状腺功能减退性关节炎
5125,表 6-3-42 ,E03.900x006,亚临床甲状腺功能减退
5126,表 6-3-42 ,E03.901,黏液性水肿
5127,表 6-3-42 ,E03.902+G73.5*,甲状腺功能减退性肌病
5128,表 6-3-42 ,E04.000,非毒性弥漫性甲状腺肿
5129,表 6-3-42 ,E04.001,单纯性甲状腺肿
5130,表 6-3-42 ,E04.100,非毒性单个甲状腺结节
5131,表 6-3-42 ,E04.100x005,非毒性单结节性甲状腺肿
5132,表 6-3-42 ,E04.101,甲状腺结节
5133,表 6-3-42 ,E04.102,甲状腺囊肿
5134,表 6-3-42 ,E04.103,胸骨后甲状腺囊肿
5135,表 6-3-42 ,E04.104,胶性结节甲状腺肿
5136,表 6-3-42 ,E04.200,非毒性多结节性甲状腺肿
5137,表 6-3-42 ,E04.200x001,囊性甲状腺肿
5138,表 6-3-42 ,E04.200x003,非毒性多个甲状腺结节
5139,表 6-3-42 ,E04.201,甲状腺肿伴囊性变
5140,表 6-3-42 ,E04.801,青春期甲状腺肿
5141,表 6-3-42 ,E04.900x001,甲状腺肿
5142,表 6-3-42 ,E04.900x006,甲状腺锥叶代偿性肿大
5143,表 6-3-42 ,E04.901,胸骨后甲状腺肿
5144,表 6-3-42 ,E04.902,结节性甲状腺肿
5145,表 6-3-42 ,E04.903,胸骨后结节性甲状腺肿
5146,表 6-3-42 ,E04.904,锁骨下甲状腺肿
5147,表 6-3-42 ,E05.000,甲状腺毒症伴有弥漫性甲状腺肿
5148,表 6-3-42 ,E05.001,弥漫性甲状腺肿伴甲状腺功能亢进症
5149,表 6-3-42 ,E05.002+H06.2*,甲状腺功能障碍性突眼
5150,表 6-3-42 ,E05.003,毒性弥漫性甲状腺肿
5151,表 6-3-42 ,E05.100,甲状腺毒症伴有毒性单个甲状腺结节
5152,表 6-3-42 ,E05.200,甲状腺毒症伴有毒性多结节性甲状腺肿
5153,表 6-3-42 ,E05.200x004,高功能腺瘤伴甲状腺功能亢进症
5154,表 6-3-42 ,E05.201,毒性结节性甲状腺肿
5155,表 6-3-42 ,E05.202,结节性甲状腺肿伴甲状腺功能亢进症
5156,表 6-3-42 ,E05.203,自主性高功能性甲状腺腺瘤伴甲状腺功能亢进症
5157,表 6-3-42 ,E05.300,来自异位甲状腺组织的甲状腺毒症
5158,表 6-3-42 ,E05.301,异位甲状腺肿
5159,表 6-3-42 ,E05.302,纵隔甲状腺肿
5160,表 6-3-42 ,E05.400,人为甲状腺毒症
5161,表 6-3-42 ,E05.400x001,医源性甲状腺功能亢进症
5162,表 6-3-42 ,E05.500,甲状腺危象
5163,表 6-3-42 ,E05.800x001,TSH依赖性甲状腺功能亢进症
5164,表 6-3-42 ,E05.800x005,亚临床甲状腺功能亢进
5165,表 6-3-42 ,E05.801,促甲状腺激素分泌过度
5166,表 6-3-42 ,E05.802,碘原性甲状腺功能亢进症
5167,表 6-3-42 ,E05.804,药物性甲状腺功能亢进症
5168,表 6-3-42 ,E05.805,原发性甲状腺功能亢进症
5169,表 6-3-42 ,E05.806,促甲状腺激素不适当分泌综合征
5170,表 6-3-42 ,E05.900x001,甲状腺功能亢进症
5171,表 6-3-42 ,E05.900x002+G73.0*,甲状腺功能亢进症合并周期性麻痹
5172,表 6-3-42 ,E05.900x004+I43.8*,甲状腺毒性心脏病
5173,表 6-3-42 ,E05.900x005+M14.5*,甲状腺毒症性关节病
5174,表 6-3-42 ,E05.900x007+G73.0*,甲亢性肌无力综合征
5175,表 6-3-42 ,E05.902+H58.8*,甲状腺毒症性眼病
5176,表 6-3-42 ,E05.903+I43.8*,甲状腺功能亢进性心脏病
5177,表 6-3-42 ,E05.904+G73.5*,甲状腺功能亢进性肌病
5178,表 6-3-42 ,E05.905,亚临床甲状腺功能亢进症
5179,表 6-3-42 ,E05.906,甲亢性皮肤病
5180,表 6-3-42 ,E06.000,急性甲状腺炎
5181,表 6-3-42 ,E06.000x003,化脓性甲状腺炎
5182,表 6-3-42 ,E06.001,急性化脓性甲状腺炎
5183,表 6-3-42 ,E06.002,甲状腺脓肿
5184,表 6-3-42 ,E06.100,亚急性甲状腺炎
5185,表 6-3-42 ,E06.100x001,亚急性肉芽肿性甲状腺炎
5186,表 6-3-42 ,E06.100x002,亚急性甲状腺炎[德奎尔万甲状腺炎]
5187,表 6-3-42 ,E06.100x003,亚急性巨细胞性甲状腺炎
5188,表 6-3-42 ,E06.100x004,亚急性非化脓性甲状腺炎
5189,表 6-3-42 ,E06.200,慢性甲状腺炎伴有短暂性甲状腺毒症
5190,表 6-3-42 ,E06.300,自身免疫性甲状腺炎
5191,表 6-3-42 ,E06.300x001,短暂性桥本甲状腺毒症
5192,表 6-3-42 ,E06.300x004,淋巴瘤性甲状腺肿
5193,表 6-3-42 ,E06.300x005,淋巴细胞性甲状腺炎
5194,表 6-3-42 ,E06.301,淋巴细胞性甲状腺肿
5195,表 6-3-42 ,E06.302+G94.8*,桥本脑病
5196,表 6-3-42 ,E06.303,淋巴瘤性甲状腺瘤
5197,表 6-3-42 ,E06.304,桥本甲状腺炎
5198,表 6-3-42 ,E06.400,药物性甲状腺炎
5199,表 6-3-42 ,E06.400x002,医源性甲状腺炎
5200,表 6-3-42 ,E06.500x001,慢性侵袭性甲状腺炎
5201,表 6-3-42 ,E06.500x002,慢性纤维性甲状腺炎
5202,表 6-3-42 ,E06.500x004,甲状腺炎性包块
5203,表 6-3-42 ,E06.501,里德尔甲状腺炎
5204,表 6-3-42 ,E06.502,慢性甲状腺炎
5205,表 6-3-42 ,E06.900,甲状腺炎
5206,表 6-3-42 ,E07.000,降钙素分泌过多
5207,表 6-3-42 ,E07.000x001,高降钙素血症
5208,表 6-3-42 ,E07.000x002,甲状腺降钙素分泌过多
5209,表 6-3-42 ,E07.001,甲状腺C细胞增生
5210,表 6-3-42 ,E07.100,激素生成障碍性甲状腺肿
5211,表 6-3-42 ,E07.100x002,彭德莱综合征[家族性呆小聋哑症]
5212,表 6-3-42 ,E07.100x003,家族性激素生成障碍性甲状腺肿
5213,表 6-3-42 ,E07.800x001,甲状腺出血
5214,表 6-3-42 ,E07.800x003,甲状腺功能正常的病态综合征
5215,表 6-3-42 ,E07.800x004,甲状腺激素不敏感综合征[T4抵抗综合征]
5216,表 6-3-42 ,E07.800x007,甲状腺结合球蛋白异常
5217,表 6-3-42 ,E07.800x009,甲状腺梗死
5218,表 6-3-42 ,E07.800x011,甲状腺不典型增生
5219,表 6-3-42 ,E07.801,甲状腺激素抵抗综合征
5220,表 6-3-42 ,E07.802,甲状腺钙化
5221,表 6-3-42 ,E07.803,甲状腺囊肿出血
5222,表 6-3-42 ,E07.804,低T3综合征
5223,表 6-3-42 ,E07.805,手术后甲状腺瘘
5224,表 6-3-42 ,E07.806,甲状腺病态综合征
5225,表 6-3-42 ,E07.901,甲状腺肿物
5226,表 6-3-43 ,E10.000,1型糖尿病伴有昏迷
5227,表 6-3-43 ,E10.000x001,1型糖尿病性高渗性高血糖状态昏迷
5228,表 6-3-43 ,E10.000x002,1型糖尿病性高血糖状态昏迷
5229,表 6-3-43 ,E10.000x005,1型糖尿病性乳酸性酸中毒并昏迷
5230,表 6-3-43 ,E10.000x006,1型糖尿病性酮症酸中毒和乳酸性酸中毒并昏迷
5231,表 6-3-43 ,E10.001,1型糖尿病性高渗性昏迷
5232,表 6-3-43 ,E10.002,1型糖尿病性低血糖昏迷
5233,表 6-3-43 ,E10.003,1型糖尿病性酮症酸中毒昏迷
5234,表 6-3-43 ,E10.100,1型糖尿病伴有酮症酸中毒
5235,表 6-3-43 ,E10.100x012,1型糖尿病性酮症
5236,表 6-3-43 ,E10.100x031,1型糖尿病性乳酸性酸中毒
5237,表 6-3-43 ,E10.100x051,1型糖尿病性酮症酸中毒和乳酸性酸中毒
5238,表 6-3-43 ,E10.100x061,成人晚发自身免疫性糖尿病酮症
5239,表 6-3-43 ,E10.101,1型糖尿病性酮症酸中毒
5240,表 6-3-43 ,E10.102,1型糖尿病性乳酸酸中毒
5241,表 6-3-43 ,E10.103,1型糖尿病酮症
5242,表 6-3-43 ,E10.200x011+N08.3*,1型糖尿病性前期肾病
5243,表 6-3-43 ,E10.200x012+N08.3*,1型糖尿病性前期肾小球肾病
5244,表 6-3-43 ,E10.200x013+N08.3*,1型糖尿病性前期基膜肥厚性肾小球肾病
5245,表 6-3-43 ,E10.200x014+N08.3*,1型糖尿病性前期肾小球系膜增殖性肾病
5246,表 6-3-43 ,E10.200x015+N08.3*,1型糖尿病性前期可逆的肾病
5247,表 6-3-43 ,E10.200x016+N08.3*,1型糖尿病性前期微白蛋白尿
5248,表 6-3-43 ,E10.200x017+N08.3*,1型糖尿病性前期持续性微白蛋白尿
5249,表 6-3-43 ,E10.200x023+N08.3*,1型糖尿病性肾小球硬化症
5250,表 6-3-43 ,E10.200x024+N08.3*,1型糖尿病性弥漫性肾小球硬化症
5251,表 6-3-43 ,E10.200x025+N08.3*,1型糖尿病性结节性肾小球硬化症
5252,表 6-3-43 ,E10.200x026+N08.3*,1型糖尿病性难愈性肾小球硬化症
5253,表 6-3-43 ,E10.200x027+N08.3*,1型糖尿病性大量白蛋白尿
5254,表 6-3-43 ,E10.200x028+N08.3*,1型糖尿病性递进性肾病
5255,表 6-3-43 ,E10.200x029+N08.3*,1型糖尿病性毛细管间性肾小球硬化症
5256,表 6-3-43 ,E10.200x030+N08.3*,1型糖尿病性持续蛋白尿
5257,表 6-3-43 ,E10.200x031+N29.8*,1型糖尿病性终末期肾脏病
5258,表 6-3-43 ,E10.200x091+N08.3*,1型糖尿病性急性肾功能衰竭
5259,表 6-3-43 ,E10.200x092+N08.3*,1型糖尿病性髓质乳头坏死
5260,表 6-3-43 ,E10.200x211+N08.3*,1型糖尿病肾病I期
5261,表 6-3-43 ,E10.200x212+N08.3*,1型糖尿病肾病II期
5262,表 6-3-43 ,E10.200x213+N08.3*,1型糖尿病肾病III期
5263,表 6-3-43 ,E10.200x214+N08.3*,1型糖尿病肾病IV期
5264,表 6-3-43 ,E10.200x215+N08.3*,1型糖尿病肾病V期
5265,表 6-3-43 ,E10.201+N08.3*,1型糖尿病性肾病
5266,表 6-3-43 ,E10.300x011+H36.0*,1型糖尿病性背景性视网膜病
5267,表 6-3-43 ,E10.300x012+H36.0*,1型糖尿病性背景性出血性视网膜病
5268,表 6-3-43 ,E10.300x013+H36.0*,1型糖尿病性背景性硬性渗出物性视网膜病
5269,表 6-3-43 ,E10.300x014+H36.0*,1型糖尿病性背景性小动脉瘤视网膜病
5270,表 6-3-43 ,E10.300x015+H36.0*,1型糖尿病性背景性静脉扩张性视网膜病
5271,表 6-3-43 ,E10.300x021+H36.0*,1型糖尿病性增殖性前期视网膜病
5272,表 6-3-43 ,E10.300x022+H36.0*,1型糖尿病性增殖性前期视网膜内微血管异常性视网膜病
5273,表 6-3-43 ,E10.300x023+H36.0*,1型糖尿病性增殖性前期絮状斑点性视网膜病
5274,表 6-3-43 ,E10.300x024+H36.0*,1型糖尿病性增殖性前期出血性视网膜病
5275,表 6-3-43 ,E10.300x025+H36.0*,1型糖尿病性增殖性前期局部缺血性视网膜病
5276,表 6-3-43 ,E10.300x031+H36.0*,1型糖尿病性增殖性视网膜病
5277,表 6-3-43 ,E10.300x032+H36.0*,1型糖尿病性增殖性出血性视网膜病
5278,表 6-3-43 ,E10.300x033+H36.0*,1型糖尿病性增殖性视网膜前出血性视网膜病
5279,表 6-3-43 ,E10.300x034+H36.0*,1型糖尿病性增殖性玻璃体出血性视网膜病
5280,表 6-3-43 ,E10.300x035+H36.0*,1型糖尿病性增殖性新生血管化性视网膜病
5281,表 6-3-43 ,E10.300x036+H36.0*,1型糖尿病性增殖性视网膜牵引性视网膜病
5282,表 6-3-43 ,E10.300x041+H36.0*,1型糖尿病性斑点性视网膜病
5283,表 6-3-43 ,E10.300x042+H36.0*,1型糖尿病性局部的水肿斑点性视网膜病
5284,表 6-3-43 ,E10.300x043+H36.0*,1型糖尿病性全面的水肿斑点性视网膜病
5285,表 6-3-43 ,E10.300x044+H36.0*,1型糖尿病性星状的斑点性视网膜病
5286,表 6-3-43 ,E10.300x045+H36.0*,1型糖尿病性环状的黄斑病性视网膜病
5287,表 6-3-43 ,E10.300x046+H36.0*,1型糖尿病性缺血性黄斑病性视网膜病
5288,表 6-3-43 ,E10.300x047+H36.0*,1型糖尿病性视网膜增厚性视网膜病
5289,表 6-3-43 ,E10.300x051+H42.0*,1型糖尿病性新生血管性青光眼
5290,表 6-3-43 ,E10.300x052+H22.1*,1型糖尿病性虹膜红变症
5291,表 6-3-43 ,E10.300x053+H36.0*,1型糖尿病性牵拉性视网膜脱离
5292,表 6-3-43 ,E10.300x091+H28.0*,1型糖尿病性早发的年龄相关性白内障
5293,表 6-3-43 ,E10.301+H36.0*,1型糖尿病性视网膜病变
5294,表 6-3-43 ,E10.302+H28.0*,1型糖尿病性白内障
5295,表 6-3-43 ,E10.303+H22.1*,1型糖尿病性虹膜炎
5296,表 6-3-43 ,E10.400x021+G63.2*,1型糖尿病性多发性神经病
5297,表 6-3-43 ,E10.400x022+G63.2*,1型糖尿病性胰岛素相关性神经炎
5298,表 6-3-43 ,E10.400x024+G63.2*,1型糖尿病性远端对称性周围神经病
5299,表 6-3-43 ,E10.400x025+G63.2*,1型糖尿病性小神经纤维周围神经病
5300,表 6-3-43 ,E10.400x026+G63.2*,1型糖尿病性感觉运动性周围神经病
5301,表 6-3-43 ,E10.400x110+G59.0*,1型糖尿病性单神经病
5302,表 6-3-43 ,E10.400x111+G59.0*,1型糖尿病性胸神经根病
5303,表 6-3-43 ,E10.400x112+G59.0*,1型糖尿病性躯干神经根病
5304,表 6-3-43 ,E10.400x121+G73.0*,1型糖尿病性肌无力综合征
5305,表 6-3-43 ,E10.400x130+G59.0*,1型糖尿病性脑神经麻痹
5306,表 6-3-43 ,E10.400x140+G59.0*,1型糖尿病性动眼神经麻痹
5307,表 6-3-43 ,E10.400x150+G59.0*,1型糖尿病性外展神经麻痹
5308,表 6-3-43 ,E10.400x160+G59.0*,1型糖尿病性股神经病
5309,表 6-3-43 ,E10.400x170+G59.0*,1型糖尿病性多发性单神经病
5310,表 6-3-43 ,E10.400x180+G59.0*,1型糖尿病性眼肌麻痹
5311,表 6-3-43 ,E10.400x190+G59.0*,1型糖尿病性神经根病
5312,表 6-3-43 ,E10.400x191+G59.0*,1型糖尿病腰骶神经根神经丛病
5313,表 6-3-43 ,E10.400x310+G99.0*,1型糖尿病性出汗异常
5314,表 6-3-43 ,E10.400x311+G99.0*,1型糖尿病性体位性低血压
5315,表 6-3-43 ,E10.400x330+G99.0*,1型糖尿病性腹泻
5316,表 6-3-43 ,E10.400x340+G99.0*,1型糖尿病性肛门直肠功能障碍
5317,表 6-3-43 ,E10.400x350+G99.0*,1型糖尿病性食管功能障碍
5318,表 6-3-43 ,E10.400x360+G99.0*,1型糖尿病性性无能
5319,表 6-3-43 ,E10.400x370+G99.0*,1型糖尿病性胃轻瘫
5320,表 6-3-43 ,E10.400x380+G99.0*,1型糖尿病性膀胱张力减弱
5321,表 6-3-43 ,E10.400x381+N33.8*,1型糖尿病神经源性膀胱炎
5322,表 6-3-43 ,E10.400x390+G99.0*,1型糖尿病性神经性水肿
5323,表 6-3-43 ,E10.400x901+G99.0*,1型糖尿病性脊髓病
5324,表 6-3-43 ,E10.400x910+G63.2*,1型糖尿病伴神经系统并发症
5325,表 6-3-43 ,E10.401+G63.2*,1型糖尿病性周围神经病
5326,表 6-3-43 ,E10.402+G99.0*,1型糖尿病性自主神经病变
5327,表 6-3-43 ,E10.403+G63.2*,1型糖尿病性神经炎
5328,表 6-3-43 ,E10.404+G99.0*,1型糖尿病性神经源性膀胱
5329,表 6-3-43 ,E10.405+G73.0*,1型糖尿病性肌萎缩
5330,表 6-3-43 ,E10.500x021+I79.2*,1型糖尿病性周围血管病及坏疽
5331,表 6-3-43 ,E10.500x043,1型糖尿病性下肢溃疡
5332,表 6-3-43 ,E10.500x044,1型糖尿病性足坏疽
5333,表 6-3-43 ,E10.500x045,1型糖尿病性急性皮肤坏疽
5334,表 6-3-43 ,E10.500x046,1型糖尿病性细菌性坏疽
5335,表 6-3-43 ,E10.500x047,1型糖尿病性溶血性坏疽
5336,表 6-3-43 ,E10.500x048,1型糖尿病性富尼埃坏疽
5337,表 6-3-43 ,E10.500x049,1型糖尿病性曼莱尼坏疽
5338,表 6-3-43 ,E10.500x051,1型糖尿病性下肢感染
5339,表 6-3-43 ,E10.501+I79.2*,1型糖尿病性周围血管病变
5340,表 6-3-43 ,E10.502+I79.2*,1型糖尿病性心肌病
5341,表 6-3-43 ,E10.503,1型糖尿病性足病
5342,表 6-3-43 ,E10.504,1型糖尿病性溃疡
5343,表 6-3-43 ,E10.505,1型糖尿病性坏疽
5344,表 6-3-43 ,E10.600x011+M14.6*,1型糖尿病性夏科关节病
5345,表 6-3-43 ,E10.600x012+M14.2*,1型糖尿病性手关节综合征
5346,表 6-3-43 ,E10.600x014+M14.2*,1型糖尿病性手掌筋膜纤维瘤病
5347,表 6-3-43 ,E10.600x015+M14.2*,1型糖尿病性肩关节周围炎
5348,表 6-3-43 ,E10.600x021,1型糖尿病性大疱症
5349,表 6-3-43 ,E10.600x023,1型糖尿病性红斑
5350,表 6-3-43 ,E10.600x024,1型糖尿病性潮红
5351,表 6-3-43 ,E10.600x025,1型糖尿病性皮肤硬化
5352,表 6-3-43 ,E10.600x026,1型糖尿病性皮肤增厚
5353,表 6-3-43 ,E10.600x027+L99.8*,1型糖尿病性糖尿病脂性渐进性坏死
5354,表 6-3-43 ,E10.600x028,1型糖尿病性甲周毛细血管扩张
5355,表 6-3-43 ,E10.600x031,1型糖尿病性急性牙周脓肿
5356,表 6-3-43 ,E10.600x032,1型糖尿病性牙周炎
5357,表 6-3-43 ,E10.600x042,1型糖尿病性低血糖性癫痫发作
5358,表 6-3-43 ,E10.600x043,1型糖尿病性低血糖症
5359,表 6-3-43 ,E10.600x051,1型糖尿病伴血糖控制不佳
5360,表 6-3-43 ,E10.600x910,1型糖尿病性肌坏死
5361,表 6-3-43 ,E10.600x911,1型糖尿病性坏死性筋膜炎
5362,表 6-3-43 ,E10.600x920,1型糖尿病性无菌性肌坏死
5363,表 6-3-43 ,E10.600x930,1型糖尿病性缺血性肌坏死
5364,表 6-3-43 ,E10.600x970,1型糖尿病性乳腺纤维化病变
5365,表 6-3-43 ,E10.601+M14.2*,1型糖尿病性关节病
5366,表 6-3-43 ,E10.602+M14.6*,1型糖尿病神经病性关节病
5367,表 6-3-43 ,E10.603+L99.8*,1型糖尿病性皮肤病
5368,表 6-3-43 ,E10.700,1型糖尿病伴有多个并发症
5369,表 6-3-43 ,E10.700x011,1型糖尿病性多发性微血管并发症
5370,表 6-3-43 ,E10.700x021,1型糖尿病性胰岛素抵抗
5371,表 6-3-43 ,E10.700x022,1型糖尿病性高血压
5372,表 6-3-43 ,E10.700x023,1型糖尿病性肥胖症性高血压
5373,表 6-3-43 ,E10.700x024,1型糖尿病性内脏脂肪沉积增加
5374,表 6-3-43 ,E10.700x025,1型糖尿病性黑棘皮症或血脂障碍或高胰岛素血症或肥胖症
5375,表 6-3-43 ,E10.700x031,1型糖尿病性足溃疡和周围血管病
5376,表 6-3-43 ,E10.700x032,1型糖尿病性足溃疡和周围神经病
5377,表 6-3-43 ,E10.800,1型糖尿病伴有并发症
5378,表 6-3-43 ,E10.900,1型糖尿病
5379,表 6-3-43 ,E10.900x003,脆性糖尿病
5380,表 6-3-43 ,E10.900x004,暴发性1型糖尿病
5381,表 6-3-43 ,E10.901,成人隐匿性自身免疫性糖尿病
5382,表 6-3-43 ,E11.000,2型糖尿病伴有昏迷
5383,表 6-3-43 ,E11.000x001,2型糖尿病性高渗性高血糖状态昏迷
5384,表 6-3-43 ,E11.000x005,2型糖尿病性乳酸性酸中毒并昏迷
5385,表 6-3-43 ,E11.000x006,2型糖尿病性酮症酸中毒和乳酸性酸中毒并昏迷
5386,表 6-3-43 ,E11.001,2型糖尿病性高渗性昏迷
5387,表 6-3-43 ,E11.002,2型糖尿病性低血糖性昏迷
5388,表 6-3-43 ,E11.003,2型糖尿病性酮症酸中毒昏迷
5389,表 6-3-43 ,E11.100x051,2型糖尿病性酮症酸中毒和乳酸性酸中毒
5390,表 6-3-43 ,E11.101,2型糖尿病性酮症酸中毒
5391,表 6-3-43 ,E11.102,2型糖尿病性乳酸酸中毒
5392,表 6-3-43 ,E11.103,2型糖尿病性酮症
5393,表 6-3-43 ,E11.200x011+N08.3*,2型糖尿病性前期肾病
5394,表 6-3-43 ,E11.200x012+N08.3*,2型糖尿病性前期肾小球肾病
5395,表 6-3-43 ,E11.200x013+N08.3*,2型糖尿病性前期基膜肥厚性肾小球肾病
5396,表 6-3-43 ,E11.200x014+N08.3*,2型糖尿病性前期肾小球系膜增殖性肾病
5397,表 6-3-43 ,E11.200x015+N08.3*,2型糖尿病性前期可逆的肾病
5398,表 6-3-43 ,E11.200x016+N08.3*,2型糖尿病性前期微白蛋白尿
5399,表 6-3-43 ,E11.200x017+N08.3*,2型糖尿病性前期持续性微白蛋白尿
5400,表 6-3-43 ,E11.200x023+N08.3*,2型糖尿病性肾小球硬化症
5401,表 6-3-43 ,E11.200x024+N08.3*,2型糖尿病性弥漫性肾小球硬化症
5402,表 6-3-43 ,E11.200x025+N08.3*,2型糖尿病性结节性肾小球硬化症
5403,表 6-3-43 ,E11.200x026+N08.3*,2型糖尿病性难愈性肾小球硬化症
5404,表 6-3-43 ,E11.200x027+N08.3*,2型糖尿病性大量白蛋白尿
5405,表 6-3-43 ,E11.200x028+N08.3*,2型糖尿病性递进性肾病
5406,表 6-3-43 ,E11.200x029+N08.3*,2型糖尿病性毛细管间性肾小球硬化症
5407,表 6-3-43 ,E11.200x030+N08.3*,2型糖尿病性持续蛋白尿
5408,表 6-3-43 ,E11.200x031+N29.8*,2型糖尿病性终末期肾脏病
5409,表 6-3-43 ,E11.200x091+N08.3*,2型糖尿病性急性肾功能衰竭
5410,表 6-3-43 ,E11.200x092+N08.3*,2型糖尿病性髓质乳头坏死
5411,表 6-3-43 ,E11.200x211+N08.3*,2型糖尿病肾病I期
5412,表 6-3-43 ,E11.200x212+N08.3*,2型糖尿病肾病II期
5413,表 6-3-43 ,E11.200x213+N08.3*,2型糖尿病肾病III期
5414,表 6-3-43 ,E11.200x214+N08.3*,2型糖尿病肾病IV期
5415,表 6-3-43 ,E11.200x215+N08.3*,2型糖尿病肾病V期
5416,表 6-3-43 ,E11.201+N08.3*,2型糖尿病性肾病
5417,表 6-3-43 ,E11.300x011+H36.0*,2型糖尿病性背景性视网膜病
5418,表 6-3-43 ,E11.300x012+H36.0*,2型糖尿病性背景性出血性视网膜病
5419,表 6-3-43 ,E11.300x013+H36.0*,2型糖尿病性背景性硬性渗出物性视网膜病
5420,表 6-3-43 ,E11.300x014+H36.0*,2型糖尿病性背景性小动脉瘤视网膜病
5421,表 6-3-43 ,E11.300x015+H36.0*,2型糖尿病性背景性静脉扩张性视网膜病
5422,表 6-3-43 ,E11.300x021+H36.0*,2型糖尿病性增殖性前期视网膜病
5423,表 6-3-43 ,E11.300x022+H36.0*,2型糖尿病性增殖性前期视网膜内微血管异常性视网膜病
5424,表 6-3-43 ,E11.300x023+H36.0*,2型糖尿病性增殖性前期絮状斑点性视网膜病
5425,表 6-3-43 ,E11.300x024+H36.0*,2型糖尿病性增殖性前期出血性视网膜病
5426,表 6-3-43 ,E11.300x025+H36.0*,2型糖尿病性增殖性前期局部缺血性视网膜病
5427,表 6-3-43 ,E11.300x031+H36.0*,2型糖尿病性增殖性视网膜病
5428,表 6-3-43 ,E11.300x032+H36.0*,2型糖尿病性增殖性出血性视网膜病
5429,表 6-3-43 ,E11.300x033+H36.0*,2型糖尿病性增殖性视网膜前出血性视网膜病
5430,表 6-3-43 ,E11.300x034+H36.0*,2型糖尿病性增殖性玻璃体出血性视网膜病
5431,表 6-3-43 ,E11.300x035+H36.0*,2型糖尿病性增殖性新生血管化性视网膜病
5432,表 6-3-43 ,E11.300x036+H36.0*,2型糖尿病性增殖性视网膜牵引性视网膜病
5433,表 6-3-43 ,E11.300x041+H36.0*,2型糖尿病性斑点性视网膜病
5434,表 6-3-43 ,E11.300x042+H36.0*,2型糖尿病性局部的水肿斑点性视网膜病
5435,表 6-3-43 ,E11.300x043+H36.0*,2型糖尿病性全面的水肿斑点性视网膜病
5436,表 6-3-43 ,E11.300x044+H36.0*,2型糖尿病性星状的斑点性视网膜病
5437,表 6-3-43 ,E11.300x045+H36.0*,2型糖尿病性环状的黄斑病性视网膜病
5438,表 6-3-43 ,E11.300x046+H36.0*,2型糖尿病性缺血性黄斑病性视网膜病
5439,表 6-3-43 ,E11.300x047+H36.0*,2型糖尿病性视网膜增厚性视网膜病
5440,表 6-3-43 ,E11.300x051+H42.0*,2型糖尿病性新生血管性青光眼
5441,表 6-3-43 ,E11.300x052+H22.1*,2型糖尿病性虹膜红变症
5442,表 6-3-43 ,E11.300x053+H36.0*,2型糖尿病性牵拉性视网膜脱离
5443,表 6-3-43 ,E11.300x091+H28.0*,2型糖尿病性早发的年龄相关性白内障
5444,表 6-3-43 ,E11.301+H36.0*,2型糖尿病性视网膜病变
5445,表 6-3-43 ,E11.302+H28.0*,2型糖尿病性白内障
5446,表 6-3-43 ,E11.303+H22.1*,2型糖尿病性虹膜炎
5447,表 6-3-43 ,E11.400,2型糖尿病伴有神经的并发症
5448,表 6-3-43 ,E11.400x021+G63.2*,2型糖尿病性多发性神经病
5449,表 6-3-43 ,E11.400x022+G63.2*,2型糖尿病性胰岛素相关性神经炎
5450,表 6-3-43 ,E11.400x024+G63.2*,2型糖尿病性远端对称性周围神经病
5451,表 6-3-43 ,E11.400x025+G63.2*,2型糖尿病性小神经纤维周围神经病
5452,表 6-3-43 ,E11.400x026+G63.2*,2型糖尿病性感觉运动性周围神经病
5453,表 6-3-43 ,E11.400x110+G59.0*,2型糖尿病性单神经病
5454,表 6-3-43 ,E11.400x111+G59.0*,2型糖尿病性胸神经根病
5455,表 6-3-43 ,E11.400x112+G59.0*,2型糖尿病性躯干神经根病
5456,表 6-3-43 ,E11.400x121+G73.0*,2型糖尿病性肌无力综合征
5457,表 6-3-43 ,E11.400x130+G59.0*,2型糖尿病性脑神经麻痹
5458,表 6-3-43 ,E11.400x140+G59.0*,2型糖尿病性动眼神经麻痹
5459,表 6-3-43 ,E11.400x150+G59.0*,2型糖尿病性外展神经麻痹
5460,表 6-3-43 ,E11.400x160+G59.0*,2型糖尿病性股神经病
5461,表 6-3-43 ,E11.400x170+G59.0*,2型糖尿病性多发性单神经病
5462,表 6-3-43 ,E11.400x180+G59.0*,2型糖尿病性眼肌麻痹
5463,表 6-3-43 ,E11.400x190+G59.0*,2型糖尿病性神经根病
5464,表 6-3-43 ,E11.400x191+G59.0*,2型糖尿病腰骶神经根神经丛病
5465,表 6-3-43 ,E11.400x310+G99.0*,2型糖尿病性出汗异常
5466,表 6-3-43 ,E11.400x311+G99.0*,2型糖尿病性体位性低血压
5467,表 6-3-43 ,E11.400x330+G99.0*,2型糖尿病性腹泻
5468,表 6-3-43 ,E11.400x340+G99.0*,2型糖尿病性肛门直肠功能障碍
5469,表 6-3-43 ,E11.400x350+G99.0*,2型糖尿病性食管功能障碍
5470,表 6-3-43 ,E11.400x360+G99.0*,2型糖尿病性性无能
5471,表 6-3-43 ,E11.400x380+G99.0*,2型糖尿病性膀胱张力减弱
5472,表 6-3-43 ,E11.400x381+N33.8*,2型糖尿病神经源性膀胱炎
5473,表 6-3-43 ,E11.400x390+G99.0*,2型糖尿病性神经性水肿
5474,表 6-3-43 ,E11.400x901+G99.0*,2型糖尿病性脊髓病
5475,表 6-3-43 ,E11.401+G63.2*,2型糖尿病性周围神经病
5476,表 6-3-43 ,E11.402+G99.0*,2型糖尿病性自主神经病变
5477,表 6-3-43 ,E11.403+G63.2*,2型糖尿病性神经炎
5478,表 6-3-43 ,E11.404+G99.0*,2型糖尿病性神经源性膀胱
5479,表 6-3-43 ,E11.405+G73.0*,2型糖尿病性肌萎缩
5480,表 6-3-43 ,E11.406+G99.0*,2型糖尿病性胃轻瘫
5481,表 6-3-43 ,E11.500x021+I79.2*,2型糖尿病性周围血管病及坏疽
5482,表 6-3-43 ,E11.500x043,2型糖尿病性下肢溃疡
5483,表 6-3-43 ,E11.500x044,2型糖尿病性足坏疽
5484,表 6-3-43 ,E11.500x045,2型糖尿病性急性皮肤坏疽
5485,表 6-3-43 ,E11.500x046,2型糖尿病性细菌性坏疽
5486,表 6-3-43 ,E11.500x047,2型糖尿病性溶血性坏疽
5487,表 6-3-43 ,E11.500x048,2型糖尿病性富尼埃坏疽
5488,表 6-3-43 ,E11.500x049,2型糖尿病性曼莱尼坏疽
5489,表 6-3-43 ,E11.500x051,2型糖尿病性下肢感染
5490,表 6-3-43 ,E11.501+I79.2*,2型糖尿病性周围血管病变
5491,表 6-3-43 ,E11.502+I79.2*,2型糖尿病性心肌病
5492,表 6-3-43 ,E11.503,2型糖尿病足病
5493,表 6-3-43 ,E11.504,2型糖尿病性溃疡
5494,表 6-3-43 ,E11.505,2型糖尿病性坏疽
5495,表 6-3-43 ,E11.600x011+M14.6*,2型糖尿病性夏科关节病
5496,表 6-3-43 ,E11.600x012+M14.2*,2型糖尿病性手关节综合征
5497,表 6-3-43 ,E11.600x014+M14.2*,2型糖尿病性手掌筋膜纤维瘤病
5498,表 6-3-43 ,E11.600x015+M14.2*,2型糖尿病性肩关节周围炎
5499,表 6-3-43 ,E11.600x021,2型糖尿病性大疱症
5500,表 6-3-43 ,E11.600x023,2型糖尿病性红斑
5501,表 6-3-43 ,E11.600x024,2型糖尿病性潮红
5502,表 6-3-43 ,E11.600x025,2型糖尿病性皮肤硬化
5503,表 6-3-43 ,E11.600x026,2型糖尿病性皮肤增厚
5504,表 6-3-43 ,E11.600x027+L99.8*,2型糖尿病性糖尿病脂性渐进性坏死
5505,表 6-3-43 ,E11.600x028,2型糖尿病性甲周毛细血管扩张
5506,表 6-3-43 ,E11.600x031,2型糖尿病性急性牙周脓肿
5507,表 6-3-43 ,E11.600x032,2型糖尿病性牙周炎
5508,表 6-3-43 ,E11.600x042,2型糖尿病性低血糖性癫痫发作
5509,表 6-3-43 ,E11.600x043,2型糖尿病性低血糖症
5510,表 6-3-43 ,E11.600x051,2型糖尿病伴血糖控制不佳
5511,表 6-3-43 ,E11.600x910,2型糖尿病性肌坏死
5512,表 6-3-43 ,E11.600x911,2型糖尿病性坏死性筋膜炎
5513,表 6-3-43 ,E11.600x920,2型糖尿病性无菌性肌坏死
5514,表 6-3-43 ,E11.600x930,2型糖尿病性缺血性肌坏死
5515,表 6-3-43 ,E11.600x970,2型糖尿病性乳腺纤维化病变
5516,表 6-3-43 ,E11.601+M14.2*,2型糖尿病性关节病
5517,表 6-3-43 ,E11.602+M14.6*,2型糖尿病神经病性关节病
5518,表 6-3-43 ,E11.603+L99.8*,2型糖尿病性皮肤病
5519,表 6-3-43 ,E11.700x011,2型糖尿病性多发性微血管并发症
5520,表 6-3-43 ,E11.700x021,2型糖尿病性胰岛素抵抗
5521,表 6-3-43 ,E11.700x022,2型糖尿病性高血压
5522,表 6-3-43 ,E11.700x023,2型糖尿病性肥胖症性高血压
5523,表 6-3-43 ,E11.700x024,2型糖尿病性内脏脂肪沉积增加
5524,表 6-3-43 ,E11.700x025,2型糖尿病性黑棘皮症或血脂障碍或高胰岛素血症或肥胖症
5525,表 6-3-43 ,E11.700x031,2型糖尿病性足溃疡和周围血管病
5526,表 6-3-43 ,E11.700x032,2型糖尿病性足溃疡和周围神经病
5527,表 6-3-43 ,E11.700x033,2型糖尿病伴多个并发症
5528,表 6-3-43 ,E11.800,2型糖尿病伴有并发症
5529,表 6-3-43 ,E11.900,2型糖尿病
5530,表 6-3-43 ,E12.000,营养不良相关性糖尿病伴有昏迷
5531,表 6-3-43 ,E12.100,营养不良相关性糖尿病伴有酮症酸中毒
5532,表 6-3-43 ,E12.200,营养不良相关性糖尿病伴有肾的并发症
5533,表 6-3-43 ,E12.300,营养不良相关性糖尿病伴有眼的并发症
5534,表 6-3-43 ,E12.400,营养不良相关性糖尿病伴有神经的并发症
5535,表 6-3-43 ,E12.400x001+G99.0*,营养不良相关性糖尿病伴自主神经病变
5536,表 6-3-43 ,E12.400x002+N33.8*,营养不良相关性糖尿病伴神经源性膀胱
5537,表 6-3-43 ,E12.500,营养不良相关性糖尿病伴有周围循环并发症
5538,表 6-3-43 ,E12.600,营养不良相关性糖尿病伴有其他特指的并发症
5539,表 6-3-43 ,E12.700,营养不良相关性糖尿病伴有多个并发症
5540,表 6-3-43 ,E12.800,营养不良相关性糖尿病伴有并发症
5541,表 6-3-43 ,E12.900,营养不良相关性糖尿病不伴有并发症
5542,表 6-3-43 ,E13.000,糖尿病伴有昏迷，其他特指的
5543,表 6-3-43 ,E13.101,继发性糖尿病性酮症酸中毒
5544,表 6-3-43 ,E13.102,继发性糖尿病性酮症
5545,表 6-3-43 ,E13.200x521+N08.3*,青少年发病的成人型糖尿病性肾病
5546,表 6-3-43 ,E13.201+N08.3*,脂肪萎缩性糖尿病性肾病
5547,表 6-3-43 ,E13.300x271+H36.0*,继发性糖尿病性视网膜病变
5548,表 6-3-43 ,E13.300x571+H36.0*,青少年发病的成人型糖尿病性视网膜病变
5549,表 6-3-43 ,E13.400x223+G63.2*,继发性糖尿病性周围神经病变
5550,表 6-3-43 ,E13.500x241+I79.2*,继发性糖尿病大血管病变
5551,表 6-3-43 ,E13.500x541+I79.2*,青少年发病的成人型糖尿病大血管病变
5552,表 6-3-43 ,E13.600,糖尿病伴有其他特指的并发症，其他特指的
5553,表 6-3-43 ,E13.700,"糖尿病伴有多个并发症,其他特指的"
5554,表 6-3-43 ,E13.800,糖尿病伴并发症，其他特指的
5555,表 6-3-43 ,E13.900x003,正确用药所致类固醇性糖尿病
5556,表 6-3-43 ,E13.900x006,胰源性糖尿病
5557,表 6-3-43 ,E13.901,肝性糖尿病
5558,表 6-3-43 ,E13.902,线粒体糖尿病
5559,表 6-3-43 ,E13.903,类固醇性糖尿病
5560,表 6-3-43 ,E13.904,脂肪萎缩性糖尿病
5561,表 6-3-43 ,E13.905,医源性糖尿病
5562,表 6-3-43 ,E13.906,应激性高血糖状态
5563,表 6-3-43 ,E13.907,继发性糖尿病
5564,表 6-3-43 ,E14.000,糖尿病伴有昏迷
5565,表 6-3-43 ,E14.000x001,糖尿病性高渗性高血糖状态昏迷
5566,表 6-3-43 ,E14.000x002,糖尿病性高血糖状态昏迷
5567,表 6-3-43 ,E14.000x003,糖尿病性低血糖昏迷
5568,表 6-3-43 ,E14.000x004,糖尿病性酮症酸中毒并昏迷
5569,表 6-3-43 ,E14.000x005,糖尿病性乳酸性酸中毒并昏迷
5570,表 6-3-43 ,E14.000x006,糖尿病性酮症酸中毒和乳酸性酸中毒并昏迷
5571,表 6-3-43 ,E14.100,糖尿病伴有酮症酸中毒
5572,表 6-3-43 ,E14.100x012,糖尿病性酮症
5573,表 6-3-43 ,E14.100x031,糖尿病性乳酸性酸中毒
5574,表 6-3-43 ,E14.100x051,糖尿病性酮症酸中毒和乳酸性酸中毒
5575,表 6-3-43 ,E14.200x011+N08.3*,糖尿病性前期肾病
5576,表 6-3-43 ,E14.200x012+N08.3*,糖尿病性前期肾小球肾病
5577,表 6-3-43 ,E14.200x013+N08.3*,糖尿病性前期基膜肥厚性肾小球肾病
5578,表 6-3-43 ,E14.200x014+N08.3*,糖尿病性前期肾小球系膜增殖性肾病
5579,表 6-3-43 ,E14.200x015+N08.3*,糖尿病性前期可逆的肾病
5580,表 6-3-43 ,E14.200x016+N08.3*,糖尿病性前期微白蛋白尿
5581,表 6-3-43 ,E14.200x017+N08.3*,糖尿病性前期持续性微白蛋白尿
5582,表 6-3-43 ,E14.200x021+N08.3*,糖尿病性肾病
5583,表 6-3-43 ,E14.200x023+N08.3*,糖尿病性肾小球硬化症
5584,表 6-3-43 ,E14.200x024+N08.3*,糖尿病性弥漫性肾小球硬化症
5585,表 6-3-43 ,E14.200x025+N08.3*,糖尿病性结节性肾小球硬化症
5586,表 6-3-43 ,E14.200x026+N08.3*,糖尿病性难愈性肾小球硬化症
5587,表 6-3-43 ,E14.200x027+N08.3*,糖尿病性大量白蛋白尿
5588,表 6-3-43 ,E14.200x028+N08.3*,糖尿病性递进性肾病
5589,表 6-3-43 ,E14.200x029+N08.3*,糖尿病性毛细管间性肾小球硬化症
5590,表 6-3-43 ,E14.200x030+N08.3*,糖尿病性持续蛋白尿
5591,表 6-3-43 ,E14.200x031+N29.8*,糖尿病性终末期肾脏病
5592,表 6-3-43 ,E14.200x091+N08.3*,糖尿病性急性肾功能衰竭
5593,表 6-3-43 ,E14.200x092+N08.3*,糖尿病性髓质乳头坏死
5594,表 6-3-43 ,E14.200x211+N08.3*,糖尿病肾病I期
5595,表 6-3-43 ,E14.200x212+N08.3*,糖尿病肾病II期
5596,表 6-3-43 ,E14.200x213+N08.3*,糖尿病肾病III期
5597,表 6-3-43 ,E14.200x214+N08.3*,糖尿病肾病IV期
5598,表 6-3-43 ,E14.200x215+N08.3*,糖尿病肾病V期
5599,表 6-3-43 ,E14.300x011+H36.0*,糖尿病性背景性视网膜病
5600,表 6-3-43 ,E14.300x012+H36.0*,糖尿病性背景性出血性视网膜病
5601,表 6-3-43 ,E14.300x013+H36.0*,糖尿病性背景性硬性渗出物性视网膜病
5602,表 6-3-43 ,E14.300x014+H36.0*,糖尿病性背景性小动脉瘤视网膜病
5603,表 6-3-43 ,E14.300x015+H36.0*,糖尿病性背景性静脉扩张性视网膜病
5604,表 6-3-43 ,E14.300x021+H36.0*,糖尿病性增殖性前期视网膜病
5605,表 6-3-43 ,E14.300x022+H36.0*,糖尿病性增殖性前期视网膜内微血管异常性视网膜病
5606,表 6-3-43 ,E14.300x023+H36.0*,糖尿病性增殖性前期絮状斑点性视网膜病
5607,表 6-3-43 ,E14.300x024+H36.0*,糖尿病性增殖性前期出血性视网膜病
5608,表 6-3-43 ,E14.300x025+H36.0*,糖尿病性增殖性前期局部缺血性视网膜病
5609,表 6-3-43 ,E14.300x031+H36.0*,糖尿病性增殖性视网膜病
5610,表 6-3-43 ,E14.300x032+H36.0*,糖尿病性增殖性出血性视网膜病
5611,表 6-3-43 ,E14.300x033+H36.0*,糖尿病性增殖性视网膜前出血性视网膜病
5612,表 6-3-43 ,E14.300x034+H36.0*,糖尿病性增殖性玻璃体出血性视网膜病
5613,表 6-3-43 ,E14.300x035+H36.0*,糖尿病性增殖性新生血管化性视网膜病
5614,表 6-3-43 ,E14.300x036+H36.0*,糖尿病性增殖性视网膜牵引性视网膜病
5615,表 6-3-43 ,E14.300x041+H36.0*,糖尿病性斑点性视网膜病
5616,表 6-3-43 ,E14.300x042+H36.0*,糖尿病性局部的水肿斑点性视网膜病
5617,表 6-3-43 ,E14.300x043+H36.0*,糖尿病性全面的水肿斑点性视网膜病
5618,表 6-3-43 ,E14.300x044+H36.0*,糖尿病性星状的斑点性视网膜病
5619,表 6-3-43 ,E14.300x045+H36.0*,糖尿病性环状的黄斑病性视网膜病
5620,表 6-3-43 ,E14.300x046+H36.0*,糖尿病性缺血性黄斑病性视网膜病
5621,表 6-3-43 ,E14.300x047+H36.0*,糖尿病性视网膜增厚性视网膜病
5622,表 6-3-43 ,E14.300x051+H42.0*,糖尿病性新生血管性青光眼
5623,表 6-3-43 ,E14.300x052+H22.1*,糖尿病性虹膜红变症
5624,表 6-3-43 ,E14.300x053+H36.0*,糖尿病性牵拉性视网膜脱离
5625,表 6-3-43 ,E14.300x054+H22.1*,糖尿病性虹膜炎
5626,表 6-3-43 ,E14.300x061+H28.0*,糖尿病性白内障
5627,表 6-3-43 ,E14.300x071+H36.0*,糖尿病性视网膜病变
5628,表 6-3-43 ,E14.300x091+H28.0*,糖尿病性早发的年龄相关性白内障
5629,表 6-3-43 ,E14.400,糖尿病伴有神经的并发症
5630,表 6-3-43 ,E14.400x021+G63.2*,糖尿病性多发性神经病
5631,表 6-3-43 ,E14.400x022+G63.2*,糖尿病性胰岛素相关性神经炎
5632,表 6-3-43 ,E14.400x023+G63.2*,糖尿病性周围神经病
5633,表 6-3-43 ,E14.400x024+G63.2*,糖尿病性远端对称性周围神经病
5634,表 6-3-43 ,E14.400x025+G63.2*,糖尿病性小神经纤维周围神经病
5635,表 6-3-43 ,E14.400x026+G63.2*,糖尿病性感觉运动性周围神经病
5636,表 6-3-43 ,E14.400x110+G59.0*,糖尿病性单神经病
5637,表 6-3-43 ,E14.400x111+G59.0*,糖尿病性胸神经根病
5638,表 6-3-43 ,E14.400x112+G59.0*,糖尿病性躯干神经根病
5639,表 6-3-43 ,E14.400x120+G73.0*,糖尿病性肌萎缩
5640,表 6-3-43 ,E14.400x121+G73.0*,糖尿病性肌无力综合征
5641,表 6-3-43 ,E14.400x130+G59.0*,糖尿病性脑神经麻痹
5642,表 6-3-43 ,E14.400x140+G59.0*,糖尿病性动眼神经麻痹
5643,表 6-3-43 ,E14.400x150+G59.0*,糖尿病性外展神经麻痹
5644,表 6-3-43 ,E14.400x160+G59.0*,糖尿病性股神经病
5645,表 6-3-43 ,E14.400x170+G59.0*,糖尿病性多发性单神经病
5646,表 6-3-43 ,E14.400x180+G59.0*,糖尿病性眼肌麻痹
5647,表 6-3-43 ,E14.400x190+G59.0*,糖尿病性神经根病
5648,表 6-3-43 ,E14.400x191+G59.0*,糖尿病腰骶神经根神经丛病
5649,表 6-3-43 ,E14.400x310+G99.0*,糖尿病性出汗异常
5650,表 6-3-43 ,E14.400x311+G99.0*,糖尿病性体位性低血压
5651,表 6-3-43 ,E14.400x312+G99.0*,糖尿病性自主神经病
5652,表 6-3-43 ,E14.400x330+G99.0*,糖尿病性腹泻
5653,表 6-3-43 ,E14.400x340+G99.0*,糖尿病性肛门直肠功能障碍
5654,表 6-3-43 ,E14.400x350+G99.0*,糖尿病性食管功能障碍
5655,表 6-3-43 ,E14.400x360+G99.0*,糖尿病性性无能
5656,表 6-3-43 ,E14.400x370+G99.0*,糖尿病性胃轻瘫
5657,表 6-3-43 ,E14.400x380+G99.0*,糖尿病性膀胱张力减弱
5658,表 6-3-43 ,E14.400x381+N33.8*,糖尿病神经源性膀胱炎
5659,表 6-3-43 ,E14.400x390+G99.0*,糖尿病性神经性水肿
5660,表 6-3-43 ,E14.400x901+G99.0*,糖尿病性脊髓病
5661,表 6-3-43 ,E14.500x011+I79.2*,糖尿病性周围血管病
5662,表 6-3-43 ,E14.500x021+I79.2*,糖尿病性周围血管病及坏疽
5663,表 6-3-43 ,E14.500x031+I43.8*,糖尿病性缺血性心肌病
5664,表 6-3-43 ,E14.500x032+I43.8*,糖尿病性心肌病
5665,表 6-3-43 ,E14.500x041,糖尿病性溃疡
5666,表 6-3-43 ,E14.500x042,糖尿病性坏疽
5667,表 6-3-43 ,E14.500x043,糖尿病性下肢溃疡
5668,表 6-3-43 ,E14.500x044,糖尿病性足坏疽
5669,表 6-3-43 ,E14.500x045,糖尿病性急性皮肤坏疽
5670,表 6-3-43 ,E14.500x046,糖尿病性细菌性坏疽
5671,表 6-3-43 ,E14.500x047,糖尿病性溶血性坏疽
5672,表 6-3-43 ,E14.500x048,糖尿病性富尼埃坏疽
5673,表 6-3-43 ,E14.500x049,糖尿病性曼莱尼坏疽
5674,表 6-3-43 ,E14.500x050,糖尿病足
5675,表 6-3-43 ,E14.500x051,糖尿病性下肢感染
5676,表 6-3-43 ,E14.600x011+M14.6*,糖尿病性夏科关节病
5677,表 6-3-43 ,E14.600x012+M14.2*,糖尿病性手关节综合征
5678,表 6-3-43 ,E14.600x014+M14.2*,糖尿病性手掌筋膜纤维瘤病
5679,表 6-3-43 ,E14.600x015+M14.2*,糖尿病性肩关节周围炎
5680,表 6-3-43 ,E14.600x016+M14.2*,糖尿病性骨关节病
5681,表 6-3-43 ,E14.600x021,糖尿病性大疱症
5682,表 6-3-43 ,E14.600x022,糖尿病性皮肤病
5683,表 6-3-43 ,E14.600x023,糖尿病性红斑
5684,表 6-3-43 ,E14.600x024,糖尿病性潮红
5685,表 6-3-43 ,E14.600x025,糖尿病性皮肤硬化
5686,表 6-3-43 ,E14.600x026,糖尿病性皮肤增厚
5687,表 6-3-43 ,E14.600x027+L99.8*,糖尿病性糖尿病脂性渐进性坏死
5688,表 6-3-43 ,E14.600x028,糖尿病性甲周毛细血管扩张
5689,表 6-3-43 ,E14.600x031,糖尿病性急性牙周脓肿
5690,表 6-3-43 ,E14.600x032,糖尿病性牙周炎
5691,表 6-3-43 ,E14.600x042,糖尿病性低血糖性癫痫发作
5692,表 6-3-43 ,E14.600x043,糖尿病性低血糖症
5693,表 6-3-43 ,E14.600x051,糖尿病伴血糖控制不佳
5694,表 6-3-43 ,E14.600x910,糖尿病性肌坏死
5695,表 6-3-43 ,E14.600x911,糖尿病性坏死性筋膜炎
5696,表 6-3-43 ,E14.600x920,糖尿病性无菌性肌坏死
5697,表 6-3-43 ,E14.600x930,糖尿病性缺血性肌坏死
5698,表 6-3-43 ,E14.600x970,糖尿病性乳腺纤维化病变
5699,表 6-3-43 ,E14.700,糖尿病伴有多个并发症
5700,表 6-3-43 ,E14.700x011,糖尿病性多发性微血管并发症
5701,表 6-3-43 ,E14.700x021,糖尿病性胰岛素抵抗
5702,表 6-3-43 ,E14.700x022,糖尿病性高血压
5703,表 6-3-43 ,E14.700x023,糖尿病性肥胖症性高血压
5704,表 6-3-43 ,E14.700x024,糖尿病性内脏脂肪沉积增加
5705,表 6-3-43 ,E14.700x025,糖尿病性黑棘皮症或血脂障碍或高胰岛素血症或肥胖症
5706,表 6-3-43 ,E14.700x031,糖尿病性足溃疡和周围血管病
5707,表 6-3-43 ,E14.700x032,糖尿病性足溃疡和周围神经病
5708,表 6-3-43 ,E14.800,糖尿病伴有并发症
5709,表 6-3-43 ,E14.900x001,糖尿病
5710,表 6-3-44 ,E15.x00x001,低血糖性昏迷
5711,表 6-3-44 ,E15.x00x002,非糖尿病引起的药物性胰岛素性昏迷
5712,表 6-3-44 ,E15.x00x004,胰岛素分泌过多伴低血糖性昏迷
5713,表 6-3-44 ,E16.000x001,药物性低血糖
5714,表 6-3-44 ,E16.100x001,反应性低血糖症[餐后低血糖症]
5715,表 6-3-44 ,E16.100x002,高胰岛素血症
5716,表 6-3-44 ,E16.100x004,胰岛β细胞增生
5717,表 6-3-44 ,E16.100x005,功能性非高胰岛素性低血糖
5718,表 6-3-44 ,E16.100x006,功能性胰岛素分泌过多
5719,表 6-3-44 ,E16.100x010,自身免疫性胰岛素综合征
5720,表 6-3-44 ,E16.100x013,婴儿持续性高胰岛素血症性低血糖
5721,表 6-3-44 ,E16.101,反应性低血糖症
5722,表 6-3-44 ,E16.102,自身免疫性低血糖症
5723,表 6-3-44 ,E16.103,功能性高胰岛素血症
5724,表 6-3-44 ,E16.104,功能性非胰岛素性低血糖
5725,表 6-3-44 ,E16.105,胰岛素自身免疫综合征
5726,表 6-3-44 ,E16.106,婴儿低血糖症
5727,表 6-3-44 ,E16.107+G94.8*,低血糖昏迷性脑病
5728,表 6-3-44 ,E16.108+G94.8*,低血糖性脑病
5729,表 6-3-44 ,E16.109,酒精性低血糖症
5730,表 6-3-44 ,E16.110,先天性高胰岛素性低血糖血症
5731,表 6-3-44 ,E16.111+G94.3*,低血糖性脑昏迷
5732,表 6-3-44 ,E16.112,先天性高胰岛素血症
5733,表 6-3-44 ,E16.200,低血糖
5734,表 6-3-44 ,E16.300,高血糖素分泌增多
5735,表 6-3-44 ,E16.300x001,胰腺内分泌细胞增生伴胰升糖素过多
5736,表 6-3-44 ,E16.300x002,胰升糖素分泌过多
5737,表 6-3-44 ,E16.300x003+L54.8*,坏死松解性游走性红斑
5738,表 6-3-44 ,E16.301,胰高血糖素血症
5739,表 6-3-44 ,E16.400,胃泌素分泌异常
5740,表 6-3-44 ,E16.400x003,促胃液素分泌异常
5741,表 6-3-44 ,E16.401,高胃泌素血症
5742,表 6-3-44 ,E16.402,佐林格-埃利森综合征
5743,表 6-3-44 ,E16.800x001,胰腺胰多肽分泌过多
5744,表 6-3-44 ,E16.800x002,胰腺生长抑素分泌过多
5745,表 6-3-44 ,E16.800x003,胰腺血管活性肠肽分泌过多
5746,表 6-3-44 ,E16.800x004,胰腺生长激素释放激素分泌过多
5747,表 6-3-44 ,E16.800x006,A型胰岛素抵抗综合征
5748,表 6-3-44 ,E16.800x007,B型胰岛素抵抗综合征
5749,表 6-3-44 ,E16.800x011,糖耐量受损伴周围血管病
5750,表 6-3-44 ,E16.800x021,糖耐量受损伴周围血管病及坏疽
5751,表 6-3-44 ,E16.800x101,糖耐量受损伴肥胖型高血压
5752,表 6-3-44 ,E16.800x102,糖耐量受损伴高血压
5753,表 6-3-44 ,E16.800x103,糖耐量受损伴内脏脂肪沉积增加
5754,表 6-3-44 ,E16.800x104,糖耐量受损伴胰岛素抵抗
5755,表 6-3-44 ,E16.800x105,糖耐量受损伴黑棘皮症或血脂障碍或高胰岛素血症或肥胖症
5756,表 6-3-44 ,E16.800x901,糖耐量受损
5757,表 6-3-44 ,E16.801,胰岛素抵抗
5758,表 6-3-44 ,E16.802,胰腺生长抑素增加
5759,表 6-3-44 ,E16.803,代谢综合征
5760,表 6-3-44 ,E16.804,自身免疫性胰岛素受体病
5761,表 6-3-44 ,E16.900x002,胰腺内分泌细胞增生
5762,表 6-3-44 ,E16.901,胰岛细胞增生症
5763,表 6-3-45 ,E20.000,特发性甲状旁腺功能减退症
5764,表 6-3-45 ,E20.100,假性甲状旁腺功能减退症
5765,表 6-3-45 ,E20.801,继发性甲状旁腺功能减退症
5766,表 6-3-45 ,E20.802,先天性甲状旁腺功能减退症
5767,表 6-3-45 ,E20.900,甲状旁腺功能减退症
5768,表 6-3-45 ,E20.900x004+G73.5*,甲状旁腺功能减低合并肌病
5769,表 6-3-45 ,E20.901,甲状旁腺性手足搐搦
5770,表 6-3-45 ,E20.902+H28.1*,甲状旁腺功能减退症性白内障
5771,表 6-3-45 ,E21.000,原发性甲状旁腺功能亢进症
5772,表 6-3-45 ,E21.000x007,股骨囊性纤维性骨炎
5773,表 6-3-45 ,E21.001,甲状旁腺增生
5774,表 6-3-45 ,E21.002,全身囊性纤维性骨炎
5775,表 6-3-45 ,E21.003,下颌骨囊性纤维性骨炎
5776,表 6-3-45 ,E21.004,脊柱囊性纤维性骨炎
5777,表 6-3-45 ,E21.005,上肢骨囊性纤维性骨炎
5778,表 6-3-45 ,E21.006,下肢骨囊性纤维性骨炎
5779,表 6-3-45 ,E21.100x001,继发性甲状旁腺功能亢进
5780,表 6-3-45 ,E21.201,三发性甲状旁腺功能亢进症
5781,表 6-3-45 ,E21.300,甲状旁腺功能亢进症
5782,表 6-3-45 ,E21.300x002,甲状旁腺激素升高
5783,表 6-3-45 ,E21.300x003+M14.1*,甲状旁腺功能亢进症性晶体性关节病
5784,表 6-3-45 ,E21.300x004+G73.5*,甲状旁腺亢进合并肌病
5785,表 6-3-45 ,E21.301,甲状旁腺功能亢进危象
5786,表 6-3-45 ,E21.400x001,甲状旁腺出血
5787,表 6-3-45 ,E21.400x003,甲状旁腺炎
5788,表 6-3-45 ,E21.401,甲状旁腺囊肿
5789,表 6-3-45 ,E21.402,甲状旁腺囊肿出血
5790,表 6-3-45 ,E21.500,甲状旁腺的疾患
5791,表 6-3-45 ,E22.000x001,垂体性巨人症
5792,表 6-3-45 ,E22.000x002,生长激素生成过多
5793,表 6-3-45 ,E22.000x005,垂体生长激素瘤
5794,表 6-3-45 ,E22.000x006+M14.5*,肢端肥大症性关节病
5795,表 6-3-45 ,E22.001,肢端肥大症
5796,表 6-3-45 ,E22.002,生长激素过度分泌综合征
5797,表 6-3-45 ,E22.100,高催乳素血症
5798,表 6-3-45 ,E22.200,抗利尿激素分泌失调综合征
5799,表 6-3-45 ,E22.801,垂体多分泌功能瘤
5800,表 6-3-45 ,E22.802,中枢性性早熟
5801,表 6-3-45 ,E22.900,垂体功能亢进
5802,表 6-3-45 ,E23.000,垂体功能减退症
5803,表 6-3-45 ,E23.000x001+G73.5*,垂体功能减退性肌病
5804,表 6-3-45 ,E23.000x005,产后垂体前叶功能减退危象
5805,表 6-3-45 ,E23.000x007,腺垂体功能减退症
5806,表 6-3-45 ,E23.000x008,垂体前叶功能减退
5807,表 6-3-45 ,E23.000x011,孤立性促性腺激素缺乏症
5808,表 6-3-45 ,E23.000x014,停经泌乳综合征
5809,表 6-3-45 ,E23.000x015,低促性腺激素性性腺功能减退症
5810,表 6-3-45 ,E23.001,卡尔曼综合征
5811,表 6-3-45 ,E23.002,垂体前叶功能减退危象
5812,表 6-3-45 ,E23.003,全垂体功能减退症
5813,表 6-3-45 ,E23.004,席恩综合征
5814,表 6-3-45 ,E23.005,垂体性矮小症
5815,表 6-3-45 ,E23.006,低促性腺激素性腺功能减退症
5816,表 6-3-45 ,E23.007,单一性促性腺激素缺乏症
5817,表 6-3-45 ,E23.008,胰岛素样生长因子1缺乏
5818,表 6-3-45 ,E23.009,生长激素缺乏症
5819,表 6-3-45 ,E23.010,特发性低促性腺激素性性腺功能减退症
5820,表 6-3-45 ,E23.100,药物性垂体功能减退症
5821,表 6-3-45 ,E23.200,尿崩症
5822,表 6-3-45 ,E23.200x003,中枢性尿崩症
5823,表 6-3-45 ,E23.200x005,完全性尿崩症
5824,表 6-3-45 ,E23.201,脑外伤后尿崩症
5825,表 6-3-45 ,E23.202,部分性垂体性尿崩症
5826,表 6-3-45 ,E23.203,完全性垂体性尿崩症
5827,表 6-3-45 ,E23.204,继发性尿崩症
5828,表 6-3-45 ,E23.300x001,垂体功能不良
5829,表 6-3-45 ,E23.301,垂体功能紊乱
5830,表 6-3-45 ,E23.302,下丘脑综合征
5831,表 6-3-45 ,E23.600x001,鞍区病变
5832,表 6-3-45 ,E23.600x005,垂体管囊肿
5833,表 6-3-45 ,E23.600x008,垂体炎
5834,表 6-3-45 ,E23.600x010,垂体增大
5835,表 6-3-45 ,E23.600x011,下丘脑性肥胖
5836,表 6-3-45 ,E23.600x014,蝶鞍扩大
5837,表 6-3-45 ,E23.600x015,反馈性垂体瘤综合征
5838,表 6-3-45 ,E23.600x016,肥胖-生殖无能综合征
5839,表 6-3-45 ,E23.601,垂体脓肿
5840,表 6-3-45 ,E23.602,垂体卒中
5841,表 6-3-45 ,E23.603,空泡蝶鞍综合征
5842,表 6-3-45 ,E23.604,垂体瘢痕
5843,表 6-3-45 ,E23.605,垂体性肥胖
5844,表 6-3-45 ,E23.606,垂体增生
5845,表 6-3-45 ,E23.607,垂体囊肿
5846,表 6-3-45 ,E23.608,拉特克囊肿
5847,表 6-3-45 ,E23.610,垂体钙化
5848,表 6-3-45 ,E23.611,垂体出血
5849,表 6-3-45 ,E23.612,垂体假腺瘤
5850,表 6-3-45 ,E23.613,淋巴细胞性垂体炎
5851,表 6-3-45 ,E23.614,垂体萎缩
5852,表 6-3-45 ,E23.615,肉芽肿性垂体炎
5853,表 6-3-45 ,E23.616,垂体柄阻断综合征
5854,表 6-3-45 ,E23.617,垂体危象
5855,表 6-3-45 ,E23.618,间脑综合征
5856,表 6-3-45 ,E23.619,自身免疫性垂体炎
5857,表 6-3-45 ,E23.700x001,垂体瘢痕形成
5858,表 6-3-45 ,E23.701,垂体肿物
5859,表 6-3-45 ,E24.000,垂体依赖性库欣病
5860,表 6-3-45 ,E24.000x001,垂体促肾上腺皮质激素分泌过多
5861,表 6-3-45 ,E24.001,垂体性嗜碱性粒细胞增多症
5862,表 6-3-45 ,E24.100,纳尔逊综合征
5863,表 6-3-45 ,E24.200,药物性皮质醇增多症
5864,表 6-3-45 ,E24.200x001,正确用药所致药物性皮质醇增多症
5865,表 6-3-45 ,E24.201,医源性库欣综合征
5866,表 6-3-45 ,E24.202,类库欣综合征
5867,表 6-3-45 ,E24.300,异位促肾上腺皮质激素综合征
5868,表 6-3-45 ,E24.400,醇诱发的假库欣综合征
5869,表 6-3-45 ,E24.800x001,原发性色素性结节状肾上腺皮质病
5870,表 6-3-45 ,E24.801,糖皮质激素过度敏感综合征
5871,表 6-3-45 ,E24.900,库欣综合征
5872,表 6-3-45 ,E24.901,亚临床库欣综合征
5873,表 6-3-45 ,E24.902,肾上腺皮质功能亢进症
5874,表 6-3-45 ,E25.000x007,早熟性巨睾症
5875,表 6-3-45 ,E25.000x008,盐丢失性先天性肾上腺增生
5876,表 6-3-45 ,E25.001,11β-羟化酶缺陷症
5877,表 6-3-45 ,E25.002,17α-羟化酶缺陷症
5878,表 6-3-45 ,E25.003,21-羟化酶缺乏症
5879,表 6-3-45 ,E25.004,先天性肾上腺皮质增生症
5880,表 6-3-45 ,E25.005,先天性肾上腺发育不良
5881,表 6-3-45 ,E25.801,假性性早熟
5882,表 6-3-45 ,E25.802,女性肾上腺性假两性畸形
5883,表 6-3-45 ,E25.901,肾上腺增生伴女性男性化
5884,表 6-3-45 ,E25.902,肾上腺性征综合征
5885,表 6-3-45 ,E25.903,男性肾上腺增生性性早熟
5886,表 6-3-45 ,E26.000,原发性醛固酮过多症
5887,表 6-3-45 ,E26.000x003,康恩综合征[Conn综合征]
5888,表 6-3-45 ,E26.001,特发性醛固酮增多症
5889,表 6-3-45 ,E26.100,继发性醛固酮过多症
5890,表 6-3-45 ,E26.800x002,高肾素性醛固酮增多症
5891,表 6-3-45 ,E26.801,家族性醛固酮增多症
5892,表 6-3-45 ,E26.802,巴特综合征
5893,表 6-3-45 ,E26.803,吉特尔曼综合征
5894,表 6-3-45 ,E26.900,醛固酮过多症
5895,表 6-3-45 ,E27.000x001,肾上腺皮质功能亢进
5896,表 6-3-45 ,E27.000x002,促肾上腺皮质激素生成过多
5897,表 6-3-45 ,E27.000x003,肾上腺皮质功能亢进危象
5898,表 6-3-45 ,E27.000x011,肾上腺来源高雄激素血症
5899,表 6-3-45 ,E27.001,肾上腺皮质功能亢进，与库欣综合征无关
5900,表 6-3-45 ,E27.100x003,自身免疫性肾上腺炎
5901,表 6-3-45 ,E27.101,艾迪生病
5902,表 6-3-45 ,E27.200,艾迪生病危象
5903,表 6-3-45 ,E27.200x003,肾上腺危象
5904,表 6-3-45 ,E27.300,药物性肾上腺皮质功能减退症
5905,表 6-3-45 ,E27.400x005,肾上腺皮质萎缩
5906,表 6-3-45 ,E27.400x006,肾上腺皮质功能不全
5907,表 6-3-45 ,E27.401,肾上腺出血
5908,表 6-3-45 ,E27.402,肾上腺坏死
5909,表 6-3-45 ,E27.403,继发性肾上腺皮质功能减退症
5910,表 6-3-45 ,E27.404,三发性肾上腺皮质功能减退症
5911,表 6-3-45 ,E27.405,醛固酮缺乏症
5912,表 6-3-45 ,E27.406,肾上腺钙化
5913,表 6-3-45 ,E27.407,肾上腺皮质功能减退症
5914,表 6-3-45 ,E27.500,肾上腺髓质功能亢进
5915,表 6-3-45 ,E27.500x003,儿茶酚胺分泌过多
5916,表 6-3-45 ,E27.501,肾上腺髓质增生
5917,表 6-3-45 ,E27.800x005,肾上腺增生
5918,表 6-3-45 ,E27.800x010,肾上腺结节性增生
5919,表 6-3-45 ,E27.800x012,肾上腺血肿
5920,表 6-3-45 ,E27.800x021,肾上腺病变
5921,表 6-3-45 ,E27.801,肾上腺囊肿
5922,表 6-3-45 ,E27.802,肾上腺脓肿
5923,表 6-3-45 ,E27.803,肾上腺皮质增生
5924,表 6-3-45 ,E27.804,肾上腺炎
5925,表 6-3-45 ,E27.805,肾上腺皮质结节样增生
5926,表 6-3-45 ,E27.806,皮质醇结合球蛋白异常
5927,表 6-3-45 ,E27.807,大结节性肾上腺皮质增生
5928,表 6-3-45 ,E27.808,原发性色素性结节性肾上腺皮质增生
5929,表 6-3-45 ,E27.809,肾上腺囊肿伴囊内出血
5930,表 6-3-45 ,E27.810,肾上腺假性囊肿
5931,表 6-3-45 ,E27.901,肾上腺肿物
5932,表 6-3-45 ,E28.000,雌激素过多
5933,表 6-3-45 ,E28.100,雄激素过多
5934,表 6-3-45 ,E28.200,多囊卵巢综合征
5935,表 6-3-45 ,E28.200x003,卵巢硬化性囊性综合征
5936,表 6-3-45 ,E28.300x001,早发绝经
5937,表 6-3-45 ,E28.300x002,卵巢功能减退
5938,表 6-3-45 ,E28.300x005,女性性腺功能低下
5939,表 6-3-45 ,E28.300x008,抗卵巢综合征
5940,表 6-3-45 ,E28.301,卵巢早衰
5941,表 6-3-45 ,E28.302,雌激素减少
5942,表 6-3-45 ,E28.303,卵巢功能衰竭
5943,表 6-3-45 ,E28.800x002,卵巢功能亢进
5944,表 6-3-45 ,E28.900,卵巢功能障碍
5945,表 6-3-45 ,E29.000,睾丸功能亢进
5946,表 6-3-45 ,E29.000x002,男性性腺功能亢进
5947,表 6-3-45 ,E29.001,睾丸激素分泌过多
5948,表 6-3-45 ,E29.002,雄激素分泌过多
5949,表 6-3-45 ,E29.100,睾丸功能减退症
5950,表 6-3-45 ,E29.100x002,男性性腺功能低下
5951,表 6-3-45 ,E29.100x004,睾丸雄激素生物合成障碍
5952,表 6-3-45 ,E29.101,原发性睾丸功能减退症
5953,表 6-3-45 ,E29.102,继发性睾丸功能减退症
5954,表 6-3-45 ,E29.103,幼稚型睾丸
5955,表 6-3-45 ,E29.104,高促性腺激素性性腺功能减退症
5956,表 6-3-45 ,E29.105,5α-还原酶缺陷症
5957,表 6-3-45 ,E29.106,雄激素部分缺乏综合征
5958,表 6-3-45 ,E29.800,睾丸功能障碍，其他的
5959,表 6-3-45 ,E29.900,睾丸功能障碍
5960,表 6-3-45 ,E30.000,青春期延迟
5961,表 6-3-45 ,E30.000x003,性发育迟缓
5962,表 6-3-45 ,E30.001,第二性征发育不全
5963,表 6-3-45 ,E30.002,幼稚型子宫
5964,表 6-3-45 ,E30.100,性早熟
5965,表 6-3-45 ,E30.100x002,真性性早熟
5966,表 6-3-45 ,E30.101,周围性性早熟
5967,表 6-3-45 ,E30.102,早发月经
5968,表 6-3-45 ,E30.103,青春期发育过早
5969,表 6-3-45 ,E30.801,乳腺过早发育
5970,表 6-3-45 ,E30.900,青春期疾患
5971,表 6-3-45 ,E31.000,自身免疫性多腺体衰竭
5972,表 6-3-45 ,E31.001,施密特综合征
5973,表 6-3-45 ,E31.002,自身免疫性多内分泌腺病综合征
5974,表 6-3-45 ,E31.100,多腺体功能亢进
5975,表 6-3-45 ,E31.800,多腺体功能障碍，其他的
5976,表 6-3-45 ,E31.900,多腺体功能障碍
5977,表 6-3-45 ,E31.901,多发性内分泌腺病
5978,表 6-3-45 ,E32.000,持续性胸腺增生
5979,表 6-3-45 ,E32.000x003,胸腺肥大
5980,表 6-3-45 ,E32.001,胸腺增生
5981,表 6-3-45 ,E32.002,先天性胸腺肥大
5982,表 6-3-45 ,E32.100,胸腺脓肿
5983,表 6-3-45 ,E32.800x001,胸腺淋巴体质
5984,表 6-3-45 ,E32.800x004,胸腺咽管瘘
5985,表 6-3-45 ,E32.800x005,胸腺咽管囊肿
5986,表 6-3-45 ,E32.801,胸腺囊肿
5987,表 6-3-45 ,E32.802,胸腺萎缩
5988,表 6-3-45 ,E32.900,胸腺病
5989,表 6-3-45 ,E34.000,类癌瘤综合征
5990,表 6-3-45 ,E34.100,肠激素分泌过多，其他的
5991,表 6-3-45 ,E34.200,异位激素分泌，不可归类在他处者
5992,表 6-3-45 ,E34.300x002,侏儒症
5993,表 6-3-45 ,E34.300x003,体质性身材矮小症
5994,表 6-3-45 ,E34.300x006,社会心理性矮小症
5995,表 6-3-45 ,E34.301,矮小症
5996,表 6-3-45 ,E34.302,家族性身材矮小症
5997,表 6-3-45 ,E34.303,原基性矮小症
5998,表 6-3-45 ,E34.304,生长激素不反应性侏儒症
5999,表 6-3-45 ,E34.305,拉伦氏综合征
6000,表 6-3-45 ,E34.400,体质性高身材
6001,表 6-3-45 ,E34.500,雄激素抵抗综合征
6002,表 6-3-45 ,E34.500x001,睾丸女性化
6003,表 6-3-45 ,E34.500x002,男性假两性畸形伴睾丸女性化
6004,表 6-3-45 ,E34.500x005,男性假两性同体伴雄激素抵抗
6005,表 6-3-45 ,E34.501,赖芬斯坦综合征
6006,表 6-3-45 ,E34.800x005,坏死性唾液腺组织化生
6007,表 6-3-45 ,E34.800x006,妖精貌综合征
6008,表 6-3-45 ,E34.801,松果体囊肿
6009,表 6-3-45 ,E34.802,松果体功能障碍
6010,表 6-3-45 ,E34.803,早老症
6011,表 6-3-45 ,E34.804,多诺霍综合征
6012,表 6-3-45 ,E34.805,松果体区肿物
6013,表 6-3-45 ,E34.900x003,激素失调
6014,表 6-3-45 ,E34.901+G73.5*,内分泌病性肌病
6015,表 6-3-45 ,E34.902+M82.1*,内分泌病性骨质疏松
6016,表 6-3-45 ,E34.903,内分泌功能障碍
6017,表 6-3-46 ,E50.000x001+H13.8*,维生素A缺乏伴结膜干燥症
6018,表 6-3-46 ,E50.100x001+H13.8*,少年儿童的比托斑点
6019,表 6-3-46 ,E50.100x002+H13.8*,维生素A缺乏伴比托斑点及结膜干燥症
6020,表 6-3-46 ,E50.200x001+H19.8*,维生素A缺乏伴角膜干燥症
6021,表 6-3-46 ,E50.300x001+H19.8*,维生素A缺乏伴角膜溃疡和干燥症
6022,表 6-3-46 ,E50.400x001+H19.8*,维生素A缺乏伴角膜软化
6023,表 6-3-46 ,E50.500x001+H58.1*,维生素A缺乏伴夜盲症
6024,表 6-3-46 ,E50.600x001+H19.8*,维生素A缺乏伴角膜干眼瘢痕
6025,表 6-3-46 ,E50.701+H19.8*,维生素A缺乏干眼症
6026,表 6-3-46 ,E50.800x002+L86*,维生素A缺乏伴毛囊角化病
6027,表 6-3-46 ,E50.801+L86*,维生素A缺乏合并皮肤干燥病
6028,表 6-3-46 ,E50.900,维生素A缺乏病
6029,表 6-3-46 ,E51.100,脚气病
6030,表 6-3-46 ,E51.100x002+G63.4*,糙皮病性多神经病
6031,表 6-3-46 ,E51.100x003+G63.4*,脚气病性多神经炎
6032,表 6-3-46 ,E51.100x005+I98.8*,湿性脚气病
6033,表 6-3-46 ,E51.100x006,干性脚气病
6034,表 6-3-46 ,E51.200+G32.8*,韦尼克脑病
6035,表 6-3-46 ,E51.800,硫胺素缺乏的其他表现
6036,表 6-3-46 ,E51.900,硫胺素缺乏
6037,表 6-3-46 ,E51.900x001,维生素B1缺乏[硫胺素缺乏]
6038,表 6-3-46 ,E52.x00,烟酸缺乏［糙皮病］
6039,表 6-3-46 ,E52.x00x002,酒精性糙皮病
6040,表 6-3-46 ,E52.x00x003,眼睑蜀黍红斑[睑糙皮病]
6041,表 6-3-46 ,E53.000,核黄素缺乏
6042,表 6-3-46 ,E53.100,吡哆醇缺乏
6043,表 6-3-46 ,E53.100x001,维生素B6缺乏
6044,表 6-3-46 ,E53.800x003+G32.0*,侧索联合变性病
6045,表 6-3-46 ,E53.800x010,叶酸盐缺乏
6046,表 6-3-46 ,E53.800x011,生物素缺乏
6047,表 6-3-46 ,E53.800x012,氰钻胺素缺乏
6048,表 6-3-46 ,E53.800x013,泛酸缺乏
6049,表 6-3-46 ,E53.800x014+G32.0*,维生素B12缺乏性贫血性脊髓后侧索硬化症
6050,表 6-3-46 ,E53.801+G32.0*,脊髓亚急性联合变性
6051,表 6-3-46 ,E53.802,叶酸缺乏症
6052,表 6-3-46 ,E53.803+G63.4*,维生素B12缺乏性周围神经病
6053,表 6-3-46 ,E53.804,维生素B12缺乏症
6054,表 6-3-46 ,E53.805+F02.8*,维生素B12缺乏性痴呆
6055,表 6-3-46 ,E53.900,维生素B缺乏病
6056,表 6-3-46 ,E53.900x002+G63.4*,维生素B缺乏性周围神经病
6057,表 6-3-46 ,E53.901,复合性维生素Ｂ缺乏症
6058,表 6-3-46 ,E54.x00,抗坏血酸缺乏
6059,表 6-3-46 ,E55.000x002,佝偻病性骨软化
6060,表 6-3-46 ,E55.000x003,幼年的骨软化性佝偻病
6061,表 6-3-46 ,E55.000x004,婴儿的骨软化性佝偻病
6062,表 6-3-46 ,E55.000x006,新生儿佝偻病
6063,表 6-3-46 ,E55.000x007,先天性佝偻病
6064,表 6-3-46 ,E55.001,佝偻病
6065,表 6-3-46 ,E55.002,维生素D缺乏性手足搐搦症
6066,表 6-3-46 ,E55.900,维生素D缺乏病
6067,表 6-3-46 ,E56.000,维生素E缺乏病
6068,表 6-3-46 ,E56.100,维生素K缺乏病
6069,表 6-3-46 ,E56.800x001,维生素P缺乏
6070,表 6-3-46 ,E56.900,维生素缺乏病
6071,表 6-3-46 ,E56.900x003+G63.4*,维生素缺乏性周围神经病
6072,表 6-3-46 ,E56.901+G63.4*,维生素缺乏性多神经炎
6073,表 6-3-46 ,E58.x00,饮食性钙缺乏
6074,表 6-3-46 ,E59.x00,饮食性硒缺乏
6075,表 6-3-46 ,E59.x01,克山病
6076,表 6-3-46 ,E60.x00,饮食性锌缺乏
6077,表 6-3-46 ,E61.000,铜缺乏
6078,表 6-3-46 ,E61.100,铁缺乏
6079,表 6-3-46 ,E61.200,镁缺乏
6080,表 6-3-46 ,E61.300,锰缺乏
6081,表 6-3-46 ,E61.400,铬缺乏
6082,表 6-3-46 ,E61.500,钼缺乏
6083,表 6-3-46 ,E61.600,钒缺乏
6084,表 6-3-46 ,E61.700,多种营养元素缺乏
6085,表 6-3-46 ,E61.800,营养元素缺乏，其他特指的
6086,表 6-3-46 ,E61.900,营养元素缺乏
6087,表 6-3-46 ,E63.000,必需脂肪酸［EFA］缺乏
6088,表 6-3-46 ,E63.100,摄入食物结构失衡
6089,表 6-3-46 ,E63.800,营养缺乏，其他特指的
6090,表 6-3-46 ,E63.900,营养缺乏
6091,表 6-3-46 ,E63.900x001,营养缺乏性多神经炎
6092,表 6-3-46 ,E63.901+I43.2*,营养性心肌病
6093,表 6-3-46 ,E63.902+G63.4*,营养性周围神经病
6094,表 6-3-46 ,E64.000,蛋白质-能量营养不良后遗症
6095,表 6-3-46 ,E64.100,维生素A缺乏后遗症
6096,表 6-3-46 ,E64.200,维生素C缺乏后遗症
6097,表 6-3-46 ,E64.300,佝偻病后遗症
6098,表 6-3-46 ,E64.800,营养缺乏后遗症，其他的
6099,表 6-3-46 ,E64.900,营养缺乏后遗症
6100,表 6-3-47 ,E65.x00x002,局部性肥胖症
6101,表 6-3-47 ,E65.x00x006,眼睑眶隔脂肪增多症
6102,表 6-3-47 ,E65.x00x010,肩部脂肪增多症
6103,表 6-3-47 ,E65.x00x011,腋部脂肪增多症
6104,表 6-3-47 ,E65.x00x013,小腿脂肪增多症
6105,表 6-3-47 ,E65.x01,腰部脂肪堆积
6106,表 6-3-47 ,E65.x02,背部脂肪堆积
6107,表 6-3-47 ,E65.x03,上肢脂肪堆积
6108,表 6-3-47 ,E65.x04,脂肪垫
6109,表 6-3-47 ,E65.x05,下颌脂肪袋
6110,表 6-3-47 ,E65.x07,颈部脂肪堆积
6111,表 6-3-47 ,E65.x08,面颊脂肪堆积
6112,表 6-3-47 ,E65.x09,大腿脂肪堆积
6113,表 6-3-47 ,E65.x10,腹部脂肪堆积
6114,表 6-3-47 ,E65.x11,臀部脂肪堆积
6115,表 6-3-47 ,E65.x12,盆腔脂肪增多症
6116,表 6-3-47 ,E65.x13,硬膜外脂肪过多症
6117,表 6-3-47 ,E66.000,过度热能引起的肥胖症
6118,表 6-3-47 ,E66.100,药物性肥胖症
6119,表 6-3-47 ,E66.200,极度肥胖症伴有小泡性肺换气不足
6120,表 6-3-47 ,E66.201,极度肥胖伴低通气综合征
6121,表 6-3-47 ,E66.801,病态性肥胖
6122,表 6-3-47 ,E66.900,肥胖症
6123,表 6-3-47 ,E66.900x001,单纯性肥胖
6124,表 6-3-47 ,E66.901,重度肥胖
6125,表 6-3-47 ,E66.902+N08.4*,肥胖相关性肾病
6126,表 6-3-47 ,E67.000,维生素A过多症
6127,表 6-3-47 ,E67.100,高胡萝卜素血症
6128,表 6-3-47 ,E67.200,大剂量维生素B6综合征
6129,表 6-3-47 ,E67.300,维生素D过多症
6130,表 6-3-47 ,E67.800,营养过度，其他特指的
6131,表 6-3-47 ,E68.x00,营养过度后遗症
6132,表 6-3-48 ,E70.000,典型的苯丙酮酸尿
6133,表 6-3-48 ,E70.000x002,苯丙酮酸性精神幼稚病
6134,表 6-3-48 ,E70.100x001,苯丙酮尿症
6135,表 6-3-48 ,E70.100x004,苯丙氨酸羟化酶缺乏症
6136,表 6-3-48 ,E70.101,高苯丙氨酸血症
6137,表 6-3-48 ,E70.102,四氢生物蝶呤缺乏症
6138,表 6-3-48 ,E70.200,酪氨酸代谢紊乱
6139,表 6-3-48 ,E70.201,高酪氨酸血症
6140,表 6-3-48 ,E70.202,黑尿酸症
6141,表 6-3-48 ,E70.203,褐黄病
6142,表 6-3-48 ,E70.204,酪氨酸尿症
6143,表 6-3-48 ,E70.205,原发性酪氨酸血症
6144,表 6-3-48 ,E70.300,白化病
6145,表 6-3-48 ,E70.300x003,切迪阿克-施泰因布林克-东综合征[Chediak-Steinbrinck-Higashi综合征]
6146,表 6-3-48 ,E70.300x004,克罗斯综合征[Cross综合征]
6147,表 6-3-48 ,E70.300x005,赫日曼斯基-普德拉克综合征[Hermansky-Pudlak综合征]
6148,表 6-3-48 ,E70.301,瓦登伯格综合征
6149,表 6-3-48 ,E70.302,眼白化病
6150,表 6-3-48 ,E70.800x001,组氨酸血症
6151,表 6-3-48 ,E70.800x002,色氨酸代谢紊乱
6152,表 6-3-48 ,E70.800x003,组氨酸代谢紊乱
6153,表 6-3-48 ,E70.900,芳香氨基酸代谢紊乱
6154,表 6-3-48 ,E71.000,槭糖尿病
6155,表 6-3-48 ,E71.100x003,高缬氨酸血症
6156,表 6-3-48 ,E71.100x004,异缬氨酸血症
6157,表 6-3-48 ,E71.100x005,甲基丙二酸尿症
6158,表 6-3-48 ,E71.101,丙酸血症
6159,表 6-3-48 ,E71.102,甲基丙二酸血症
6160,表 6-3-48 ,E71.103,异戊酸血症
6161,表 6-3-48 ,E71.200,支链氨基酸代谢紊乱
6162,表 6-3-48 ,E71.300,脂肪酸代谢紊乱
6163,表 6-3-48 ,E71.300x005,继发性肉碱缺乏症
6164,表 6-3-48 ,E71.300x006,新生儿肾上腺脑白质病
6165,表 6-3-48 ,E71.300x011,肾上腺脑白质营养不良[Addison-Schilder综合征]
6166,表 6-3-48 ,E71.301,肾上腺脑白质营养不良
6167,表 6-3-48 ,E71.302,原发性肉碱缺乏症
6168,表 6-3-48 ,E71.303,肾上腺脊髓周围神经病
6169,表 6-3-48 ,E71.304,肉毒碱棕榈酰转移酶缺乏症
6170,表 6-3-48 ,E71.305,极长链酰基辅酶A脱氢酶缺陷症
6171,表 6-3-48 ,E71.307,中链酰基辅酶A脱氢酶缺乏症
6172,表 6-3-48 ,E71.308,极长链酰基辅酶A脱氢酶缺乏症
6173,表 6-3-48 ,E71.309,长链3-羟酰基辅酶A脱氢酶缺乏症
6174,表 6-3-48 ,E71.310,多种酰基辅酶A脱氢酶缺乏症
6175,表 6-3-48 ,E72.001,甘氨酸尿症
6176,表 6-3-48 ,E72.002,范科尼综合征
6177,表 6-3-48 ,E72.003,胱氨酸尿症
6178,表 6-3-48 ,E72.004,哈特纳普病
6179,表 6-3-48 ,E72.005,洛氏综合征
6180,表 6-3-48 ,E72.006+N29.8*,胱氨酸沉积病性肾损害
6181,表 6-3-48 ,E72.007,赖氨酸尿蛋白不耐受症
6182,表 6-3-48 ,E72.100x003,胱硫醚尿症
6183,表 6-3-48 ,E72.100x004,高胱氨酸尿症
6184,表 6-3-48 ,E72.100x005,蛋氨酸血症
6185,表 6-3-48 ,E72.100x006,亚硫酸盐氧化酶缺乏症
6186,表 6-3-48 ,E72.100x007,同型半胱氨酸尿症
6187,表 6-3-48 ,E72.101,高同型半胱氨酸血症
6188,表 6-3-48 ,E72.102,同型半胱氨酸血症
6189,表 6-3-48 ,E72.200x002,一过性高氨血症
6190,表 6-3-48 ,E72.200x004,精氨酸血症
6191,表 6-3-48 ,E72.200x007,先天性高氨血症
6192,表 6-3-48 ,E72.200x008,尿素循环障碍
6193,表 6-3-48 ,E72.201,高氨血症
6194,表 6-3-48 ,E72.202,瓜氨酸血症
6195,表 6-3-48 ,E72.203,精氨基琥珀酸尿症
6196,表 6-3-48 ,E72.204,精氨酸酶缺乏症
6197,表 6-3-48 ,E72.205,N-乙酰谷氨酸合成酶缺乏症
6198,表 6-3-48 ,E72.300x001,羟赖氨酸血症
6199,表 6-3-48 ,E72.300x002,高赖氨酸血症
6200,表 6-3-48 ,E72.301,羟赖氨酸代谢紊乱
6201,表 6-3-48 ,E72.302,戊二酸血症
6202,表 6-3-48 ,E72.303,戊二酸尿症
6203,表 6-3-48 ,E72.304,戊二酸血症I型
6204,表 6-3-48 ,E72.305,戊二酸血症Ⅱ型
6205,表 6-3-48 ,E72.306,戊二酸血症Ⅲ型
6206,表 6-3-48 ,E72.400,鸟氨酸代谢紊乱
6207,表 6-3-48 ,E72.400x001,鸟氨酸血症I型
6208,表 6-3-48 ,E72.400x002,鸟氨酸血症II型
6209,表 6-3-48 ,E72.401,高鸟胺酸血症-高氨血症-高瓜胺酸血症候群
6210,表 6-3-48 ,E72.402,鸟氨酸氨甲酰基转移酶缺乏症
6211,表 6-3-48 ,E72.500,甘油酸代谢紊乱
6212,表 6-3-48 ,E72.500x001,高羟氨酸血症
6213,表 6-3-48 ,E72.500x002,高脯氨酸血症I型
6214,表 6-3-48 ,E72.500x003,高脯氨酸血症II型
6215,表 6-3-48 ,E72.500x004,非酮病性高甘胺酸血症
6216,表 6-3-48 ,E72.500x005,肌氨酸血症
6217,表 6-3-48 ,E72.800x001,脲环代谢紊乱
6218,表 6-3-48 ,E72.800x002,直链氨基酸代谢障碍
6219,表 6-3-48 ,E72.800x004,β氨基酸代谢紊乱
6220,表 6-3-48 ,E72.800x005,γ氨基酸代谢紊乱
6221,表 6-3-48 ,E72.900x002,氨基酸尿
6222,表 6-3-48 ,E72.900x004,低氨基酸尿症
6223,表 6-3-48 ,E72.900x006,氨基酸代谢病
6224,表 6-3-48 ,E72.901,低氨基酸血症
6225,表 6-3-48 ,E72.902,高氨基酸尿症
6226,表 6-3-48 ,E73.000,先天性乳糖缺乏
6227,表 6-3-48 ,E73.100,继发性乳糖缺乏
6228,表 6-3-48 ,E73.800,"乳糖不耐受,其他的"
6229,表 6-3-48 ,E73.900,乳糖不耐受
6230,表 6-3-48 ,E74.000,糖原贮积病
6231,表 6-3-48 ,E74.000x006,肝磷酸化酶缺乏
6232,表 6-3-48 ,E74.000x007,安德森病
6233,表 6-3-48 ,E74.000x008,科里病
6234,表 6-3-48 ,E74.000x009,福布斯病
6235,表 6-3-48 ,E74.000x010,赫尔病
6236,表 6-3-48 ,E74.000x011,麦卡德尔病
6237,表 6-3-48 ,E74.000x012,蓬佩病
6238,表 6-3-48 ,E74.000x013,冯-吉尔克病
6239,表 6-3-48 ,E74.000x016+I43.1*,Danon病
6240,表 6-3-48 ,E74.001,Ⅰ型糖原贮积症
6241,表 6-3-48 ,E74.002,葡萄糖-6-磷酸酶缺乏
6242,表 6-3-48 ,E74.003,Ⅱ型糖原贮积症
6243,表 6-3-48 ,E74.004,Ⅲ型糖原贮积症
6244,表 6-3-48 ,E74.005,Ⅴ型糖原贮积症
6245,表 6-3-48 ,E74.006+K77.8*,肝糖原贮积症
6246,表 6-3-48 ,E74.007+G73.6*,糖原贮积症肌病
6247,表 6-3-48 ,E74.008+I43.1*,心脏糖原贮积症
6248,表 6-3-48 ,E74.009,Ⅶ型糖原贮积症
6249,表 6-3-48 ,E74.100,果糖代谢紊乱
6250,表 6-3-48 ,E74.100x002,原发性果糖尿症
6251,表 6-3-48 ,E74.100x004,"果糖-1,6-二磷酸缺乏"
6252,表 6-3-48 ,E74.101,遗传性果糖不耐受症
6253,表 6-3-48 ,E74.200,半乳糖代谢紊乱
6254,表 6-3-48 ,E74.200x002,半乳糖激酶缺乏
6255,表 6-3-48 ,E74.201,半乳糖血症
6256,表 6-3-48 ,E74.300x001,葡萄糖及半乳糖吸收不良
6257,表 6-3-48 ,E74.300x002,肠二糖酶缺乏及二糖吸收不良
6258,表 6-3-48 ,E74.300x003,庶糖酶缺乏
6259,表 6-3-48 ,E74.400,丙酮酸盐代谢和糖异生紊乱
6260,表 6-3-48 ,E74.400x005,丙酮酸脱羧酶缺乏
6261,表 6-3-48 ,E74.401,丙酮酸羧化酶缺乏
6262,表 6-3-48 ,E74.402,磷酸烯醇丙酮酸羧激酶缺乏
6263,表 6-3-48 ,E74.403,丙酮酸脱氢酶缺乏
6264,表 6-3-48 ,E74.800x006,高乳酸血症
6265,表 6-3-48 ,E74.800x007,葡萄糖转运体1缺陷
6266,表 6-3-48 ,E74.801,肾性糖尿
6267,表 6-3-48 ,E74.802,原发性戊糖尿
6268,表 6-3-48 ,E74.803,草酸盐沉着症
6269,表 6-3-48 ,E74.804,草酸尿
6270,表 6-3-48 ,E74.900x002,多羧酶缺乏
6271,表 6-3-48 ,E74.901,糖代谢紊乱
6272,表 6-3-48 ,E75.000x001,桑德霍夫病[Sandhoff病]
6273,表 6-3-48 ,E75.000x002,泰-萨克斯病[Tay-Sachs病]
6274,表 6-3-48 ,E75.000x003,成年型GM2神经节苷脂贮积症
6275,表 6-3-48 ,E75.000x004,幼年型GM2神经节苷脂贮积症
6276,表 6-3-48 ,E75.100x001,神经节苷脂贮积症
6277,表 6-3-48 ,E75.100x002,GM1神经节苷脂贮积症
6278,表 6-3-48 ,E75.100x004,粘脂贮积病IV型
6279,表 6-3-48 ,E75.101,GM3神经节苷脂沉积症
6280,表 6-3-48 ,E75.200x006,克拉贝病
6281,表 6-3-48 ,E75.200x007,法伯综合征
6282,表 6-3-48 ,E75.200x009,中枢神经系统海绵样变性[卡纳万病]
6283,表 6-3-48 ,E75.200x010,海蓝组织细胞增生症
6284,表 6-3-48 ,E75.200x011,戈谢病II型
6285,表 6-3-48 ,E75.200x012,尼曼-匹克病A型
6286,表 6-3-48 ,E75.200x013,弥漫性体部血管角化瘤
6287,表 6-3-48 ,E75.201,戈谢病
6288,表 6-3-48 ,E75.202,脑白质营养不良
6289,表 6-3-48 ,E75.203,尼曼-皮克病
6290,表 6-3-48 ,E75.204,异染性脑白质营养不良
6291,表 6-3-48 ,E75.205,法布里病
6292,表 6-3-48 ,E75.206,硫酸酯酶缺乏
6293,表 6-3-48 ,E75.300,神经鞘脂贮积症
6294,表 6-3-48 ,E75.400,神经元蜡样脂褐质贮积症
6295,表 6-3-48 ,E75.400x002,巴藤病
6296,表 6-3-48 ,E75.400x003,比尔朔夫斯基-杨斯基病
6297,表 6-3-48 ,E75.400x004,库夫斯病
6298,表 6-3-48 ,E75.400x005,施皮格尔迈尔-沃格特病
6299,表 6-3-48 ,E75.500x001,中性脂质贮积病
6300,表 6-3-48 ,E75.501,黄色瘤
6301,表 6-3-48 ,E75.502,幼年性黄色瘤
6302,表 6-3-48 ,E75.503,原发性家族性黄瘤病
6303,表 6-3-48 ,E75.504,脑腱胆固醇沉着病
6304,表 6-3-48 ,E75.505,沃尔曼病
6305,表 6-3-48 ,E75.600x001,脂贮积病
6306,表 6-3-48 ,E75.600x002+G32.8*,全身性脂贮积症性大脑变性
6307,表 6-3-48 ,E75.601+G73.6*,脂质沉积性肌病
6308,表 6-3-48 ,E75.602+F02.8*,脑脂质沉积性痴呆
6309,表 6-3-48 ,E76.000,黏多糖贮积症，Ⅰ型
6310,表 6-3-48 ,E76.100,黏多糖贮积症，Ⅱ型
6311,表 6-3-48 ,E76.200x001,粘多糖贮积病III型
6312,表 6-3-48 ,E76.200x002,B型圣菲利浦综合征
6313,表 6-3-48 ,E76.200x003,C型圣菲利浦综合征
6314,表 6-3-48 ,E76.200x004,D型圣菲利浦综合征
6315,表 6-3-48 ,E76.200x006,粘多糖贮积病VI型
6316,表 6-3-48 ,E76.200x007,粘多糖贮积病VII型
6317,表 6-3-48 ,E76.200x008,类似莫固综合征
6318,表 6-3-48 ,E76.200x009,典型莫固综合征
6319,表 6-3-48 ,E76.200x010,轻度马罗托-拉米综合征
6320,表 6-3-48 ,E76.200x011,重度马罗托-拉米综合征
6321,表 6-3-48 ,E76.200x012,β葡萄糖醛酸酶缺乏
6322,表 6-3-48 ,E76.201,黏多糖贮积症，Ⅳ型
6323,表 6-3-48 ,E76.300,黏多糖贮积症
6324,表 6-3-48 ,E76.300x002+I52.8*,粘多糖贮积性心脏病
6325,表 6-3-48 ,E76.800,"糖胺聚糖代谢紊乱,其他的"
6326,表 6-3-48 ,E76.900x001,氨基葡聚糖代谢紊乱
6327,表 6-3-48 ,E77.000,溶酶体酶翻译后修饰缺陷
6328,表 6-3-48 ,E77.000x002,粘脂贮积病II型[I细胞病]
6329,表 6-3-48 ,E77.000x003,粘脂贮积病III型[假胡勒多种营养不良]
6330,表 6-3-48 ,E77.100x002,天冬氨酰葡萄糖胺尿症
6331,表 6-3-48 ,E77.100x003,岩藻糖苷贮积病
6332,表 6-3-48 ,E77.100x004,甘露糖苷过多症
6333,表 6-3-48 ,E77.100x005,粘脂贮积病I型[唾液酸沉积病]
6334,表 6-3-48 ,E77.100x006,β-甘露糖苷酶缺失
6335,表 6-3-48 ,E77.801,低蛋白血症
6336,表 6-3-48 ,E77.900,糖蛋白代谢紊乱
6337,表 6-3-48 ,E78.000,纯高胆固醇血症
6338,表 6-3-48 ,E78.000x003,A族高脂血症
6339,表 6-3-48 ,E78.000x004,高β脂蛋白血症
6340,表 6-3-48 ,E78.000x005,弗雷德里克森高脂蛋白血症IIa型
6341,表 6-3-48 ,E78.000x006,低密度脂蛋白型高脂蛋白血症
6342,表 6-3-48 ,E78.000x007,胆固醇综合征
6343,表 6-3-48 ,E78.001,家族性高胆固醇血症
6344,表 6-3-48 ,E78.002,高低密度脂蛋白胆固醇血症
6345,表 6-3-48 ,E78.003,纯合子家族性高胆固醇血症
6346,表 6-3-48 ,E78.100,纯高甘油酯血症
6347,表 6-3-48 ,E78.100x002,极低密度脂蛋白型高脂蛋白血症
6348,表 6-3-48 ,E78.100x003,高前β脂蛋白血症
6349,表 6-3-48 ,E78.100x004,内源性高甘油酯血症
6350,表 6-3-48 ,E78.100x005,B族高脂血症
6351,表 6-3-48 ,E78.100x007,弗雷德里克森高脂蛋白血症IV型
6352,表 6-3-48 ,E78.100x008,家族性高甘油三酯血症
6353,表 6-3-48 ,E78.200,混合性高脂血症
6354,表 6-3-48 ,E78.200x008,高胆固醇血症伴内源性高甘油酯血症
6355,表 6-3-48 ,E78.200x012,弗雷德里克森高脂蛋白血症III型
6356,表 6-3-48 ,E78.201,结节性黄色瘤
6357,表 6-3-48 ,E78.202,扁平黄色瘤
6358,表 6-3-48 ,E78.204,悬浮β脂蛋白血症
6359,表 6-3-48 ,E78.205,高β脂蛋白血症伴高前β脂蛋白血症
6360,表 6-3-48 ,E78.206,播散性黄色瘤
6361,表 6-3-48 ,E78.207,疹性黄色瘤
6362,表 6-3-48 ,E78.208,高脂血症C族
6363,表 6-3-48 ,E78.209,Ⅱb型弗雷德里克森高脂蛋白血症
6364,表 6-3-48 ,E78.210,结节疹性黄色瘤
6365,表 6-3-48 ,E78.300x001,混合型高甘油酯血症
6366,表 6-3-48 ,E78.300x002,弗雷德里克森高脂蛋白血症I型
6367,表 6-3-48 ,E78.300x003,弗雷德里克森高脂蛋白血症V型
6368,表 6-3-48 ,E78.300x004,D族高脂血症
6369,表 6-3-48 ,E78.401,家族性混合性高脂血症
6370,表 6-3-48 ,E78.402,谷固醇血症
6371,表 6-3-48 ,E78.500,高脂血症
6372,表 6-3-48 ,E78.500x001,高脂异常综合征
6373,表 6-3-48 ,E78.600,脂蛋白缺乏
6374,表 6-3-48 ,E78.600x001,棘红细胞增多症
6375,表 6-3-48 ,E78.600x003,卵磷脂胆固醇酰基转移酶缺乏
6376,表 6-3-48 ,E78.600x006,高密度脂蛋白缺乏
6377,表 6-3-48 ,E78.600x007,低α脂蛋白血症
6378,表 6-3-48 ,E78.600x008,丹吉尔病
6379,表 6-3-48 ,E78.600x009,低β脂蛋白血症
6380,表 6-3-48 ,E78.600x010,家族性低β脂蛋白血症
6381,表 6-3-48 ,E78.600x011,低胆固醇血症
6382,表 6-3-48 ,E78.601,载脂蛋白B缺乏
6383,表 6-3-48 ,E78.602,无β脂蛋白血症
6384,表 6-3-48 ,E78.800x002,脂性乌尔巴赫蛋白沉积症
6385,表 6-3-48 ,E78.801,脂肪肉芽肿病
6386,表 6-3-48 ,E78.900,脂蛋白代谢紊乱
6387,表 6-3-48 ,E78.901,骨软骨营养不良
6388,表 6-3-48 ,E79.001,高尿酸血症
6389,表 6-3-48 ,E79.100,莱施-尼汉综合征
6390,表 6-3-48 ,E79.800x001,遗传性黄嘌呤尿
6391,表 6-3-48 ,E79.900,嘌呤和嘧啶代谢紊乱
6392,表 6-3-48 ,E80.000,遗传性红细胞生成性卟啉症
6393,表 6-3-48 ,E80.000x004,血卟啉病
6394,表 6-3-48 ,E80.001,先天性红细胞生成性卟啉病
6395,表 6-3-48 ,E80.002,红细胞生成性卟啉病
6396,表 6-3-48 ,E80.003,肝性红细胞生成性卟啉病
6397,表 6-3-48 ,E80.100,迟发性皮肤卟啉症
6398,表 6-3-48 ,E80.100x002,肝性红细胞生成型卟啉病
6399,表 6-3-48 ,E80.200x001,卟啉病[紫质病]
6400,表 6-3-48 ,E80.200x004,急性间歇性卟啉病
6401,表 6-3-48 ,E80.200x005,急性间歇性肝卟啉病
6402,表 6-3-48 ,E80.200x006,卟啉病神经病
6403,表 6-3-48 ,E80.200x007,X连锁显形原卟啉病
6404,表 6-3-48 ,E80.200x008,假性卟啉病
6405,表 6-3-48 ,E80.201,三羧基卟啉病
6406,表 6-3-48 ,E80.202,混合型卟啉病
6407,表 6-3-48 ,E80.203,遗传性粪卟啉病
6408,表 6-3-48 ,E80.300x001,过氧化氢酶缺乏
6409,表 6-3-48 ,E80.301,过氧化物酶缺乏
6410,表 6-3-48 ,E80.302,δ-氨基酮戊酸脱水酶缺陷型卟啉病
6411,表 6-3-48 ,E80.400,吉尔伯特综合征
6412,表 6-3-48 ,E80.500,克里格勒-纳贾综合征
6413,表 6-3-48 ,E80.501,葡萄糖醛酸转移酶缺乏
6414,表 6-3-48 ,E80.600x005,体质性高胆红素血症
6415,表 6-3-48 ,E80.600x006,胆红素排泄障碍
6416,表 6-3-48 ,E80.600x007,肝炎后高胆红素血症
6417,表 6-3-48 ,E80.600x008,家族性肝内胆汁淤积症[Byler病]
6418,表 6-3-48 ,E80.601,迪宾-约翰逊综合征
6419,表 6-3-48 ,E80.602,先天性高胆红素血症
6420,表 6-3-48 ,E80.603,罗托综合征
6421,表 6-3-48 ,E80.700,胆红素代谢紊乱
6422,表 6-3-48 ,E83.000,铜代谢紊乱
6423,表 6-3-48 ,E83.000x005,毛发纽结型门克病
6424,表 6-3-48 ,E83.000x006,坚硬发型门克病
6425,表 6-3-48 ,E83.001,肝豆状核变性
6426,表 6-3-48 ,E83.002,门克斯综合征
6427,表 6-3-48 ,E83.003+F02.8*,肝豆状核变性痴呆
6428,表 6-3-48 ,E83.100,铁代谢紊乱
6429,表 6-3-48 ,E83.100x006+M14.5*,血色素沉着型关节病
6430,表 6-3-48 ,E83.100x008+N16.3*,含铁血黄素沉积相关肾损害
6431,表 6-3-48 ,E83.101,血色病
6432,表 6-3-48 ,E83.102,肝含铁血黄素沉积症
6433,表 6-3-48 ,E83.103,血色病性心肌病
6434,表 6-3-48 ,E83.104+J99.8*,肺含铁血黄素沉积症
6435,表 6-3-48 ,E83.200,锌代谢紊乱
6436,表 6-3-48 ,E83.200x002,高锌血症
6437,表 6-3-48 ,E83.201,肠病性肢端皮炎
6438,表 6-3-48 ,E83.300x007,抗维生素D性佝偻病
6439,表 6-3-48 ,E83.300x008+M90.8*,维生素D依赖性佝偻病
6440,表 6-3-48 ,E83.300x010,家族性低磷酸盐血症
6441,表 6-3-48 ,E83.300x012+M90.8*,维生素D抵抗性骨软化
6442,表 6-3-48 ,E83.300x014,低磷酸脂酶症
6443,表 6-3-48 ,E83.300x021+M90.8*,低磷抗D性软骨病
6444,表 6-3-48 ,E83.301,高磷尿症
6445,表 6-3-48 ,E83.302,酸性磷酸酶缺乏
6446,表 6-3-48 ,E83.303,磷代谢紊乱
6447,表 6-3-48 ,E83.304,低磷血症
6448,表 6-3-48 ,E83.305,磷酸酶过少症
6449,表 6-3-48 ,E83.306,低碱性磷酸酶血症
6450,表 6-3-48 ,E83.307+M90.8*,低磷性骨软化症
6451,表 6-3-48 ,E83.308+M90.8*,低磷性佝偻病
6452,表 6-3-48 ,E83.309,高磷酸盐血症
6453,表 6-3-48 ,E83.401,低镁血症
6454,表 6-3-48 ,E83.402,高镁血症
6455,表 6-3-48 ,E83.403,遗传性低镁血症
6456,表 6-3-48 ,E83.500x001,低钙血性惊厥
6457,表 6-3-48 ,E83.500x006+H28.1*,低钙血性白内障[手足搐搦性白内障]
6458,表 6-3-48 ,E83.500x007,特发性高钙尿症
6459,表 6-3-48 ,E83.500x008,家族性低钙尿性高钙血症
6460,表 6-3-48 ,E83.500x009,钙质沉着症
6461,表 6-3-48 ,E83.500x011,肿瘤样钙盐沉着症
6462,表 6-3-48 ,E83.501,高钙危象
6463,表 6-3-48 ,E83.502,高钙血症
6464,表 6-3-48 ,E83.503,低钙血症
6465,表 6-3-48 ,E83.504,高钙尿症
6466,表 6-3-48 ,E83.505+F02.8*,高钙血症性痴呆
6467,表 6-3-48 ,E83.800,矿物质代谢紊乱，其他的
6468,表 6-3-48 ,E83.900,矿物质代谢紊乱
6469,表 6-3-48 ,E84.001,肺囊性纤维化
6470,表 6-3-48 ,E84.101+P75*,囊性纤维化性胎粪性肠梗阻
6471,表 6-3-48 ,E84.102,远端肠梗阻综合症
6472,表 6-3-48 ,E84.801,囊性纤维化伴混合表现
6473,表 6-3-48 ,E84.900,囊性纤维化病
6474,表 6-3-48 ,E84.901,胰腺囊性纤维变性
6475,表 6-3-48 ,E85.000,非神经病性家族遗传性淀粉样变
6476,表 6-3-48 ,E85.001,家族性地中海热
6477,表 6-3-48 ,E85.002,遗传性淀粉样肾病
6478,表 6-3-48 ,E85.100x002,淀粉样多发性神经病变
6479,表 6-3-48 ,E85.101+G63.3*,淀粉样变性周围神经病
6480,表 6-3-48 ,E85.200x001,家族遗传性淀粉样变性
6481,表 6-3-48 ,E85.300x002,继发性淀粉样变性
6482,表 6-3-48 ,E85.300x003,透析相关性淀粉样变病
6483,表 6-3-48 ,E85.400x004,脾淀粉样变性
6484,表 6-3-48 ,E85.400x005,上呼吸道淀粉样变性
6485,表 6-3-48 ,E85.400x006,咽淀粉样变性
6486,表 6-3-48 ,E85.400x008+G99.0*,淀粉样变性性周围神经病
6487,表 6-3-48 ,E85.400x012,脑淀粉样变
6488,表 6-3-48 ,E85.400x014,局限性淀粉样变性
6489,表 6-3-48 ,E85.401,淀粉样变声带损害
6490,表 6-3-48 ,E85.402,淀粉样变鼻咽损害
6491,表 6-3-48 ,E85.403,淀粉样变膀胱损害
6492,表 6-3-48 ,E85.404,淀粉样变支气管损害
6493,表 6-3-48 ,E85.405,淀粉样变齿龈损害
6494,表 6-3-48 ,E85.406,淀粉样变甲状腺损害
6495,表 6-3-48 ,E85.407,淀粉样变气管损害
6496,表 6-3-48 ,E85.408,淀粉样变血管损害
6497,表 6-3-48 ,E85.409,淀粉样变喉损害
6498,表 6-3-48 ,E85.410,淀粉样变胸膜损害
6499,表 6-3-48 ,E85.411+N29.8*,淀粉样变肾损害
6500,表 6-3-48 ,E85.412+J99.8*,淀粉样变肺损害
6501,表 6-3-48 ,E85.413+L99.0*,淀粉样变皮肤损害
6502,表 6-3-48 ,E85.414+I68.0*,淀粉样变脑血管损害
6503,表 6-3-48 ,E85.415+K77.8*,淀粉样变肝损害
6504,表 6-3-48 ,E85.416+I43.1*,淀粉样变心脏损害
6505,表 6-3-48 ,E85.417+K93.8*,淀粉样变肠道损害
6506,表 6-3-48 ,E85.418,眼睑淀粉样变性
6507,表 6-3-48 ,E85.800,淀粉样变，其他的
6508,表 6-3-48 ,E85.900,淀粉样变
6509,表 6-3-48 ,E85.900x003,斑疹性淀粉样变性
6510,表 6-3-48 ,E85.901,原发性淀粉样变性
6511,表 6-3-48 ,E86.x00x001,低血容量
6512,表 6-3-48 ,E86.x00x003,细胞外液缺失
6513,表 6-3-48 ,E86.x00x004,血浆容量缺失
6514,表 6-3-48 ,E86.x01,脱水
6515,表 6-3-48 ,E87.001,高钠血症
6516,表 6-3-48 ,E87.101,脑耗盐综合征
6517,表 6-3-48 ,E87.102,低钠血症
6518,表 6-3-48 ,E87.200x002,高血氯性酸中毒
6519,表 6-3-48 ,E87.201,代谢性酸中毒
6520,表 6-3-48 ,E87.202,混合性酸中毒
6521,表 6-3-48 ,E87.203,呼吸性酸中毒
6522,表 6-3-48 ,E87.204,乳酸性酸中毒
6523,表 6-3-48 ,E87.205,有机酸血症
6524,表 6-3-48 ,E87.206,先天性高乳酸血症
6525,表 6-3-48 ,E87.301,代谢性碱中毒
6526,表 6-3-48 ,E87.302,低钾性碱中毒
6527,表 6-3-48 ,E87.303,呼吸性碱中毒
6528,表 6-3-48 ,E87.400,混合性酸碱平衡失调
6529,表 6-3-48 ,E87.500,高钾血症
6530,表 6-3-48 ,E87.501,假性低醛固酮血症
6531,表 6-3-48 ,E87.600,低钾血症
6532,表 6-3-48 ,E87.600x002,低钾性抽搐
6533,表 6-3-48 ,E87.600x003,钾缺乏
6534,表 6-3-48 ,E87.600x004,低钾性肌病
6535,表 6-3-48 ,E87.700,体液过多
6536,表 6-3-48 ,E87.701,水中毒
6537,表 6-3-48 ,E87.800x004,低钾钠氯综合征
6538,表 6-3-48 ,E87.801,电解质代谢紊乱
6539,表 6-3-48 ,E87.802,高氯血症
6540,表 6-3-48 ,E87.803,低氯血症
6541,表 6-3-48 ,E88.000x002,α1-抗胰蛋白酶缺乏症
6542,表 6-3-48 ,E88.000x003,双白蛋白血症
6543,表 6-3-48 ,E88.001,高蛋白血症
6544,表 6-3-48 ,E88.100x001,部分性脂肪营养不良
6545,表 6-3-48 ,E88.100x002,进行性脂肪营养不良
6546,表 6-3-48 ,E88.100x004,脂肪营养不良
6547,表 6-3-48 ,E88.100x005,胰岛素性脂肪营养不良
6548,表 6-3-48 ,E88.100x006,蛋白酶抑制剂相关性脂肪营养不良
6549,表 6-3-48 ,E88.101,全身性脂肪营养不良
6550,表 6-3-48 ,E88.202,疼痛性脂肪过多症
6551,表 6-3-48 ,E88.203,脂肪堆积
6552,表 6-3-48 ,E88.300,肿瘤溶解综合征
6553,表 6-3-48 ,E88.800x004,三甲胺尿症
6554,表 6-3-48 ,E88.800x005,洛奴瓦-邦索德腺脂瘤病
6555,表 6-3-48 ,E88.800x007,还原型烟酰胺腺嘌呤二核苷酸-辅酶Q还原酶缺乏
6556,表 6-3-48 ,E88.800x008,还原辅酶Q-细胞色素水解酶还原酶缺乏
6557,表 6-3-48 ,E88.800x009,琥珀酸-辅酶Q还原酶缺乏
6558,表 6-3-48 ,E88.800x013,希特林蛋白缺乏症
6559,表 6-3-48 ,E88.801,霍法病
6560,表 6-3-48 ,E88.802,酮症
6561,表 6-3-48 ,E88.803,饥饿性酮症
6562,表 6-3-48 ,E88.804,良性对称性脂肪瘤病
6563,表 6-3-48 ,E88.806,线粒体DNA缺失
6564,表 6-3-48 ,E88.807,β-酮硫解酶缺乏症
6565,表 6-3-48 ,E88.900x010,先天性遗传代谢病[先天性代谢缺陷]
6566,表 6-3-48 ,E88.901,代谢障碍
6567,表 6-3-48 ,E88.902+M90.8*,代谢性骨病
6568,表 6-3-48 ,E88.903,遗传性代谢病
6569,表 6-3-48 ,E88.904+G99.2*,代谢性脊髓病
6570,表 6-3-48 ,E88.905+G99.0*,代谢性周围神经病
6571,表 6-3-48 ,E88.906+H28.1*,代谢性白内障
6572,表 6-3-48 ,E88.907+I43.1*,代谢性心肌病
6573,表 6-3-48 ,E88.908+G73.6*,代谢性肌病
6574,表 6-3-48 ,E89.000,操作后甲状腺功能减退症
6575,表 6-3-48 ,E89.001,手术后甲状腺功能减退
6576,表 6-3-48 ,E89.002,放射后甲状腺功能减退
6577,表 6-3-48 ,E89.100,操作后血内胰岛素不足
6578,表 6-3-48 ,E89.101,手术后低血糖昏迷
6579,表 6-3-48 ,E89.102,手术后低胰岛素血症
6580,表 6-3-48 ,E89.200x001,甲状旁腺缺失性手足搐搦
6581,表 6-3-48 ,E89.201,手术后甲状旁腺功能减退
6582,表 6-3-48 ,E89.300x002,医源性垂体功能减退症
6583,表 6-3-48 ,E89.300x003,放射后垂体功能减退症
6584,表 6-3-48 ,E89.301,手术后垂体功能减退
6585,表 6-3-48 ,E89.302,后天性垂体缺失
6586,表 6-3-48 ,E89.303,手术后尿崩症
6587,表 6-3-48 ,E89.400x001,放射后卵巢功能衰竭
6588,表 6-3-48 ,E89.400x002,手术后卵巢功能衰竭
6589,表 6-3-48 ,E89.401,医源性卵巢功能衰竭
6590,表 6-3-48 ,E89.501,手术后睾丸功能减退
6591,表 6-3-48 ,E89.601,手术后肾上腺皮质功能减退
6592,表 6-3-48 ,E89.800x002,肝移植术后糖尿病
6593,表 6-3-48 ,E89.800x003,肝移植术后高脂血症
6594,表 6-3-48 ,E89.801,血透失衡综合征
6595,表 6-3-48 ,E89.802,后天性胸腺缺失
6596,表 6-3-48 ,E89.900,"内分泌和代谢紊乱,操作后的"
6597,表 6-3-49 ,F01.000,急性发作的血管性痴呆
6598,表 6-3-49 ,F01.100,多发脑梗死性痴呆
6599,表 6-3-49 ,F01.101,常染色体显性遗传性脑动脉病
6600,表 6-3-49 ,F01.102,遗传性多发脑梗死性痴呆
6601,表 6-3-49 ,F01.200,皮层下血管性痴呆
6602,表 6-3-49 ,F01.300,混合型皮层和皮层下血管性痴呆
6603,表 6-3-49 ,F01.800x001,出血性痴呆
6604,表 6-3-49 ,F01.900,血管性痴呆
6605,表 6-3-49 ,F01.901,动脉硬化性痴呆
6606,表 6-3-49 ,F01.902,脑动脉硬化性精神病
6607,表 6-3-49 ,F03.x00,痴呆
6608,表 6-3-49 ,F03.x01,老年性痴呆
6609,表 6-3-49 ,F04.x00x001,脑器质性创伤后遗忘
6610,表 6-3-49 ,F04.x00x901,器质性遗忘综合征
6611,表 6-3-49 ,F05.000,谵妄，描述为并非附加于痴呆的
6612,表 6-3-49 ,F05.000x001,药物中毒性意识障碍(包括谵妄状态)
6613,表 6-3-49 ,F05.001,老年性谵妄
6614,表 6-3-49 ,F05.100,谵妄，附加于痴呆的
6615,表 6-3-49 ,F05.101,老年痴呆性谵妄
6616,表 6-3-49 ,F05.801,癫痫性意识障碍
6617,表 6-3-49 ,F05.802,手术后谵妄
6618,表 6-3-49 ,F05.900,谵妄
6619,表 6-3-49 ,F05.901,感染性精神病
6620,表 6-3-49 ,F05.902,急性脑病综合征
6621,表 6-3-49 ,F06.000,器质性幻觉症
6622,表 6-3-49 ,F06.100,器质性紧张性障碍
6623,表 6-3-49 ,F06.200,器质性妄想性［精神分裂症样］障碍
6624,表 6-3-49 ,F06.300,器质性心境［情感］障碍
6625,表 6-3-49 ,F06.300x002,器质性躁狂障碍
6626,表 6-3-49 ,F06.300x010,器质性双相障碍
6627,表 6-3-49 ,F06.300x020,器质性抑郁障碍
6628,表 6-3-49 ,F06.300x021,卒中后抑郁
6629,表 6-3-49 ,F06.300x030,器质性混合型情感障碍
6630,表 6-3-49 ,F06.301,癫痫性情感障碍
6631,表 6-3-49 ,F06.302,颅脑外伤性情感障碍
6632,表 6-3-49 ,F06.400,器质性焦虑障碍
6633,表 6-3-49 ,F06.400x003,卒中后焦虑
6634,表 6-3-49 ,F06.500,器质性分离性障碍
6635,表 6-3-49 ,F06.600,器质性情绪不稳定［衰弱］障碍
6636,表 6-3-49 ,F06.700,轻度认知障碍
6637,表 6-3-49 ,F06.800,脑损害和功能障碍及躯体疾病引起的其他特指的精神障碍
6638,表 6-3-49 ,F06.800x002,胆道感染所致精神障碍
6639,表 6-3-49 ,F06.800x003,胆道术后精神障碍
6640,表 6-3-49 ,F06.800x004,低血糖所致精神障碍
6641,表 6-3-49 ,F06.800x005,肺结核所致精神障碍
6642,表 6-3-49 ,F06.800x006,肺气肿所致精神障碍
6643,表 6-3-49 ,F06.800x007,肺炎所致精神障碍
6644,表 6-3-49 ,F06.800x008,肝硬化所致精神障碍
6645,表 6-3-49 ,F06.800x009,感冒所致精神障碍
6646,表 6-3-49 ,F06.800x010,高热所致精神障碍
6647,表 6-3-49 ,F06.800x011,高血压所致精神障碍
6648,表 6-3-49 ,F06.800x012,过敏性紫癜所致精神障碍
6649,表 6-3-49 ,F06.800x013,甲状腺功能亢进所致精神障碍
6650,表 6-3-49 ,F06.800x014,疟疾所致精神障碍
6651,表 6-3-49 ,F06.800x015,肾炎所致精神障碍
6652,表 6-3-49 ,F06.800x016,细菌性痢疾所致精神障碍
6653,表 6-3-49 ,F06.800x017,心脏病所致精神障碍
6654,表 6-3-49 ,F06.800x018,营养不良所致精神障碍
6655,表 6-3-49 ,F06.800x019,有害气体中毒后精神障碍
6656,表 6-3-49 ,F06.800x020,中暑伴发精神障碍
6657,表 6-3-49 ,F06.800x021,系统性红斑狼疮所致的精神障碍
6658,表 6-3-49 ,F06.800x023,甲状腺功能减退所致精神障碍
6659,表 6-3-49 ,F06.800x024,一氧化碳中毒所致精神障碍
6660,表 6-3-49 ,F06.800x025,肠伤寒所致精神障碍
6661,表 6-3-49 ,F06.800x026,血管性认知功能障碍
6662,表 6-3-49 ,F06.800x027,认知障碍
6663,表 6-3-49 ,F06.800x032,血液病所致精神障碍
6664,表 6-3-49 ,F06.800x033,染色体异常所致精神障碍
6665,表 6-3-49 ,F06.800x034,物理因素所致精神障碍
6666,表 6-3-49 ,F06.800x037,肝脑病变所致精神障碍
6667,表 6-3-49 ,F06.800x038,心脏病(心力衰竭)所致精神障碍
6668,表 6-3-49 ,F06.800x039,肺脑综合征所致精神障碍
6669,表 6-3-49 ,F06.800x040,尿毒症所致精神障碍
6670,表 6-3-49 ,F06.800x041,内分泌疾病所致精神障碍
6671,表 6-3-49 ,F06.800x042,甲低所致精神障碍
6672,表 6-3-49 ,F06.800x043,脑下垂体疾病所致精神障碍
6673,表 6-3-49 ,F06.800x044,Sheeham病所致精神障碍
6674,表 6-3-49 ,F06.800x045,Addison氏病所致精神障碍
6675,表 6-3-49 ,F06.800x046,肾上腺功能亢进所致精神障碍
6676,表 6-3-49 ,F06.800x047,营养代谢疾病所致精神障碍
6677,表 6-3-49 ,F06.800x048,糖尿病所致精神障碍
6678,表 6-3-49 ,F06.800x049,胶原性疾病所致精神障碍
6679,表 6-3-49 ,F06.800x050,Behcet氏病所致精神障碍
6680,表 6-3-49 ,F06.801,癫痫性精神病
6681,表 6-3-49 ,F06.802,颅脑外伤性精神病
6682,表 6-3-49 ,F06.803,颅内感染所致精神障碍
6683,表 6-3-49 ,F06.804,病毒性脑炎所致精神障碍
6684,表 6-3-49 ,F06.805,脑瘤所致精神障碍
6685,表 6-3-49 ,F06.806,肝豆核变性症所致精神障碍
6686,表 6-3-49 ,F06.807,多发性硬化症所致精神障碍
6687,表 6-3-49 ,F06.808,躯体疾病所致精神障碍
6688,表 6-3-49 ,F06.809,脑血管病所致精神障碍
6689,表 6-3-49 ,F06.810,卒中后精神病态
6690,表 6-3-49 ,F06.811,脑炎后精神障碍
6691,表 6-3-49 ,F06.900,脑损害和功能障碍及躯体疾病引起的精神障碍
6692,表 6-3-49 ,F07.000,器质性人格障碍
6693,表 6-3-49 ,F07.001,额叶综合征
6694,表 6-3-49 ,F07.100,脑炎后综合征
6695,表 6-3-49 ,F07.200,脑震荡后综合征
6696,表 6-3-49 ,F07.201,脑外伤后综合征
6697,表 6-3-49 ,F07.800x001,一氧化碳中毒致人格和行为障碍
6698,表 6-3-49 ,F07.800x002,脑血管病所致的人格和行为障碍
6699,表 6-3-49 ,F07.800x003,脑外伤所致的人格和行为障碍
6700,表 6-3-49 ,F07.900,脑部疾病、损害和功能障碍引起的器质性人格和行为障碍
6701,表 6-3-49 ,F07.900x001,器质性精神综合征
6702,表 6-3-49 ,F07.901,癫痫性人格改变
6703,表 6-3-49 ,F09.x00x003,器质性精神病
6704,表 6-3-49 ,F09.x00x004,症状性精神病
6705,表 6-3-49 ,F09.x01,症状性精神障碍
6706,表 6-3-49 ,F09.x02,一氧化碳所致精神障碍
6707,表 6-3-49 ,F09.x03,器质性精神障碍
6708,表 6-3-50 ,F10.000,急性酒精中毒引起的精神和行为障碍
6709,表 6-3-50 ,F10.001,急性酒精中毒
6710,表 6-3-50 ,F10.002,病理性醉酒
6711,表 6-3-50 ,F10.003,复杂性醉酒
6712,表 6-3-50 ,F10.100,有害性使用酒精引起的精神和行为障碍
6713,表 6-3-50 ,F10.100x002,酒精非成瘾性滥用
6714,表 6-3-50 ,F10.200,使用酒精引起的依赖综合征
6715,表 6-3-50 ,F10.201,慢性酒精中毒
6716,表 6-3-50 ,F10.300,使用酒精引起的戒断状态
6717,表 6-3-50 ,F10.400,使用酒精引起的戒断状态伴有谵妄
6718,表 6-3-50 ,F10.401,酒精性谵妄
6719,表 6-3-50 ,F10.500,使用酒精引起的精神性障碍
6720,表 6-3-50 ,F10.501,慢性酒精中毒性分裂样精神病
6721,表 6-3-50 ,F10.502,慢性酒精中毒性妄想症
6722,表 6-3-50 ,F10.503,慢性酒精中毒性幻觉症
6723,表 6-3-50 ,F10.504,酒精中毒性抑郁状态
6724,表 6-3-50 ,F10.505,酒精中毒性躁狂状态
6725,表 6-3-50 ,F10.600,使用酒精引起的遗忘综合征
6726,表 6-3-50 ,F10.600x002,酒精中毒性科尔萨科夫综合征
6727,表 6-3-50 ,F10.601,慢性酒精性谵妄
6728,表 6-3-50 ,F10.700,使用酒精引起的残留性和迟发性精神病性障碍
6729,表 6-3-50 ,F10.700x091,慢性酒精性脑综合征
6730,表 6-3-50 ,F10.701,酒精中毒性痴呆
6731,表 6-3-50 ,F10.800,使用酒精引起的其他精神和行为障碍
6732,表 6-3-50 ,F10.900,使用酒精引起的精神和行为障碍
6733,表 6-3-50 ,F11.000,急性阿片类物质中毒引起的精神和行为障碍
6734,表 6-3-50 ,F11.000x001,阿片类药急性中毒
6735,表 6-3-50 ,F11.100,有害性使用阿片类物质引起的精神和行为障碍
6736,表 6-3-50 ,F11.100x001,阿片类药有害使用
6737,表 6-3-50 ,F11.200,使用阿片类物质引起的依赖综合征
6738,表 6-3-50 ,F11.200x001,杜冷丁药物依赖
6739,表 6-3-50 ,F11.200x003,镇痛药物成瘾
6740,表 6-3-50 ,F11.201,吗啡型药物瘾
6741,表 6-3-50 ,F11.202,哌替啶药物瘾
6742,表 6-3-50 ,F11.203,咖啡型药物瘾
6743,表 6-3-50 ,F11.204,海洛因药物瘾
6744,表 6-3-50 ,F11.300,使用阿片类物质引起的戒断状态
6745,表 6-3-50 ,F11.400,使用阿片类物质引起的戒断状态伴有谵妄
6746,表 6-3-50 ,F11.500,使用阿片类物质引起的精神性障碍
6747,表 6-3-50 ,F11.600,使用阿片类物质引起的遗忘综合征
6748,表 6-3-50 ,F11.700,使用阿片类物质引起的残留性和迟发性精神病性障碍
6749,表 6-3-50 ,F11.800,使用阿片类物质引起的其他精神和行为障碍
6750,表 6-3-50 ,F11.900,使用阿片类物质引起的精神和行为障碍
6751,表 6-3-50 ,F12.000,急性大麻类物质中毒引起的精神和行为障碍
6752,表 6-3-50 ,F12.000x002,大麻类物质急性中毒
6753,表 6-3-50 ,F12.100,有害性使用大麻类物质引起的精神和行为障碍
6754,表 6-3-50 ,F12.100x001,大麻类物质非成瘾性滥用
6755,表 6-3-50 ,F12.200,使用大麻类物质引起的依赖综合征
6756,表 6-3-50 ,F12.300,使用大麻类物质引起的戒断状态
6757,表 6-3-50 ,F12.400,使用大麻类物质引起的戒断状态伴有谵妄
6758,表 6-3-50 ,F12.500,使用大麻类物质引起的精神性障碍
6759,表 6-3-50 ,F12.600,使用大麻类物质引起的遗忘综合征
6760,表 6-3-50 ,F12.700,使用大麻类物质引起的残留性和迟发性精神病性障碍
6761,表 6-3-50 ,F12.800,使用大麻类物质引起的其他精神和行为障碍
6762,表 6-3-50 ,F12.900,使用大麻类物质引起的精神和行为障碍
6763,表 6-3-50 ,F13.000,急性镇静剂或催眠剂中毒引起的精神和行为障碍
6764,表 6-3-50 ,F13.000x001,镇静剂或催眠剂急性中毒
6765,表 6-3-50 ,F13.100,有害性使用镇静剂或催眠剂引起的精神和行为障碍
6766,表 6-3-50 ,F13.100x001,镇静剂或催眠剂的有害使用
6767,表 6-3-50 ,F13.200,使用镇静剂或催眠剂引起的依赖综合征
6768,表 6-3-50 ,F13.200x001,巴比妥盐药物成瘾
6769,表 6-3-50 ,F13.201,安眠药物成瘾
6770,表 6-3-50 ,F13.300,使用镇静剂或催眠剂引起的戒断状态
6771,表 6-3-50 ,F13.400,使用镇静剂或催眠剂引起的戒断状态伴有谵妄
6772,表 6-3-50 ,F13.500,使用镇静剂或催眠剂引起的精神性障碍
6773,表 6-3-50 ,F13.600,使用镇静剂或催眠剂引起的遗忘综合征
6774,表 6-3-50 ,F13.700,使用镇静剂或催眠剂引起的残留性和迟发性精神病性障碍
6775,表 6-3-50 ,F13.800,使用镇静剂或催眠剂质引起的其他精神和行为障碍
6776,表 6-3-50 ,F13.900,使用镇静剂或催眠剂引起的精神和行为障碍
6777,表 6-3-50 ,F14.000,急性可卡因中毒引起的精神和行为障碍
6778,表 6-3-50 ,F14.000x001,可卡因急性中毒
6779,表 6-3-50 ,F14.100,有害性使用可卡因引起的精神和行为障碍
6780,表 6-3-50 ,F14.100x001,可卡因非成瘾性滥用
6781,表 6-3-50 ,F14.200,使用可卡因引起的依赖综合征
6782,表 6-3-50 ,F14.300,使用可卡因引起的戒断状态
6783,表 6-3-50 ,F14.400,使用可卡因引起的戒断状态伴有谵妄
6784,表 6-3-50 ,F14.400x001,伴有谵妄的可卡因戒断状态
6785,表 6-3-50 ,F14.500,使用可卡因引起的精神性障碍
6786,表 6-3-50 ,F14.600,使用可卡因引起的遗忘综合征
6787,表 6-3-50 ,F14.700,使用可卡因引起的残留性和迟发性精神病性障碍
6788,表 6-3-50 ,F14.800,使用可卡因质引起的其他精神和行为障碍
6789,表 6-3-50 ,F14.900,使用可卡因引起的精神和行为障碍
6790,表 6-3-50 ,F15.000,使用其他兴奋剂(包括咖啡因)急性中毒引起的精神和行为障碍
6791,表 6-3-50 ,F15.000x002,含有咖啡因的兴奋剂急性中毒
6792,表 6-3-50 ,F15.000x003,苯丙胺类兴奋剂急性中毒
6793,表 6-3-50 ,F15.000x004,氯胺酮急性中毒
6794,表 6-3-50 ,F15.100,有害性使用其他兴奋剂(包括咖啡因)引起的精神和行为障碍
6795,表 6-3-50 ,F15.100x001,含有咖啡因的兴奋剂有害使用
6796,表 6-3-50 ,F15.100x002,咖啡因的有害使用
6797,表 6-3-50 ,F15.100x003,苯丙胺类兴奋剂的有害使用
6798,表 6-3-50 ,F15.100x004,氯胺酮的有害使用
6799,表 6-3-50 ,F15.200x001,含有咖啡因的兴奋剂依赖综合征
6800,表 6-3-50 ,F15.200x002,咖啡因依赖综合征
6801,表 6-3-50 ,F15.200x003,苯丙胺类兴奋剂依赖综合征
6802,表 6-3-50 ,F15.200x004,氯胺酮依赖综合征
6803,表 6-3-50 ,F15.300x001,含有咖啡因的兴奋剂戒断状态
6804,表 6-3-50 ,F15.300x002,咖啡因戒断状态
6805,表 6-3-50 ,F15.300x003,苯丙胺类兴奋剂戒断状态
6806,表 6-3-50 ,F15.300x004,氯胺酮戒断状态
6807,表 6-3-50 ,F15.400x001,伴有谵妄的含有咖啡因兴奋剂戒断状态
6808,表 6-3-50 ,F15.400x002,伴有谵妄的咖啡因戒断状态
6809,表 6-3-50 ,F15.400x003,伴有谵妄的苯丙胺类兴奋剂戒断状态
6810,表 6-3-50 ,F15.400x004,伴有谵妄的氯胺酮戒断状态
6811,表 6-3-50 ,F15.500x001,含有咖啡因的兴奋剂所致的精神病性障碍
6812,表 6-3-50 ,F15.500x002,咖啡因所致的精神病性障碍
6813,表 6-3-50 ,F15.500x003,苯丙胺类兴奋剂所致的精神病性障碍
6814,表 6-3-50 ,F15.500x004,氯胺酮所致的精神病性障碍
6815,表 6-3-50 ,F15.501,苯丙胺类中毒性精神病
6816,表 6-3-50 ,F15.600x001,含有咖啡因的兴奋剂所致的遗忘综合征
6817,表 6-3-50 ,F15.600x002,咖啡因所致的遗忘综合征
6818,表 6-3-50 ,F15.600x003,苯丙胺类兴奋剂所致的遗忘综合征
6819,表 6-3-50 ,F15.600x004,氯胺酮所致的遗忘综合征
6820,表 6-3-50 ,F15.700x001,含有咖啡因的兴奋剂所致的残留性和迟发性精神病性障碍
6821,表 6-3-50 ,F15.700x002,咖啡因所致的残留性和迟发性精神病性障碍
6822,表 6-3-50 ,F15.700x003,苯丙胺类兴奋剂所致的残留性和迟发性精神病性障碍
6823,表 6-3-50 ,F15.700x004,氯胺酮所致的残留性和迟发性精神病性障碍
6824,表 6-3-50 ,F15.800,使用其他兴奋剂(包括咖啡因)引起的其他精神和行为障碍
6825,表 6-3-50 ,F15.900x001,含有咖啡因的兴奋剂所致的精神和行为障碍
6826,表 6-3-50 ,F15.900x002,咖啡因所致的精神和行为障碍
6827,表 6-3-50 ,F15.900x003,苯丙胺类兴奋剂所致的精神和行为障碍
6828,表 6-3-50 ,F15.900x004,氯胺酮所致的精神和行为障碍
6829,表 6-3-50 ,F16.000,使用致幻剂急性中毒引起的精神和行为障碍
6830,表 6-3-50 ,F16.000x002,致幻剂急性中毒
6831,表 6-3-50 ,F16.100,有害性使用致幻剂引起的精神和行为障碍
6832,表 6-3-50 ,F16.100x002,致幻剂非成瘾性滥用
6833,表 6-3-50 ,F16.200,使用致幻剂引起的依赖综合征
6834,表 6-3-50 ,F16.300,使用致幻剂引起的戒断状态
6835,表 6-3-50 ,F16.400,使用致幻剂引起的戒断状态伴有谵妄
6836,表 6-3-50 ,F16.400x001,伴有谵妄的致幻剂戒断状态
6837,表 6-3-50 ,F16.500,使用致幻剂引起的精神性障碍
6838,表 6-3-50 ,F16.600,使用致幻剂引起的遗忘综合征
6839,表 6-3-50 ,F16.700,使用致幻剂引起的残留性和迟发性精神病性障碍
6840,表 6-3-50 ,F16.800,使用致幻剂质引起的其他精神和行为障碍
6841,表 6-3-50 ,F16.900,使用致幻剂引起的精神和行为障碍
6842,表 6-3-50 ,F17.000,使用烟草急性中毒引起的精神和行为障碍
6843,表 6-3-50 ,F17.000x001,烟草急性中毒
6844,表 6-3-50 ,F17.100,有害性使用烟草引起的精神和行为障碍
6845,表 6-3-50 ,F17.100x001,烟草的有害使用
6846,表 6-3-50 ,F17.200,使用烟草引起的依赖综合征
6847,表 6-3-50 ,F17.300,使用烟草引起的戒断状态
6848,表 6-3-50 ,F17.400,使用烟草引起的戒断状态伴有谵妄
6849,表 6-3-50 ,F17.400x001,伴有谵妄的烟草戒断状态
6850,表 6-3-50 ,F17.500,使用烟草引起的精神性障碍
6851,表 6-3-50 ,F17.600,使用烟草引起的遗忘综合征
6852,表 6-3-50 ,F17.700,使用烟草引起的残留性和迟发性精神病性障碍
6853,表 6-3-50 ,F17.800,使用烟草质引起的其他精神和行为障碍
6854,表 6-3-50 ,F17.900,使用烟草引起的精神和行为障碍
6855,表 6-3-50 ,F18.000,使用挥发性溶剂急性中毒引起的精神和行为障碍
6856,表 6-3-50 ,F18.000x001,挥发性溶剂急性中毒
6857,表 6-3-50 ,F18.100,有害性使用挥发性溶剂引起的精神和行为障碍
6858,表 6-3-50 ,F18.100x001,挥发性溶剂的有害使用
6859,表 6-3-50 ,F18.200,使用挥发性溶剂引起的依赖综合征
6860,表 6-3-50 ,F18.300,使用挥发性溶剂引起的戒断状态
6861,表 6-3-50 ,F18.400,使用挥发性溶剂引起的戒断状态伴有谵妄
6862,表 6-3-50 ,F18.500,使用挥发性溶剂引起的精神性障碍
6863,表 6-3-50 ,F18.600,使用挥发性溶剂引起的遗忘综合征
6864,表 6-3-50 ,F18.700,使用挥发性溶剂引起的残留性和迟发性精神病性障碍
6865,表 6-3-50 ,F18.800,使用挥发性溶剂引起的其他精神和行为障碍
6866,表 6-3-50 ,F18.900,使用挥发性溶剂引起的精神和行为障碍
6867,表 6-3-50 ,F19.000,使用多种药物和其他精神活性物质急性中毒引起的精神和行为障碍
6868,表 6-3-50 ,F19.000x002,多种药物和其他精神活性物质急性中毒
6869,表 6-3-50 ,F19.100,有害性使用多种药物和其他精神活性物质引起的精神和行为障碍
6870,表 6-3-50 ,F19.100x004,多种药物和其他精神活性物质的有害使用
6871,表 6-3-50 ,F19.200,使用多种药物和其他精神活性物质引起的依赖综合征
6872,表 6-3-50 ,F19.200x001,A.P.C药物成瘾
6873,表 6-3-50 ,F19.201,镇痛药物瘾
6874,表 6-3-50 ,F19.300,使用多种药物和其他精神活性物质引起的戒断状态
6875,表 6-3-50 ,F19.400,使用多种药物和其他精神活性物质引起的戒断状态伴有谵妄
6876,表 6-3-50 ,F19.400x001,伴有谵妄的多种药物和其他精神活性物质戒断状态
6877,表 6-3-50 ,F19.500,使用多种药物和其他精神活性物质引起的精神性障碍
6878,表 6-3-50 ,F19.600,使用多种药物和其他精神活性物质引起的遗忘综合征
6879,表 6-3-50 ,F19.700,使用多种药物和其他精神活性物质引起的残留性和迟发性精神病性障碍
6880,表 6-3-50 ,F19.800,使用多种药物和其他精神活性物质引起的其他精神和行为障碍
6881,表 6-3-50 ,F19.900,使用多种药物和其他精神活性物质引起的精神和行为障碍
6882,表 6-3-50 ,F19.900x002,A.P.C中毒致精神障碍
6883,表 6-3-50 ,F19.900x003,阿的平中毒致精神障碍
6884,表 6-3-50 ,F19.900x004,合霉素中毒致精神障碍
6885,表 6-3-50 ,F19.900x005,激素类药物致精神障碍
6886,表 6-3-50 ,F19.900x006,眠尔通中毒致精神障碍
6887,表 6-3-50 ,F19.900x007,药物源性精神障碍
6888,表 6-3-50 ,F19.900x008,抗帕金森药物所致精神障碍
6889,表 6-3-50 ,F19.900x009,利血平所致精神障碍
6890,表 6-3-51 ,F20.000,偏执型精神分裂症
6891,表 6-3-51 ,F20.100,青春型精神分裂症
6892,表 6-3-51 ,F20.200,紧张型精神分裂症
6893,表 6-3-51 ,F20.200x002,紧张性木僵
6894,表 6-3-51 ,F20.201,紧张症综合征
6895,表 6-3-51 ,F20.300,未分化型精神分裂症
6896,表 6-3-51 ,F20.301,非典型精神分裂症
6897,表 6-3-51 ,F20.400,精神分裂症后抑郁
6898,表 6-3-51 ,F20.500,残留型精神分裂症
6899,表 6-3-51 ,F20.501,慢性精神分裂症
6900,表 6-3-51 ,F20.600,单纯型精神分裂症
6901,表 6-3-51 ,F20.800x001,难治性精神分裂症
6902,表 6-3-51 ,F20.800x002,精神分裂症衰退期
6903,表 6-3-51 ,F20.800x003,精神分裂症缓解期
6904,表 6-3-51 ,F20.801,体感异常性精神分裂症
6905,表 6-3-51 ,F20.802,晚发性精神分裂症
6906,表 6-3-51 ,F20.803,强迫型精神分裂症
6907,表 6-3-51 ,F20.900,精神分裂症
6908,表 6-3-51 ,F21.x00,分裂型障碍
6909,表 6-3-51 ,F22.000,妄想性障碍
6910,表 6-3-51 ,F22.001,偏执性精神病
6911,表 6-3-51 ,F22.002,妄想狂
6912,表 6-3-51 ,F22.003,偏执状态
6913,表 6-3-51 ,F22.800,持久的妄想性障碍，其他的
6914,表 6-3-51 ,F22.800x001,更年期偏执状态
6915,表 6-3-51 ,F22.900,持久妄想性障碍
6916,表 6-3-51 ,F23.000,不伴有精神分裂症症状的急性多形性精神病性障碍
6917,表 6-3-51 ,F23.001,"妄想阵发,急性妄想发作"
6918,表 6-3-51 ,F23.002,周期性精神病
6919,表 6-3-51 ,F23.100,伴有精神分裂症症状的急性多形性精神病性障碍
6920,表 6-3-51 ,F23.200,急性精神分裂症样精神病性障碍
6921,表 6-3-51 ,F23.200x003,"急性精神分裂样精神病性障碍,不伴急性应激反应"
6922,表 6-3-51 ,F23.200x011,"急性精神分裂样精神病性障碍,伴有急性应激反应"
6923,表 6-3-51 ,F23.300x001,偏执性反应
6924,表 6-3-51 ,F23.300x002,心因性偏执性精神障碍
6925,表 6-3-51 ,F23.300x003,以妄想为主的急性精神病性障碍
6926,表 6-3-51 ,F23.301,急性偏执性反应状态
6927,表 6-3-51 ,F23.800,急性而短暂的精神病性障碍，其他的
6928,表 6-3-51 ,F23.900,急性而短暂的精神病性障碍
6929,表 6-3-51 ,F23.901,反应性精神病
6930,表 6-3-51 ,F23.902,旅途精神病
6931,表 6-3-51 ,F23.903,急性反应性木僵状态
6932,表 6-3-51 ,F24.x00,感应性妄想性障碍
6933,表 6-3-51 ,F25.000,分裂情感性障碍，躁狂型
6934,表 6-3-51 ,F25.000x001,分裂情感性障碍躁狂发作
6935,表 6-3-51 ,F25.100,分裂情感性障碍，抑郁型
6936,表 6-3-51 ,F25.100x001,分裂情感性障碍抑郁发作
6937,表 6-3-51 ,F25.200,分裂情感性障碍，混合型
6938,表 6-3-51 ,F25.200x001,周期性精神病性障碍
6939,表 6-3-51 ,F25.200x002,分裂情感性障碍混合发作
6940,表 6-3-51 ,F25.800,分裂情感性障碍，其他的
6941,表 6-3-51 ,F25.900,分裂情感性障碍
6942,表 6-3-51 ,F28.x00x002,更年期精神病
6943,表 6-3-51 ,F28.x00x011,违拗状态
6944,表 6-3-51 ,F28.x00x012,木僵状态
6945,表 6-3-51 ,F28.x01,幻觉症
6946,表 6-3-51 ,F28.x02,幻觉妄想状态
6947,表 6-3-51 ,F29.x00,非器质性精神病
6948,表 6-3-52 ,F30.000,轻躁狂
6949,表 6-3-52 ,F30.100,不伴有精神病性症状的躁狂
6950,表 6-3-52 ,F30.100x001,不伴有精神病性症状的躁狂发作
6951,表 6-3-52 ,F30.200,伴有精神病性症状的躁狂
6952,表 6-3-52 ,F30.200x001,伴有精神病性症状的躁狂发作
6953,表 6-3-52 ,F30.200x002,躁狂性木僵
6954,表 6-3-52 ,F30.201,谵妄性躁狂症
6955,表 6-3-52 ,F30.800x002,兴奋状态
6956,表 6-3-52 ,F30.900,躁狂发作
6957,表 6-3-52 ,F30.901,兴奋躁动状态
6958,表 6-3-52 ,F31.000,双相情感障碍，目前为轻躁狂发作
6959,表 6-3-52 ,F31.100,双相情感障碍，目前为不伴有精神病性症状的躁狂发作
6960,表 6-3-52 ,F31.200,双相情感障碍，目前为伴有精神病性症状的躁狂发作
6961,表 6-3-52 ,F31.300x002,"双相情感障碍,目前为轻度抑郁发作"
6962,表 6-3-52 ,F31.300x003,"双相情感障碍,目前为不伴有躯体症状的轻度抑郁发作"
6963,表 6-3-52 ,F31.300x005,"双相情感障碍,目前为不伴有躯体症状的中度抑郁发作"
6964,表 6-3-52 ,F31.300x011,"双相情感障碍,目前为伴有躯体症状的轻度抑郁发作"
6965,表 6-3-52 ,F31.300x012,"双相情感障碍,目前为伴有躯体症状的中度抑郁发作"
6966,表 6-3-52 ,F31.301,双相情感障碍，目前为中度抑郁发作
6967,表 6-3-52 ,F31.400,双相情感障碍，目前为不伴有精神病性症状的重度抑郁发作
6968,表 6-3-52 ,F31.500,双相情感障碍，目前为伴有精神病性症状的重度抑郁发作
6969,表 6-3-52 ,F31.600,双相情感障碍，目前为混合性发作
6970,表 6-3-52 ,F31.700,双相情感障碍，目前为缓解状态
6971,表 6-3-52 ,F31.800x001,复发性躁狂发作
6972,表 6-3-52 ,F31.800x002,双相情感障碍2型
6973,表 6-3-52 ,F31.800x003,难治性双相情感障碍
6974,表 6-3-52 ,F31.801,慢性躁狂症
6975,表 6-3-52 ,F31.802,"双相情感障碍,快速循环型"
6976,表 6-3-52 ,F31.803,非典型双相情感障碍
6977,表 6-3-52 ,F31.900,双相情感障碍
6978,表 6-3-52 ,F31.901,双相情感障碍Ⅰ型
6979,表 6-3-52 ,F31.902,躁郁症
6980,表 6-3-52 ,F32.000x002,不伴有躯体症状的轻度抑郁发作
6981,表 6-3-52 ,F32.000x011,伴有躯体症状的轻度抑郁发作
6982,表 6-3-52 ,F32.100x002,不伴有躯体症状的中度抑郁发作
6983,表 6-3-52 ,F32.100x011,伴有躯体症状的中度抑郁发作
6984,表 6-3-52 ,F32.200,不伴有精神病性症状的重度抑郁发作
6985,表 6-3-52 ,F32.300,伴有精神病性症状的重度抑郁发作
6986,表 6-3-52 ,F32.301,抑郁性精神病
6987,表 6-3-52 ,F32.800x001,抑郁性木僵
6988,表 6-3-52 ,F32.800x002,难治性抑郁症
6989,表 6-3-52 ,F32.801,更年期抑郁症
6990,表 6-3-52 ,F32.802,非典型抑郁症
6991,表 6-3-52 ,F32.900,抑郁发作
6992,表 6-3-52 ,F32.901,抑郁状态
6993,表 6-3-52 ,F32.902,反应性抑郁症
6994,表 6-3-52 ,F33.000,复发性抑郁障碍，目前为轻度发作
6995,表 6-3-52 ,F33.000x002,"复发性抑郁障碍,目前为伴有躯体症状的轻度发作"
6996,表 6-3-52 ,F33.000x011,"复发性抑郁障碍,目前为不伴有躯体症状的轻度发作"
6997,表 6-3-52 ,F33.100,复发性抑郁障碍，目前为中度发作
6998,表 6-3-52 ,F33.100x002,"复发性抑郁障碍,目前为伴有躯体症状的中度发作"
6999,表 6-3-52 ,F33.100x011,"复发性抑郁障碍,目前为不伴有躯体症状的中度发作"
7000,表 6-3-52 ,F33.200,复发性抑郁障碍，目前为不伴有精神病性症状的重度发作
7001,表 6-3-52 ,F33.300,复发性抑郁障碍，目前为伴有精神病性症状的重度发作
7002,表 6-3-52 ,F33.400,复发性抑郁障碍，目前为缓解状态
7003,表 6-3-52 ,F33.800,复发性抑郁障碍，其他的
7004,表 6-3-52 ,F33.900,复发性抑郁障碍
7005,表 6-3-52 ,F34.000,环性气质
7006,表 6-3-52 ,F34.001,环性心境人格
7007,表 6-3-52 ,F34.002,情感性人格障碍
7008,表 6-3-52 ,F34.100,恶劣心境
7009,表 6-3-52 ,F34.101,神经官能性抑郁症
7010,表 6-3-52 ,F34.102,抑郁性人格障碍
7011,表 6-3-52 ,F34.800,持久的心境［情感］障碍，其他的
7012,表 6-3-52 ,F34.900,心境［情感］障碍，持久的
7013,表 6-3-52 ,F38.000x001,单次发作的心境[情感]障碍
7014,表 6-3-52 ,F38.001,混合性情感发作
7015,表 6-3-52 ,F38.100x001,复发心境[情感]障碍
7016,表 6-3-52 ,F38.100x002,复发性短暂性抑郁障碍
7017,表 6-3-52 ,F38.800,心境［情感］障碍，其他特指的
7018,表 6-3-52 ,F39.x00,心境［情感］障碍
7019,表 6-3-53 ,F40.000,广场恐怖
7020,表 6-3-53 ,F40.100,社交恐怖
7021,表 6-3-53 ,F40.200x001,高空恐怖
7022,表 6-3-53 ,F40.200x002,动物恐怖
7023,表 6-3-53 ,F40.200x003,幽闭恐怖
7024,表 6-3-53 ,F40.200x004,单纯恐怖
7025,表 6-3-53 ,F40.800,恐怖性焦虑障碍，其他的
7026,表 6-3-53 ,F40.900,恐怖性焦虑障碍
7027,表 6-3-53 ,F40.901,恐怖状态
7028,表 6-3-53 ,F41.000,惊恐障碍［间歇发作性焦虑］
7029,表 6-3-53 ,F41.001,惊恐发作
7030,表 6-3-53 ,F41.100,广泛性焦虑障碍
7031,表 6-3-53 ,F41.101,焦虑状态
7032,表 6-3-53 ,F41.102,焦虑性神经症
7033,表 6-3-53 ,F41.200,混合性焦虑和抑郁障碍
7034,表 6-3-53 ,F41.200x002,焦虑抑郁状态
7035,表 6-3-53 ,F41.201,焦虑性抑郁症
7036,表 6-3-53 ,F41.300x001,混合性焦虑障碍
7037,表 6-3-53 ,F41.800,焦虑障碍，其他特指的
7038,表 6-3-53 ,F41.900,焦虑障碍
7039,表 6-3-53 ,F42.000,以强迫思维或穷思竭虑为主
7040,表 6-3-53 ,F42.001,强迫性思维
7041,表 6-3-53 ,F42.003,强迫状态
7042,表 6-3-53 ,F42.100,以强迫动作［强迫仪式］为主
7043,表 6-3-53 ,F42.101,强迫性动作
7044,表 6-3-53 ,F42.200,混合性强迫思维和动作
7045,表 6-3-53 ,F42.800,"强迫性障碍,其他的"
7046,表 6-3-53 ,F42.800x001,难治性强迫症
7047,表 6-3-53 ,F42.900,强迫性障碍
7048,表 6-3-53 ,F42.901,强迫性神经症
7049,表 6-3-53 ,F43.000,急性应激反应
7050,表 6-3-53 ,F43.001,过度惊吓反应症
7051,表 6-3-53 ,F43.002,震吓性痴呆
7052,表 6-3-53 ,F43.100,创伤后应激障碍
7053,表 6-3-53 ,F43.101,脑外伤神经症性反应
7054,表 6-3-53 ,F43.200,适应障碍
7055,表 6-3-53 ,F43.200x031,适应障碍，情绪紊乱为主
7056,表 6-3-53 ,F43.200x041,"适应障碍,以品行障碍为主"
7057,表 6-3-53 ,F43.200x051,"适应障碍,混合性情绪和品行障碍"
7058,表 6-3-53 ,F43.200x081,"适应障碍,特定症状为主"
7059,表 6-3-53 ,F43.800x002,监护室综合征
7060,表 6-3-53 ,F43.801,与文化相关的精神障碍
7061,表 6-3-53 ,F43.802,气功所致精神障碍
7062,表 6-3-53 ,F43.803,与迷信巫术相关的精神障碍
7063,表 6-3-53 ,F43.804,恐缩症
7064,表 6-3-53 ,F43.900,严重应激反应
7065,表 6-3-53 ,F44.000,分离性遗忘
7066,表 6-3-53 ,F44.100,分离性神游
7067,表 6-3-53 ,F44.200,分离性木僵
7068,表 6-3-53 ,F44.300,昼游和附体障碍
7069,表 6-3-53 ,F44.301,附体综合征
7070,表 6-3-53 ,F44.400,分离性运动障碍
7071,表 6-3-53 ,F44.401,癔病性震颤
7072,表 6-3-53 ,F44.402,心因性运动障碍
7073,表 6-3-53 ,F44.403,癔病性失音
7074,表 6-3-53 ,F44.404,癔病性瘫痪
7075,表 6-3-53 ,F44.405,癔病性痉挛发作
7076,表 6-3-53 ,F44.406,癔症性缄默症
7077,表 6-3-53 ,F44.407,功能性截瘫
7078,表 6-3-53 ,F44.500,分离性抽搐
7079,表 6-3-53 ,F44.501,癔病性抽搐
7080,表 6-3-53 ,F44.600,分离性感觉麻木和感觉丧失
7081,表 6-3-53 ,F44.600x002,心因性耳聋
7082,表 6-3-53 ,F44.601,癔病性耳聋
7083,表 6-3-53 ,F44.602,癔症性失明
7084,表 6-3-53 ,F44.603,癔症性视觉模糊
7085,表 6-3-53 ,F44.700,混合性分离［转换］性障碍
7086,表 6-3-53 ,F44.800x002,甘泽综合征[Ganser综合征]
7087,表 6-3-53 ,F44.800x011,双重人格障碍
7088,表 6-3-53 ,F44.800x012,多重人格障碍
7089,表 6-3-53 ,F44.800x021,见于儿童和青少年的短暂分离[转换]性障碍
7090,表 6-3-53 ,F44.801,心因性精神错乱
7091,表 6-3-53 ,F44.802,心因性意识障碍
7092,表 6-3-53 ,F44.804,癔症性情感暴发
7093,表 6-3-53 ,F44.805,分离型癔症
7094,表 6-3-53 ,F44.900,分离［转换］性障碍
7095,表 6-3-53 ,F44.901,癔症性精神病
7096,表 6-3-53 ,F44.902,转换型癔症
7097,表 6-3-53 ,F44.903,癔症
7098,表 6-3-53 ,F45.000,躯体化障碍
7099,表 6-3-53 ,F45.100,未分化的躯体形式障碍
7100,表 6-3-53 ,F45.200,疑病障碍
7101,表 6-3-53 ,F45.201,疑病症
7102,表 6-3-53 ,F45.202,癌病恐怖
7103,表 6-3-53 ,F45.300,躯体形式的自主神经功能紊乱
7104,表 6-3-53 ,F45.300x021,"躯体化的自主神经功能障碍,上消化道"
7105,表 6-3-53 ,F45.300x022,咽异感症
7106,表 6-3-53 ,F45.300x031,"躯体化的自主神经功能障碍,下消化道"
7107,表 6-3-53 ,F45.300x041,"躯体化的自主神经功能障碍,呼吸系统"
7108,表 6-3-53 ,F45.300x051,"躯体化的自主神经功能障碍,泌尿生殖系统"
7109,表 6-3-53 ,F45.300x091,"躯体化的自主神经功能障碍,多种器官系统"
7110,表 6-3-53 ,F45.301,心因性多尿症
7111,表 6-3-53 ,F45.302,换气过度综合征
7112,表 6-3-53 ,F45.303,功能性咳嗽
7113,表 6-3-53 ,F45.304,心血管性神经官能症
7114,表 6-3-53 ,F45.305,心因性吞气症
7115,表 6-3-53 ,F45.306,心脏神经官能症
7116,表 6-3-53 ,F45.307,心因性呃逆
7117,表 6-3-53 ,F45.308,胃肠神经官能症
7118,表 6-3-53 ,F45.309,肠神经官能症
7119,表 6-3-53 ,F45.310,胃神经官能症
7120,表 6-3-53 ,F45.400,持久的躯体形式的疼痛障碍
7121,表 6-3-53 ,F45.401,精神性疼痛
7122,表 6-3-53 ,F45.402,情绪性头痛
7123,表 6-3-53 ,F45.403,功能性腹痛综合征
7124,表 6-3-53 ,F45.800x002,磨牙症
7125,表 6-3-53 ,F45.801,心因性瘙痒症
7126,表 6-3-53 ,F45.802,精神源性风湿病
7127,表 6-3-53 ,F45.803,功能性吞咽困难
7128,表 6-3-53 ,F45.804,功能性肌无力
7129,表 6-3-53 ,F45.805,精神性多饮
7130,表 6-3-53 ,F45.806,婴儿阴部摩擦症
7131,表 6-3-53 ,F45.807,精神源性痛经
7132,表 6-3-53 ,F45.900,躯体形式障碍
7133,表 6-3-53 ,F45.901,心因性幻觉症
7134,表 6-3-53 ,F48.000,神经衰弱
7135,表 6-3-53 ,F48.001,疲劳综合征
7136,表 6-3-53 ,F48.100,人格解体-现实解体综合征
7137,表 6-3-53 ,F48.100x002,解离状态
7138,表 6-3-53 ,F48.801,精神衰弱
7139,表 6-3-53 ,F48.802,混合型神经症
7140,表 6-3-53 ,F48.900,神经症性障碍
7141,表 6-3-53 ,F48.901,神经官能症
7142,表 6-3-54 ,F50.000,神经性厌食
7143,表 6-3-54 ,F50.100,非典型神经性厌食
7144,表 6-3-54 ,F50.200,神经性贪食
7145,表 6-3-54 ,F50.300,非典型神经性贪食
7146,表 6-3-54 ,F50.401,心因性暴食
7147,表 6-3-54 ,F50.501,心因性呕吐
7148,表 6-3-54 ,F50.502,神经性呕吐
7149,表 6-3-54 ,F50.800x002,异食症
7150,表 6-3-54 ,F50.801,心因性无食欲
7151,表 6-3-54 ,F50.900,进食障碍
7152,表 6-3-54 ,F51.000,非器质性失眠症
7153,表 6-3-54 ,F51.100,非器质性睡眠过度
7154,表 6-3-54 ,F51.200,非器质性睡眠-觉醒节律障碍
7155,表 6-3-54 ,F51.200x002,睡眠时相后移综合征
7156,表 6-3-54 ,F51.200x003,睡眠时相前移综合征
7157,表 6-3-54 ,F51.300,睡行症［夜游症］
7158,表 6-3-54 ,F51.400,睡惊症［夜惊症］
7159,表 6-3-54 ,F51.500,梦魇
7160,表 6-3-54 ,F51.800,非器质性睡眠障碍，其他的
7161,表 6-3-54 ,F51.900,非器质性睡眠障碍
7162,表 6-3-54 ,F52.000,性欲减退或缺失
7163,表 6-3-54 ,F52.001,性欲缺失
7164,表 6-3-54 ,F52.100,性厌恶和性乐缺乏
7165,表 6-3-54 ,F52.100x002,性厌恶
7166,表 6-3-54 ,F52.100x011,性乐缺乏
7167,表 6-3-54 ,F52.200,生殖器反应丧失
7168,表 6-3-54 ,F52.200x002,女性性唤起障碍
7169,表 6-3-54 ,F52.201,心因性阳痿
7170,表 6-3-54 ,F52.202,男性勃起障碍
7171,表 6-3-54 ,F52.300,性高潮功能障碍
7172,表 6-3-54 ,F52.400,早泄
7173,表 6-3-54 ,F52.500,非器质性阴道痉挛
7174,表 6-3-54 ,F52.600,非器质性性交疼痛
7175,表 6-3-54 ,F52.700,性欲亢进
7176,表 6-3-54 ,F52.800,性功能障碍，非由器质性障碍或疾病引起，其他的
7177,表 6-3-54 ,F52.900,性功能障碍，非由器质性障碍或疾病引起的
7178,表 6-3-54 ,F53.000x001,与产褥期有关的轻度精神和行为障碍
7179,表 6-3-54 ,F53.001,产褥期抑郁
7180,表 6-3-54 ,F53.002,产后抑郁症
7181,表 6-3-54 ,F53.100x001,与产褥期有关的重度精神和行为障碍
7182,表 6-3-54 ,F53.101,产褥期精神病
7183,表 6-3-54 ,F53.800,精神和行为障碍，其他与产褥期有关的不可归类在他处者
7184,表 6-3-54 ,F53.900,产褥期精神障碍
7185,表 6-3-54 ,F54.x00,与归类在他处的障碍或疾病有关的心理和行为因素
7186,表 6-3-54 ,F55.x00,非致依赖性物质滥用
7187,表 6-3-54 ,F55.x00x001,滥用抗抑郁剂
7188,表 6-3-54 ,F55.x00x101,滥用缓泻剂
7189,表 6-3-54 ,F55.x00x201,滥用止疼药
7190,表 6-3-54 ,F55.x00x301,滥用抑酸药
7191,表 6-3-54 ,F55.x00x401,滥用维生素
7192,表 6-3-54 ,F55.x00x501,滥用激素
7193,表 6-3-54 ,F55.x00x601,滥用草药或民间验方
7194,表 6-3-54 ,F55.x00x702,有机化合物所致精神障碍
7195,表 6-3-54 ,F55.x00x703,重金属所致精神障碍
7196,表 6-3-54 ,F55.x00x704,食物毒素所致精神障碍
7197,表 6-3-54 ,F59.x00,与生理紊乱和躯体因素有关的行为综合征
7198,表 6-3-54 ,F59.x00x001,心因性生理功能障碍
7199,表 6-3-55 ,F60.000,偏执型人格障碍
7200,表 6-3-55 ,F60.100,分裂样人格障碍
7201,表 6-3-55 ,F60.200,社交紊乱型人格障碍
7202,表 6-3-55 ,F60.201,反社会型人格障碍
7203,表 6-3-55 ,F60.300,情绪不稳型人格障碍
7204,表 6-3-55 ,F60.301,冲动型人格障碍
7205,表 6-3-55 ,F60.302,边缘型人格障碍
7206,表 6-3-55 ,F60.400,表演型人格障碍
7207,表 6-3-55 ,F60.500,强迫型人格障碍
7208,表 6-3-55 ,F60.600,焦虑［回避］型人格障碍
7209,表 6-3-55 ,F60.700,依赖型人格障碍
7210,表 6-3-55 ,F60.800x001,情感性人格
7211,表 6-3-55 ,F60.800x002,抑郁性人格
7212,表 6-3-55 ,F60.800x003,躁狂性人格
7213,表 6-3-55 ,F60.801,妄想狂样人格障碍
7214,表 6-3-55 ,F60.802,自恋型人格障碍
7215,表 6-3-55 ,F60.900,人格障碍
7216,表 6-3-55 ,F61.x00,混合型和其他人格障碍
7217,表 6-3-55 ,F61.x00x011,烦扰型人格障碍
7218,表 6-3-55 ,F62.000,灾难性经历后的持久性人格改变
7219,表 6-3-55 ,F62.100,精神科疾病后持久性人格改变
7220,表 6-3-55 ,F62.800,持久性人格改变，其他的
7221,表 6-3-55 ,F62.900,人格改变，持久性的
7222,表 6-3-55 ,F63.000,病理性赌博
7223,表 6-3-55 ,F63.100,病理性纵火［纵火狂］
7224,表 6-3-55 ,F63.200,病理性偷窃［偷窃狂］
7225,表 6-3-55 ,F63.300,拔毛狂
7226,表 6-3-55 ,F63.800,习惯和冲动障碍，其他的
7227,表 6-3-55 ,F63.800x001,病理性网络使用
7228,表 6-3-55 ,F63.801,青少年网络成瘾
7229,表 6-3-55 ,F63.900,习惯和冲动障碍
7230,表 6-3-55 ,F64.000x001,"易性症,男"
7231,表 6-3-55 ,F64.000x002,"易性症,女"
7232,表 6-3-55 ,F64.100,双重异装症
7233,表 6-3-55 ,F64.200,童年期性身份障碍
7234,表 6-3-55 ,F64.800,性身份障碍，其他的
7235,表 6-3-55 ,F64.900,性身份障碍
7236,表 6-3-55 ,F65.000,恋物症
7237,表 6-3-55 ,F65.100,恋物性异装症
7238,表 6-3-55 ,F65.200,露阴症
7239,表 6-3-55 ,F65.300,窥淫症
7240,表 6-3-55 ,F65.400,恋童症
7241,表 6-3-55 ,F65.500,施虐受虐症
7242,表 6-3-55 ,F65.500x001,施虐症
7243,表 6-3-55 ,F65.500x002,受虐症
7244,表 6-3-55 ,F65.600,性偏好多相障碍
7245,表 6-3-55 ,F65.800,性偏好障碍，其他的
7246,表 6-3-55 ,F65.900,性偏好障碍
7247,表 6-3-55 ,F66.000,性成熟障碍
7248,表 6-3-55 ,F66.100,自我不和谐的性取向
7249,表 6-3-55 ,F66.200,性关系障碍
7250,表 6-3-55 ,F66.800,性心理发育障碍，其他的
7251,表 6-3-55 ,F66.900,性心理发育障碍
7252,表 6-3-55 ,F68.000,由于心理原因渲染的躯体症状
7253,表 6-3-55 ,F68.000x001,赔偿神经症
7254,表 6-3-55 ,F68.100,有意制造或伪装的躯体或心理性的症状或残疾［做作性障碍］
7255,表 6-3-55 ,F68.100x001,做作性障碍
7256,表 6-3-55 ,F68.800,成人人格和行为障碍，其他特指的
7257,表 6-3-55 ,F69.x00,成人人格和行为障碍
7258,表 6-3-56 ,F70.000,轻度精神发育迟缓，无或轻微行为缺陷的
7259,表 6-3-56 ,F70.000x001,轻度精神发育迟滞
7260,表 6-3-56 ,F70.100,轻度精神发育迟缓，需要加以关注或治疗的显著行为缺陷
7261,表 6-3-56 ,F70.800,轻度精神发育迟缓，其他行为缺陷
7262,表 6-3-56 ,F70.900,轻度精神发育迟缓，未提及行为缺陷的
7263,表 6-3-56 ,F71.000,中度精神发育迟缓，无或轻微行为缺陷的
7264,表 6-3-56 ,F71.000x001,中度精神发育迟滞
7265,表 6-3-56 ,F71.100,中度精神发育迟缓，需要加以关注或治疗的显著行为缺陷
7266,表 6-3-56 ,F71.800,中度精神发育迟缓，其他的行为缺陷
7267,表 6-3-56 ,F71.900,中度精神发育迟缓，未提及行为缺陷的
7268,表 6-3-56 ,F72.000,重度精神发育迟缓，无或轻微行为缺陷的
7269,表 6-3-56 ,F72.000x001,重度精神发育迟滞
7270,表 6-3-56 ,F72.100,重度精神发育迟缓，需要加以关注或治疗的显著行为缺陷
7271,表 6-3-56 ,F72.800,重度精神发育迟缓，其他行为缺陷
7272,表 6-3-56 ,F72.900,重度精神发育迟缓，未提及行为缺陷的
7273,表 6-3-56 ,F73.000,极重度精神发育迟缓，无或轻微行为缺陷的
7274,表 6-3-56 ,F73.000x001,极重度精神发育迟滞
7275,表 6-3-56 ,F73.100,极重度精神发育迟缓，需要加以关注或治疗的显著行为缺陷
7276,表 6-3-56 ,F73.800,极重度精神发育迟缓，其他行为缺陷
7277,表 6-3-56 ,F73.900,极重度精神发育迟缓，未提及行为缺陷的
7278,表 6-3-56 ,F78.000,其他的精神发育迟缓，无或轻微行为缺陷的
7279,表 6-3-56 ,F78.100,其他精神发育迟缓，需要加以关注或治疗的显著行为缺陷
7280,表 6-3-56 ,F78.800,其他精神发育迟缓，其他行为缺陷的
7281,表 6-3-56 ,F78.900,精神发育迟缓其他的，未提及行为缺陷
7282,表 6-3-56 ,F79.000,精神发育迟缓，无或轻微行为缺陷的
7283,表 6-3-56 ,F79.000x001,精神发育迟滞
7284,表 6-3-56 ,F79.100,精神发育迟缓，需要加以关注或治疗的显著行为缺陷
7285,表 6-3-56 ,F79.800,精神发育迟缓引起的，其他的
7286,表 6-3-56 ,F79.900,精神发育迟缓，未提及行为缺陷
7287,表 6-3-56 ,F79.901,智力低下
7288,表 6-3-57 ,F80.000,特定性言语构音障碍
7289,表 6-3-57 ,F80.100,表达性语言障碍
7290,表 6-3-57 ,F80.200,感受性语言障碍
7291,表 6-3-57 ,F80.201,感觉性失语
7292,表 6-3-57 ,F80.202,韦尼克失语
7293,表 6-3-57 ,F80.203,先天性听力无知觉
7294,表 6-3-57 ,F80.204,接受型言语障碍或失语症
7295,表 6-3-57 ,F80.205,辨语聋
7296,表 6-3-57 ,F80.300,伴有癫痫的后天性失语［兰道-克勒夫纳综合征］
7297,表 6-3-57 ,F80.800,言语和语言发育障碍，其他的
7298,表 6-3-57 ,F80.900,言语和语言发育障碍
7299,表 6-3-57 ,F81.000,特定性阅读障碍
7300,表 6-3-57 ,F81.100,特定性拼写障碍
7301,表 6-3-57 ,F81.200,特定性计算技能障碍
7302,表 6-3-57 ,F81.201,格斯特曼综合征
7303,表 6-3-57 ,F81.300,混合性学习技能障碍
7304,表 6-3-57 ,F81.800,发育障碍，其他学习技能
7305,表 6-3-57 ,F81.900,学习技能发育障碍
7306,表 6-3-57 ,F82.x00,特定性运动功能发育障碍
7307,表 6-3-57 ,F83.x00,混合性特定性发育障碍
7308,表 6-3-57 ,F84.000,童年孤独症
7309,表 6-3-57 ,F84.000x001,儿童孤独症
7310,表 6-3-57 ,F84.001,婴儿孤独症
7311,表 6-3-57 ,F84.002,儿童期精神症
7312,表 6-3-57 ,F84.100,不典型孤独症
7313,表 6-3-57 ,F84.200,雷特综合征
7314,表 6-3-57 ,F84.300x001,童年瓦解性障碍
7315,表 6-3-57 ,F84.301,婴儿痴呆
7316,表 6-3-57 ,F84.400,与精神发育迟缓和刻板动作有关的多动障碍
7317,表 6-3-57 ,F84.500,阿斯珀格综合征
7318,表 6-3-57 ,F84.800,弥漫性［综合性］发育障碍，其他的
7319,表 6-3-57 ,F84.900,弥漫性［综合性］发育障碍
7320,表 6-3-57 ,F84.900x001,广泛性发育障碍
7321,表 6-3-57 ,F88.x00,其他心理发育障碍
7322,表 6-3-57 ,F88.x01,发育性失认症
7323,表 6-3-57 ,F89.x00,心理发育障碍
7324,表 6-3-58 ,F90.000,活动与注意失调
7325,表 6-3-58 ,F90.000x001,注意缺陷与多动障碍
7326,表 6-3-58 ,F90.100,多动性品行障碍
7327,表 6-3-58 ,F90.800,多动性障碍，其他的
7328,表 6-3-58 ,F90.900,多动性障碍
7329,表 6-3-58 ,F91.000,局限于家庭的品行障碍
7330,表 6-3-58 ,F91.100,非社会化的品行障碍
7331,表 6-3-58 ,F91.100x002,孤独攻击性品行障碍
7332,表 6-3-58 ,F91.200,社会化的品行障碍
7333,表 6-3-58 ,F91.300,对立违抗性障碍
7334,表 6-3-58 ,F91.800,品行障碍，其他的
7335,表 6-3-58 ,F91.900,品行障碍
7336,表 6-3-58 ,F92.000,抑郁性品行障碍
7337,表 6-3-58 ,F92.800,品行和情绪混合性障碍，其他的
7338,表 6-3-58 ,F92.900,品行和情绪混合性障碍
7339,表 6-3-58 ,F93.000,童年离别焦虑障碍
7340,表 6-3-58 ,F93.100,童年恐怖性焦虑障碍
7341,表 6-3-58 ,F93.200,童年社交性焦虑障碍
7342,表 6-3-58 ,F93.300,同胞竞争障碍
7343,表 6-3-58 ,F93.800,童年情绪障碍，其他特指的
7344,表 6-3-58 ,F93.900,童年情绪障碍
7345,表 6-3-58 ,F94.000,选择性缄默症
7346,表 6-3-58 ,F94.100,童年反应性依恋障碍
7347,表 6-3-58 ,F94.200,童年脱抑制性依恋障碍
7348,表 6-3-58 ,F94.800,童年其他社会功能障碍
7349,表 6-3-58 ,F94.900,童年社会功能障碍
7350,表 6-3-58 ,F95.000,一过性抽动障碍
7351,表 6-3-58 ,F95.100,慢性运动或发声抽动障碍
7352,表 6-3-58 ,F95.101,慢性运动抽动障碍
7353,表 6-3-58 ,F95.200,发声和多种运动联合抽动障碍［德拉图雷特综合征］
7354,表 6-3-58 ,F95.201,抽动秽语综合征
7355,表 6-3-58 ,F95.800,抽动障碍，其他的
7356,表 6-3-58 ,F95.801,眨眼症
7357,表 6-3-58 ,F95.900,抽动障碍
7358,表 6-3-58 ,F98.000,非器质性遗尿症
7359,表 6-3-58 ,F98.001,功能性遗尿
7360,表 6-3-58 ,F98.100,非器质性遗粪症
7361,表 6-3-58 ,F98.101,功能性遗粪症
7362,表 6-3-58 ,F98.200,婴儿和儿童期的喂养障碍
7363,表 6-3-58 ,F98.300,婴幼儿和童年异食癖
7364,表 6-3-58 ,F98.400,刻板性运动障碍
7365,表 6-3-58 ,F98.500,口吃［结巴］
7366,表 6-3-58 ,F98.600,言语急促杂乱
7367,表 6-3-58 ,F98.800,通常在童年和青少年期发病的其他特指的行为和情绪障碍
7368,表 6-3-58 ,F98.800x001,儿童情感交叉擦腿综合征
7369,表 6-3-58 ,F98.801,吸吮拇指
7370,表 6-3-58 ,F98.802,咬指甲
7371,表 6-3-58 ,F98.803,挖鼻孔
7372,表 6-3-58 ,F98.900,通常在童年和青少年期发病的行为和情绪障碍
7373,表 6-3-59 ,G00.000,嗜血杆菌脑膜炎
7374,表 6-3-59 ,G00.000x001,流感嗜血杆菌脑膜炎
7375,表 6-3-59 ,G00.100,肺炎球菌性脑膜炎
7376,表 6-3-59 ,G00.200,链球菌性脑膜炎
7377,表 6-3-59 ,G00.300,葡萄球菌性脑膜炎
7378,表 6-3-59 ,G00.800,细菌性脑膜炎，其他的
7379,表 6-3-59 ,G00.800x002,大肠埃希杆菌脑膜炎
7380,表 6-3-59 ,G00.800x003,弗里德伦德尔肺炎杆菌脑膜炎
7381,表 6-3-59 ,G00.800x005,鲍曼不动杆菌性脑膜炎
7382,表 6-3-59 ,G00.801,变形杆菌性脑膜炎
7383,表 6-3-59 ,G00.802,大肠杆菌性脑膜炎
7384,表 6-3-59 ,G00.803,克雷伯杆菌性脑膜炎
7385,表 6-3-59 ,G00.900,细菌性脑膜炎
7386,表 6-3-59 ,G00.900x003,颅底化脓性脑膜炎
7387,表 6-3-59 ,G00.901,化脓性脑膜炎
7388,表 6-3-59 ,G00.902,新生儿化脓性脑膜炎
7389,表 6-3-59 ,G00.903,耳源性脑膜炎
7390,表 6-3-59 ,G00.904,手术后化脓性脑膜炎
7391,表 6-3-59 ,G03.000,非化脓性脑膜炎
7392,表 6-3-59 ,G03.001,无菌性脑膜炎
7393,表 6-3-59 ,G03.002,局限性脑膜炎
7394,表 6-3-59 ,G03.100,慢性脑膜炎
7395,表 6-3-59 ,G03.200,良性复发性脑膜炎［莫拉利特］
7396,表 6-3-59 ,G03.800,脑膜炎，其他特指原因引起的
7397,表 6-3-59 ,G03.800x003,肥厚性硬脑膜炎
7398,表 6-3-59 ,G03.800x004,肥厚性硬脊膜炎
7399,表 6-3-59 ,G03.800x005,肥厚性硬脑脊膜炎
7400,表 6-3-59 ,G03.801,化学性脑膜炎
7401,表 6-3-59 ,G03.802,反应性脑膜炎
7402,表 6-3-59 ,G03.900,脑膜炎
7403,表 6-3-59 ,G03.900x008,脑脊膜炎
7404,表 6-3-59 ,G03.901,颅底蛛网膜炎
7405,表 6-3-59 ,G03.902,脊髓蛛网膜炎
7406,表 6-3-59 ,G03.903,硬脑膜炎
7407,表 6-3-59 ,G03.904,蛛网膜炎
7408,表 6-3-59 ,G03.905,原发性肥厚性硬脑膜炎
7409,表 6-3-59 ,G03.906,非特异性脑脊膜炎
7410,表 6-3-59 ,G03.907,急性脑膜炎
7411,表 6-3-59 ,G04.000,急性播散性脑炎
7412,表 6-3-59 ,G04.000x004,疫苗接种后脑脊髓炎
7413,表 6-3-59 ,G04.001,急性播散性脑脊髓炎
7414,表 6-3-59 ,G04.002,疫苗接种后脑炎
7415,表 6-3-59 ,G04.100,人类T细胞淋巴病毒相关脊髓病
7416,表 6-3-59 ,G04.101,热带痉挛性截瘫
7417,表 6-3-59 ,G04.200,细菌性脑膜脑炎和脊髓脊膜炎，不可归类在他处者
7418,表 6-3-59 ,G04.201,绿脓杆菌性脑膜脑炎
7419,表 6-3-59 ,G04.800,脑炎、脊髓炎和脑脊髓炎，其他的
7420,表 6-3-59 ,G04.800x003,化脓性脊髓炎
7421,表 6-3-59 ,G04.800x004,抗NMDA受体脑炎
7422,表 6-3-59 ,G04.800x005,脱髓鞘性脊髓炎
7423,表 6-3-59 ,G04.800x007,边缘叶脑炎
7424,表 6-3-59 ,G04.800x008,肺炎支原体性脑炎
7425,表 6-3-59 ,G04.800x009,猫抓性脑炎
7426,表 6-3-59 ,G04.800x010,感染性边缘叶脑炎
7427,表 6-3-59 ,G04.800x012,免疫介导性脑脊髓炎
7428,表 6-3-59 ,G04.800x013,免疫介导性脑炎
7429,表 6-3-59 ,G04.800x014,免疫介导性脊髓炎
7430,表 6-3-59 ,G04.800x015,免疫介导性脊髓神经根神经病
7431,表 6-3-59 ,G04.800x016,免疫介导性脑干脑炎
7432,表 6-3-59 ,G04.801,自体免疫性脑炎
7433,表 6-3-59 ,G04.802,感染后脑炎
7434,表 6-3-59 ,G04.803,感染后脑脊髓炎
7435,表 6-3-59 ,G04.804,变态反应性脑炎
7436,表 6-3-59 ,G04.805,化脓性脑炎
7437,表 6-3-59 ,G04.807,化脓性脑膜脑炎
7438,表 6-3-59 ,G04.808,化脓性脑室炎
7439,表 6-3-59 ,G04.900x001,非特异性脑炎
7440,表 6-3-59 ,G04.900x005,脊髓神经根病
7441,表 6-3-59 ,G04.900x010,脑干脑炎
7442,表 6-3-59 ,G04.900x011,脑脊髓神经根炎
7443,表 6-3-59 ,G04.900x019,散发性脑炎
7444,表 6-3-59 ,G04.900x021,脑室管膜炎
7445,表 6-3-59 ,G04.900x024,急性脑膜脑炎
7446,表 6-3-59 ,G04.900x025,急性小脑炎
7447,表 6-3-59 ,G04.900x027,大脑性脑室炎
7448,表 6-3-59 ,G04.900x031,脊髓神经根炎
7449,表 6-3-59 ,G04.902,急性上行性脊髓炎
7450,表 6-3-59 ,G04.903,脑室炎
7451,表 6-3-59 ,G04.904,中枢神经系统感染
7452,表 6-3-59 ,G04.905,急性神经根脊髓炎
7453,表 6-3-59 ,G04.906,室管膜炎
7454,表 6-3-59 ,G04.907,局灶性脑炎
7455,表 6-3-59 ,G04.908,脊髓炎
7456,表 6-3-59 ,G04.909,急性脊髓炎
7457,表 6-3-59 ,G04.910,上行性脊髓炎
7458,表 6-3-59 ,G04.911,脑脊髓炎
7459,表 6-3-59 ,G04.912,神经根脊髓炎
7460,表 6-3-59 ,G04.913,脑炎
7461,表 6-3-59 ,G04.914,脑膜脑炎
7462,表 6-3-59 ,G04.915,脑炎性假瘤
7463,表 6-3-59 ,G04.916,脑炎性肿物
7464,表 6-3-59 ,G04.917,脑炎性病变
7465,表 6-3-59 ,G04.918,椎管内炎性肿物
7466,表 6-3-59 ,G04.919,小脑炎
7467,表 6-3-59 ,G04.920,复发性多灶性炎性脑病
7468,表 6-3-59 ,G04.921,脑干炎
7469,表 6-3-59 ,G04.922,脑性发热
7470,表 6-3-59 ,G06.000x001,小脑脓肿
7471,表 6-3-59 ,G06.000x002,额叶脓肿
7472,表 6-3-59 ,G06.000x003,顶叶脓肿
7473,表 6-3-59 ,G06.000x004,颞叶脓肿
7474,表 6-3-59 ,G06.000x005,枕叶脓肿
7475,表 6-3-59 ,G06.000x007,基底节脓肿
7476,表 6-3-59 ,G06.000x008,丘脑脓肿
7477,表 6-3-59 ,G06.000x009,下丘脑脓肿
7478,表 6-3-59 ,G06.000x011,半卵圆中心脓肿
7479,表 6-3-59 ,G06.000x012,胼胝体脓肿
7480,表 6-3-59 ,G06.000x013,中脑脓肿
7481,表 6-3-59 ,G06.000x014,脑桥脓肿
7482,表 6-3-59 ,G06.000x015,延髓脓肿
7483,表 6-3-59 ,G06.000x018,颅内硬脑膜外肉芽肿
7484,表 6-3-59 ,G06.000x020,颅内硬脑膜下肉芽肿
7485,表 6-3-59 ,G06.000x021,侧窦周围脓肿
7486,表 6-3-59 ,G06.000x022,耳源性脑脓肿
7487,表 6-3-59 ,G06.001,脑脓肿
7488,表 6-3-59 ,G06.002,脑肉芽肿
7489,表 6-3-59 ,G06.003,海绵窦脓肿
7490,表 6-3-59 ,G06.004,颅内脓肿
7491,表 6-3-59 ,G06.005,颅内炎性肉芽肿
7492,表 6-3-59 ,G06.006,颅内感染
7493,表 6-3-59 ,G06.008,硬脑膜下脓肿
7494,表 6-3-59 ,G06.009,硬脑膜外脓肿
7495,表 6-3-59 ,G06.100x002,椎管内脓肿
7496,表 6-3-59 ,G06.100x003,脊髓脓肿
7497,表 6-3-59 ,G06.100x004,脊髓肉芽肿
7498,表 6-3-59 ,G06.100x006,硬脊膜外肉芽肿
7499,表 6-3-59 ,G06.100x008,硬脊膜下肉芽肿
7500,表 6-3-59 ,G06.100x009,椎管内感染
7501,表 6-3-59 ,G06.101,椎管内肉芽肿
7502,表 6-3-59 ,G06.102,硬脊膜下脓肿
7503,表 6-3-59 ,G06.103,硬脊膜外脓肿
7504,表 6-3-59 ,G06.200,硬膜外和硬膜下脓肿
7505,表 6-3-59 ,G06.200x003,硬脑膜下炎性肉芽肿
7506,表 6-3-59 ,G06.201,硬膜下脓肿
7507,表 6-3-59 ,G06.202,硬膜下肉芽肿
7508,表 6-3-59 ,G06.203,硬膜外脓肿
7509,表 6-3-59 ,G08.x00,颅内和椎管内的静脉炎和血栓性静脉炎
7510,表 6-3-59 ,G08.x00x001,化脓性失状窦血栓形成
7511,表 6-3-59 ,G08.x00x002,化脓性直窦血栓形成
7512,表 6-3-59 ,G08.x00x003,化脓性乙状窦血栓形成
7513,表 6-3-59 ,G08.x00x004,乙状窦栓塞
7514,表 6-3-59 ,G08.x00x005,乙状窦血栓性静脉炎
7515,表 6-3-59 ,G08.x00x006,化脓性海绵窦血栓形成
7516,表 6-3-59 ,G08.x00x007,海绵窦血栓性静脉炎
7517,表 6-3-59 ,G08.x00x008,海绵窦炎
7518,表 6-3-59 ,G08.x00x009,化脓性横窦血栓形成
7519,表 6-3-59 ,G08.x00x010,侧窦栓塞
7520,表 6-3-59 ,G08.x00x011,颅内静脉窦静脉炎
7521,表 6-3-59 ,G08.x00x013,耳源性颅内静脉窦血栓性静脉炎
7522,表 6-3-59 ,G08.x01,颅内静脉窦化脓性血栓形成
7523,表 6-3-59 ,G08.x02,耳源性乙状窦血栓性静脉炎
7524,表 6-3-59 ,G09.x00,中枢神经系统炎性疾病的后遗症
7525,表 6-3-59 ,G09.x00x001,脊髓炎后遗症
7526,表 6-3-59 ,G09.x00x002,脑炎后遗症
7527,表 6-3-59 ,G09.x00x003,脑膜炎后遗症
7528,表 6-3-59 ,G09.x00x004,脑脊髓炎后遗症
7529,表 6-3-59 ,G09.x01,感染中毒性脑病后遗症
7530,表 6-3-60 ,G10.x00,亨廷顿病
7531,表 6-3-60 ,G10.x00x004,良性非进行性家族性舞蹈病
7532,表 6-3-60 ,G10.x00x005,先天性舞蹈病
7533,表 6-3-60 ,G10.x01+F02.2*,亨廷顿病性痴呆
7534,表 6-3-60 ,G11.000,先天性非进行性共济失调
7535,表 6-3-60 ,G11.000x002,小脑性发育不良及发育不全
7536,表 6-3-60 ,G11.000x003,先天性小脑性共济失调
7537,表 6-3-60 ,G11.000x004,先天性小脑性共济失调双侧瘫痪
7538,表 6-3-60 ,G11.000x005,先天性小脑蚓部发育不全
7539,表 6-3-60 ,G11.000x006,先天性小脑颗粒细胞发育不全
7540,表 6-3-60 ,G11.000x007,"先天性共济失调,精神发育迟缓及部分无虹膜"
7541,表 6-3-60 ,G11.000x008,先天性平衡失调综合征
7542,表 6-3-60 ,G11.100,早期发病的小脑性共济失调
7543,表 6-3-60 ,G11.100x002,脊髓小脑性共济失调
7544,表 6-3-60 ,G11.100x003,早发型小脑性共济失调增加遗传性共济失调-侏儒-智力缺陷综合征[Marinesco-Sjogren综合征]
7545,表 6-3-60 ,G11.100x004,周期性共济失调[发作性共济失调]
7546,表 6-3-60 ,G11.100x005,肌阵挛小脑性共济失调[Ramsay-Hunt综合征]
7547,表 6-3-60 ,G11.100x006,反射保留型Friedreich共济失调
7548,表 6-3-60 ,G11.101,X-连锁隐性遗传脊髓小脑性共济失调
7549,表 6-3-60 ,G11.102,弗里德赖希共济失调
7550,表 6-3-60 ,G11.200,晚期发病的小脑性共济失调
7551,表 6-3-60 ,G11.200x002,进行性小脑共济失调[橄榄体脑桥小脑萎缩]
7552,表 6-3-60 ,G11.200x004,晚发型Friedreich共济失调
7553,表 6-3-60 ,G11.201,遗传性小脑性共济失调[Marie共济失调]
7554,表 6-3-60 ,G11.300,小脑共济失调伴有脱氧核糖核酸［DNA］修复缺陷
7555,表 6-3-60 ,G11.300x001,共济失调性毛细血管扩张症
7556,表 6-3-60 ,G11.300x002,"小脑性共济失调,伴有脱氧核糖核酸修复缺陷[Kearn-Sayre综合征]"
7557,表 6-3-60 ,G11.301,路易斯-巴尔综合征
7558,表 6-3-60 ,G11.400,遗传性痉挛性截瘫
7559,表 6-3-60 ,G11.400x001,遗传性痉挛性截瘫[Strumpell-Lorrain病]
7560,表 6-3-60 ,G11.800,遗传性共济失调，其他的
7561,表 6-3-60 ,G11.801,共济失调-手笨拙综合征
7562,表 6-3-60 ,G11.900,遗传性共济失调
7563,表 6-3-60 ,G11.900x001,共济失调综合征
7564,表 6-3-60 ,G11.900x005,常染色体显性小脑共济失调
7565,表 6-3-60 ,G11.900x006,常染色体隐性遗传性共济失调
7566,表 6-3-60 ,G11.901,小脑共济失调
7567,表 6-3-60 ,G11.902,原发性小脑变性
7568,表 6-3-60 ,G12.000,婴儿脊髓性肌萎缩，Ⅰ型［韦德尼希-霍夫曼］
7569,表 6-3-60 ,G12.100,肌萎缩，其他遗传性脊髓性的
7570,表 6-3-60 ,G12.100x001,成人型脊髓性肌萎缩(IV型)
7571,表 6-3-60 ,G12.100x003,幼年型进行性球麻痹[Fazio-Londe病]
7572,表 6-3-60 ,G12.100x004,远端型脊髓性肌萎缩
7573,表 6-3-60 ,G12.100x008,青年上肢远端肌萎缩症[平山病]
7574,表 6-3-60 ,G12.101,肩腓型脊髓性肌萎缩
7575,表 6-3-60 ,G12.102,少年型脊髓性肌萎缩，Ⅲ型
7576,表 6-3-60 ,G12.103,婴儿型脊髓性肌萎缩，Ⅱ型
7577,表 6-3-60 ,G12.104,成人型进行性脊髓性肌萎缩
7578,表 6-3-60 ,G12.200,运动神经元病
7579,表 6-3-60 ,G12.200x002,继发性侧索硬化
7580,表 6-3-60 ,G12.200x005,进行性肌萎缩
7581,表 6-3-60 ,G12.200x007,遗传性运动神经元病
7582,表 6-3-60 ,G12.200x008,进行性假性延髓麻痹
7583,表 6-3-60 ,G12.200x009,运动神经元变性病
7584,表 6-3-60 ,G12.200x010,连枷臂综合征
7585,表 6-3-60 ,G12.200x011,上运动神经元综合征
7586,表 6-3-60 ,G12.200x012,真性球麻痹
7587,表 6-3-60 ,G12.200x013,下运动神经元综合征
7588,表 6-3-60 ,G12.200x015,免疫介导性运动神经元病
7589,表 6-3-60 ,G12.200x016,假性延髓麻痹
7590,表 6-3-60 ,G12.201,肌萎缩侧索硬化症(ALS)
7591,表 6-3-60 ,G12.202,锥体束变性
7592,表 6-3-60 ,G12.203,球麻痹
7593,表 6-3-60 ,G12.204,进行性球麻痹
7594,表 6-3-60 ,G12.205,原发性侧索硬化症
7595,表 6-3-60 ,G12.206,进行性脊髓性肌萎缩
7596,表 6-3-60 ,G12.207,家族性运动神经元病
7597,表 6-3-60 ,G12.208,假性球麻痹
7598,表 6-3-60 ,G12.209,脊髓延髓肌萎缩症[肯尼迪病]
7599,表 6-3-60 ,G12.800,脊髓性肌萎缩和有关的综合征，其他的
7600,表 6-3-60 ,G12.800x001,发作性非运动源性运动障碍
7601,表 6-3-60 ,G12.803,克吕韦耶病
7602,表 6-3-60 ,G12.900,脊髓性肌萎缩
7603,表 6-3-60 ,G14.x00,脊髓灰质炎后综合征
7604,表 6-3-61 ,G20.x00,帕金森病
7605,表 6-3-61 ,G20.x00x006,少年型帕金森综合征
7606,表 6-3-61 ,G20.x01,帕金森叠加综合征
7607,表 6-3-61 ,G20.x02+F02.3*,帕金森病性痴呆
7608,表 6-3-61 ,G20.x03,帕金森综合征
7609,表 6-3-61 ,G20.x04,帕金森病3级
7610,表 6-3-61 ,G20.x05,帕金森病4级
7611,表 6-3-61 ,G20.x06,帕金森病5级
7612,表 6-3-61 ,G20.x07,青年型帕金森病
7613,表 6-3-61 ,G20.x08,早发型帕金森病
7614,表 6-3-61 ,G21.000,恶性抗精神病药综合征
7615,表 6-3-61 ,G21.001,恶性综合征
7616,表 6-3-61 ,G21.100,帕金森综合征，其他药物性继发性的
7617,表 6-3-61 ,G21.101,中毒性帕金森综合征
7618,表 6-3-61 ,G21.102,药源性静坐不能
7619,表 6-3-61 ,G21.200,继发性帕金森综合征，其他外部因素引起的
7620,表 6-3-61 ,G21.201,外伤性帕金森综合征
7621,表 6-3-61 ,G21.300,脑炎后帕金森综合征
7622,表 6-3-61 ,G21.400,血管性帕金森综合征
7623,表 6-3-61 ,G21.401,动脉硬化性帕金森综合征
7624,表 6-3-61 ,G21.800,继发性帕金森综合征，其他的
7625,表 6-3-61 ,G21.800x002,不典型帕金森综合征
7626,表 6-3-61 ,G21.801,感染后帕金森综合征
7627,表 6-3-61 ,G21.900,继发性帕金森综合征
7628,表 6-3-61 ,G23.000,哈勒沃登-施帕茨病
7629,表 6-3-61 ,G23.000x002,进行性苍白球变性
7630,表 6-3-61 ,G23.000x003,苍白球黑质红核色素变性
7631,表 6-3-61 ,G23.100,进行性核上性眼肌麻痹［斯蒂尔-里查森-奥尔谢夫斯基］
7632,表 6-3-61 ,G23.101,进行性核上性麻痹
7633,表 6-3-61 ,G23.200,帕金森型多系统萎缩
7634,表 6-3-61 ,G23.300,小脑型多系统萎缩
7635,表 6-3-61 ,G23.800,基底核变性疾病，其他特指的
7636,表 6-3-61 ,G23.800x005,家族性特发性基底节钙化症[Fahr病]
7637,表 6-3-61 ,G23.800x006,齿状红核苍白球丘脑底核萎缩症
7638,表 6-3-61 ,G23.800x007,关岛肌萎缩侧索硬化-帕金森-痴呆综合征
7639,表 6-3-61 ,G23.801,橄榄体脑桥小脑萎缩
7640,表 6-3-61 ,G23.802,原发性基底节钙化
7641,表 6-3-61 ,G23.803,皮质基底节变性
7642,表 6-3-61 ,G23.804,神经源性直立性低血压
7643,表 6-3-61 ,G23.900,基底核变性疾病
7644,表 6-3-61 ,G24.000,药物性张力失常
7645,表 6-3-61 ,G24.100,特发性家族性张力失常
7646,表 6-3-61 ,G24.101,扭转痉挛
7647,表 6-3-61 ,G24.102,特发性肌张力异常
7648,表 6-3-61 ,G24.103,多巴胺反应性肌张力障碍
7649,表 6-3-61 ,G24.104,特发性扭转性肌张力障碍
7650,表 6-3-61 ,G24.105,原发性肌张力障碍
7651,表 6-3-61 ,G24.106,原发性遗传性肌张力不全
7652,表 6-3-61 ,G24.200,特发性非家族性张力失常
7653,表 6-3-61 ,G24.200x001,婴儿大脑性手足徐动型轻瘫
7654,表 6-3-61 ,G24.200x003,运动诱发性肌张力障碍
7655,表 6-3-61 ,G24.201,继发性肌张力障碍
7656,表 6-3-61 ,G24.202,症状性肌张力障碍
7657,表 6-3-61 ,G24.300,痉挛性斜颈
7658,表 6-3-61 ,G24.300x002,痉挛性颈后倾
7659,表 6-3-61 ,G24.300x003,痉挛性颈前倾
7660,表 6-3-61 ,G24.300x004,痉挛性颈侧倾
7661,表 6-3-61 ,G24.400,特发性口面运动障碍
7662,表 6-3-61 ,G24.400x002,无牙性口面运动障碍
7663,表 6-3-61 ,G24.400x003,单纯口下颌张力障碍
7664,表 6-3-61 ,G24.400x004,睑痉挛-口下颌肌张力障碍
7665,表 6-3-61 ,G24.500,睑痉挛
7666,表 6-3-61 ,G24.500x002,梅热睑痉挛[Meige综合征]
7667,表 6-3-61 ,G24.501,眼睑痉挛-口下颌肌张力障碍
7668,表 6-3-61 ,G24.800,张力失常，其他的
7669,表 6-3-61 ,G24.800x008,非运动诱发性肌张力障碍
7670,表 6-3-61 ,G24.801,发作性肌张力障碍
7671,表 6-3-61 ,G24.804,局灶型肌张力障碍
7672,表 6-3-61 ,G24.805,节段型肌张力障碍
7673,表 6-3-61 ,G24.806,多灶型肌张力障碍
7674,表 6-3-61 ,G24.807,全身型肌张力障碍
7675,表 6-3-61 ,G24.808,偏身型肌张力障碍
7676,表 6-3-61 ,G24.900,张力失常
7677,表 6-3-61 ,G24.900x003,肌张力障碍
7678,表 6-3-61 ,G24.901,迟发性运动障碍
7679,表 6-3-61 ,G24.902,运动障碍
7680,表 6-3-61 ,G25.000,特发性震颤
7681,表 6-3-61 ,G25.000x002,家族性震颤
7682,表 6-3-61 ,G25.000x003,单纯头部震颤
7683,表 6-3-61 ,G25.000x004,单纯面部震颤
7684,表 6-3-61 ,G25.000x005,单纯声音震颤
7685,表 6-3-61 ,G25.000x006,单纯手震颤
7686,表 6-3-61 ,G25.000x007,儿童的战栗发作
7687,表 6-3-61 ,G25.000x008,红核震颤
7688,表 6-3-61 ,G25.000x009,原发性震颤
7689,表 6-3-61 ,G25.100,药物性震颤
7690,表 6-3-61 ,G25.200,震颤，其他特指型的
7691,表 6-3-61 ,G25.200x002,小脑性震颤
7692,表 6-3-61 ,G25.200x003,任务特异性震颤
7693,表 6-3-61 ,G25.200x004,原发性书写震颤
7694,表 6-3-61 ,G25.200x005,直立性震颤
7695,表 6-3-61 ,G25.200x006,周围神经病性震颤
7696,表 6-3-61 ,G25.200x007,肌张力障碍性震颤
7697,表 6-3-61 ,G25.200x008,静止性震颤
7698,表 6-3-61 ,G25.200x009,姿势性震颤
7699,表 6-3-61 ,G25.201,意向性震颤
7700,表 6-3-61 ,G25.202,动作性震颤
7701,表 6-3-61 ,G25.300,肌阵挛
7702,表 6-3-61 ,G25.300x002,药物性肌阵挛
7703,表 6-3-61 ,G25.300x003,非进展性脑病的肌阵挛持续状态
7704,表 6-3-61 ,G25.300x004,睡眠肌阵挛
7705,表 6-3-61 ,G25.400,药物性舞蹈症
7706,表 6-3-61 ,G25.500,舞蹈症，其他的
7707,表 6-3-61 ,G25.500x003,发作性运动诱发性舞蹈手足徐动症[阵发性运动神经源性运动障碍]
7708,表 6-3-61 ,G25.500x005,老年性舞蹈病
7709,表 6-3-61 ,G25.501,偏身舞蹈症
7710,表 6-3-61 ,G25.502,神经棘红细胞增多症
7711,表 6-3-61 ,G25.600,药物性抽搐和其他器质性原因的抽搐
7712,表 6-3-61 ,G25.600x001,药物性抽搐
7713,表 6-3-61 ,G25.601,面肌抽搐
7714,表 6-3-61 ,G25.800x001,不安腿综合征[不宁腿综合征]
7715,表 6-3-61 ,G25.800x004,器质性书写痉挛
7716,表 6-3-61 ,G25.800x005,非药物性静坐不能
7717,表 6-3-61 ,G25.802,僵人综合征
7718,表 6-3-61 ,G25.803,静坐不能（药物引起）（治疗引起）
7719,表 6-3-61 ,G25.900,锥体束外和运动疾患
7720,表 6-3-61 ,G25.901,锥体外系综合征
7721,表 6-3-61 ,G25.902,基底神经节综合征
7722,表 6-3-61 ,G25.903,基底节病变
7723,表 6-3-62 ,G30.000,阿尔茨海默病伴有早期发病
7724,表 6-3-62 ,G30.000x002,家族性阿尔茨海默病(老年前期型)
7725,表 6-3-62 ,G30.000x003+F00.0*,阿尔茨海默病性痴呆(老年前期型)
7726,表 6-3-62 ,G30.000x004+F00.0*,家族性阿尔茨海默病性痴呆(老年前期型)
7727,表 6-3-62 ,G30.100,阿尔茨海默病伴有晚期发病
7728,表 6-3-62 ,G30.100x002+F00.1*,家族性阿尔茨海默病性痴呆(老年型)
7729,表 6-3-62 ,G30.100x003+F00.1*,阿尔茨海默病性痴呆(老年型)
7730,表 6-3-62 ,G30.800,"阿尔茨海默病,其他的"
7731,表 6-3-62 ,G30.800x001,阿尔茨海默病(混合型)
7732,表 6-3-62 ,G30.800x003+F00.2*,混合性痴呆
7733,表 6-3-62 ,G30.801+F00.2*,混合型阿尔茨海默病性痴呆伴幻觉妄想状态
7734,表 6-3-62 ,G30.802+F00.2*,混合型阿尔茨海默病性痴呆伴抑郁状态
7735,表 6-3-62 ,G30.900,阿尔茨海默病
7736,表 6-3-62 ,G30.901+F00.9*,阿尔茨海默病性痴呆
7737,表 6-3-62 ,G31.000,局限性脑萎缩
7738,表 6-3-62 ,G31.000x003,进行性孤立性失语症
7739,表 6-3-62 ,G31.000x005+F02.8*,额颞叶痴呆
7740,表 6-3-62 ,G31.000x006+F02.8*,语义性痴呆
7741,表 6-3-62 ,G31.001,皮克病
7742,表 6-3-62 ,G31.002+F02.0*,皮克病性痴呆
7743,表 6-3-62 ,G31.100,老年性脑变性，不可归类在他处者
7744,表 6-3-62 ,G31.100x007,额颞叶变性
7745,表 6-3-62 ,G31.101,老年性脑萎缩
7746,表 6-3-62 ,G31.200,酒精性神经系统变性
7747,表 6-3-62 ,G31.200x001,慢性酒精中毒性神经系统损害
7748,表 6-3-62 ,G31.200x005,酒精性大脑变性
7749,表 6-3-62 ,G31.201,酒精中毒性小脑共济失调
7750,表 6-3-62 ,G31.202,酒精性小脑变性
7751,表 6-3-62 ,G31.203,酒精中毒性脑病
7752,表 6-3-62 ,G31.800,神经系统其他特指的变性疾病
7753,表 6-3-62 ,G31.800x004,灰质变性[阿尔珀斯]
7754,表 6-3-62 ,G31.800x008,亚急性小脑变性
7755,表 6-3-62 ,G31.801,额颞痴呆
7756,表 6-3-62 ,G31.802,脊髓变性
7757,表 6-3-62 ,G31.803,亚急性坏死性脑病
7758,表 6-3-62 ,G31.804,皮质纹状体脊髓变性
7759,表 6-3-62 ,G31.805+F02.8*,路易体痴呆
7760,表 6-3-62 ,G31.806,婴儿进行性脑灰质营养不良综合征
7761,表 6-3-62 ,G31.807,亚速尔病
7762,表 6-3-62 ,G31.900,神经系统的变性性疾病
7763,表 6-3-62 ,G31.900x003,儿童期脑萎缩
7764,表 6-3-62 ,G31.900x004,脊髓小脑变性
7765,表 6-3-62 ,G31.900x006,皮质延髓小脑萎缩
7766,表 6-3-62 ,G31.900x008,婴儿进行性大脑变性
7767,表 6-3-62 ,G31.900x009,中枢神经系统变性
7768,表 6-3-62 ,G31.901,大脑变性
7769,表 6-3-62 ,G31.902,脑萎缩
7770,表 6-3-62 ,G31.903,小脑萎缩
7771,表 6-3-62 ,G31.904,小脑变性
7772,表 6-3-63 ,G35.x00,多发性硬化
7773,表 6-3-63 ,G35.x00x002,脑干多发性硬化
7774,表 6-3-63 ,G35.x00x003,脊髓多发性硬化
7775,表 6-3-63 ,G35.x01,多发性硬化，复发缓解型
7776,表 6-3-63 ,G35.x02,多发性硬化，原发进展型
7777,表 6-3-63 ,G35.x03,多发性硬化，继发进展型
7778,表 6-3-63 ,G35.x04,多发性硬化，进展复发型
7779,表 6-3-63 ,G35.x05,多发性硬化，同心圆型
7780,表 6-3-63 ,G35.x06+F02.8*,多发性硬化性痴呆
7781,表 6-3-63 ,G36.000,视神经脊髓炎［德维克］
7782,表 6-3-63 ,G36.000x002,视神经脊髓炎谱系疾病
7783,表 6-3-63 ,G36.100,急性和亚急性出血性白质脑炎［赫斯特］
7784,表 6-3-63 ,G36.101,急性出血性白质脑炎
7785,表 6-3-63 ,G36.800,急性播散性脱髓鞘，其他特指的
7786,表 6-3-63 ,G36.900,急性播散性脱髓鞘
7787,表 6-3-63 ,G36.901,急性脱髓鞘性脊髓病
7788,表 6-3-63 ,G37.000,弥漫性硬化
7789,表 6-3-63 ,G37.000x002,轴周性脑炎
7790,表 6-3-63 ,G37.100,胼胝体中枢性脱髓鞘
7791,表 6-3-63 ,G37.100x002,原发性胼胝体变性
7792,表 6-3-63 ,G37.200,中枢性脑桥髓鞘破坏
7793,表 6-3-63 ,G37.200x001,脑桥中央髓鞘溶解症
7794,表 6-3-63 ,G37.200x002,脑桥外髓鞘溶解症
7795,表 6-3-63 ,G37.300,中枢神经系统脱髓鞘病的急性横贯性脊髓炎
7796,表 6-3-63 ,G37.301,急性横贯性脊髓炎
7797,表 6-3-63 ,G37.400,亚急性坏死性脊髓炎
7798,表 6-3-63 ,G37.500,同心性硬化［鲍洛］
7799,表 6-3-63 ,G37.800,中枢神经系统其他特指的脱髓鞘疾病
7800,表 6-3-63 ,G37.800x006,脱髓鞘假瘤
7801,表 6-3-63 ,G37.801,炎性脱髓鞘性假瘤综合征
7802,表 6-3-63 ,G37.802,脱髓鞘性白质脑病
7803,表 6-3-63 ,G37.803,脱髓鞘性脑病
7804,表 6-3-63 ,G37.804,脱髓鞘性脊髓病
7805,表 6-3-63 ,G37.805,临床孤立综合征
7806,表 6-3-63 ,G37.900,中枢神经系统脱髓鞘病
7807,表 6-3-63 ,G37.901,脱髓鞘病
7808,表 6-3-64 ,G40.000,局部相关性(局灶性)(部分)特发性癫痫和伴有局限性发作的癫痫综合征
7809,表 6-3-64 ,G40.001,儿童良性癫痫伴中央颞区棘波
7810,表 6-3-64 ,G40.002,常染色体显性遗传夜间额叶癫痫
7811,表 6-3-64 ,G40.003,偏侧抽搐偏瘫综合征
7812,表 6-3-64 ,G40.004,早发性良性儿童枕叶癫痫
7813,表 6-3-64 ,G40.005,迟发性儿童枕叶癫痫
7814,表 6-3-64 ,G40.100,局部相关性(局灶性)(部分)症状性癫痫和伴有简单部分发作的癫痫综合征
7815,表 6-3-64 ,G40.100x001,癫痫部分性发作
7816,表 6-3-64 ,G40.100x002,癫痫单纯部分性运动性发作伴Jackson发作
7817,表 6-3-64 ,G40.100x003,癫痫单纯部分性感觉性发作
7818,表 6-3-64 ,G40.100x004,癫痫单纯部分性运动性发作
7819,表 6-3-64 ,G40.100x005,癫痫单纯部分性感觉性发作伴视觉症状
7820,表 6-3-64 ,G40.100x006,癫痫单纯部分性发作继发全面发作
7821,表 6-3-64 ,G40.100x007,额叶癫痫
7822,表 6-3-64 ,G40.100x008,顶叶癫痫
7823,表 6-3-64 ,G40.100x009,局灶性癫痫半侧阵挛性发作
7824,表 6-3-64 ,G40.100x010,癫痫单纯部分性发作
7825,表 6-3-64 ,G40.100x011,单纯部分性癫痫自主神经性发作
7826,表 6-3-64 ,G40.100x012,简单部分性癫痫伴听觉症状
7827,表 6-3-64 ,G40.101,家族性局灶性癫痫
7828,表 6-3-64 ,G40.102,新皮质癫痫
7829,表 6-3-64 ,G40.103,症状性局灶性癫痫
7830,表 6-3-64 ,G40.200,局部相关性(局灶性)(部分)症状性癫痫和伴有复杂部分发作的癫痫综合征
7831,表 6-3-64 ,G40.200x001,癫痫单纯部分性发作伴精神症状性发作
7832,表 6-3-64 ,G40.200x002,颞叶性癫痫
7833,表 6-3-64 ,G40.200x003,枕叶性癫痫
7834,表 6-3-64 ,G40.200x004,癫痫复杂部分性发作继发全面发作
7835,表 6-3-64 ,G40.200x005,下丘脑(痴笑性)癫痫
7836,表 6-3-64 ,G40.200x006,癫痫复杂部分性发作
7837,表 6-3-64 ,G40.200x010,家族性颞叶癫痫
7838,表 6-3-64 ,G40.200x011,癫痫复杂部分性发作伴意识障碍和自动症
7839,表 6-3-64 ,G40.200x013,癫痫复杂部分性发作伴意识障碍和运动症状
7840,表 6-3-64 ,G40.201,边缘叶癫痫
7841,表 6-3-64 ,G40.202,伴海马硬化颞叶内侧癫痫
7842,表 6-3-64 ,G40.203,颞叶内侧癫痫
7843,表 6-3-64 ,G40.204,边缘性癫痫持续状态
7844,表 6-3-64 ,G40.300,全身性特发性癫痫和癫痫综合征
7845,表 6-3-64 ,G40.300x001,发作性肌阵挛
7846,表 6-3-64 ,G40.300x002,混合型癫痫
7847,表 6-3-64 ,G40.300x003,癫痫全面性发作肌阵挛发作
7848,表 6-3-64 ,G40.300x004,翁韦里希特-伦德伯格病[波罗的海肌阵挛][青少年肌阵挛癫痫]
7849,表 6-3-64 ,G40.300x006,癫痫全面性发作强直性发作
7850,表 6-3-64 ,G40.300x007,仅全面性强直-阵挛发作的癫痫
7851,表 6-3-64 ,G40.300x008,全身性非惊厥性癫痫
7852,表 6-3-64 ,G40.300x009,全身性惊厥性疾病
7853,表 6-3-64 ,G40.300x010,癫痫全面性发作阵挛性发作
7854,表 6-3-64 ,G40.300x012,新生儿睡眠肌阵挛
7855,表 6-3-64 ,G40.300x013,儿童良性癫痫
7856,表 6-3-64 ,G40.300x014,婴儿重度肌阵挛癫痫[Dravet综合征]
7857,表 6-3-64 ,G40.300x017,新生儿癫痫
7858,表 6-3-64 ,G40.300x018,新生儿癫痫综合征
7859,表 6-3-64 ,G40.300x019,全面性癫痫伴热性惊厥附加症
7860,表 6-3-64 ,G40.300x020,癫痫全面性发作失张力发作
7861,表 6-3-64 ,G40.300x023,癫痫全面性发作强直阵挛性发作
7862,表 6-3-64 ,G40.300x025,良性家族性新生儿癫痫
7863,表 6-3-64 ,G40.301,青少年肌阵挛癫痫
7864,表 6-3-64 ,G40.302,良性婴儿肌阵挛性癫痫
7865,表 6-3-64 ,G40.303,特发性全面性癫痫
7866,表 6-3-64 ,G40.304,儿童失神癫痫
7867,表 6-3-64 ,G40.305,良性家族性新生儿惊厥
7868,表 6-3-64 ,G40.306,青少年失神癫痫
7869,表 6-3-64 ,G40.307,肌阵挛失神癫痫
7870,表 6-3-64 ,G40.308,全面惊厥性癫痫持续状态
7871,表 6-3-64 ,G40.309,良性新生儿惊厥
7872,表 6-3-64 ,G40.310,进行性肌阵挛性癫痫
7873,表 6-3-64 ,G40.311,良性非家族性婴儿惊厥
7874,表 6-3-64 ,G40.400,"全身性癫痫和癫痫综合征,其他的"
7875,表 6-3-64 ,G40.400x001,婴儿痉挛症[West综合征]
7876,表 6-3-64 ,G40.400x002,伦诺克斯-加斯托综合征[Lennox-Gastaut综合征]
7877,表 6-3-64 ,G40.400x003,早发性肌阵挛性脑病
7878,表 6-3-64 ,G40.400x005,早期婴儿癫痫性脑病伴暴发抑制
7879,表 6-3-64 ,G40.400x008,肌阵挛癫痫伴破碎肌红纤维
7880,表 6-3-64 ,G40.401,儿童期弥漫性慢棘-慢波(小发作变异型)癫痫性脑病
7881,表 6-3-64 ,G40.402,婴儿早期肌阵挛性脑病
7882,表 6-3-64 ,G40.403,肌阵挛站立不能发作性癫痫
7883,表 6-3-64 ,G40.404,婴儿严重肌阵挛性癫痫
7884,表 6-3-64 ,G40.405,韦斯特综合征
7885,表 6-3-64 ,G40.406,大田原综合征
7886,表 6-3-64 ,G40.500,特指的癫痫综合征
7887,表 6-3-64 ,G40.500x001,慢性进行性部分癫痫持续状态[Rasmussen综合征]
7888,表 6-3-64 ,G40.500x003,间脑性癫痫[自主神经性癫痫]
7889,表 6-3-64 ,G40.500x008,睡眠癫痫
7890,表 6-3-64 ,G40.500x009,惊吓性癫痫
7891,表 6-3-64 ,G40.502,特发性光敏性枕叶癫痫
7892,表 6-3-64 ,G40.503,拉斯穆森综合征
7893,表 6-3-64 ,G40.504,儿童期慢性进行性部分连续性癫痫
7894,表 6-3-64 ,G40.505,药源性癫痫发作
7895,表 6-3-64 ,G40.600,癫痫大发作(伴有或不伴有小发作)
7896,表 6-3-64 ,G40.601,癫痫大发作伴小发作
7897,表 6-3-64 ,G40.700,癫痫小发作，不伴有大发作
7898,表 6-3-64 ,G40.700x001,癫痫小发作[典型失神发作]
7899,表 6-3-64 ,G40.700x002,癫痫小发作[非典型失神发作]
7900,表 6-3-64 ,G40.800x003,简单部分性癫痫伴躯体感觉症状
7901,表 6-3-64 ,G40.800x004,症状性癫痫[继发性癫痫]
7902,表 6-3-64 ,G40.800x008,呕吐型癫痫
7903,表 6-3-64 ,G40.800x010,反射性癫痫光敏性发作
7904,表 6-3-64 ,G40.800x013,觉醒时伴有全面强直阵挛性发作的癫痫
7905,表 6-3-64 ,G40.801,反射性癫痫
7906,表 6-3-64 ,G40.802,视觉敏感性癫痫
7907,表 6-3-64 ,G40.803,原发性阅读性癫痫
7908,表 6-3-64 ,G40.804,婴儿游走性部分性发作
7909,表 6-3-64 ,G40.805,难治性癫痫
7910,表 6-3-64 ,G40.900,癫痫
7911,表 6-3-64 ,G40.900x005,癫痫性脑病
7912,表 6-3-64 ,G40.903+F02.8*,癫痫性痴呆
7913,表 6-3-64 ,G41.000,癫痫大发作持续状态
7914,表 6-3-64 ,G41.000x002,癫痫全面性强直-阵挛发作持续状态
7915,表 6-3-64 ,G41.000x003,癫痫阵挛发作持续状态
7916,表 6-3-64 ,G41.000x004,癫痫强直性发作持续状态
7917,表 6-3-64 ,G41.000x005,癫痫肌阵孪发作持续状态
7918,表 6-3-64 ,G41.001,全面性强直阵挛性癫痫持续状态
7919,表 6-3-64 ,G41.100,癫痫小发作持续状态
7920,表 6-3-64 ,G41.101,失神性癫痫持续状态
7921,表 6-3-64 ,G41.200,复杂部分性癫痫持续状态
7922,表 6-3-64 ,G41.200x002,癫痫偏侧抽搐状态伴偏侧轻瘫
7923,表 6-3-64 ,G41.200x003,边缘叶性癫痫持续状态
7924,表 6-3-64 ,G41.200x004,癫痫单纯部分性发作持续状态
7925,表 6-3-64 ,G41.801,慢波睡眠中持续棘慢复合波癫痫
7926,表 6-3-64 ,G41.802,全面性癫痫持续状态
7927,表 6-3-64 ,G41.806,局灶性癫痫持续状态
7928,表 6-3-64 ,G41.807,局灶性癫痫持续性先兆
7929,表 6-3-64 ,G41.900,癫痫持续状态
7930,表 6-3-64 ,G43.000,偏头痛不伴有先兆［普通偏头痛］
7931,表 6-3-64 ,G43.100,偏头痛伴有先兆［典型偏头痛］
7932,表 6-3-64 ,G43.100x002,偏头痛性先兆[偏头痛等位症]
7933,表 6-3-64 ,G43.100x005,有迁延性先兆的偏头痛
7934,表 6-3-64 ,G43.100x006,有先兆急性发作的偏头痛
7935,表 6-3-64 ,G43.100x011,典型先兆不伴头痛
7936,表 6-3-64 ,G43.102,基底动脉型偏头痛
7937,表 6-3-64 ,G43.103,典型先兆伴非偏头痛性头痛
7938,表 6-3-64 ,G43.105,家族性偏瘫性偏头痛
7939,表 6-3-64 ,G43.106,散发性偏瘫性偏头痛
7940,表 6-3-64 ,G43.200,偏头痛状态
7941,表 6-3-64 ,G43.300,复杂性偏头痛
7942,表 6-3-64 ,G43.800x002,眼肌麻痹型偏头痛
7943,表 6-3-64 ,G43.801,持续性先兆不伴脑梗死
7944,表 6-3-64 ,G43.802,腹型偏头痛
7945,表 6-3-64 ,G43.803,视网膜性偏头痛
7946,表 6-3-64 ,G43.804,儿童周期性综合征
7947,表 6-3-64 ,G43.900,偏头痛
7948,表 6-3-64 ,G44.000,丛集性头痛综合征
7949,表 6-3-64 ,G44.000x002,发作性丛集性头痛
7950,表 6-3-64 ,G44.000x004,慢性阵发性偏头痛
7951,表 6-3-64 ,G44.001,慢性偏头痛
7952,表 6-3-64 ,G44.002,复发性丛集性头痛
7953,表 6-3-64 ,G44.003,慢性丛集性头痛
7954,表 6-3-64 ,G44.004,神经性头痛
7955,表 6-3-64 ,G44.005,神经血管性头痛
7956,表 6-3-64 ,G44.100,血管性头痛，不可归类在他处者
7957,表 6-3-64 ,G44.100x004,颈源性头痛[颈神经后支源性头痛]
7958,表 6-3-64 ,G44.200,紧张型头痛
7959,表 6-3-64 ,G44.200x003,发作性紧张型头痛
7960,表 6-3-64 ,G44.200x005,慢性紧张型头痛不伴颅骨膜压痛
7961,表 6-3-64 ,G44.201,少发复发性紧张型头痛
7962,表 6-3-64 ,G44.202,少发复发性紧张型头痛伴颅骨膜压痛
7963,表 6-3-64 ,G44.204,频发复发性紧张型头痛
7964,表 6-3-64 ,G44.205,频发复发性紧张型头痛伴颅骨膜压痛
7965,表 6-3-64 ,G44.207,慢性紧张型头痛
7966,表 6-3-64 ,G44.208,慢性紧张型头痛伴颅骨膜压痛
7967,表 6-3-64 ,G44.300,慢性创伤后头痛
7968,表 6-3-64 ,G44.400,药物性头痛，不可归类在他处者
7969,表 6-3-64 ,G44.800,头痛综合征，其他特指的
7970,表 6-3-64 ,G44.800x001,自发性低颅压综合征[原发性低颅压]
7971,表 6-3-64 ,G44.800x002,急性外伤后头痛
7972,表 6-3-64 ,G44.800x006,慢性每日头痛
7973,表 6-3-64 ,G45.000,椎基底动脉综合征
7974,表 6-3-64 ,G45.001,基底动脉尖综合征
7975,表 6-3-64 ,G45.002,椎-基底动脉供血不足
7976,表 6-3-64 ,G45.003,椎-基底动脉盗血综合征
7977,表 6-3-64 ,G45.004,后循环缺血
7978,表 6-3-64 ,G45.100,颈动脉综合征(大脑半球的)
7979,表 6-3-64 ,G45.100x002,颈内动脉缺血
7980,表 6-3-64 ,G45.101,颈内动脉供血不足
7981,表 6-3-64 ,G45.102,颈动脉闭塞综合征
7982,表 6-3-64 ,G45.200,多发性和双侧入脑前动脉综合征
7983,表 6-3-64 ,G45.300,一过性黑矇
7984,表 6-3-64 ,G45.400,短暂性完全性遗忘
7985,表 6-3-64 ,G45.800,短暂性大脑缺血性发作和相关的综合征，其他的
7986,表 6-3-64 ,G45.800x002,无名动脉盗血综合征
7987,表 6-3-64 ,G45.800x003,锁骨下盗血综合征伴锁骨下动脉闭塞
7988,表 6-3-64 ,G45.800x004,锁骨下盗血综合征伴锁骨下动脉狭窄
7989,表 6-3-64 ,G45.801,锁骨下动脉盗血综合征
7990,表 6-3-64 ,G45.802,脑血管供血不足伴短暂性局灶性神经症状
7991,表 6-3-64 ,G45.900,短暂性大脑缺血性发作
7992,表 6-3-64 ,G45.901,脑动脉痉挛
7993,表 6-3-64 ,G47.000,初发性或维持性睡眠障碍［失眠症］
7994,表 6-3-64 ,G47.000x001,失眠
7995,表 6-3-64 ,G47.000x002,继发性失眠
7996,表 6-3-64 ,G47.100,过度嗜眠障碍［睡眠过度］
7997,表 6-3-64 ,G47.200,睡眠-觉醒节律障碍
7998,表 6-3-64 ,G47.200x002,延迟睡眠阶段综合征
7999,表 6-3-64 ,G47.200x003,日节律性睡眠障碍
8000,表 6-3-64 ,G47.300,睡眠呼吸暂停
8001,表 6-3-64 ,G47.300x001,睡眠呼吸暂停低通气综合征
8002,表 6-3-64 ,G47.300x031,睡眠低通气综合征
8003,表 6-3-64 ,G47.300x033,混合性睡眠呼吸暂停低通气综合征
8004,表 6-3-64 ,G47.300x034,原发性肺泡低通气综合征
8005,表 6-3-64 ,G47.300x035,中枢性低通气综合征
8006,表 6-3-64 ,G47.300x036,中枢性睡眠呼吸暂停低通气综合征
8007,表 6-3-64 ,G47.300x037,阻塞性睡眠呼吸暂停低通气综合征
8008,表 6-3-64 ,G47.301,阻塞性睡眠呼吸暂停综合征
8009,表 6-3-64 ,G47.302,中枢性睡眠呼吸暂停综合征
8010,表 6-3-64 ,G47.303,混合性睡眠呼吸暂停综合征
8011,表 6-3-64 ,G47.304,上气道阻力综合征
8012,表 6-3-64 ,G47.400x002,发作性睡病
8013,表 6-3-64 ,G47.400x003,昏睡
8014,表 6-3-64 ,G47.401,猝倒发作
8015,表 6-3-64 ,G47.800x001,周期性瞌睡[Kleine-Levin综合征]
8016,表 6-3-64 ,G47.800x002,快动眼睡眠行为障碍
8017,表 6-3-64 ,G47.801,发作性嗜睡强食综合征
8018,表 6-3-64 ,G47.900,睡眠障碍
8019,表 6-3-65 ,G50.000,三叉神经痛
8020,表 6-3-65 ,G50.001,眶上神经痛
8021,表 6-3-65 ,G50.002,筛前神经痛
8022,表 6-3-65 ,G50.003,原发性三叉神经痛
8023,表 6-3-65 ,G50.004,继发性三叉神经痛
8024,表 6-3-65 ,G50.100,非典型性面部痛
8025,表 6-3-65 ,G50.801,味觉性出汗综合征
8026,表 6-3-65 ,G50.802,三叉神经麻痹
8027,表 6-3-65 ,G50.803,三叉神经炎
8028,表 6-3-65 ,G50.900,三叉神经疾患
8029,表 6-3-65 ,G51.000,贝尔面瘫
8030,表 6-3-65 ,G51.000x003,眼轮匝肌麻痹
8031,表 6-3-65 ,G51.002,中枢性面神经麻痹
8032,表 6-3-65 ,G51.003,周围性面神经麻痹
8033,表 6-3-65 ,G51.100,膝状神经节炎
8034,表 6-3-65 ,G51.200,梅尔克松综合征
8035,表 6-3-65 ,G51.201,梅尔克松-罗森塔尔综合征
8036,表 6-3-65 ,G51.300,阵挛性半面痉挛
8037,表 6-3-65 ,G51.301,面肌痉挛
8038,表 6-3-65 ,G51.400,面肌纤维抽搐
8039,表 6-3-65 ,G51.800x003,颜面萎缩症
8040,表 6-3-65 ,G51.800x006,鳄鱼泪综合征
8041,表 6-3-65 ,G51.801,面肌萎缩
8042,表 6-3-65 ,G51.802,半侧颜面萎缩症
8043,表 6-3-65 ,G51.803,面神经炎
8044,表 6-3-65 ,G51.900,面神经疾患
8045,表 6-3-65 ,G52.000,嗅神经疾患
8046,表 6-3-65 ,G52.100,舌咽神经疾患
8047,表 6-3-65 ,G52.100x003,原发性舌咽神经痛
8048,表 6-3-65 ,G52.100x004,继发性舌咽神经痛
8049,表 6-3-65 ,G52.101,舌咽神经痛
8050,表 6-3-65 ,G52.102,舌咽神经麻痹
8051,表 6-3-65 ,G52.200,迷走神经疾患
8052,表 6-3-65 ,G52.201,喉返神经麻痹
8053,表 6-3-65 ,G52.202,喉返神经疾患
8054,表 6-3-65 ,G52.203,迷走神经麻痹
8055,表 6-3-65 ,G52.204,喉返神经炎
8056,表 6-3-65 ,G52.205,迷走神经功能亢进
8057,表 6-3-65 ,G52.300,舌下神经疾患
8058,表 6-3-65 ,G52.301,舌下神经痛
8059,表 6-3-65 ,G52.302,舌下神经麻痹
8060,表 6-3-65 ,G52.700,多发脑神经疾患
8061,表 6-3-65 ,G52.700x005,维拉雷综合征
8062,表 6-3-65 ,G52.701,多发性脑神经麻痹
8063,表 6-3-65 ,G52.702,多发性脑神经炎
8064,表 6-3-65 ,G52.703,多发性脑神经损害
8065,表 6-3-65 ,G52.704,颈静脉孔综合征
8066,表 6-3-65 ,G52.705,眶尖综合征
8067,表 6-3-65 ,G52.800x004,枕神经痛
8068,表 6-3-65 ,G52.800x005,枕小神经痛
8069,表 6-3-65 ,G52.800x006,枕大神经炎
8070,表 6-3-65 ,G52.801,副神经疾患
8071,表 6-3-65 ,G52.802,斜方肌麻痹
8072,表 6-3-65 ,G52.900,脑神经疾患
8073,表 6-3-65 ,G52.901,脑神经炎
8074,表 6-3-65 ,G52.902,脑神经麻痹
8075,表 6-3-65 ,G54.000,臂丛疾患
8076,表 6-3-65 ,G54.000x001,臂丛神经损害
8077,表 6-3-65 ,G54.000x004,颈肋综合征
8078,表 6-3-65 ,G54.000x006,过度外展综合征
8079,表 6-3-65 ,G54.001,肋锁综合征
8080,表 6-3-65 ,G54.002,胸廓出口综合征
8081,表 6-3-65 ,G54.003,臂丛神经麻痹
8082,表 6-3-65 ,G54.004,前斜角肌综合征
8083,表 6-3-65 ,G54.100,腰骶丛疾患
8084,表 6-3-65 ,G54.100x001,腰骶丛损害
8085,表 6-3-65 ,G54.100x002,臀上皮神经卡压综合征[臀上皮神经炎]
8086,表 6-3-65 ,G54.200,颈神经根疾患，不可归类在他处者
8087,表 6-3-65 ,G54.200x001,颈神经根损害
8088,表 6-3-65 ,G54.201,颈神经根囊肿
8089,表 6-3-65 ,G54.300,胸神经根疾患，不可归类在他处者
8090,表 6-3-65 ,G54.300x001,胸神经根损害
8091,表 6-3-65 ,G54.400,腰骶神经根疾患，不可归类在他处者
8092,表 6-3-65 ,G54.400x001,腰骶神经根损害
8093,表 6-3-65 ,G54.500,神经痛性肌萎缩
8094,表 6-3-65 ,G54.600,幻肢综合征伴有疼痛
8095,表 6-3-65 ,G54.700,幻肢综合征不伴有疼痛
8096,表 6-3-65 ,G54.800x003,手术后神经根粘连
8097,表 6-3-65 ,G54.800x004,脊神经嵌压综合征
8098,表 6-3-65 ,G54.801,骶神经根囊肿
8099,表 6-3-65 ,G54.900,神经根和神经丛疾患
8100,表 6-3-65 ,G54.900x001,周围神经卡压综合征
8101,表 6-3-65 ,G54.901,神经根压迫症
8102,表 6-3-65 ,G56.000,腕管综合征
8103,表 6-3-65 ,G56.100,正中神经的其他损害
8104,表 6-3-65 ,G56.100x001,正中神经损害
8105,表 6-3-65 ,G56.100x002,正中神经卡压综合征
8106,表 6-3-65 ,G56.100x003,骨间背侧神经卡压综合征
8107,表 6-3-65 ,G56.100x004,旋前圆肌综合征
8108,表 6-3-65 ,G56.101,正中神经麻痹
8109,表 6-3-65 ,G56.200,尺神经损害
8110,表 6-3-65 ,G56.200x001,迟发性尺神经炎
8111,表 6-3-65 ,G56.201,尺神经麻痹
8112,表 6-3-65 ,G56.202,肘管综合征
8113,表 6-3-65 ,G56.203,尺神经炎
8114,表 6-3-65 ,G56.300,桡神经损害
8115,表 6-3-65 ,G56.301,桡神经麻痹
8116,表 6-3-65 ,G56.800x001,指间神经瘤
8117,表 6-3-65 ,G56.900,上肢单神经病
8118,表 6-3-65 ,G57.000,坐骨神经损害
8119,表 6-3-65 ,G57.000x003,坐骨神经粘连
8120,表 6-3-65 ,G57.001,梨状肌综合征
8121,表 6-3-65 ,G57.100,感觉异样性股痛
8122,表 6-3-65 ,G57.100x001,股外侧皮神经炎
8123,表 6-3-65 ,G57.200,股神经损害
8124,表 6-3-65 ,G57.200x003,髂腹股沟神经痛[髂腹股综合征]
8125,表 6-3-65 ,G57.201,股神经麻痹
8126,表 6-3-65 ,G57.300,外腘神经损害
8127,表 6-3-65 ,G57.300x001,腓深神经麻痹
8128,表 6-3-65 ,G57.300x005,腓总神经损害
8129,表 6-3-65 ,G57.301,腓神经麻痹
8130,表 6-3-65 ,G57.302,腓神经损害
8131,表 6-3-65 ,G57.303,腓总神经麻痹
8132,表 6-3-65 ,G57.304,腓浅神经卡压
8133,表 6-3-65 ,G57.400,中腘神经损害
8134,表 6-3-65 ,G57.400x001,腘内侧神经损害
8135,表 6-3-65 ,G57.401,胫神经麻痹
8136,表 6-3-65 ,G57.500,跗管综合征
8137,表 6-3-65 ,G57.500x001,胫后神经卡压综合征
8138,表 6-3-65 ,G57.600,跖神经损害
8139,表 6-3-65 ,G57.600x002,足底神经损害
8140,表 6-3-65 ,G57.600x003,莫顿跖痛症[Morton病]
8141,表 6-3-65 ,G57.601,跖趾神经炎
8142,表 6-3-65 ,G57.603,足底内侧神经卡压征
8143,表 6-3-65 ,G57.604,足底外侧神经卡压征
8144,表 6-3-65 ,G57.800x001,趾间神经瘤
8145,表 6-3-65 ,G57.800x002,手术后下肢神经粘连
8146,表 6-3-65 ,G57.900,下肢单神经病
8147,表 6-3-65 ,G57.901,下肢单神经炎
8148,表 6-3-65 ,G58.000,肋间神经病
8149,表 6-3-65 ,G58.001,肋间神经痛
8150,表 6-3-65 ,G58.002,肋间神经炎
8151,表 6-3-65 ,G58.700,多发性单神经炎
8152,表 6-3-65 ,G58.800x001,膈神经麻痹
8153,表 6-3-65 ,G58.800x004,手术后皮神经粘连
8154,表 6-3-65 ,G58.800x006,肩胛上卡压综合征
8155,表 6-3-65 ,G58.800x007,胸长神经麻痹
8156,表 6-3-65 ,G58.800x008,耳大神经痛
8157,表 6-3-65 ,G58.801,枕大神经痛
8158,表 6-3-65 ,G58.900,单神经病
8159,表 6-3-65 ,G58.900x002,神经功能障碍
8160,表 6-3-65 ,G58.900x003,神经麻痹
8161,表 6-3-66 ,G60.000,遗传性运动和感觉神经病
8162,表 6-3-66 ,G60.000x002,遗传性共济失调伴肌萎缩[鲁西-莱维综合征]
8163,表 6-3-66 ,G60.000x003,肥大性间质神经病[德热里纳-索塔病]
8164,表 6-3-66 ,G60.000x005,婴儿肥大性神经病
8165,表 6-3-66 ,G60.000x008,沙尔科-玛丽-图斯病
8166,表 6-3-66 ,G60.001,脱髓鞘型腓骨肌萎缩
8167,表 6-3-66 ,G60.002,轴索型腓骨肌萎缩
8168,表 6-3-66 ,G60.003,腓骨肌萎缩
8169,表 6-3-66 ,G60.100,植烷酸贮积症
8170,表 6-3-66 ,G60.200,与遗传性共济失调有关的神经病
8171,表 6-3-66 ,G60.300,特发性进行性神经病
8172,表 6-3-66 ,G60.800x001,感觉性多发性神经病
8173,表 6-3-66 ,G60.800x002,里吉综合征
8174,表 6-3-66 ,G60.800x003,"色素沉着,水肿,多发性神经病综合征"
8175,表 6-3-66 ,G60.800x004,遗传性感觉性神经病
8176,表 6-3-66 ,G60.800x005,内拉东综合征[Nelaton综合征]
8177,表 6-3-66 ,G60.800x006,莫旺病[Morvan病]
8178,表 6-3-66 ,G60.800x007,巨轴索神经病
8179,表 6-3-66 ,G60.800x010,遗传性感觉自主神经病
8180,表 6-3-66 ,G60.801,先天性无痛无汗症
8181,表 6-3-66 ,G60.802,感觉性周围神经病
8182,表 6-3-66 ,G60.803,遗传性压力易感性周围神经病
8183,表 6-3-66 ,G60.900,遗传性和特发性神经病
8184,表 6-3-66 ,G60.900x001,遗传性周围神经病
8185,表 6-3-66 ,G61.000,吉兰-巴雷［格林-巴利］综合征
8186,表 6-3-66 ,G61.000x003,急性运动轴索性神经病
8187,表 6-3-66 ,G61.000x004,急性炎性脱髓鞘性多发神经根神经病
8188,表 6-3-66 ,G61.000x005,急性运动感觉轴索性神经病
8189,表 6-3-66 ,G61.000x006,急性感觉神经病
8190,表 6-3-66 ,G61.001,费舍综合征
8191,表 6-3-66 ,G61.002,吉兰-巴雷综合征轴索型
8192,表 6-3-66 ,G61.003,吉兰-巴雷综合征脱髓鞘型
8193,表 6-3-66 ,G61.100,血清性神经病变
8194,表 6-3-66 ,G61.800x003,获得性多灶性感觉运动神经病
8195,表 6-3-66 ,G61.800x004,急性感觉运动神经病
8196,表 6-3-66 ,G61.800x005,亚急性感觉神经病
8197,表 6-3-66 ,G61.800x006,亚急性或慢性感觉运动神经病
8198,表 6-3-66 ,G61.801,慢性炎症性脱髓鞘性多发性神经病
8199,表 6-3-66 ,G61.900,炎性多神经病
8200,表 6-3-66 ,G62.000,药物性多神经病
8201,表 6-3-66 ,G62.001,药物性周围神经病
8202,表 6-3-66 ,G62.100,酒精性多神经病
8203,表 6-3-66 ,G62.100x002,慢性酒精中毒性神经病
8204,表 6-3-66 ,G62.101,酒精中毒性周围神经病
8205,表 6-3-66 ,G62.200,毒性物质引起的多神经病，其他的
8206,表 6-3-66 ,G62.200x001,化学性多神经病
8207,表 6-3-66 ,G62.200x003,中毒性多神经病
8208,表 6-3-66 ,G62.201,有机磷中毒迟发性神经病
8209,表 6-3-66 ,G62.800x005,感觉神经元病
8210,表 6-3-66 ,G62.800x007,血管炎相关神经病
8211,表 6-3-66 ,G62.800x008,轴索性周围神经病
8212,表 6-3-66 ,G62.800x009,小纤维神经病
8213,表 6-3-66 ,G62.803,放射性多神经病
8214,表 6-3-66 ,G62.804,运动性周围神经病
8215,表 6-3-66 ,G62.805,混合性周围神经病
8216,表 6-3-66 ,G62.806,感染性周围神经病
8217,表 6-3-66 ,G62.807,免疫相关性周围神经病
8218,表 6-3-66 ,G62.808,缺血性周围神经病
8219,表 6-3-66 ,G62.809,创伤性周围神经病
8220,表 6-3-66 ,G62.810,后天获得性周围神经病
8221,表 6-3-66 ,G62.900,多神经病
8222,表 6-3-66 ,G62.900x002,末梢神经病[末梢神经炎]
8223,表 6-3-66 ,G62.900x003,末稍神经退行性改变
8224,表 6-3-66 ,G62.900x004,炎性和中毒性神经病
8225,表 6-3-66 ,G62.900x011,痛性周围神经病
8226,表 6-3-66 ,G62.901,周围神经病
8227,表 6-3-66 ,G62.908,多灶性感觉运动神经病
8228,表 6-3-66 ,G62.909,多灶性运动神经病
8229,表 6-3-66 ,G64.x00,周围神经系统的其他疾患
8230,表 6-3-66 ,G64.x00x001,肌颤搐多汗综合征
8231,表 6-3-67 ,G70.000,重症肌无力
8232,表 6-3-67 ,G70.000x002,重症肌无力危象
8233,表 6-3-67 ,G70.000x004,胆碱能危象
8234,表 6-3-67 ,G70.000x005,反拗性危象
8235,表 6-3-67 ,G70.001,重症肌无力，肌萎缩型
8236,表 6-3-67 ,G70.002,重症肌无力，眼肌型
8237,表 6-3-67 ,G70.003,重症肌无力，轻度全身型
8238,表 6-3-67 ,G70.004,重症肌无力，中度全身型
8239,表 6-3-67 ,G70.005,重症肌无力，急性重症型
8240,表 6-3-67 ,G70.006,重症肌无力，迟发重症型
8241,表 6-3-67 ,G70.007,肌无力危象
8242,表 6-3-67 ,G70.008,儿童型重症肌无力
8243,表 6-3-67 ,G70.100,中毒性肌神经疾患
8244,表 6-3-67 ,G70.200,先天性和发育性肌无力
8245,表 6-3-67 ,G70.200x004,少年型重症肌无力
8246,表 6-3-67 ,G70.200x005,"儿童型重症肌无力,眼肌型"
8247,表 6-3-67 ,G70.201,先天性重症肌无力
8248,表 6-3-67 ,G70.202,先天性肌无力综合征
8249,表 6-3-67 ,G70.800x001,非癌性肌无力综合征
8250,表 6-3-67 ,G70.900,肌神经疾患
8251,表 6-3-67 ,G70.900x001,喉肌无力
8252,表 6-3-67 ,G70.900x003,面肌肌无力
8253,表 6-3-67 ,G70.901,肌无力综合征
8254,表 6-3-67 ,G70.902,肌无力
8255,表 6-3-67 ,G71.000,肌营养不良
8256,表 6-3-67 ,G71.000x005,杜氏肌营养不良症[Duchenne型肌营养不良症]
8257,表 6-3-67 ,G71.000x006,Becker型肌营养不良症[贝氏肌营养不良症]
8258,表 6-3-67 ,G71.000x010,Emery-dreifuss型肌营养不良症
8259,表 6-3-67 ,G71.000x011,眼肌型肌营养不良症
8260,表 6-3-67 ,G71.001,进行性肌营养不良
8261,表 6-3-67 ,G71.002,眼咽型肌营养不良症
8262,表 6-3-67 ,G71.003,假肥大型肌营养不良症
8263,表 6-3-67 ,G71.004,远端型肌营养不良症
8264,表 6-3-67 ,G71.005,迪谢纳型肌营养不良症
8265,表 6-3-67 ,G71.006,面肩肱型肌营养不良症
8266,表 6-3-67 ,G71.007,肢带型肌营养不良症
8267,表 6-3-67 ,G71.100,肌强直性疾患
8268,表 6-3-67 ,G71.101,神经性肌强直
8269,表 6-3-67 ,G71.102,萎缩性肌强直
8270,表 6-3-67 ,G71.103,营养不良性肌强直
8271,表 6-3-67 ,G71.104,先天性肌强直
8272,表 6-3-67 ,G71.105,先天性副肌强直
8273,表 6-3-67 ,G71.106,非营养不良性肌强直综合征
8274,表 6-3-67 ,G71.200,先天性肌病
8275,表 6-3-67 ,G71.200x002,先天性肌营养不良
8276,表 6-3-67 ,G71.200x003,多微小轴空病
8277,表 6-3-67 ,G71.200x004,先天性肌纤维类型不均衡
8278,表 6-3-67 ,G71.200x005,中央轴空病
8279,表 6-3-67 ,G71.300,线粒体肌病，不可归类在他处者
8280,表 6-3-67 ,G71.300x001,线粒体脑肌病伴高乳酸血症和卒中样发作
8281,表 6-3-67 ,G71.300x003,线粒体肌病
8282,表 6-3-67 ,G71.301,线粒体脑肌病
8283,表 6-3-67 ,G71.800,肌肉的其他原发性疾患
8284,表 6-3-67 ,G71.800x002,肌-眼-脑病
8285,表 6-3-67 ,G71.801,肌萎缩
8286,表 6-3-67 ,G71.900,肌肉的原发性疾患
8287,表 6-3-67 ,G71.900x001,遗传性肌病
8288,表 6-3-67 ,G72.000,药物性肌病
8289,表 6-3-67 ,G72.100,酒精性肌病
8290,表 6-3-67 ,G72.200,毒性物质引起的肌病，其他的
8291,表 6-3-67 ,G72.200x001,中毒性肌病
8292,表 6-3-67 ,G72.300,周期性瘫痪
8293,表 6-3-67 ,G72.301,低钾型周期性麻痹
8294,表 6-3-67 ,G72.302,高钾性周期性麻痹
8295,表 6-3-67 ,G72.304,正常钾型周期性麻痹
8296,表 6-3-67 ,G72.400,炎性肌病，不可归类在他处者
8297,表 6-3-67 ,G72.401,包涵体肌炎
8298,表 6-3-67 ,G72.402,遗传性包涵体肌病
8299,表 6-3-67 ,G72.403,散发性包涵体肌炎
8300,表 6-3-67 ,G72.404,症状性炎性肌病
8301,表 6-3-67 ,G72.800x001,肌麻痹
8302,表 6-3-67 ,G72.800x002,血管源性肌病
8303,表 6-3-67 ,G72.800x003,缺血缺氧性肌病
8304,表 6-3-67 ,G72.800x006,风湿免疫病合并肌病
8305,表 6-3-67 ,G72.800x007,杆状体肌病
8306,表 6-3-67 ,G72.800x008,还原体肌病
8307,表 6-3-67 ,G72.800x009,肌管肌病
8308,表 6-3-67 ,G72.800x010,肌球蛋白缺乏性肌病
8309,表 6-3-67 ,G72.800x011,肌小管肌病
8310,表 6-3-67 ,G72.800x012,远端性肌病
8311,表 6-3-67 ,G72.800x013,指印体肌病
8312,表 6-3-67 ,G72.900,肌病
8313,表 6-3-68 ,G80.000,痉挛性四肢麻痹性脑瘫
8314,表 6-3-68 ,G80.000x011,双侧痉挛型脑性瘫痪
8315,表 6-3-68 ,G80.000x021,偏侧痉挛型脑性瘫痪
8316,表 6-3-68 ,G80.100,痉挛性双侧脑瘫
8317,表 6-3-68 ,G80.101,痉挛型脑性瘫痪
8318,表 6-3-68 ,G80.200,痉挛性偏侧脑瘫
8319,表 6-3-68 ,G80.200x001,婴儿性偏瘫
8320,表 6-3-68 ,G80.300,运动障碍性脑瘫
8321,表 6-3-68 ,G80.300x003,强直型脑性瘫痪
8322,表 6-3-68 ,G80.301,双侧手足徐动症
8323,表 6-3-68 ,G80.302,手足徐动型脑性瘫痪
8324,表 6-3-68 ,G80.303,肌张力低下型脑性瘫痪
8325,表 6-3-68 ,G80.305,发作性舞蹈-手足徐动症
8326,表 6-3-68 ,G80.400,共济失调性脑瘫
8327,表 6-3-68 ,G80.800,大脑性瘫痪［脑瘫］，其他的
8328,表 6-3-68 ,G80.801,震颤型脑性瘫痪
8329,表 6-3-68 ,G80.802,混合型脑性瘫痪
8330,表 6-3-68 ,G80.900,大脑性瘫痪［脑瘫］
8331,表 6-3-68 ,G81.000,松弛性偏瘫
8332,表 6-3-68 ,G81.100,痉挛性偏瘫
8333,表 6-3-68 ,G81.900,偏瘫
8334,表 6-3-68 ,G81.900x002,轻偏瘫
8335,表 6-3-68 ,G81.901,交替性偏瘫
8336,表 6-3-68 ,G81.902,完全性偏瘫
8337,表 6-3-68 ,G81.903,不完全性偏瘫
8338,表 6-3-68 ,G82.000,松弛性截瘫
8339,表 6-3-68 ,G82.000x011,急性驰缓性截瘫
8340,表 6-3-68 ,G82.000x021,慢性驰缓性截瘫
8341,表 6-3-68 ,G82.000x031,急性完全性驰缓性截瘫
8342,表 6-3-68 ,G82.000x041,慢性完全性驰缓性截瘫
8343,表 6-3-68 ,G82.000x051,急性不完全性驰缓性截瘫
8344,表 6-3-68 ,G82.000x061,慢性不完全性驰缓性截瘫
8345,表 6-3-68 ,G82.100,痉挛性截瘫
8346,表 6-3-68 ,G82.100x021,慢性痉挛性截瘫
8347,表 6-3-68 ,G82.100x031,急性完全性痉挛性截瘫
8348,表 6-3-68 ,G82.100x041,慢性完全性痉挛性截瘫
8349,表 6-3-68 ,G82.100x051,急性不完全性痉挛性截瘫
8350,表 6-3-68 ,G82.100x061,慢性不完全性痉挛性截瘫
8351,表 6-3-68 ,G82.101,急性痉挛性截瘫
8352,表 6-3-68 ,G82.200,截瘫
8353,表 6-3-68 ,G82.200x021,慢性截瘫
8354,表 6-3-68 ,G82.200x031,急性完全性截瘫
8355,表 6-3-68 ,G82.200x041,慢性完全性截瘫
8356,表 6-3-68 ,G82.201,慢性不完全性截瘫
8357,表 6-3-68 ,G82.202,急性截瘫
8358,表 6-3-68 ,G82.203,急性不完全性截瘫
8359,表 6-3-68 ,G82.204,高位截瘫
8360,表 6-3-68 ,G82.300,松弛性四肢瘫痪
8361,表 6-3-68 ,G82.300x021,慢性驰缓性四肢瘫
8362,表 6-3-68 ,G82.300x031,急性完全性驰缓性四肢瘫
8363,表 6-3-68 ,G82.300x041,慢性完全性驰缓性四肢瘫
8364,表 6-3-68 ,G82.300x051,急性不完全性驰缓性四肢瘫
8365,表 6-3-68 ,G82.300x061,慢性不完全性驰缓性四肢瘫
8366,表 6-3-68 ,G82.301,急性弛缓性四肢瘫
8367,表 6-3-68 ,G82.400,痉挛性四肢瘫痪
8368,表 6-3-68 ,G82.400x011,急性痉挛性四肢瘫
8369,表 6-3-68 ,G82.400x031,急性完全性痉挛性四肢瘫
8370,表 6-3-68 ,G82.400x041,慢性完全性痉挛性四肢瘫
8371,表 6-3-68 ,G82.400x051,急性不完全性痉挛性四肢瘫
8372,表 6-3-68 ,G82.400x061,慢性不完全性痉挛性四肢瘫
8373,表 6-3-68 ,G82.401,慢性痉挛性四肢瘫
8374,表 6-3-68 ,G82.500,四肢瘫痪
8375,表 6-3-68 ,G82.500x031,急性完全性四肢瘫
8376,表 6-3-68 ,G82.500x041,慢性完全性四肢瘫
8377,表 6-3-68 ,G82.501,急性四肢瘫
8378,表 6-3-68 ,G82.502,慢性四肢瘫
8379,表 6-3-68 ,G82.503,急性不完全性四肢瘫
8380,表 6-3-68 ,G82.504,慢性不完全性四肢瘫
8381,表 6-3-68 ,G83.000,双上肢瘫
8382,表 6-3-68 ,G83.000x002,完全性双上肢瘫
8383,表 6-3-68 ,G83.000x003,不完全性双上肢瘫
8384,表 6-3-68 ,G83.100,下肢单瘫
8385,表 6-3-68 ,G83.100x002,完全性下肢单瘫
8386,表 6-3-68 ,G83.100x003,不完全性下肢单瘫
8387,表 6-3-68 ,G83.200,上肢单瘫
8388,表 6-3-68 ,G83.200x002,完全性上肢单瘫
8389,表 6-3-68 ,G83.200x003,不完全性上肢单瘫
8390,表 6-3-68 ,G83.300,单瘫
8391,表 6-3-68 ,G83.300x002,完全性单瘫
8392,表 6-3-68 ,G83.300x003,不完全性单瘫
8393,表 6-3-68 ,G83.400,马尾综合征
8394,表 6-3-68 ,G83.500,闭锁综合征
8395,表 6-3-68 ,G83.600,上运动神经元性面瘫
8396,表 6-3-68 ,G83.800x001,脊髓半切综合征[布朗-塞卡尔氏综合征]
8397,表 6-3-68 ,G83.800x003,交叉性瘫痪
8398,表 6-3-68 ,G83.801,布朗-塞卡尔综合征
8399,表 6-3-68 ,G83.802,脊髓完全性瘫痪
8400,表 6-3-68 ,G83.803,托德瘫痪
8401,表 6-3-68 ,G83.900,麻痹［瘫痪］综合征
8402,表 6-3-68 ,G83.900x001,痉挛性瘫痪[中枢性瘫痪]
8403,表 6-3-68 ,G83.900x002,瘫痪
8404,表 6-3-68 ,G83.900x003,完全性瘫痪
8405,表 6-3-68 ,G83.900x004,不完全性瘫痪
8406,表 6-3-68 ,G83.900x005,弛缓性瘫痪[周围性瘫痪]
8407,表 6-3-68 ,G83.901,轻度瘫痪
8408,表 6-3-69 ,G90.000,特发性周围自主神经病
8409,表 6-3-69 ,G90.001,颈动脉窦性晕厥
8410,表 6-3-69 ,G90.100,家族性自主神经功能异常［赖利-戴］
8411,表 6-3-69 ,G90.200,霍纳综合征
8412,表 6-3-69 ,G90.400,自主性高反射
8413,表 6-3-69 ,G90.500,复杂性区域疼痛综合征I型
8414,表 6-3-69 ,G90.501,反射性交感神经营养不良综合征
8415,表 6-3-69 ,G90.600,复杂性区域疼痛综合征II型
8416,表 6-3-69 ,G90.700,其他和未明确类型的复杂区域性疼痛综合征
8417,表 6-3-69 ,G90.800x001,交感神经炎
8418,表 6-3-69 ,G90.800x002,直立不耐受
8419,表 6-3-69 ,G90.800x003,直立性调节障碍
8420,表 6-3-69 ,G90.800x004,β受体亢进综合征[β受体过敏综合征]
8421,表 6-3-69 ,G90.800x005,胆碱能神经功能亢进
8422,表 6-3-69 ,G90.801,交感神经链综合征
8423,表 6-3-69 ,G90.900,自主神经系统疾患
8424,表 6-3-69 ,G90.900x001,自主神经功能紊乱
8425,表 6-3-69 ,G90.900x002,植物神经功能紊乱
8426,表 6-3-69 ,G91.000,交通性脑积水
8427,表 6-3-69 ,G91.000x002,颅内出血后脑积水
8428,表 6-3-69 ,G91.000x003,感染性脑积水
8429,表 6-3-69 ,G91.100,梗阻性脑积水
8430,表 6-3-69 ,G91.100x002,中脑导水管梗阻
8431,表 6-3-69 ,G91.100x003,孤立性第四脑室[第四脑室积水]
8432,表 6-3-69 ,G91.200,正常压力脑积水
8433,表 6-3-69 ,G91.300,创伤后脑积水
8434,表 6-3-69 ,G91.301,创伤后硬脑膜下积液
8435,表 6-3-69 ,G91.800x001,继发性脑积水
8436,表 6-3-69 ,G91.800x003,脑外脑积水
8437,表 6-3-69 ,G91.800x004,脑内脑积水
8438,表 6-3-69 ,G91.800x006,蛛网膜下腔出血后脑积水
8439,表 6-3-69 ,G91.801,耳源性脑积水
8440,表 6-3-69 ,G91.802,硬脑膜下积液
8441,表 6-3-69 ,G91.900,脑积水
8442,表 6-3-69 ,G92.x00,中毒性脑病
8443,表 6-3-69 ,G92.x00x002,急性中毒性脑病
8444,表 6-3-69 ,G92.x00x003,慢性中毒性脑病
8445,表 6-3-69 ,G92.x01,一氧化碳中毒性脑病
8446,表 6-3-69 ,G92.x02,一氧化碳中毒迟发性脑病
8447,表 6-3-69 ,G93.000,大脑囊肿
8448,表 6-3-69 ,G93.000x002,脑囊肿
8449,表 6-3-69 ,G93.000x006,小脑囊肿
8450,表 6-3-69 ,G93.000x007,侧脑室囊肿
8451,表 6-3-69 ,G93.000x009,脉络丛囊肿
8452,表 6-3-69 ,G93.000x010,外侧裂蛛网膜囊肿
8453,表 6-3-69 ,G93.000x011,颅骨板障内蛛网膜囊肿
8454,表 6-3-69 ,G93.000x012,鞍上蛛网膜囊肿
8455,表 6-3-69 ,G93.000x013,桥小脑角蛛网膜囊肿
8456,表 6-3-69 ,G93.000x014,蛛网膜憩室
8457,表 6-3-69 ,G93.000x015,颅内囊肿
8458,表 6-3-69 ,G93.001,蛛网膜囊肿
8459,表 6-3-69 ,G93.002,透明隔囊肿
8460,表 6-3-69 ,G93.003,后天性脑穿通畸形
8461,表 6-3-69 ,G93.004,第四脑室囊肿
8462,表 6-3-69 ,G93.005,硬膜下囊肿
8463,表 6-3-69 ,G93.100,缺氧性脑损害，不可归类在他处者
8464,表 6-3-69 ,G93.100x002,脑缺氧症
8465,表 6-3-69 ,G93.101,肺性脑病
8466,表 6-3-69 ,G93.102,缺氧缺血性脑病
8467,表 6-3-69 ,G93.200,良性颅内高压
8468,表 6-3-69 ,G93.200x003,弥漫性颅内压增高
8469,表 6-3-69 ,G93.200x004,局限性颅内压增高
8470,表 6-3-69 ,G93.201,良性颅内压增高综合征
8471,表 6-3-69 ,G93.300,病毒感染后疲劳综合征
8472,表 6-3-69 ,G93.300x002,良性肌痛性脑脊髓炎
8473,表 6-3-69 ,G93.301,肌痛性脑脊髓炎
8474,表 6-3-69 ,G93.400,脑病
8475,表 6-3-69 ,G93.400x001,白质灰质性脑病
8476,表 6-3-69 ,G93.400x002,弥散性脑病
8477,表 6-3-69 ,G93.400x004,枕叶脑白质病变
8478,表 6-3-69 ,G93.400x005,脑病[器质性脑病]
8479,表 6-3-69 ,G93.400x006,脑干病变
8480,表 6-3-69 ,G93.400x007,可逆性后部白质脑病综合征
8481,表 6-3-69 ,G93.400x008,自身免疫相关性脑病
8482,表 6-3-69 ,G93.401,低颅压综合征
8483,表 6-3-69 ,G93.402,脑白质病
8484,表 6-3-69 ,G93.403,代谢性脑病
8485,表 6-3-69 ,G93.404,器质性脑病
8486,表 6-3-69 ,G93.405,可逆性后部白质脑病
8487,表 6-3-69 ,G93.500,脑受压
8488,表 6-3-69 ,G93.500x001,枕骨大孔疝[小脑扁桃体疝]
8489,表 6-3-69 ,G93.500x002,脑干受压
8490,表 6-3-69 ,G93.500x005,外侧型小脑幕裂孔疝[钩回疝]
8491,表 6-3-69 ,G93.500x006,中央型小脑幕裂孔疝[中心疝/中线疝]
8492,表 6-3-69 ,G93.500x007,小脑幕孔下降疝
8493,表 6-3-69 ,G93.500x008,小脑幕孔上升疝
8494,表 6-3-69 ,G93.500x009,大脑镰下疝[扣带回疝]
8495,表 6-3-69 ,G93.500x010,蝶骨嵴疝
8496,表 6-3-69 ,G93.501,脑疝
8497,表 6-3-69 ,G93.503,小脑幕裂孔疝
8498,表 6-3-69 ,G93.504,后天性脑膜膨出
8499,表 6-3-69 ,G93.600,脑水肿
8500,表 6-3-69 ,G93.600x002,脑干水肿
8501,表 6-3-69 ,G93.600x003,血管源性脑水肿
8502,表 6-3-69 ,G93.600x004,细胞性脑水肿[细胞毒性脑水肿]
8503,表 6-3-69 ,G93.600x005,脑积水性脑水肿[间质性脑水肿]
8504,表 6-3-69 ,G93.600x006,缺血性脑水肿
8505,表 6-3-69 ,G93.600x007,渗透压性脑水肿
8506,表 6-3-69 ,G93.600x008,粒细胞性脑水肿
8507,表 6-3-69 ,G93.600x009,离子性脑水肿
8508,表 6-3-69 ,G93.700,赖氏综合征
8509,表 6-3-69 ,G93.800x007,胰性脑病
8510,表 6-3-69 ,G93.800x009,脑室憩室
8511,表 6-3-69 ,G93.800x010,颅内积气[气颅症]
8512,表 6-3-69 ,G93.800x012,无动性缄默[睁眼昏迷]
8513,表 6-3-69 ,G93.800x013,脑死亡
8514,表 6-3-69 ,G93.801,室管膜病
8515,表 6-3-69 ,G93.802,放射性脑病
8516,表 6-3-69 ,G93.803,去脑强直
8517,表 6-3-69 ,G93.804,大脑功能障碍
8518,表 6-3-69 ,G93.805,脑钙化
8519,表 6-3-69 ,G93.806,脑软化
8520,表 6-3-69 ,G93.807,脑胶质细胞增生
8521,表 6-3-69 ,G93.808,脑室扩张
8522,表 6-3-69 ,G93.809,颅内静脉窦狭窄
8523,表 6-3-69 ,G93.810,丘脑综合征
8524,表 6-3-69 ,G93.811,视丘反应综合征
8525,表 6-3-69 ,G93.812,中枢性呼吸衰竭
8526,表 6-3-69 ,G93.814,颅内胆脂瘤
8527,表 6-3-69 ,G93.815,去皮层状态
8528,表 6-3-69 ,G93.900,脑疾患
8529,表 6-3-69 ,G93.900x001,脑干功能衰竭
8530,表 6-3-69 ,G93.901,间脑病变
8531,表 6-3-69 ,G93.902,脑肿物
8532,表 6-3-69 ,G93.903,鞍区肿物
8533,表 6-3-69 ,G93.904,顶叶综合征
8534,表 6-3-69 ,G95.000,脊髓空洞症和延髓空洞症
8535,表 6-3-69 ,G95.001,延髓空洞症
8536,表 6-3-69 ,G95.002+M49.4*,脊髓空洞性夏科关节病
8537,表 6-3-69 ,G95.003,脊髓空洞症
8538,表 6-3-69 ,G95.100,血管性脊髓病
8539,表 6-3-69 ,G95.100x003,脊髓前动脉栓塞
8540,表 6-3-69 ,G95.100x004,脊髓前动脉血栓形成
8541,表 6-3-69 ,G95.100x007,缺血性脊髓病
8542,表 6-3-69 ,G95.100x008,缺血性脊髓血管病
8543,表 6-3-69 ,G95.100x013,缺氧缺血性脊髓病
8544,表 6-3-69 ,G95.101,脊髓出血
8545,表 6-3-69 ,G95.102,急性脊髓梗死
8546,表 6-3-69 ,G95.103,脊髓缺血
8547,表 6-3-69 ,G95.104,脊髓坏死
8548,表 6-3-69 ,G95.105,脊髓动脉血栓形成
8549,表 6-3-69 ,G95.106,脊髓水肿
8550,表 6-3-69 ,G95.107,脊髓后动脉综合征
8551,表 6-3-69 ,G95.108,脊髓栓塞
8552,表 6-3-69 ,G95.109,脊髓前动脉闭塞综合征
8553,表 6-3-69 ,G95.200,脊髓受压
8554,表 6-3-69 ,G95.800,脊髓其他特指的疾病
8555,表 6-3-69 ,G95.800x003,脊髓神经根囊肿
8556,表 6-3-69 ,G95.800x004,脊髓内囊肿
8557,表 6-3-69 ,G95.800x005,脊髓前角病变
8558,表 6-3-69 ,G95.800x007,脊髓性膀胱
8559,表 6-3-69 ,G95.800x010,椎管内囊肿
8560,表 6-3-69 ,G95.800x011,硬脊膜外囊肿
8561,表 6-3-69 ,G95.800x012,骶椎神经根袖囊肿
8562,表 6-3-69 ,G95.800x014,非创伤性脊髓不全横贯性损害
8563,表 6-3-69 ,G95.800x015,脊髓软化
8564,表 6-3-69 ,G95.800x016,脊髓胶质细胞增生
8565,表 6-3-69 ,G95.800x017,药物性脊髓病
8566,表 6-3-69 ,G95.801,中毒性脊髓病
8567,表 6-3-69 ,G95.802,脊髓硬化症
8568,表 6-3-69 ,G95.803,放射性脊髓病
8569,表 6-3-69 ,G95.804,脊髓萎缩
8570,表 6-3-69 ,G95.805,脊髓病性膀胱
8571,表 6-3-69 ,G95.806,椎管内纤维组织增生
8572,表 6-3-69 ,G95.807,肝性脊髓病
8573,表 6-3-69 ,G95.808,脊髓囊肿
8574,表 6-3-69 ,G95.900,脊髓病
8575,表 6-3-69 ,G95.900x003,椎管内占位性病变
8576,表 6-3-69 ,G95.900x004,椎管内外占位性病变
8577,表 6-3-69 ,G95.901,椎管内肿物
8578,表 6-3-69 ,G96.000,脑脊液漏
8579,表 6-3-69 ,G96.000x005,脑脊液眼漏
8580,表 6-3-69 ,G96.000x006,创伤性脑脊液漏
8581,表 6-3-69 ,G96.001,脑脊液鼻漏
8582,表 6-3-69 ,G96.002,脑脊液耳漏
8583,表 6-3-69 ,G96.003,手术后脑脊液漏
8584,表 6-3-69 ,G96.100,脑脊膜疾患，不可归类在他处者
8585,表 6-3-69 ,G96.100x001,脊髓蛛网膜粘连
8586,表 6-3-69 ,G96.100x002,蛛网膜粘连
8587,表 6-3-69 ,G96.100x003,马尾粘连
8588,表 6-3-69 ,G96.100x004,脊髓粘连
8589,表 6-3-69 ,G96.100x005,脑膜粘连
8590,表 6-3-69 ,G96.100x007,髓外硬膜外囊肿
8591,表 6-3-69 ,G96.100x008,硬脊膜外粘连
8592,表 6-3-69 ,G96.100x009,椎管内胆脂瘤
8593,表 6-3-69 ,G96.100x010,椎管内蛛网膜囊肿
8594,表 6-3-69 ,G96.100x013,硬脊膜内囊肿
8595,表 6-3-69 ,G96.101,脊膜粘连
8596,表 6-3-69 ,G96.103,脑室粘连
8597,表 6-3-69 ,G96.104,硬膜外囊肿
8598,表 6-3-69 ,G96.800x002,脑叶炎性病变
8599,表 6-3-69 ,G96.800x003,营养不良性神经病[营养障碍性神经病]
8600,表 6-3-69 ,G96.800x005,类固醇激素反应性慢性淋巴细胞性炎症伴脑桥血管周围强化症[CLIPPERS综合征]
8601,表 6-3-69 ,G96.800x006,脊髓损伤后体温调节功能障碍
8602,表 6-3-69 ,G96.800x007,海绵窦综合征
8603,表 6-3-69 ,G96.900,中枢神经系统疾患
8604,表 6-3-69 ,G96.900x002,脑脊髓神经病
8605,表 6-3-69 ,G96.900x003,脑脊髓神经根病
8606,表 6-3-69 ,G96.900x004,中枢神经系统并发症
8607,表 6-3-69 ,G96.901,脑脊髓病
8608,表 6-3-69 ,G96.902,中枢性疼痛
8609,表 6-3-69 ,G97.000,腰椎穿刺引起的脑脊液漏
8610,表 6-3-69 ,G97.100,对腰椎穿刺的其他反应
8611,表 6-3-69 ,G97.100x002,腰椎穿刺术后感染
8612,表 6-3-69 ,G97.100x003,腰椎穿刺术后脑疝
8613,表 6-3-69 ,G97.101,腰椎穿刺术后头痛
8614,表 6-3-69 ,G97.200,脑室分流后颅内低压
8615,表 6-3-69 ,G97.800x001,手术后马尾神经损伤
8616,表 6-3-69 ,G97.800x002,手术后脑膜膨出
8617,表 6-3-69 ,G97.800x003,手术后肢体功能障碍
8618,表 6-3-69 ,G97.800x004,手术后瘫痪
8619,表 6-3-69 ,G97.800x005,手术后颅内积气
8620,表 6-3-69 ,G97.800x006,手术后脑积水
8621,表 6-3-69 ,G97.800x008,手术后脑神经损伤
8622,表 6-3-69 ,G97.800x009,脑部手术后皮下积液
8623,表 6-3-69 ,G97.801,操作后缺氧性脑损害
8624,表 6-3-69 ,G97.802,脑血管造影后脑血管痉挛
8625,表 6-3-69 ,G97.803,裂隙脑室综合征
8626,表 6-3-69 ,G97.900,神经系统的操作后疾患
8627,表 6-3-69 ,G98.x00,神经系统的其他疾患，不可归类在他处者
8628,表 6-3-69 ,G98.x00x001,神经系统病变
8629,表 6-3-69 ,G98.x00x002,神经系统萎缩
8630,表 6-3-70 ,H00.000x001,眼睑疖肿
8631,表 6-3-70 ,H00.001,睑腺炎
8632,表 6-3-70 ,H00.002,眼睑脓肿
8633,表 6-3-70 ,H00.003,眼睑蜂窝织炎
8634,表 6-3-70 ,H00.100,睑板腺囊肿
8635,表 6-3-70 ,H01.000,睑缘炎
8636,表 6-3-70 ,H01.100,眼睑的非感染性皮肤病
8637,表 6-3-70 ,H01.100x003,眼睑变应性皮炎
8638,表 6-3-70 ,H01.100x004,眼睑接触性皮炎
8639,表 6-3-70 ,H01.100x005,眼睑湿疹性皮炎
8640,表 6-3-70 ,H01.100x006,眼睑盘形红斑狼疮性皮炎
8641,表 6-3-70 ,H01.100x007,眼睑干皮病
8642,表 6-3-70 ,H01.101,眼睑皮炎
8643,表 6-3-70 ,H01.801,眼睑瘘
8644,表 6-3-70 ,H01.802,眼睑肉芽肿
8645,表 6-3-70 ,H01.900,眼睑炎症
8646,表 6-3-70 ,H01.901,眼睑炎性假瘤
8647,表 6-3-70 ,H02.000,睑内翻和倒睫
8648,表 6-3-70 ,H02.000x004,瘢痕性睑内翻
8649,表 6-3-70 ,H02.001,先天性倒睫
8650,表 6-3-70 ,H02.002,瘢痕性倒睫
8651,表 6-3-70 ,H02.003,睑内翻
8652,表 6-3-70 ,H02.004,倒睫
8653,表 6-3-70 ,H02.100,睑外翻
8654,表 6-3-70 ,H02.101,麻痹性睑外翻
8655,表 6-3-70 ,H02.102,瘢痕性睑外翻
8656,表 6-3-70 ,H02.103,老年性睑外翻
8657,表 6-3-70 ,H02.200,兔眼
8658,表 6-3-70 ,H02.300,眼睑皮肤松弛症
8659,表 6-3-70 ,H02.300x004,下睑袋
8660,表 6-3-70 ,H02.301,眼睑皮赘
8661,表 6-3-70 ,H02.400,上睑下垂
8662,表 6-3-70 ,H02.500,影响眼睑功能的其他疾患
8663,表 6-3-70 ,H02.500x008,睑板腺功能障碍
8664,表 6-3-70 ,H02.501,睑裂狭小
8665,表 6-3-70 ,H02.502,睑缘粘连
8666,表 6-3-70 ,H02.503,眼睑退缩
8667,表 6-3-70 ,H02.504,眼睑粘连性瘢痕
8668,表 6-3-70 ,H02.506,眼睑闭锁
8669,表 6-3-70 ,H02.600,睑黄斑瘤
8670,表 6-3-70 ,H02.700,眼睑和眼周区域的其他变性性疾患
8671,表 6-3-70 ,H02.700x001,睑板腺脂肪变性
8672,表 6-3-70 ,H02.700x008,眼睑白癜风
8673,表 6-3-70 ,H02.702,眼睑萎缩
8674,表 6-3-70 ,H02.703,眼睑坏死
8675,表 6-3-70 ,H02.704,眼睑黄褐斑
8676,表 6-3-70 ,H02.705,眼睑睫毛脱落
8677,表 6-3-70 ,H02.800x011,眼睑皮脂腺囊肿
8678,表 6-3-70 ,H02.800x014,内眦移位
8679,表 6-3-70 ,H02.800x016,外眦移位
8680,表 6-3-70 ,H02.800x018,眼睑皮下淤血
8681,表 6-3-70 ,H02.801,眼睑多毛症
8682,表 6-3-70 ,H02.802,乱睫
8683,表 6-3-70 ,H02.803,眼睑角化病
8684,表 6-3-70 ,H02.804,后天性眼睑畸形
8685,表 6-3-70 ,H02.805,眼睑结石
8686,表 6-3-70 ,H02.806,眼睑水肿
8687,表 6-3-70 ,H02.807,后天性眼内眦畸形
8688,表 6-3-70 ,H02.808,陈旧性眼睑异物
8689,表 6-3-70 ,H02.809,后天性眼外眦畸形
8690,表 6-3-70 ,H02.810,眼睑出血
8691,表 6-3-70 ,H02.811,眼睑黑变病
8692,表 6-3-70 ,H02.812,眼睑囊肿
8693,表 6-3-70 ,H02.813,眼睑新生物
8694,表 6-3-70 ,H02.900,眼睑疾患
8695,表 6-3-70 ,H02.900x003,眼睑细胞组织增生症
8696,表 6-3-70 ,H02.901,眼睑肿物
8697,表 6-3-70 ,H04.000,泪腺炎
8698,表 6-3-70 ,H04.000x004,慢性泪腺肥大
8699,表 6-3-70 ,H04.001,急性泪腺炎
8700,表 6-3-70 ,H04.002,慢性泪腺炎
8701,表 6-3-70 ,H04.003,泪腺炎性假瘤
8702,表 6-3-70 ,H04.100,泪腺的其他疾患
8703,表 6-3-70 ,H04.101,泪液分泌过少
8704,表 6-3-70 ,H04.102,泪腺脱垂
8705,表 6-3-70 ,H04.103,干眼综合征
8706,表 6-3-70 ,H04.104,泪腺萎缩
8707,表 6-3-70 ,H04.105,泪腺囊肿
8708,表 6-3-70 ,H04.200,溢泪
8709,表 6-3-70 ,H04.300,泪道急性炎症
8710,表 6-3-70 ,H04.300x004,泪囊炎
8711,表 6-3-70 ,H04.300x005,泪小管炎
8712,表 6-3-70 ,H04.302,急性泪囊炎
8713,表 6-3-70 ,H04.303,泪囊脓肿
8714,表 6-3-70 ,H04.304,急性泪囊周围炎
8715,表 6-3-70 ,H04.305,急性泪小管炎
8716,表 6-3-70 ,H04.400,泪道慢性炎症
8717,表 6-3-70 ,H04.401,慢性泪囊炎
8718,表 6-3-70 ,H04.402,慢性泪小管炎
8719,表 6-3-70 ,H04.500x001,泪小点闭塞
8720,表 6-3-70 ,H04.500x004,泪道狭窄
8721,表 6-3-70 ,H04.501,泪道关闭不全
8722,表 6-3-70 ,H04.502,泪小点外翻
8723,表 6-3-70 ,H04.503,鼻泪管阻塞
8724,表 6-3-70 ,H04.504,鼻泪管闭锁
8725,表 6-3-70 ,H04.505,泪小管阻塞
8726,表 6-3-70 ,H04.506,泪小点狭窄
8727,表 6-3-70 ,H04.507,泪石
8728,表 6-3-70 ,H04.508,鼻泪管狭窄
8729,表 6-3-70 ,H04.509,泪道阻塞
8730,表 6-3-70 ,H04.600,泪道的其他改变
8731,表 6-3-70 ,H04.600x003,泪囊粘液囊肿
8732,表 6-3-70 ,H04.601,泪囊囊肿
8733,表 6-3-70 ,H04.602,泪囊瘘
8734,表 6-3-70 ,H04.603,泪小管瘘
8735,表 6-3-70 ,H04.604,泪管肉芽肿
8736,表 6-3-70 ,H04.800x002,泪小管息肉
8737,表 6-3-70 ,H04.800x003,泪囊憩室
8738,表 6-3-70 ,H04.801,泪小管断裂
8739,表 6-3-70 ,H04.900,泪器系疾患
8740,表 6-3-70 ,H04.900x001,泪腺肿物
8741,表 6-3-70 ,H04.901,泪囊肿物
8742,表 6-3-70 ,H05.000,眼眶急性炎症
8743,表 6-3-70 ,H05.000x002,眼眶脓肿
8744,表 6-3-70 ,H05.000x006,眼眶感染
8745,表 6-3-70 ,H05.001,眶蜂窝织炎
8746,表 6-3-70 ,H05.002,眼球筋膜炎
8747,表 6-3-70 ,H05.003,眼眶骨髓炎
8748,表 6-3-70 ,H05.004,眼眶内脓肿
8749,表 6-3-70 ,H05.005,眼眶骨膜炎
8750,表 6-3-70 ,H05.100,眼眶慢性炎性疾患
8751,表 6-3-70 ,H05.100x003,眼眶非特异性炎症
8752,表 6-3-70 ,H05.100x005,眼球后炎
8753,表 6-3-70 ,H05.100x008,眼眶慢性炎症
8754,表 6-3-70 ,H05.101,眼眶内肉芽肿
8755,表 6-3-70 ,H05.102,眶内炎
8756,表 6-3-70 ,H05.103,眼眶炎性假瘤
8757,表 6-3-70 ,H05.104,眶肌炎
8758,表 6-3-70 ,H05.200,突眼性情况
8759,表 6-3-70 ,H05.201,眼球突出
8760,表 6-3-70 ,H05.202,眼球移位
8761,表 6-3-70 ,H05.203,眼眶出血
8762,表 6-3-70 ,H05.204,眶内血肿
8763,表 6-3-70 ,H05.205,眼眶水肿
8764,表 6-3-70 ,H05.300,眼眶畸形
8765,表 6-3-70 ,H05.300x003,眼眶外生骨疣
8766,表 6-3-70 ,H05.301,眼眶萎缩
8767,表 6-3-70 ,H05.400,眼球内陷
8768,表 6-3-70 ,H05.500,眼眶贯通伤后残留(陈旧性)异物
8769,表 6-3-70 ,H05.500x001,陈旧性眶内异物
8770,表 6-3-70 ,H05.500x002,陈旧性球后异物
8771,表 6-3-70 ,H05.800,眼眶的其他疾患
8772,表 6-3-70 ,H05.800x002,眼眶粘液囊肿
8773,表 6-3-70 ,H05.800x003,眶内上皮样囊肿
8774,表 6-3-70 ,H05.800x005,眼眶溃疡
8775,表 6-3-70 ,H05.800x006,眼眶瘘管
8776,表 6-3-70 ,H05.801,眼眶囊肿
8777,表 6-3-70 ,H05.802,眶脂肪脱垂
8778,表 6-3-70 ,H05.900,眼眶疾患
8779,表 6-3-70 ,H05.900x002,眶内肿物
8780,表 6-3-70 ,H05.900x003,眶外肿物
8781,表 6-3-70 ,H05.900x004,眶上肿物
8782,表 6-3-70 ,H05.901,眼眶肿物
8783,表 6-3-71 ,H10.000,黏液脓性结膜炎
8784,表 6-3-71 ,H10.100,急性变应性结膜炎
8785,表 6-3-71 ,H10.101,变应性结膜炎
8786,表 6-3-71 ,H10.102,春季角结膜炎
8787,表 6-3-71 ,H10.103,泡性结膜炎
8788,表 6-3-71 ,H10.200,急性结膜炎，其他的
8789,表 6-3-71 ,H10.200x001,急性卡他性结膜炎
8790,表 6-3-71 ,H10.300,急性结膜炎
8791,表 6-3-71 ,H10.400,慢性结膜炎
8792,表 6-3-71 ,H10.401,结膜肉芽肿
8793,表 6-3-71 ,H10.500,睑缘结膜炎
8794,表 6-3-71 ,H10.500x001,眼眦脓肿
8795,表 6-3-71 ,H10.800x001,感染性结膜炎
8796,表 6-3-71 ,H10.801,结膜溃疡
8797,表 6-3-71 ,H10.900,结膜炎
8798,表 6-3-71 ,H10.901,细菌性结膜炎
8799,表 6-3-71 ,H11.000,翼状胬肉
8800,表 6-3-71 ,H11.100,结膜变性和沉着物
8801,表 6-3-71 ,H11.100x001,结膜变性
8802,表 6-3-71 ,H11.100x007,结膜黑变病
8803,表 6-3-71 ,H11.101,结膜沉着物
8804,表 6-3-71 ,H11.102,睑裂斑
8805,表 6-3-71 ,H11.103,结膜铁质沉着症
8806,表 6-3-71 ,H11.104,结膜干燥
8807,表 6-3-71 ,H11.105,结膜结石
8808,表 6-3-71 ,H11.106,结膜角化
8809,表 6-3-71 ,H11.107,结膜银质沉着病
8810,表 6-3-71 ,H11.108,结膜色素沉着病
8811,表 6-3-71 ,H11.200,结膜瘢痕
8812,表 6-3-71 ,H11.201,睑球粘连
8813,表 6-3-71 ,H11.300,结膜出血
8814,表 6-3-71 ,H11.301,结膜下出血
8815,表 6-3-71 ,H11.400,结膜血管疾患和囊肿，其他的
8816,表 6-3-71 ,H11.401,结膜囊肿
8817,表 6-3-71 ,H11.402,结膜水肿
8818,表 6-3-71 ,H11.403,结膜充血
8819,表 6-3-71 ,H11.404,结膜动脉瘤
8820,表 6-3-71 ,H11.405,结膜血管增生
8821,表 6-3-71 ,H11.800x005,结膜囊挛缩
8822,表 6-3-71 ,H11.800x006,结膜囊狭窄
8823,表 6-3-71 ,H11.801,结膜淋巴管扩张
8824,表 6-3-71 ,H11.802,假性翼状胬肉
8825,表 6-3-71 ,H11.803,角结膜增生
8826,表 6-3-71 ,H11.804,结膜囊畸形
8827,表 6-3-71 ,H11.805,结膜松弛
8828,表 6-3-71 ,H11.806,结膜息肉
8829,表 6-3-71 ,H11.807,结膜脱垂
8830,表 6-3-71 ,H11.808,结膜溶解
8831,表 6-3-71 ,H11.900,结膜疾患
8832,表 6-3-71 ,H11.901,结膜肿物
8833,表 6-3-72 ,H15.000,巩膜炎
8834,表 6-3-72 ,H15.000x002,巩膜脓肿
8835,表 6-3-72 ,H15.001,巩膜溃疡
8836,表 6-3-72 ,H15.100,巩膜外层炎
8837,表 6-3-72 ,H15.800x008,巩膜缺损
8838,表 6-3-72 ,H15.800x009,巩膜钙化
8839,表 6-3-72 ,H15.800x010,巩膜膨隆
8840,表 6-3-72 ,H15.801,巩膜囊肿
8841,表 6-3-72 ,H15.802,巩膜黑变病
8842,表 6-3-72 ,H15.803,巩膜葡萄肿
8843,表 6-3-72 ,H15.804,巩膜肉芽肿
8844,表 6-3-72 ,H15.805,巩膜粘连
8845,表 6-3-72 ,H15.806,巩膜坏死
8846,表 6-3-72 ,H15.900,巩膜疾患
8847,表 6-3-72 ,H16.000,角膜溃疡
8848,表 6-3-72 ,H16.000x001,病毒性角膜溃疡
8849,表 6-3-72 ,H16.000x006,环形角膜溃疡
8850,表 6-3-72 ,H16.000x010,角膜糜烂
8851,表 6-3-72 ,H16.001,角膜溃疡性穿孔
8852,表 6-3-72 ,H16.002,中心性角膜溃疡
8853,表 6-3-72 ,H16.003,蚕蚀性角膜溃疡
8854,表 6-3-72 ,H16.004,边缘性角膜溃疡
8855,表 6-3-72 ,H16.005,前房积脓性角膜溃疡
8856,表 6-3-72 ,H16.006,细菌性角膜溃疡
8857,表 6-3-72 ,H16.007,角膜穿孔
8858,表 6-3-72 ,H16.100,"浅层角膜炎,其他不伴有结膜炎的"
8859,表 6-3-72 ,H16.100x004,晕性角膜炎
8860,表 6-3-72 ,H16.100x005,星状角膜炎
8861,表 6-3-72 ,H16.100x006,条纹状角膜炎
8862,表 6-3-72 ,H16.100x007,钱币状角膜炎
8863,表 6-3-72 ,H16.100x008,光敏性角膜炎
8864,表 6-3-72 ,H16.100x009,雪盲
8865,表 6-3-72 ,H16.101,电光性眼炎
8866,表 6-3-72 ,H16.102,浅层点状角膜炎
8867,表 6-3-72 ,H16.103,丝状角膜炎
8868,表 6-3-72 ,H16.200,角膜结膜炎
8869,表 6-3-72 ,H16.200x001,暴露性角膜结膜炎
8870,表 6-3-72 ,H16.200x006,结节性眼炎
8871,表 6-3-72 ,H16.201,小泡性角膜结膜炎
8872,表 6-3-72 ,H16.203,神经营养性角膜结膜炎
8873,表 6-3-72 ,H16.204,浅层角膜结膜炎
8874,表 6-3-72 ,H16.205,暴露性角膜炎
8875,表 6-3-72 ,H16.300x004,硬化性角膜炎
8876,表 6-3-72 ,H16.300x005,角膜基质炎
8877,表 6-3-72 ,H16.301,深层角膜炎
8878,表 6-3-72 ,H16.302,角膜脓肿
8879,表 6-3-72 ,H16.303,科根综合征
8880,表 6-3-72 ,H16.400,角膜新血管形成
8881,表 6-3-72 ,H16.401,角膜血管翳
8882,表 6-3-72 ,H16.402,角膜血管影
8883,表 6-3-72 ,H16.800x003,疫苗接种角膜炎
8884,表 6-3-72 ,H16.800x005,粘连性角膜炎
8885,表 6-3-72 ,H16.800x006,反应性角膜炎
8886,表 6-3-72 ,H16.800x010,束状角膜炎
8887,表 6-3-72 ,H16.800x014,陈旧性角膜炎
8888,表 6-3-72 ,H16.801,药物性角膜结膜炎
8889,表 6-3-72 ,H16.802,大泡性角膜炎
8890,表 6-3-72 ,H16.803,细菌性角膜炎
8891,表 6-3-72 ,H16.804,化脓性角膜炎
8892,表 6-3-72 ,H16.805,神经麻痹性角膜炎
8893,表 6-3-72 ,H16.900,角膜炎
8894,表 6-3-72 ,H17.000,粘连性白斑
8895,表 6-3-72 ,H17.100,角膜混浊，其他中心性
8896,表 6-3-72 ,H17.801,角膜白斑
8897,表 6-3-72 ,H17.802,角膜云翳
8898,表 6-3-72 ,H17.803,角膜斑翳
8899,表 6-3-72 ,H17.901,角膜瘢痕
8900,表 6-3-72 ,H17.902,角膜混浊
8901,表 6-3-72 ,H18.000,角膜色素沉着和沉着物
8902,表 6-3-72 ,H18.000x004,角膜Kayser-Fleischer环[凯泽-弗莱舍尔环]
8903,表 6-3-72 ,H18.000x005,克鲁肯贝格梭
8904,表 6-3-72 ,H18.000x006,施特里线
8905,表 6-3-72 ,H18.001,角膜沉着物
8906,表 6-3-72 ,H18.002,角膜黑变病
8907,表 6-3-72 ,H18.003,角膜血染
8908,表 6-3-72 ,H18.100,大泡性角膜病变
8909,表 6-3-72 ,H18.200,角膜水肿，其他的
8910,表 6-3-72 ,H18.300,角膜层改变
8911,表 6-3-72 ,H18.300x001,特塞梅特膜皱折
8912,表 6-3-72 ,H18.300x002,特塞梅特膜破裂
8913,表 6-3-72 ,H18.400,角膜变性
8914,表 6-3-72 ,H18.400x003,角膜角化病
8915,表 6-3-72 ,H18.400x004,角膜软化症
8916,表 6-3-72 ,H18.401,角膜老年环
8917,表 6-3-72 ,H18.402,带状角膜病变
8918,表 6-3-72 ,H18.403,Salzmann结节状角膜变性
8919,表 6-3-72 ,H18.404,边缘性角膜变性
8920,表 6-3-72 ,H18.405,滴状角膜
8921,表 6-3-72 ,H18.500,遗传性角膜营养不良
8922,表 6-3-72 ,H18.500x005,颗粒状角膜基质营养不良
8923,表 6-3-72 ,H18.500x007,斑状角膜营养不良
8924,表 6-3-72 ,H18.501,上皮基底膜营养不良
8925,表 6-3-72 ,H18.502,角膜营养不良
8926,表 6-3-72 ,H18.504,格子状角膜营养不良
8927,表 6-3-72 ,H18.506,Fuchs角膜内皮营养不良
8928,表 6-3-72 ,H18.600,圆锥角膜
8929,表 6-3-72 ,H18.700,角膜畸形，其他的
8930,表 6-3-72 ,H18.700x005,角膜突出
8931,表 6-3-72 ,H18.701,角膜葡萄肿
8932,表 6-3-72 ,H18.702,角膜后弹性层膨出
8933,表 6-3-72 ,H18.800x005,角膜切口瘘
8934,表 6-3-72 ,H18.800x007,角膜炎性肿物
8935,表 6-3-72 ,H18.800x009,角膜上皮损伤
8936,表 6-3-72 ,H18.800x012,角膜知觉减退
8937,表 6-3-72 ,H18.800x014,角膜内皮炎
8938,表 6-3-72 ,H18.801,角膜溶解
8939,表 6-3-72 ,H18.802,角膜囊肿
8940,表 6-3-72 ,H18.803,角膜干燥症
8941,表 6-3-72 ,H18.804,复发性角膜糜烂
8942,表 6-3-72 ,H18.805,角膜皮赘
8943,表 6-3-72 ,H18.806,角膜上皮脱落
8944,表 6-3-72 ,H18.807,角膜结膜化
8945,表 6-3-72 ,H18.808,角膜内皮失代偿
8946,表 6-3-72 ,H18.900,角膜疾患
8947,表 6-3-72 ,H18.901,角膜肿物
8948,表 6-3-72 ,H20.000x003,前房积脓
8949,表 6-3-72 ,H20.000x004,急性虹膜睫状体炎
8950,表 6-3-72 ,H20.001,亚急性虹膜睫状体炎
8951,表 6-3-72 ,H20.002,复发性虹膜睫状体炎
8952,表 6-3-72 ,H20.003,变态反应性虹膜睫状体炎
8953,表 6-3-72 ,H20.004,前房积脓性虹膜睫状体炎
8954,表 6-3-72 ,H20.100,慢性虹膜睫状体炎
8955,表 6-3-72 ,H20.100x002,慢性虹膜炎
8956,表 6-3-72 ,H20.101,慢性眼色素膜炎
8957,表 6-3-72 ,H20.102,肉芽肿性葡萄膜炎
8958,表 6-3-72 ,H20.200,晶体诱发性虹膜睫状体炎
8959,表 6-3-72 ,H20.200x001,晶状体相关性葡萄膜炎
8960,表 6-3-72 ,H20.800,虹膜睫状体炎，其他的
8961,表 6-3-72 ,H20.801,眼色素层脑膜炎
8962,表 6-3-72 ,H20.802,创伤性虹膜睫状体炎
8963,表 6-3-72 ,H20.803,Fuchs综合征
8964,表 6-3-72 ,H20.804,虹膜脓肿
8965,表 6-3-72 ,H20.900,虹膜睫状体炎
8966,表 6-3-72 ,H20.900x002,虹膜炎
8967,表 6-3-72 ,H20.900x004,葡萄膜炎[色素膜炎]
8968,表 6-3-72 ,H20.900x006,陈旧性葡萄膜炎
8969,表 6-3-72 ,H20.901,角膜葡萄膜炎
8970,表 6-3-72 ,H21.000,前房积血
8971,表 6-3-72 ,H21.002,虹膜出血
8972,表 6-3-72 ,H21.003,睫状体出血
8973,表 6-3-72 ,H21.100,虹膜和睫状体的其他血管疾患
8974,表 6-3-72 ,H21.101,虹膜新生血管
8975,表 6-3-72 ,H21.102,虹膜红变
8976,表 6-3-72 ,H21.103,睫状体新生血管
8977,表 6-3-72 ,H21.104,前房角新生血管
8978,表 6-3-72 ,H21.200,虹膜和睫状体变性
8979,表 6-3-72 ,H21.200x005,缩瞳性瞳孔囊肿
8980,表 6-3-72 ,H21.200x006,虹膜半透明
8981,表 6-3-72 ,H21.200x007,瞳孔缘变性
8982,表 6-3-72 ,H21.200x008,特发性虹膜萎缩
8983,表 6-3-72 ,H21.200x009,进行性虹膜萎缩
8984,表 6-3-72 ,H21.201,虹膜萎缩
8985,表 6-3-72 ,H21.202,虹膜变性
8986,表 6-3-72 ,H21.203,虹膜劈裂症
8987,表 6-3-72 ,H21.204,睫状体变性
8988,表 6-3-72 ,H21.300x005,炎症渗出性虹膜囊肿
8989,表 6-3-72 ,H21.300x006,外伤植入性虹膜囊肿
8990,表 6-3-72 ,H21.300x007,寄生虫性虹膜囊肿
8991,表 6-3-72 ,H21.300x008,炎症渗出性睫状体囊肿
8992,表 6-3-72 ,H21.300x009,外伤植入性睫状体囊肿
8993,表 6-3-72 ,H21.300x010,寄生虫性睫状体囊肿
8994,表 6-3-72 ,H21.300x011,炎症渗出性前房囊肿
8995,表 6-3-72 ,H21.300x012,外伤植入性前房囊肿
8996,表 6-3-72 ,H21.300x013,寄生虫性前房囊肿
8997,表 6-3-72 ,H21.301,虹膜囊肿
8998,表 6-3-72 ,H21.302,睫状体囊肿
8999,表 6-3-72 ,H21.303,前房囊肿
9000,表 6-3-72 ,H21.400,瞳孔膜
9001,表 6-3-72 ,H21.401,瞳孔闭锁
9002,表 6-3-72 ,H21.402,瞳孔闭合
9003,表 6-3-72 ,H21.403,虹膜膨隆
9004,表 6-3-72 ,H21.500,虹膜和睫状体的其他粘连和破裂
9005,表 6-3-72 ,H21.500x003,虹膜根部离断
9006,表 6-3-72 ,H21.500x004,虹膜前粘连
9007,表 6-3-72 ,H21.500x011,瞳孔前粘连
9008,表 6-3-72 ,H21.500x013,虹膜后粘连
9009,表 6-3-72 ,H21.500x015,睫状体脱离
9010,表 6-3-72 ,H21.501,虹膜离断
9011,表 6-3-72 ,H21.502,虹膜粘连
9012,表 6-3-72 ,H21.503,睫状体离断
9013,表 6-3-72 ,H21.504,瞳孔后粘连
9014,表 6-3-72 ,H21.505,瞳孔移位
9015,表 6-3-72 ,H21.506,前房角后退
9016,表 6-3-72 ,H21.507,前房角粘连
9017,表 6-3-72 ,H21.508,前房角破裂
9018,表 6-3-72 ,H21.510,陈旧性虹膜睫状体炎
9019,表 6-3-72 ,H21.800,虹膜和睫状体其他特指的疾患
9020,表 6-3-72 ,H21.800x001,前房积液
9021,表 6-3-72 ,H21.801,虹膜前增殖膜
9022,表 6-3-72 ,H21.802,虹膜脱出
9023,表 6-3-72 ,H21.900,虹膜和睫状体疾患
9024,表 6-3-72 ,H21.901,虹膜肿物
9025,表 6-3-73 ,H25.000,老年性初期白内障
9026,表 6-3-73 ,H25.000x002,前极白内障
9027,表 6-3-73 ,H25.000x003,冠状老年性白内障
9028,表 6-3-73 ,H25.000x005,点状老年性白内障
9029,表 6-3-73 ,H25.000x006,后极白内障
9030,表 6-3-73 ,H25.000x007,皮质性白内障初发期
9031,表 6-3-73 ,H25.001,后囊下白内障
9032,表 6-3-73 ,H25.002,皮质性白内障成熟期
9033,表 6-3-73 ,H25.004,皮质性白内障膨胀期
9034,表 6-3-73 ,H25.100,老年核性白内障
9035,表 6-3-73 ,H25.200,老年性白内障，莫尔加尼型
9036,表 6-3-73 ,H25.800,老年性白内障，其他的
9037,表 6-3-73 ,H25.800x001,其他的老年性白内障
9038,表 6-3-73 ,H25.800x002,联合性老年性白内障
9039,表 6-3-73 ,H25.900,老年性白内障
9040,表 6-3-73 ,H26.000x001,早老性白内障
9041,表 6-3-73 ,H26.000x002,青年期白内障
9042,表 6-3-73 ,H26.000x005,发育性白内障
9043,表 6-3-73 ,H26.001,婴儿期白内障
9044,表 6-3-73 ,H26.002,幼年性白内障
9045,表 6-3-73 ,H26.003,老年前期白内障
9046,表 6-3-73 ,H26.100,外伤性白内障
9047,表 6-3-73 ,H26.100x002,晶体后囊膜破裂
9048,表 6-3-73 ,H26.200,并发性白内障
9049,表 6-3-73 ,H26.200x005,慢性虹膜睫状体炎性白内障
9050,表 6-3-73 ,H26.201,虹膜异色性白内障
9051,表 6-3-73 ,H26.202,青光眼性白内障
9052,表 6-3-73 ,H26.300,药物性白内障
9053,表 6-3-73 ,H26.300x001,激素性白内障
9054,表 6-3-73 ,H26.300x004,三硝基甲苯性白内障
9055,表 6-3-73 ,H26.301,中毒性白内障
9056,表 6-3-73 ,H26.400,后发性白内障
9057,表 6-3-73 ,H26.400x002,继发性白内障
9058,表 6-3-73 ,H26.400x003,膜性白内障
9059,表 6-3-73 ,H26.401,泽默林环
9060,表 6-3-73 ,H26.801,混合性白内障
9061,表 6-3-73 ,H26.802,放射性白内障
9062,表 6-3-73 ,H26.900,白内障
9063,表 6-3-73 ,H26.901,晶体混浊
9064,表 6-3-73 ,H27.000,无晶状体
9065,表 6-3-73 ,H27.100,晶状体脱位
9066,表 6-3-73 ,H27.101,晶状体半脱位
9067,表 6-3-73 ,H27.102,晶状体全脱位
9068,表 6-3-73 ,H27.800,晶状体其他特指的疾患
9069,表 6-3-73 ,H27.800x001,真性晶状体囊膜剥脱
9070,表 6-3-73 ,H27.900,晶状体疾患
9071,表 6-3-74 ,H30.000,局灶性脉络膜视网膜炎
9072,表 6-3-74 ,H30.000x002,渗出性脉络膜炎
9073,表 6-3-74 ,H30.000x004,局灶性脉络膜炎
9074,表 6-3-74 ,H30.000x005,局灶性视网膜炎
9075,表 6-3-74 ,H30.001,近乳头性脉络膜视网膜炎
9076,表 6-3-74 ,H30.100,播散性脉络膜视网膜炎
9077,表 6-3-74 ,H30.100x002,播散性视网膜炎
9078,表 6-3-74 ,H30.100x003,播散性脉络膜炎
9079,表 6-3-74 ,H30.200,后睫状体炎
9080,表 6-3-74 ,H30.201,睫状体平坦部炎
9081,表 6-3-74 ,H30.800x002,急性视网膜色素上皮炎
9082,表 6-3-74 ,H30.801,原田病
9083,表 6-3-74 ,H30.900,脉络膜视网膜炎
9084,表 6-3-74 ,H30.900x001,陈旧性脉络膜视网膜炎
9085,表 6-3-74 ,H30.900x002,结节性脉络膜炎
9086,表 6-3-74 ,H30.901,视神经视网膜炎
9087,表 6-3-74 ,H30.902,脉络膜炎
9088,表 6-3-74 ,H30.903,视网膜炎
9089,表 6-3-74 ,H31.000,脉络膜视网膜瘢痕
9090,表 6-3-74 ,H31.000x001,视网膜瘢痕
9091,表 6-3-74 ,H31.000x002,日光性视网膜病
9092,表 6-3-74 ,H31.000x004,炎症后黄斑瘢痕
9093,表 6-3-74 ,H31.000x005,外伤后黄斑瘢痕
9094,表 6-3-74 ,H31.100,脉络膜变性
9095,表 6-3-74 ,H31.101,脉络膜萎缩
9096,表 6-3-74 ,H31.102,脉络膜硬化
9097,表 6-3-74 ,H31.200,遗传性脉络膜营养障碍
9098,表 6-3-74 ,H31.200x002,无脉络膜症
9099,表 6-3-74 ,H31.200x003,中心小区性脉络膜营养不良
9100,表 6-3-74 ,H31.200x004,广泛性脉络膜营养不良
9101,表 6-3-74 ,H31.200x005,视乳头周围脉络膜营养不良
9102,表 6-3-74 ,H31.200x006,回旋状脉络膜萎缩
9103,表 6-3-74 ,H31.300,脉络膜出血和破裂
9104,表 6-3-74 ,H31.300x004,驱逐性脉络膜出血
9105,表 6-3-74 ,H31.301,脉络膜破裂
9106,表 6-3-74 ,H31.302,脉络膜出血
9107,表 6-3-74 ,H31.400,脉络膜脱离
9108,表 6-3-74 ,H31.400x003,化脓性脉络膜脱离
9109,表 6-3-74 ,H31.401,出血性脉络膜脱离
9110,表 6-3-74 ,H31.402,手术后脉络膜脱离
9111,表 6-3-74 ,H31.403,创伤性脉络膜脱离
9112,表 6-3-74 ,H31.404,渗出性脉络膜脱离
9113,表 6-3-74 ,H31.800x001,脉络膜缺血
9114,表 6-3-74 ,H31.800x002,脉络膜渗出
9115,表 6-3-74 ,H31.800x003,脉络膜水肿
9116,表 6-3-74 ,H31.800x004,特发性息肉样脉络膜血管病变
9117,表 6-3-74 ,H31.801,葡萄膜渗漏综合征
9118,表 6-3-74 ,H31.802,脉络膜新生血管
9119,表 6-3-74 ,H31.900,脉络膜疾患
9120,表 6-3-74 ,H31.901,脉络膜肿物
9121,表 6-3-74 ,H33.000,视网膜脱离伴视网膜断裂
9122,表 6-3-74 ,H33.000x005,巨大裂孔性视网膜脱离
9123,表 6-3-74 ,H33.000x006,脉络膜脱离型视网膜脱离
9124,表 6-3-74 ,H33.000x007,黄斑裂孔性视网膜脱离
9125,表 6-3-74 ,H33.001,孔源性视网膜脱离
9126,表 6-3-74 ,H33.002,锯齿缘离断
9127,表 6-3-74 ,H33.100,视网膜劈裂症及视网膜囊肿
9128,表 6-3-74 ,H33.100x004,假性视网膜囊肿
9129,表 6-3-74 ,H33.100x005,寄生虫性视网膜囊肿
9130,表 6-3-74 ,H33.100x006,锯齿缘囊肿
9131,表 6-3-74 ,H33.101,视网膜囊肿
9132,表 6-3-74 ,H33.102,视网膜劈裂症
9133,表 6-3-74 ,H33.200,浆液性视网膜脱离
9134,表 6-3-74 ,H33.200x002,出血性视网膜脱离
9135,表 6-3-74 ,H33.200x004,渗出性视网膜脱离
9136,表 6-3-74 ,H33.300,视网膜断裂不伴有脱离
9137,表 6-3-74 ,H33.300x006,视网膜撕裂
9138,表 6-3-74 ,H33.301,视网膜缺损
9139,表 6-3-74 ,H33.302,创伤性视网膜裂孔
9140,表 6-3-74 ,H33.303,视网膜破裂
9141,表 6-3-74 ,H33.304,视网膜裂孔
9142,表 6-3-74 ,H33.400,牵引性视网膜脱离
9143,表 6-3-74 ,H33.401,增生性玻璃体视网膜病伴视网膜脱离
9144,表 6-3-74 ,H33.500,"视网膜脱离,其他的"
9145,表 6-3-74 ,H33.500x002,大泡性视网膜脱离
9146,表 6-3-74 ,H33.500x006,医源性视网膜脱离
9147,表 6-3-74 ,H33.500x008,局限性视网膜脱离
9148,表 6-3-74 ,H33.501,继发性视网膜脱离
9149,表 6-3-74 ,H33.502,陈旧性视网膜脱离
9150,表 6-3-74 ,H33.503,创伤性视网膜脱离
9151,表 6-3-74 ,H33.504,复发性视网膜脱离
9152,表 6-3-74 ,H33.506,原发性视网膜脱离
9153,表 6-3-74 ,H34.000,短暂性视网膜动脉阻塞
9154,表 6-3-74 ,H34.100,视网膜中央动脉阻塞
9155,表 6-3-74 ,H34.200,"视网膜动脉阻塞,其他的"
9156,表 6-3-74 ,H34.200x002,视网膜血管痉挛
9157,表 6-3-74 ,H34.200x004,视网膜粥样栓塞[侯兰荷思特斑]
9158,表 6-3-74 ,H34.200x005,视网膜微栓塞
9159,表 6-3-74 ,H34.201,视网膜部分性动脉阻塞
9160,表 6-3-74 ,H34.202,视网膜分支动脉阻塞
9161,表 6-3-74 ,H34.203,视网膜动脉供血不足
9162,表 6-3-74 ,H34.204,视网膜动脉栓塞
9163,表 6-3-74 ,H34.800,视网膜血管阻塞，其他的
9164,表 6-3-74 ,H34.800x001,颞上支静脉阻塞
9165,表 6-3-74 ,H34.801,视网膜分支静脉阻塞
9166,表 6-3-74 ,H34.802,视网膜静脉阻塞
9167,表 6-3-74 ,H34.803,视网膜中心性静脉阻塞
9168,表 6-3-74 ,H34.804,视网膜部分性静脉阻塞
9169,表 6-3-74 ,H34.900,未特指的视网膜血管阻塞
9170,表 6-3-74 ,H34.900x001,视网膜血管阻塞
9171,表 6-3-74 ,H35.000,背景性视网膜病变和视网膜血管改变
9172,表 6-3-74 ,H35.000x004,肾病眼底改变
9173,表 6-3-74 ,H35.000x014,视网膜血管白鞘
9174,表 6-3-74 ,H35.000x017,缺血性视网膜病变
9175,表 6-3-74 ,H35.000x019,急性区域性隐匿性外层视网膜病变
9176,表 6-3-74 ,H35.000x020,IRVAN综合征
9177,表 6-3-74 ,H35.000x021,中心性渗出性脉络膜视网膜病
9178,表 6-3-74 ,H35.001,视网膜血管病变
9179,表 6-3-74 ,H35.002,视网膜静脉周围炎
9180,表 6-3-74 ,H35.004,高血压性视网膜病变
9181,表 6-3-74 ,H35.005,科茨病
9182,表 6-3-74 ,H35.006,环状视网膜病
9183,表 6-3-74 ,H35.007,视网膜血管曲张
9184,表 6-3-74 ,H35.008,视网膜血管炎
9185,表 6-3-74 ,H35.009,视网膜微动脉瘤
9186,表 6-3-74 ,H35.010,家族性渗出性玻璃体视网膜病变
9187,表 6-3-74 ,H35.011,视网膜大动脉瘤
9188,表 6-3-74 ,H35.012,视网膜新生血管
9189,表 6-3-74 ,H35.013,视网膜动脉炎
9190,表 6-3-74 ,H35.014,视网膜静脉炎
9191,表 6-3-74 ,H35.015,背景性视网膜病变
9192,表 6-3-74 ,H35.100,早产儿视网膜病
9193,表 6-3-74 ,H35.200,增生性视网膜病变，其他的
9194,表 6-3-74 ,H35.200x001,外伤性增殖性视网膜病
9195,表 6-3-74 ,H35.300,黄斑和后极变性
9196,表 6-3-74 ,H35.300x007,黄斑血管样纹
9197,表 6-3-74 ,H35.300x008,库恩特-尤尼乌斯变性
9198,表 6-3-74 ,H35.300x009,中毒性黄斑病
9199,表 6-3-74 ,H35.300x010,干性年龄相关性黄斑变性
9200,表 6-3-74 ,H35.300x011,湿性年龄相关性黄斑变性
9201,表 6-3-74 ,H35.300x012,近视性黄斑变性
9202,表 6-3-74 ,H35.301,黄斑玻璃样疣
9203,表 6-3-74 ,H35.302,黄斑皱褶
9204,表 6-3-74 ,H35.303,黄斑裂孔
9205,表 6-3-74 ,H35.304,黄斑囊肿
9206,表 6-3-74 ,H35.305,年龄相关性黄斑变性
9207,表 6-3-74 ,H35.306,黄斑前膜
9208,表 6-3-74 ,H35.307,视网膜黄斑变性
9209,表 6-3-74 ,H35.400,周围性视网膜变性
9210,表 6-3-74 ,H35.400x001,视网膜变性
9211,表 6-3-74 ,H35.400x003,视网膜格状变性
9212,表 6-3-74 ,H35.400x004,视网膜微囊样变性
9213,表 6-3-74 ,H35.400x005,视网膜栅栏状变性
9214,表 6-3-74 ,H35.400x006,视网膜铺路石状变性
9215,表 6-3-74 ,H35.400x007,视网膜网状变性
9216,表 6-3-74 ,H35.500,遗传性视网膜变性
9217,表 6-3-74 ,H35.500x003,遗传性视网膜营养障碍
9218,表 6-3-74 ,H35.500x004,眼底黄色斑点症[Stargardt病]
9219,表 6-3-74 ,H35.500x005,色素性视网膜炎
9220,表 6-3-74 ,H35.500x006,毯样视网膜营养障碍
9221,表 6-3-74 ,H35.500x007,白点状视网膜营养障碍
9222,表 6-3-74 ,H35.500x008,色素性视网膜营养障碍
9223,表 6-3-74 ,H35.500x009,卵黄性视网膜营养障碍
9224,表 6-3-74 ,H35.501,视网膜色素变性
9225,表 6-3-74 ,H35.502,视网膜营养障碍
9226,表 6-3-74 ,H35.503,施塔加特病
9227,表 6-3-74 ,H35.600,视网膜出血
9228,表 6-3-74 ,H35.601,黄斑出血
9229,表 6-3-74 ,H35.602,眼底出血
9230,表 6-3-74 ,H35.700,视网膜层分离
9231,表 6-3-74 ,H35.700x005,视网膜神经上皮层脱离
9232,表 6-3-74 ,H35.701,中心性浆液性脉络膜视网膜病变
9233,表 6-3-74 ,H35.702,视网膜色素上皮脱离
9234,表 6-3-74 ,H35.703,创伤性脉络膜视网膜病
9235,表 6-3-74 ,H35.800x005,急性视网膜坏死综合征
9236,表 6-3-74 ,H35.800x008,外伤性视网膜病
9237,表 6-3-74 ,H35.800x009,药物性视网膜病变
9238,表 6-3-74 ,H35.800x010,肾病性视网膜病
9239,表 6-3-74 ,H35.800x011,黑色素瘤相关性视网膜病
9240,表 6-3-74 ,H35.801,继发性视网膜病变
9241,表 6-3-74 ,H35.802,眼缺血综合征
9242,表 6-3-74 ,H35.803,远达性视网膜病
9243,表 6-3-74 ,H35.804,黄斑囊样水肿
9244,表 6-3-74 ,H35.805,视网膜萎缩
9245,表 6-3-74 ,H35.806,视网膜黑变病
9246,表 6-3-74 ,H35.807,视网膜前机化膜
9247,表 6-3-74 ,H35.808,视网膜坏死
9248,表 6-3-74 ,H35.809,急性坏死性视网膜炎
9249,表 6-3-74 ,H35.900,视网膜疾患
9250,表 6-3-75 ,H40.000,可疑青光眼
9251,表 6-3-75 ,H40.000x001,交界性青光眼
9252,表 6-3-75 ,H40.000x002,青光眼临床前期
9253,表 6-3-75 ,H40.000x004,青光眼术后眼压失控
9254,表 6-3-75 ,H40.001,高眼压症
9255,表 6-3-75 ,H40.002,前房角狭窄
9256,表 6-3-75 ,H40.100,原发性开角型青光眼
9257,表 6-3-75 ,H40.100x001,开角型青光眼
9258,表 6-3-75 ,H40.100x004,残余性青光眼
9259,表 6-3-75 ,H40.101,色素性青光眼
9260,表 6-3-75 ,H40.102,假性囊膜剥脱综合征
9261,表 6-3-75 ,H40.103,正常眼压性青光眼
9262,表 6-3-75 ,H40.200,原发性闭角型青光眼
9263,表 6-3-75 ,H40.200x006,急性闭角性青光眼急性发作期
9264,表 6-3-75 ,H40.200x007,急性闭角型青光眼间歇期
9265,表 6-3-75 ,H40.200x009,急性闭角型青光眼临床前期
9266,表 6-3-75 ,H40.200x010,急性闭角型青光眼先兆期
9267,表 6-3-75 ,H40.200x011,急性闭角型青光眼慢性期
9268,表 6-3-75 ,H40.200x012,急性闭角型青光眼绝对期
9269,表 6-3-75 ,H40.202,慢性闭角型青光眼
9270,表 6-3-75 ,H40.203,原发性急性闭角型青光眼
9271,表 6-3-75 ,H40.300,继发于眼外伤的青光眼
9272,表 6-3-75 ,H40.400,继发于眼部炎症的青光眼
9273,表 6-3-75 ,H40.401,虹膜睫状体炎继发性青光眼
9274,表 6-3-75 ,H40.403,青光眼睫状体炎综合征
9275,表 6-3-75 ,H40.500,继发于其他眼部疾患的青光眼
9276,表 6-3-75 ,H40.500x001,虹膜角膜内皮综合征
9277,表 6-3-75 ,H40.500x002,继发性青光眼
9278,表 6-3-75 ,H40.500x008,晶状体过敏性青光眼
9279,表 6-3-75 ,H40.500x009,恶性青光眼[睫状环阻滞性青光眼]
9280,表 6-3-75 ,H40.501,新生血管性青光眼
9281,表 6-3-75 ,H40.502,无晶状体性青光眼
9282,表 6-3-75 ,H40.503,晶状体性青光眼
9283,表 6-3-75 ,H40.504,晶状体脱位性青光眼
9284,表 6-3-75 ,H40.505,晶状体溶解性青光眼
9285,表 6-3-75 ,H40.506,Schwartz综合征
9286,表 6-3-75 ,H40.600,药物性青光眼
9287,表 6-3-75 ,H40.600x002,糖皮质激素性青光眼
9288,表 6-3-75 ,H40.800x002,血影细胞性青光眼
9289,表 6-3-75 ,H40.800x004,发育性青光眼
9290,表 6-3-75 ,H40.800x005,分泌过多性青光眼
9291,表 6-3-75 ,H40.801,混合型青光眼
9292,表 6-3-75 ,H40.900,青光眼
9293,表 6-3-76 ,H43.000,玻璃体脱出
9294,表 6-3-76 ,H43.001,玻璃体疝
9295,表 6-3-76 ,H43.100,玻璃体积血
9296,表 6-3-76 ,H43.100x003,蛛网膜下腔出血合并玻璃体积血[Terson综合征]
9297,表 6-3-76 ,H43.200,玻璃体内结晶沉积
9298,表 6-3-76 ,H43.200x001,星状玻璃体变性
9299,表 6-3-76 ,H43.300,玻璃体混浊，其他的
9300,表 6-3-76 ,H43.800x003,玻璃体脱离
9301,表 6-3-76 ,H43.800x004,玻璃体萎缩
9302,表 6-3-76 ,H43.800x005,闪辉性玻璃体液化
9303,表 6-3-76 ,H43.801,玻璃体囊肿
9304,表 6-3-76 ,H43.802,玻璃体黄斑牵拉综合征
9305,表 6-3-76 ,H43.803,玻璃体变性
9306,表 6-3-76 ,H43.804,玻璃体机化
9307,表 6-3-76 ,H43.805,增殖性玻璃体病变
9308,表 6-3-76 ,H43.806,玻璃体增生
9309,表 6-3-76 ,H43.900,玻璃体疾患
9310,表 6-3-76 ,H44.000,化脓性眼内炎
9311,表 6-3-76 ,H44.000x002,感染性眼内炎
9312,表 6-3-76 ,H44.000x005,眼内炎
9313,表 6-3-76 ,H44.000x007,转移性眼内炎
9314,表 6-3-76 ,H44.001,玻璃体脓肿
9315,表 6-3-76 ,H44.002,全眼球炎
9316,表 6-3-76 ,H44.003,眼脓肿
9317,表 6-3-76 ,H44.100,眼内炎，其他的
9318,表 6-3-76 ,H44.100x003,眼小梁炎
9319,表 6-3-76 ,H44.101,全色素膜炎
9320,表 6-3-76 ,H44.102,眼炎性假瘤
9321,表 6-3-76 ,H44.103,交感性眼炎
9322,表 6-3-76 ,H44.104,寄生虫性眼内炎
9323,表 6-3-76 ,H44.200,变性近视
9324,表 6-3-76 ,H44.200x001,病理性近视
9325,表 6-3-76 ,H44.300,眼球的其他变性性疾患
9326,表 6-3-76 ,H44.300x001,虹膜铁质沉着症
9327,表 6-3-76 ,H44.300x002,晶状体铁质沉着症
9328,表 6-3-76 ,H44.300x003,视网膜铁质沉着症
9329,表 6-3-76 ,H44.301,眼铁质沉着病
9330,表 6-3-76 ,H44.302,眼铜屑沉着病
9331,表 6-3-76 ,H44.400,低眼压症
9332,表 6-3-76 ,H44.401,角膜瘘
9333,表 6-3-76 ,H44.402,巩膜瘘
9334,表 6-3-76 ,H44.500,眼球的变性性情况
9335,表 6-3-76 ,H44.501,绝对期青光眼
9336,表 6-3-76 ,H44.502,眼球萎缩
9337,表 6-3-76 ,H44.503,眼球痨
9338,表 6-3-76 ,H44.600,眼内残留（陈旧性）磁性异物
9339,表 6-3-76 ,H44.600x002,陈旧性前房磁性异物
9340,表 6-3-76 ,H44.600x003,陈旧性睫状体磁性异物
9341,表 6-3-76 ,H44.600x004,陈旧性虹膜磁性异物
9342,表 6-3-76 ,H44.600x005,陈旧性晶状体磁性异物
9343,表 6-3-76 ,H44.600x006,陈旧性眼球磁性异物
9344,表 6-3-76 ,H44.600x007,陈旧性玻璃体磁性异物
9345,表 6-3-76 ,H44.700,眼内残留（陈旧性）非磁性异物
9346,表 6-3-76 ,H44.700x002,陈旧性玻璃体非磁性异物
9347,表 6-3-76 ,H44.700x003,陈旧性巩膜非磁性异物
9348,表 6-3-76 ,H44.700x004,陈旧性前房非磁性异物
9349,表 6-3-76 ,H44.700x005,陈旧性眼球非磁性异物
9350,表 6-3-76 ,H44.700x007,陈旧性睫状体非磁性异物
9351,表 6-3-76 ,H44.700x008,陈旧性虹膜非磁性异物
9352,表 6-3-76 ,H44.700x009,陈旧性晶状体非磁性异物
9353,表 6-3-76 ,H44.800,眼球的其他疾患
9354,表 6-3-76 ,H44.801,眼内出血
9355,表 6-3-76 ,H44.802,眼球脱位
9356,表 6-3-76 ,H44.803,眼球粘连
9357,表 6-3-76 ,H44.900,眼球疾患
9358,表 6-3-76 ,H44.901,眼球肿物
9359,表 6-3-77 ,H46.x00,视神经炎
9360,表 6-3-77 ,H46.x01,球后视神经炎
9361,表 6-3-77 ,H46.x02,视盘炎
9362,表 6-3-77 ,H47.000,视神经疾患，不可归类在他处者
9363,表 6-3-77 ,H47.000x009,视神经病
9364,表 6-3-77 ,H47.001,视神经麻痹
9365,表 6-3-77 ,H47.002,视神经鞘膜内出血
9366,表 6-3-77 ,H47.003,视神经受压
9367,表 6-3-77 ,H47.004,缺血性视神经病变
9368,表 6-3-77 ,H47.005,中毒性视神经损害
9369,表 6-3-77 ,H47.006,肯尼迪综合征
9370,表 6-3-77 ,H47.100,视神经盘水肿
9371,表 6-3-77 ,H47.101,视盘水肿
9372,表 6-3-77 ,H47.200,视神经萎缩
9373,表 6-3-77 ,H47.200x003,原发性视神经萎缩
9374,表 6-3-77 ,H47.200x004,继发性视神经萎缩
9375,表 6-3-77 ,H47.203,家族遗传性视神经萎缩
9376,表 6-3-77 ,H47.300,视神经盘的其他疾患
9377,表 6-3-77 ,H47.300x005,视盘血管炎[视神经乳头静脉炎]
9378,表 6-3-77 ,H47.301,视神经盘玻璃疣
9379,表 6-3-77 ,H47.302,视盘前膜
9380,表 6-3-77 ,H47.303,假性视盘水肿
9381,表 6-3-77 ,H47.304,视盘肿物
9382,表 6-3-77 ,H47.400,视交叉疾患
9383,表 6-3-77 ,H47.401,视交叉综合征
9384,表 6-3-77 ,H47.500,"视路疾患,其他的"
9385,表 6-3-77 ,H47.500x002,视放射病变
9386,表 6-3-77 ,H47.500x003,视束病变
9387,表 6-3-77 ,H47.500x004,外侧膝状体病变
9388,表 6-3-77 ,H47.600,视皮层疾患
9389,表 6-3-77 ,H47.600x001,枕叶病变
9390,表 6-3-77 ,H47.601,皮质盲
9391,表 6-3-77 ,H47.700,视路疾患
9392,表 6-3-78 ,H49.000,第三［动眼］神经麻痹
9393,表 6-3-78 ,H49.001,动眼神经炎
9394,表 6-3-78 ,H49.100,第四［滑车］神经麻痹
9395,表 6-3-78 ,H49.200,第六［展］神经麻痹
9396,表 6-3-78 ,H49.201,展神经炎
9397,表 6-3-78 ,H49.300,全部(外部)眼肌麻痹
9398,表 6-3-78 ,H49.400,进行性眼外肌麻痹
9399,表 6-3-78 ,H49.400x001,慢性进行性眼外肌麻痹
9400,表 6-3-78 ,H49.800,麻痹性斜视，其他的
9401,表 6-3-78 ,H49.800x002,麻痹性外斜视
9402,表 6-3-78 ,H49.800x007,眼外肌麻痹
9403,表 6-3-78 ,H49.801,卡恩斯-塞尔综合征
9404,表 6-3-78 ,H49.803,眶上裂综合征
9405,表 6-3-78 ,H49.804,眼内直肌麻痹
9406,表 6-3-78 ,H49.805,眼上斜肌麻痹
9407,表 6-3-78 ,H49.806,眼上直肌麻痹
9408,表 6-3-78 ,H49.807,痛性眼肌麻痹
9409,表 6-3-78 ,H49.808,眼外直肌麻痹
9410,表 6-3-78 ,H49.809,眼下斜肌麻痹
9411,表 6-3-78 ,H49.810,眼下直肌麻痹
9412,表 6-3-78 ,H49.900,麻痹性斜视
9413,表 6-3-78 ,H49.901,先天性麻痹性斜视
9414,表 6-3-78 ,H50.000,会聚性共同性斜视
9415,表 6-3-78 ,H50.000x002,共同性内斜视
9416,表 6-3-78 ,H50.000x004,内斜视
9417,表 6-3-78 ,H50.000x009,残余性内斜视
9418,表 6-3-78 ,H50.001,调节性内斜视
9419,表 6-3-78 ,H50.002,交替性内斜视
9420,表 6-3-78 ,H50.003,失用性内斜视
9421,表 6-3-78 ,H50.004,连续性内斜视
9422,表 6-3-78 ,H50.005,先天性内斜视
9423,表 6-3-78 ,H50.006,继发性内斜视
9424,表 6-3-78 ,H50.007,知觉性内斜视
9425,表 6-3-78 ,H50.008,运动性内斜视
9426,表 6-3-78 ,H50.100,散开性共同性斜视
9427,表 6-3-78 ,H50.100x002,共同性外斜视
9428,表 6-3-78 ,H50.100x004,外斜视
9429,表 6-3-78 ,H50.100x007,残余性外斜视
9430,表 6-3-78 ,H50.101,交替性外斜视
9431,表 6-3-78 ,H50.102,失用性外斜视
9432,表 6-3-78 ,H50.103,连续性外斜视
9433,表 6-3-78 ,H50.104,先天性外斜视
9434,表 6-3-78 ,H50.105,继发性外斜视
9435,表 6-3-78 ,H50.106,知觉性外斜视
9436,表 6-3-78 ,H50.107,运动性外斜视
9437,表 6-3-78 ,H50.200,垂直斜视
9438,表 6-3-78 ,H50.200x004,下斜肌亢进
9439,表 6-3-78 ,H50.200x006,分离性水平性偏斜
9440,表 6-3-78 ,H50.201,上斜视
9441,表 6-3-78 ,H50.202,下斜视
9442,表 6-3-78 ,H50.300,间歇性斜视
9443,表 6-3-78 ,H50.300x002,交替性间歇性外斜视
9444,表 6-3-78 ,H50.300x004,交替性间歇性内斜视
9445,表 6-3-78 ,H50.301,间歇性外斜视
9446,表 6-3-78 ,H50.302,间歇性内斜视
9447,表 6-3-78 ,H50.400,斜视，其他和未特指的
9448,表 6-3-78 ,H50.401,旋转斜视
9449,表 6-3-78 ,H50.402,分离性垂直斜视
9450,表 6-3-78 ,H50.403,微斜视
9451,表 6-3-78 ,H50.404,单眼固定综合征
9452,表 6-3-78 ,H50.405,共同性斜视
9453,表 6-3-78 ,H50.500,隐斜
9454,表 6-3-78 ,H50.500x002,内隐斜
9455,表 6-3-78 ,H50.500x003,外隐斜
9456,表 6-3-78 ,H50.500x004,交替性上隐斜
9457,表 6-3-78 ,H50.600,机械性斜视
9458,表 6-3-78 ,H50.600x003,外伤性麻痹性斜视
9459,表 6-3-78 ,H50.600x004,继发性斜视
9460,表 6-3-78 ,H50.600x005,先天性眼外肌纤维化综合征
9461,表 6-3-78 ,H50.601,上斜肌肌鞘综合征[Brown综合征]
9462,表 6-3-78 ,H50.602,粘连性斜视
9463,表 6-3-78 ,H50.603,眼肌纤维化
9464,表 6-3-78 ,H50.800x002,急性肌炎性斜视
9465,表 6-3-78 ,H50.800x003,痉挛性斜视
9466,表 6-3-78 ,H50.800x006,盲点综合征
9467,表 6-3-78 ,H50.800x007,A-V征
9468,表 6-3-78 ,H50.800x010,固定性斜视
9469,表 6-3-78 ,H50.801,外斜V征
9470,表 6-3-78 ,H50.802,眼球后退综合征
9471,表 6-3-78 ,H50.803,外斜A征
9472,表 6-3-78 ,H50.804,Helveston综合征
9473,表 6-3-78 ,H50.805,失用性斜视
9474,表 6-3-78 ,H50.806,内斜V征
9475,表 6-3-78 ,H50.807,内斜A征
9476,表 6-3-78 ,H50.900,斜视
9477,表 6-3-78 ,H51.000,同向性注视麻痹
9478,表 6-3-78 ,H51.000x001,先天性水平注视麻痹
9479,表 6-3-78 ,H51.100,集合不全和过度
9480,表 6-3-78 ,H51.200,核间性眼肌瘫痪
9481,表 6-3-78 ,H51.800,双眼运动疾患，其他特指的
9482,表 6-3-78 ,H51.801,眼球运动障碍
9483,表 6-3-78 ,H51.900,双眼运动疾患
9484,表 6-3-78 ,H52.000,远视
9485,表 6-3-78 ,H52.100,近视
9486,表 6-3-78 ,H52.101,高度近视
9487,表 6-3-78 ,H52.200,散光
9488,表 6-3-78 ,H52.300x002,屈光参差
9489,表 6-3-78 ,H52.301,影像不等
9490,表 6-3-78 ,H52.400,老视
9491,表 6-3-78 ,H52.500,调节疾患
9492,表 6-3-78 ,H52.500x001,眼内肌麻痹
9493,表 6-3-78 ,H52.500x003,调节痉挛
9494,表 6-3-78 ,H52.500x004,调节麻痹
9495,表 6-3-78 ,H52.501,瞳孔括约肌麻痹
9496,表 6-3-78 ,H52.600,屈光的其他疾患
9497,表 6-3-78 ,H52.700,屈光疾患
9498,表 6-3-78 ,H52.701,屈光不正
9499,表 6-3-79 ,H53.000,失用性弱视
9500,表 6-3-79 ,H53.000x001,废用性弱视
9501,表 6-3-79 ,H53.000x004,形觉剥夺性弱视
9502,表 6-3-79 ,H53.000x005,斜视性弱视
9503,表 6-3-79 ,H53.001,弱视
9504,表 6-3-79 ,H53.002,屈光参差性弱视
9505,表 6-3-79 ,H53.100,主观视觉障碍
9506,表 6-3-79 ,H53.100x001,眼疲劳
9507,表 6-3-79 ,H53.100x004,闪光性暗点
9508,表 6-3-79 ,H53.101,畏光
9509,表 6-3-79 ,H53.102,突然视力丧失
9510,表 6-3-79 ,H53.103,视觉性晕
9511,表 6-3-79 ,H53.104,视物变形
9512,表 6-3-79 ,H53.105,昼盲
9513,表 6-3-79 ,H53.200,复视
9514,表 6-3-79 ,H53.300,双眼视力的其他疾患
9515,表 6-3-79 ,H53.300x001,异常视网膜对应
9516,表 6-3-79 ,H53.300x002,融合及立体视觉障碍
9517,表 6-3-79 ,H53.300x003,同步性视觉感受不伴融合
9518,表 6-3-79 ,H53.300x004,双眼视觉抑制
9519,表 6-3-79 ,H53.400,视野缺损
9520,表 6-3-79 ,H53.400x003,双鼻侧偏盲
9521,表 6-3-79 ,H53.400x004,弓形暗点
9522,表 6-3-79 ,H53.400x005,比耶鲁姆暗点
9523,表 6-3-79 ,H53.400x006,中心性暗点
9524,表 6-3-79 ,H53.400x007,环形暗点
9525,表 6-3-79 ,H53.401,扩大盲点
9526,表 6-3-79 ,H53.402,偏盲
9527,表 6-3-79 ,H53.500,色觉缺陷
9528,表 6-3-79 ,H53.500x002,全色盲
9529,表 6-3-79 ,H53.500x003,后天性色觉缺陷
9530,表 6-3-79 ,H53.500x004,绿色弱
9531,表 6-3-79 ,H53.500x005,绿色盲
9532,表 6-3-79 ,H53.500x006,红色弱
9533,表 6-3-79 ,H53.500x007,红色盲
9534,表 6-3-79 ,H53.500x008,蓝色弱
9535,表 6-3-79 ,H53.500x009,蓝色盲
9536,表 6-3-79 ,H53.501,色盲
9537,表 6-3-79 ,H53.600,夜盲
9538,表 6-3-79 ,H53.800x001,潜水黑视
9539,表 6-3-79 ,H53.800x002,缺血性视觉障碍
9540,表 6-3-79 ,H53.801,视物模糊
9541,表 6-3-79 ,H53.802,中毒性弱视
9542,表 6-3-79 ,H53.803,烟草性弱视
9543,表 6-3-79 ,H53.900,视觉障碍
9544,表 6-3-79 ,H54.000,盲，双眼
9545,表 6-3-79 ,H54.001,黑矇
9546,表 6-3-79 ,H54.100,重度视力缺损，双眼
9547,表 6-3-79 ,H54.200,中度视力缺损，双眼
9548,表 6-3-79 ,H54.300,轻度或无视力缺损，双眼
9549,表 6-3-79 ,H54.400,盲，单眼
9550,表 6-3-79 ,H54.400x002,单眼盲伴另一眼视力低下
9551,表 6-3-79 ,H54.500,重度视力缺损，单眼
9552,表 6-3-79 ,H54.600,中度视力缺损，单眼
9553,表 6-3-79 ,H54.601,单眼视力低下
9554,表 6-3-79 ,H54.900,视力缺损，双眼
9555,表 6-3-80 ,H55.x00,眼震和其他不规则眼运动
9556,表 6-3-80 ,H55.x00x001,先天性眼球震颤
9557,表 6-3-80 ,H55.x00x002,眼球震颤
9558,表 6-3-80 ,H55.x00x005,隐性眼球震颤
9559,表 6-3-80 ,H55.x01,不规则眼运动
9560,表 6-3-80 ,H57.000,瞳孔功能异常
9561,表 6-3-80 ,H57.000x003,虹膜麻痹
9562,表 6-3-80 ,H57.001,瞳孔缩小
9563,表 6-3-80 ,H57.002,瞳孔散大
9564,表 6-3-80 ,H57.003,埃迪瞳孔
9565,表 6-3-80 ,H57.100,眼痛
9566,表 6-3-80 ,H57.100x002,眼眶痛
9567,表 6-3-80 ,H57.800x003,眼眶综合征
9568,表 6-3-80 ,H57.800x004,眼球旁囊肿
9569,表 6-3-80 ,H57.800x007,眼窝凹陷
9570,表 6-3-80 ,H57.900,眼和附器疾患
9571,表 6-3-80 ,H59.000,白内障术后(大泡性无晶状体的)角膜病变
9572,表 6-3-80 ,H59.001,白内障术后玻璃体综合征
9573,表 6-3-80 ,H59.002,玻璃体（触摸）综合征
9574,表 6-3-80 ,H59.003,玻璃体角膜综合征
9575,表 6-3-80 ,H59.800x003,手术后角膜后弹力层脱离
9576,表 6-3-80 ,H59.800x004,手术后浅前房
9577,表 6-3-80 ,H59.800x007,手术后无前房
9578,表 6-3-80 ,H59.800x008,睑下垂矫正术后过矫
9579,表 6-3-80 ,H59.800x009,玻璃体切除术后视网膜脱离
9580,表 6-3-80 ,H59.800x010,视网膜脱离术后未复位
9581,表 6-3-80 ,H59.800x011,睑下垂矫正术后低矫
9582,表 6-3-80 ,H59.800x013,玻璃体内晶状体皮质残留
9583,表 6-3-80 ,H59.800x014,囊袋阻滞综合征
9584,表 6-3-80 ,H59.800x015,手术后眉下垂
9585,表 6-3-80 ,H59.801,青光眼术后无前房
9586,表 6-3-80 ,H59.802,毒性眼前节综合征
9587,表 6-3-80 ,H59.803,手术后结膜瘘
9588,表 6-3-80 ,H59.804,手术后视网膜瘢痕
9589,表 6-3-80 ,H59.805,手术后脉络膜视网膜瘢痕
9590,表 6-3-80 ,H59.806,手术后虹膜嵌顿
9591,表 6-3-80 ,H59.807,手术后虹膜脱垂
9592,表 6-3-80 ,H59.808,青光眼术后浅前房
9593,表 6-3-80 ,H59.809,青光眼术后滤过泡漏
9594,表 6-3-80 ,H59.810,手术后巩膜坏死
9595,表 6-3-80 ,H59.811,疱疹相关性眼内炎
9596,表 6-3-80 ,H59.812,操作后后疱疹感染
9597,表 6-3-80 ,H59.813,操作后滤过泡感染
9598,表 6-3-80 ,H59.900,眼和附器的操作后疾患
9599,表 6-3-81 ,H60.000,外耳脓肿
9600,表 6-3-81 ,H60.000x002,外耳道脓肿
9601,表 6-3-81 ,H60.000x004,耳廓痈
9602,表 6-3-81 ,H60.000x005,耳廓疖
9603,表 6-3-81 ,H60.001,外耳疖
9604,表 6-3-81 ,H60.002,外耳痈
9605,表 6-3-81 ,H60.100,外耳蜂窝织炎
9606,表 6-3-81 ,H60.100x001,外耳道蜂窝织炎
9607,表 6-3-81 ,H60.100x002,耳廓蜂窝织炎
9608,表 6-3-81 ,H60.200,恶性外耳炎
9609,表 6-3-81 ,H60.300,感染性外耳炎，其他的
9610,表 6-3-81 ,H60.300x002,耳廓感染
9611,表 6-3-81 ,H60.300x003,耳廓瘘感染
9612,表 6-3-81 ,H60.300x005,弥漫性外耳道炎
9613,表 6-3-81 ,H60.300x006,外耳继发性感染
9614,表 6-3-81 ,H60.301,出血性外耳炎
9615,表 6-3-81 ,H60.302,弥漫性外耳炎
9616,表 6-3-81 ,H60.303,游泳者耳病
9617,表 6-3-81 ,H60.400,外耳胆脂瘤
9618,表 6-3-81 ,H60.400x004,外耳道胆脂瘤
9619,表 6-3-81 ,H60.401,外耳肉芽肿
9620,表 6-3-81 ,H60.500x006,急性接触性外耳炎
9621,表 6-3-81 ,H60.500x007,急性反应性外耳炎
9622,表 6-3-81 ,H60.501,外耳湿疹
9623,表 6-3-81 ,H60.502,急性光化性外耳炎
9624,表 6-3-81 ,H60.503,急性化学性外耳炎
9625,表 6-3-81 ,H60.801,慢性外耳炎
9626,表 6-3-81 ,H60.900,外耳炎
9627,表 6-3-81 ,H60.901,外耳道炎
9628,表 6-3-81 ,H61.000,外耳软骨膜炎
9629,表 6-3-81 ,H61.001,慢性结节性耳轮软骨皮炎
9630,表 6-3-81 ,H61.100x002,后天性耳廓畸形
9631,表 6-3-81 ,H61.100x005,烧伤后耳廓缺损
9632,表 6-3-81 ,H61.100x006,烧伤后小耳畸形
9633,表 6-3-81 ,H61.100x007,耳廓钙化
9634,表 6-3-81 ,H61.100x009,耳廓瘢痕
9635,表 6-3-81 ,H61.101,后天性外耳畸形
9636,表 6-3-81 ,H61.102,耳廓瘘
9637,表 6-3-81 ,H61.103,耳廓假性囊肿
9638,表 6-3-81 ,H61.104,耳后血肿骨化
9639,表 6-3-81 ,H61.105,耳廓肿物
9640,表 6-3-81 ,H61.200,耵聍栓塞
9641,表 6-3-81 ,H61.300,后天性外耳道狭窄
9642,表 6-3-81 ,H61.800x005,外耳道瘢痕
9643,表 6-3-81 ,H61.801,颞下颌关节外耳道疝
9644,表 6-3-81 ,H61.802,外耳道外生骨疣
9645,表 6-3-81 ,H61.803,外耳瘘
9646,表 6-3-81 ,H61.804,外耳道角化症
9647,表 6-3-81 ,H61.805,外耳道坏死
9648,表 6-3-81 ,H61.806,外耳道囊肿
9649,表 6-3-81 ,H61.901,外耳道肿物
9650,表 6-3-81 ,H61.902,后天性外耳道闭锁
9651,表 6-3-82 ,H65.000x002,急性分泌性中耳炎
9652,表 6-3-82 ,H65.101,蓝鼓膜综合征
9653,表 6-3-82 ,H65.102,急性变应性中耳炎
9654,表 6-3-82 ,H65.200,慢性浆液性中耳炎
9655,表 6-3-82 ,H65.300,慢性黏液样中耳炎
9656,表 6-3-82 ,H65.300x001,慢性分泌性中耳炎
9657,表 6-3-82 ,H65.400,慢性非化脓性中耳炎，其他的
9658,表 6-3-82 ,H65.400x001,其他的慢性非化脓性中耳炎
9659,表 6-3-82 ,H65.900,非化脓性中耳炎
9660,表 6-3-82 ,H65.900x001,分泌性中耳炎
9661,表 6-3-82 ,H65.901,浆液性中耳炎
9662,表 6-3-82 ,H66.000,急性化脓性中耳炎
9663,表 6-3-82 ,H66.001,岩尖综合征
9664,表 6-3-82 ,H66.101,慢性鼓室化脓性中耳炎
9665,表 6-3-82 ,H66.102,良性慢性化脓性中耳炎
9666,表 6-3-82 ,H66.200,慢性鼓窦隐窝化脓性中耳炎
9667,表 6-3-82 ,H66.301,慢性化脓性中耳炎
9668,表 6-3-82 ,H66.400,化脓性中耳炎
9669,表 6-3-82 ,H66.900,中耳炎
9670,表 6-3-82 ,H66.900x002,急性中耳炎
9671,表 6-3-82 ,H66.900x003,慢性中耳炎
9672,表 6-3-82 ,H68.000,咽鼓管炎
9673,表 6-3-82 ,H68.100,咽鼓管阻塞
9674,表 6-3-82 ,H68.100x003,咽鼓管受压
9675,表 6-3-82 ,H68.101,咽鼓管狭窄
9676,表 6-3-82 ,H69.000,咽鼓管开放症
9677,表 6-3-82 ,H69.800,咽鼓管其他特指的疾患
9678,表 6-3-82 ,H69.900,咽鼓管疾患
9679,表 6-3-82 ,H70.000,急性乳突炎
9680,表 6-3-82 ,H70.000x007,乳突脓肿
9681,表 6-3-82 ,H70.000x009,急性乳突积脓
9682,表 6-3-82 ,H70.001,耳后脓肿
9683,表 6-3-82 ,H70.002,急性化脓性乳突炎
9684,表 6-3-82 ,H70.003,颈部贝佐尔德脓肿
9685,表 6-3-82 ,H70.004,乳突囊肿
9686,表 6-3-82 ,H70.100,慢性乳突炎
9687,表 6-3-82 ,H70.101,耳后瘘管
9688,表 6-3-82 ,H70.102,乳突骨疽
9689,表 6-3-82 ,H70.103,乳突瘘
9690,表 6-3-82 ,H70.200,岩锥炎
9691,表 6-3-82 ,H70.201,岩锥脓肿
9692,表 6-3-82 ,H70.800,"乳突炎和有关情况,其他的"
9693,表 6-3-82 ,H70.800x001,岩尖病变
9694,表 6-3-82 ,H70.800x002,颞部感染
9695,表 6-3-82 ,H70.900,乳突炎
9696,表 6-3-82 ,H71.x00,中耳胆脂瘤
9697,表 6-3-82 ,H71.x01,慢性化脓性中耳炎胆脂瘤型
9698,表 6-3-82 ,H71.x02,中耳肉芽肿
9699,表 6-3-82 ,H71.x03,鼓室胆脂瘤
9700,表 6-3-82 ,H71.x04,乳突胆脂瘤
9701,表 6-3-82 ,H71.x05,颞骨胆脂瘤
9702,表 6-3-82 ,H72.000,鼓膜中心穿孔
9703,表 6-3-82 ,H72.001,鼓膜紧张部穿孔
9704,表 6-3-82 ,H72.100,鼓膜鼓室上隐窝穿孔
9705,表 6-3-82 ,H72.101,鼓膜松弛部穿孔
9706,表 6-3-82 ,H72.200,鼓膜其他边缘性穿孔
9707,表 6-3-82 ,H72.800,鼓膜的其他穿孔
9708,表 6-3-82 ,H72.900,鼓膜穿孔
9709,表 6-3-82 ,H73.000,急性鼓膜炎
9710,表 6-3-82 ,H73.001,大疱性鼓膜炎
9711,表 6-3-82 ,H73.100,慢性鼓膜炎
9712,表 6-3-82 ,H73.101,慢性鼓室炎
9713,表 6-3-82 ,H73.102,慢性肉芽性鼓膜炎
9714,表 6-3-82 ,H73.800x005,血鼓室
9715,表 6-3-82 ,H73.801,鼓室粘连
9716,表 6-3-82 ,H73.802,鼓膜炎
9717,表 6-3-82 ,H73.803,鼓室炎
9718,表 6-3-82 ,H73.804,鼓膜萎缩
9719,表 6-3-82 ,H73.900,鼓膜疾患
9720,表 6-3-82 ,H74.000,鼓室硬化
9721,表 6-3-82 ,H74.101,粘连性中耳炎
9722,表 6-3-82 ,H74.201,听骨链中断
9723,表 6-3-82 ,H74.300,听骨其他后天性异常
9724,表 6-3-82 ,H74.300x003,听骨部分丧失
9725,表 6-3-82 ,H74.300x004,听骨关节强硬
9726,表 6-3-82 ,H74.400,中耳息肉
9727,表 6-3-82 ,H74.801,中耳瘘
9728,表 6-3-82 ,H74.802,慢性化脓性中耳炎骨疡型
9729,表 6-3-82 ,H74.900,中耳和乳突疾患
9730,表 6-3-83 ,H80.000x001,非闭塞性耳硬化累及前庭窗
9731,表 6-3-83 ,H80.000x002,非闭塞性镫骨耳硬化
9732,表 6-3-83 ,H80.100x001,闭塞性耳硬化累及前庭窗
9733,表 6-3-83 ,H80.100x002,闭塞性镫骨耳硬化
9734,表 6-3-83 ,H80.200,耳蜗性耳硬化症
9735,表 6-3-83 ,H80.800x001,其他耳硬化
9736,表 6-3-83 ,H80.900,耳硬化
9737,表 6-3-83 ,H81.000,梅尼埃［美尼尔］病
9738,表 6-3-83 ,H81.100,良性阵发性眩晕
9739,表 6-3-83 ,H81.101,儿童良性阵发性眩晕
9740,表 6-3-83 ,H81.200,前庭神经元炎
9741,表 6-3-83 ,H81.301,莱穆瓦耶综合征
9742,表 6-3-83 ,H81.302,耳源性眩晕
9743,表 6-3-83 ,H81.303,前庭周围性眩晕
9744,表 6-3-83 ,H81.400,中枢性眩晕
9745,表 6-3-83 ,H81.400x003,中枢性位置性眼球震颤
9746,表 6-3-83 ,H81.800,前庭功能的其他疾患
9747,表 6-3-83 ,H81.900,前庭功能疾患
9748,表 6-3-83 ,H81.901,眩晕综合征
9749,表 6-3-83 ,H81.902,前庭系统病变
9750,表 6-3-83 ,H83.000,迷路炎
9751,表 6-3-83 ,H83.000x001,迷路炎[内耳炎]
9752,表 6-3-83 ,H83.000x002,迷路周围炎
9753,表 6-3-83 ,H83.100,迷路瘘管
9754,表 6-3-83 ,H83.101,半规管瘘
9755,表 6-3-83 ,H83.200,迷路功能障碍
9756,表 6-3-83 ,H83.200x001,半规管轻瘫
9757,表 6-3-83 ,H83.200x002,迷路机能减退
9758,表 6-3-83 ,H83.200x003,前庭功能丧失
9759,表 6-3-83 ,H83.300x001,爆震性聋
9760,表 6-3-83 ,H83.301,声创伤
9761,表 6-3-83 ,H83.302,噪音性耳聋
9762,表 6-3-83 ,H83.800x002,自发性圆窗膜破裂
9763,表 6-3-83 ,H83.800x003,迷路卒中
9764,表 6-3-83 ,H83.800x004,上半规管裂综合征
9765,表 6-3-83 ,H83.801,迷路出血
9766,表 6-3-83 ,H83.900x001,内耳道肿物
9767,表 6-3-84 ,H90.000,双侧传导性听觉丧失
9768,表 6-3-84 ,H90.100,单侧传导性听觉丧失，对侧听觉不受限制
9769,表 6-3-84 ,H90.200,传导性听觉丧失
9770,表 6-3-84 ,H90.300,双侧感音神经性听觉丧失
9771,表 6-3-84 ,H90.400,单侧感音神经性听觉丧失，对侧听觉不受限制
9772,表 6-3-84 ,H90.500,感音神经性听觉丧失
9773,表 6-3-84 ,H90.501,先天性耳聋
9774,表 6-3-84 ,H90.502,非综合征性耳聋
9775,表 6-3-84 ,H90.600,双侧混合性传导性和感音神经性听觉丧失
9776,表 6-3-84 ,H90.700,单侧混合性传导性和感音神经性听觉丧失，对侧听觉不受限制
9777,表 6-3-84 ,H90.801,混合性耳聋
9778,表 6-3-84 ,H91.000,耳毒性听觉丧失
9779,表 6-3-84 ,H91.001,药物性耳聋
9780,表 6-3-84 ,H91.100,老年聋
9781,表 6-3-84 ,H91.200,突发特发性听觉丧失
9782,表 6-3-84 ,H91.200x001,突发性聋
9783,表 6-3-84 ,H91.300x001,聋哑症
9784,表 6-3-84 ,H91.801,创伤性耳聋
9785,表 6-3-84 ,H91.900,听觉丧失
9786,表 6-3-84 ,H91.900x002,听力减退
9787,表 6-3-84 ,H91.900x004,低频率耳聋
9788,表 6-3-84 ,H91.901,高频率耳聋
9789,表 6-3-84 ,H92.000,耳痛
9790,表 6-3-84 ,H92.100,耳漏
9791,表 6-3-84 ,H92.100x001,耳流脓
9792,表 6-3-84 ,H92.200,耳出血
9793,表 6-3-84 ,H93.001,短暂缺血性聋
9794,表 6-3-84 ,H93.100,耳鸣
9795,表 6-3-84 ,H93.101,血管性耳鸣
9796,表 6-3-84 ,H93.102,神经性耳鸣
9797,表 6-3-84 ,H93.103,噪声性耳鸣
9798,表 6-3-84 ,H93.200x002,听功能障碍
9799,表 6-3-84 ,H93.200x005,听觉过敏
9800,表 6-3-84 ,H93.201,复听
9801,表 6-3-84 ,H93.300,听神经疾患
9802,表 6-3-84 ,H93.301,听神经炎
9803,表 6-3-84 ,H93.800x001,耳廓血肿机化
9804,表 6-3-84 ,H93.900x001,耳甲腔囊肿
9805,表 6-3-84 ,H93.901,耳后肿物
9806,表 6-3-84 ,H95.000x001,胆脂瘤术后复发
9807,表 6-3-84 ,H95.101,乳突切除术后空腔肉芽形成
9808,表 6-3-84 ,H95.102,乳突切除术后空腔感染
9809,表 6-3-84 ,H95.800,耳和乳突的其他操作后疾患
9810,表 6-3-84 ,H95.900,耳和乳突的操作后疾患操作后并发症
9811,表 6-3-84 ,H95.900x001,鼓室成形术后操作后疾患
9812,表 6-3-84 ,H95.900x002,乳突根治术后操作后疾患
9813,表 6-3-85 ,I00.x00x004,急性风湿热
9814,表 6-3-85 ,I00.x00x005,急性风湿性关节炎
9815,表 6-3-85 ,I00.x00x007+J17.8*,风湿性肺炎
9816,表 6-3-85 ,I00.x01,风湿性关节炎
9817,表 6-3-85 ,I01.000,急性风湿性心包炎
9818,表 6-3-85 ,I01.100,急性风湿性心内膜炎
9819,表 6-3-85 ,I01.200,急性风湿性心肌炎
9820,表 6-3-85 ,I01.800x001,急性风湿性全心炎
9821,表 6-3-85 ,I01.900,急性风湿性心脏病
9822,表 6-3-85 ,I02.000x001,风湿性舞蹈病伴急性风湿性心脏病
9823,表 6-3-85 ,I02.900x001,风湿性舞蹈症[小舞蹈症]
9824,表 6-3-85 ,I02.900x003,慢性风湿性舞蹈症
9825,表 6-3-86 ,I05.000,二尖瓣狭窄
9826,表 6-3-86 ,I05.000x001,风湿性二尖瓣狭窄
9827,表 6-3-86 ,I05.100,风湿性二尖瓣关闭不全
9828,表 6-3-86 ,I05.200,二尖瓣狭窄伴有关闭不全
9829,表 6-3-86 ,I05.200x001,风湿性二尖瓣狭窄伴关闭不全
9830,表 6-3-86 ,I05.800,二尖瓣疾病，其他的
9831,表 6-3-86 ,I05.900,二尖瓣疾病
9832,表 6-3-86 ,I05.900x001,风湿性二尖瓣病
9833,表 6-3-86 ,I06.000,风湿性主动脉瓣狭窄
9834,表 6-3-86 ,I06.100,风湿性主动脉瓣关闭不全
9835,表 6-3-86 ,I06.200,风湿性主动脉瓣狭窄伴有关闭不全
9836,表 6-3-86 ,I06.800x001,其他风湿性主动脉瓣疾病
9837,表 6-3-86 ,I06.900,风湿性主动脉瓣疾病
9838,表 6-3-86 ,I07.000,三尖瓣狭窄
9839,表 6-3-86 ,I07.000x001,风湿性三尖瓣狭窄
9840,表 6-3-86 ,I07.100,三尖瓣关闭不全
9841,表 6-3-86 ,I07.100x001,风湿性三尖瓣关闭不全
9842,表 6-3-86 ,I07.200,三尖瓣狭窄伴有关闭不全
9843,表 6-3-86 ,I07.200x001,风湿性三尖瓣狭窄伴关闭不全
9844,表 6-3-86 ,I07.800,"三尖瓣疾病,其他的"
9845,表 6-3-86 ,I07.900,三尖瓣疾病
9846,表 6-3-86 ,I07.900x001,风湿性三尖瓣病
9847,表 6-3-86 ,I08.000,二尖瓣和主动脉瓣的疾患
9848,表 6-3-86 ,I08.000x001,风湿性二尖瓣主动脉瓣联合瓣膜病
9849,表 6-3-86 ,I08.000x002,风湿性二尖瓣狭窄伴主动脉瓣关闭不全
9850,表 6-3-86 ,I08.000x003,风湿性二尖瓣关闭不全伴主动脉瓣狭窄
9851,表 6-3-86 ,I08.000x004,风湿性二尖瓣关闭不全伴主动脉瓣狭窄关闭不全
9852,表 6-3-86 ,I08.000x005,风湿性二尖瓣狭窄伴主动脉瓣狭窄关闭不全
9853,表 6-3-86 ,I08.000x006,风湿性二尖瓣狭窄关闭不全伴主动脉瓣关闭不全
9854,表 6-3-86 ,I08.000x007,风湿性二尖瓣及主动脉瓣关闭不全
9855,表 6-3-86 ,I08.000x008,风湿性二尖瓣及主动脉瓣狭窄伴关闭不全
9856,表 6-3-86 ,I08.000x009,风湿性二尖瓣及主动脉瓣狭窄
9857,表 6-3-86 ,I08.000x010,风湿性二尖瓣狭窄关闭不全伴主动脉瓣狭窄
9858,表 6-3-86 ,I08.001,二尖瓣狭窄伴主动脉瓣关闭不全
9859,表 6-3-86 ,I08.002,二尖瓣关闭不全伴主动脉瓣狭窄
9860,表 6-3-86 ,I08.003,二尖瓣关闭不全伴主动脉瓣狭窄关闭不全
9861,表 6-3-86 ,I08.004,二尖瓣狭窄伴主动脉瓣狭窄关闭不全
9862,表 6-3-86 ,I08.005,二尖瓣狭窄关闭不全伴主动脉瓣关闭不全
9863,表 6-3-86 ,I08.006,二尖瓣及主动脉瓣关闭不全
9864,表 6-3-86 ,I08.007,二尖瓣及主动脉瓣狭窄伴关闭不全
9865,表 6-3-86 ,I08.008,二尖瓣及主动脉瓣狭窄
9866,表 6-3-86 ,I08.009,二尖瓣狭窄关闭不全伴主动脉瓣狭窄
9867,表 6-3-86 ,I08.100,二尖瓣和三尖瓣的疾患
9868,表 6-3-86 ,I08.100x001,风湿性二尖瓣三尖瓣联合瓣膜病
9869,表 6-3-86 ,I08.100x002,风湿性二尖瓣狭窄伴三尖瓣关闭不全
9870,表 6-3-86 ,I08.100x003,风湿性二尖瓣狭窄关闭不全伴三尖瓣关闭不全
9871,表 6-3-86 ,I08.100x004,风湿性二尖瓣及三尖瓣关闭不全
9872,表 6-3-86 ,I08.100x005,风湿性二尖瓣及三尖瓣狭窄
9873,表 6-3-86 ,I08.101,二尖瓣狭窄伴三尖瓣关闭不全
9874,表 6-3-86 ,I08.102,二尖瓣狭窄关闭不全伴三尖瓣关闭不全
9875,表 6-3-86 ,I08.103,二尖瓣及三尖瓣关闭不全
9876,表 6-3-86 ,I08.104,二尖瓣及三尖瓣狭窄
9877,表 6-3-86 ,I08.200,主动脉瓣和三尖瓣的疾患
9878,表 6-3-86 ,I08.200x001,风湿性主动脉瓣三尖瓣联合瓣膜病
9879,表 6-3-86 ,I08.200x002,风湿性主动脉瓣及三尖瓣关闭不全
9880,表 6-3-86 ,I08.201,主动脉瓣及三尖瓣关闭不全
9881,表 6-3-86 ,I08.300,二尖瓣、主动脉瓣和三尖瓣的合并疾患
9882,表 6-3-86 ,I08.300x001,风湿性二尖瓣主动脉瓣三尖瓣联合瓣膜病
9883,表 6-3-86 ,I08.300x002,风湿性二尖瓣狭窄关闭不全伴主动脉瓣及三尖瓣关闭不全
9884,表 6-3-86 ,I08.300x003,风湿性二尖瓣狭窄及主动脉瓣三尖瓣关闭不全
9885,表 6-3-86 ,I08.300x004,风湿性二尖瓣主动脉瓣及三尖瓣关闭不全
9886,表 6-3-86 ,I08.300x005,风湿性二尖瓣主动脉瓣及三尖瓣狭窄关闭不全
9887,表 6-3-86 ,I08.300x006,风湿性二尖瓣狭窄关闭不全伴主动脉瓣三尖瓣狭窄
9888,表 6-3-86 ,I08.300x007,风湿性二尖瓣主动脉瓣狭窄关闭不全伴三尖瓣关闭不全
9889,表 6-3-86 ,I08.301,二尖瓣狭窄关闭不全伴主动脉瓣及三尖瓣关闭不全
9890,表 6-3-86 ,I08.302,二尖瓣狭窄及主动脉瓣三尖瓣关闭不全
9891,表 6-3-86 ,I08.303,二尖瓣主动脉瓣及三尖瓣关闭不全
9892,表 6-3-86 ,I08.304,二尖瓣主动脉瓣及三尖瓣狭窄关闭不全
9893,表 6-3-86 ,I08.305,二尖瓣狭窄关闭不全伴主动脉瓣三尖瓣狭窄
9894,表 6-3-86 ,I08.306,二尖瓣主动脉瓣狭窄关闭不全伴三尖瓣关闭不全
9895,表 6-3-86 ,I08.800,多个心瓣膜疾病，其他的
9896,表 6-3-86 ,I08.800x002,风湿性二尖瓣狭窄伴三尖瓣关闭不全及肺动脉瓣关闭不全
9897,表 6-3-86 ,I08.800x003,风湿性二尖瓣狭窄及关闭不全肺动脉瓣关闭不全
9898,表 6-3-86 ,I08.801,二尖瓣狭窄及关闭不全肺动脉瓣关闭不全
9899,表 6-3-86 ,I08.900,多个心瓣膜疾病
9900,表 6-3-86 ,I08.901,风湿性联合瓣膜病
9901,表 6-3-86 ,I09.000,风湿性心肌炎
9902,表 6-3-86 ,I09.100x001,慢性风湿性心内膜炎
9903,表 6-3-86 ,I09.100x002,慢性风湿性心瓣膜炎
9904,表 6-3-86 ,I09.200,慢性风湿性心包炎
9905,表 6-3-86 ,I09.200x001,风湿性粘连性心包炎
9906,表 6-3-86 ,I09.200x003,慢性风湿性心肌心包炎
9907,表 6-3-86 ,I09.200x004,慢性风湿性纵隔心包炎
9908,表 6-3-86 ,I09.801,风湿性肺动脉瓣狭窄
9909,表 6-3-86 ,I09.802,风湿性肺动脉瓣关闭不全
9910,表 6-3-86 ,I09.900,风湿性心脏病
9911,表 6-3-86 ,I09.900x002,风湿性全心炎
9912,表 6-3-87 ,I10.x00x002,高血压
9913,表 6-3-87 ,I10.x00x007,老年收缩期高血压
9914,表 6-3-87 ,I10.x00x008,良性高血压
9915,表 6-3-87 ,I10.x00x009,临界性高血压
9916,表 6-3-87 ,I10.x00x015,青春期高血压
9917,表 6-3-87 ,I10.x00x016,白大衣高血压
9918,表 6-3-87 ,I10.x00x017,假性高血压
9919,表 6-3-87 ,I10.x01,正常高值血压
9920,表 6-3-87 ,I10.x02,恶性高血压
9921,表 6-3-87 ,I10.x03,高血压1级
9922,表 6-3-87 ,I10.x04,高血压2级
9923,表 6-3-87 ,I10.x05,高血压3级
9924,表 6-3-87 ,I10.x06,高血压危象
9925,表 6-3-87 ,I10.x08,单纯收缩期高血压
9926,表 6-3-87 ,I10.x09,原发性高血压
9927,表 6-3-87 ,I10.x10,高血压急症
9928,表 6-3-87 ,I10.x12,难治性高血压
9929,表 6-3-87 ,I10.x13,低肾素性高血压
9930,表 6-3-87 ,I10.x14,高血压亚急症
9931,表 6-3-87 ,I11.001,高血压性心力衰竭
9932,表 6-3-87 ,I11.002,高血压心脏病伴心力衰竭
9933,表 6-3-87 ,I11.901,高血压性心脏病
9934,表 6-3-87 ,I12.000x001,高血压性肾衰竭
9935,表 6-3-87 ,I12.900x001,动脉硬化性肾病
9936,表 6-3-87 ,I12.900x002,动脉硬化性肾炎
9937,表 6-3-87 ,I12.900x003,高血压性肾病
9938,表 6-3-87 ,I12.900x005,肾萎缩伴高血压
9939,表 6-3-87 ,I12.900x006,小动脉性肾病
9940,表 6-3-87 ,I12.900x008,恶性肾小动脉硬化症
9941,表 6-3-87 ,I12.900x009,良性肾小动脉硬化症
9942,表 6-3-87 ,I12.902,肾动脉硬化
9943,表 6-3-87 ,I12.904,肾小动脉硬化症
9944,表 6-3-87 ,I13.000x001,高血压性心脏病和肾脏病伴心力衰竭
9945,表 6-3-87 ,I13.100x001,高血压性心脏病和肾脏病伴肾衰竭
9946,表 6-3-87 ,I13.200x001,高血压性心脏病和肾脏病伴心力衰竭和肾衰竭
9947,表 6-3-87 ,I13.900x001,高血压性心脏病和肾脏病
9948,表 6-3-87 ,I15.000,肾血管性高血压
9949,表 6-3-87 ,I15.100x001,肾实质性高血压
9950,表 6-3-87 ,I15.101,利德尔综合征
9951,表 6-3-87 ,I15.102,肾性高血压
9952,表 6-3-87 ,I15.103,肾萎缩性高血压
9953,表 6-3-87 ,I15.200x001,原发性醛固酮增多症性高血压
9954,表 6-3-87 ,I15.200x002,肾上腺皮质醇增多症性高血压
9955,表 6-3-87 ,I15.200x003,肾上腺髓质增生性高血压
9956,表 6-3-87 ,I15.200x004,糖皮质激素增多综合征性高血压
9957,表 6-3-87 ,I15.200x005,嗜铬细胞瘤性高血压
9958,表 6-3-87 ,I15.800x001,口服避孕药性高血压
9959,表 6-3-87 ,I15.800x002,大动脉炎性高血压
9960,表 6-3-87 ,I15.800x003,医源性高血压
9961,表 6-3-87 ,I15.800x004,围手术期高血压
9962,表 6-3-87 ,I15.800x006,阻塞性睡眠呼吸暂停低通气综合征性高血压
9963,表 6-3-87 ,I15.900,继发性高血压
9964,表 6-3-88 ,I20.000,不稳定型心绞痛
9965,表 6-3-88 ,I20.000x004,中间型冠状动脉综合征
9966,表 6-3-88 ,I20.000x005,混合型心绞痛
9967,表 6-3-88 ,I20.001,增强型心绞痛
9968,表 6-3-88 ,I20.002,初发型劳力性心绞痛
9969,表 6-3-88 ,I20.003,恶化劳力性心绞痛
9970,表 6-3-88 ,I20.004,卧位型心绞痛
9971,表 6-3-88 ,I20.005,心肌梗死后心绞痛
9972,表 6-3-88 ,I20.006,心肌梗死前综合征
9973,表 6-3-88 ,I20.101,变异型心绞痛
9974,表 6-3-88 ,I20.102,冠状动脉痉挛
9975,表 6-3-88 ,I20.800x006,自发型心绞痛
9976,表 6-3-88 ,I20.800x007,微血管性心绞痛
9977,表 6-3-88 ,I20.801,稳定型心绞痛
9978,表 6-3-88 ,I20.802,X综合征
9979,表 6-3-88 ,I20.803,劳力性心绞痛
9980,表 6-3-88 ,I20.806,慢性稳定型心绞痛
9981,表 6-3-88 ,I20.807,稳定劳力性心绞痛
9982,表 6-3-88 ,I20.808,冠状动脉慢血流综合征
9983,表 6-3-88 ,I20.900,心绞痛
9984,表 6-3-88 ,I21.000x005,急性前壁尖部心肌梗死
9985,表 6-3-88 ,I21.001,急性前壁心肌梗死
9986,表 6-3-88 ,I21.002,急性前侧壁心肌梗死
9987,表 6-3-88 ,I21.003,急性前间壁心肌梗死
9988,表 6-3-88 ,I21.004,急性广泛前壁心肌梗死
9989,表 6-3-88 ,I21.103,急性下壁心肌梗死
9990,表 6-3-88 ,I21.104,急性下间壁心肌梗死
9991,表 6-3-88 ,I21.105,急性下侧壁心肌梗死
9992,表 6-3-88 ,I21.106,急性下后壁心肌梗死
9993,表 6-3-88 ,I21.200x003,急性后壁心肌梗死
9994,表 6-3-88 ,I21.200x009,急性心房心肌梗死
9995,表 6-3-88 ,I21.200x010,急性心尖部心肌梗死
9996,表 6-3-88 ,I21.200x011,急性后间壁心肌梗死
9997,表 6-3-88 ,I21.200x014,急性侧壁正后壁心肌梗死
9998,表 6-3-88 ,I21.200x015,急性尖-侧壁心肌梗死
9999,表 6-3-88 ,I21.200x016,急性下壁高侧壁心肌梗死
10000,表 6-3-88 ,I21.200x017,急性下壁高侧壁正后壁心肌梗死
10001,表 6-3-88 ,I21.200x018,急性下壁后壁右心室心肌梗死
10002,表 6-3-88 ,I21.200x019,急性广泛前壁高侧壁心肌梗死
10003,表 6-3-88 ,I21.200x020,急性前侧壁下壁心肌梗死
10004,表 6-3-88 ,I21.200x021,急性前壁高侧壁心肌梗死
10005,表 6-3-88 ,I21.200x022,急性前间壁高侧壁心肌梗死
10006,表 6-3-88 ,I21.200x023,急性广泛前壁下壁心肌梗死
10007,表 6-3-88 ,I21.200x024,急性前壁高侧壁下壁心肌梗死
10008,表 6-3-88 ,I21.200x025,急性广泛前壁下壁高侧壁心肌梗死
10009,表 6-3-88 ,I21.200x026,急性前间壁下壁心肌梗死
10010,表 6-3-88 ,I21.200x027,急性高侧壁正后壁心肌梗死
10011,表 6-3-88 ,I21.200x029,急性下壁侧壁心肌梗死
10012,表 6-3-88 ,I21.200x030,急性下后壁右心室心肌梗死
10013,表 6-3-88 ,I21.204,急性高侧壁心肌梗死
10014,表 6-3-88 ,I21.205,急性正后壁心肌梗死
10015,表 6-3-88 ,I21.206,急性右室心肌梗死
10016,表 6-3-88 ,I21.207,急性下壁右心室心肌梗死
10017,表 6-3-88 ,I21.208,急性下壁正后壁心肌梗死
10018,表 6-3-88 ,I21.210,急性侧壁心肌梗死
10019,表 6-3-88 ,I21.211,急性前壁下壁心肌梗死
10020,表 6-3-88 ,I21.212,急性下壁侧壁正后壁心肌梗死
10021,表 6-3-88 ,I21.213,急性多壁心肌梗死
10022,表 6-3-88 ,I21.300x003,手术后心肌梗死
10023,表 6-3-88 ,I21.300x004,急性ST段抬高型心肌梗死
10024,表 6-3-88 ,I21.300x005,围手术期心肌梗死
10025,表 6-3-88 ,I21.300x008,支架内血栓相关性心肌梗死
10026,表 6-3-88 ,I21.302,冠状动脉旁路术后心肌梗死
10027,表 6-3-88 ,I21.303,冠状动脉介入治疗术后心肌梗死
10028,表 6-3-88 ,I21.400x003,急性小灶心肌梗死
10029,表 6-3-88 ,I21.401,急性非ST段抬高型心肌梗死
10030,表 6-3-88 ,I21.402,非透壁性心肌梗死
10031,表 6-3-88 ,I21.900,急性心肌梗死
10032,表 6-3-88 ,I21.900x001,非冠心病性心肌梗死
10033,表 6-3-88 ,I21.901,冠状动脉破裂
10034,表 6-3-88 ,I22.000x001,急性前壁再发心肌梗死
10035,表 6-3-88 ,I22.000x002,急性广泛前壁再发心肌梗死
10036,表 6-3-88 ,I22.000x003,急性前间壁再发心肌梗死
10037,表 6-3-88 ,I22.000x004,急性前尖壁再发心肌梗死
10038,表 6-3-88 ,I22.000x005,急性前侧壁再发心肌梗死
10039,表 6-3-88 ,I22.100x001,急性下壁再发心肌梗死
10040,表 6-3-88 ,I22.100x002,急性下后壁再发心肌梗死
10041,表 6-3-88 ,I22.100x003,急性下侧壁再发心肌梗死
10042,表 6-3-88 ,I22.800x001,急性后壁再发心肌梗死
10043,表 6-3-88 ,I22.800x002,急性后间壁再发心肌梗死
10044,表 6-3-88 ,I22.800x003,急性间壁再发心肌梗死
10045,表 6-3-88 ,I22.800x004,急性侧壁再发心肌梗死
10046,表 6-3-88 ,I22.800x005,急性高侧壁再发心肌梗死
10047,表 6-3-88 ,I22.800x006,急性前壁高侧壁再发心肌梗死
10048,表 6-3-88 ,I22.800x007,急性下壁侧壁正后壁再发心肌梗死
10049,表 6-3-88 ,I22.800x008,急性下壁右心室再发心肌梗死
10050,表 6-3-88 ,I22.800x009,急性下壁正后壁再发心肌梗死
10051,表 6-3-88 ,I22.800x010,急性正后壁再发心肌梗死
10052,表 6-3-88 ,I22.800x011,急性前壁下壁再发心肌梗死
10053,表 6-3-88 ,I22.800x012,急性右心室再发心肌梗死
10054,表 6-3-88 ,I22.800x013,急性广泛前壁下壁高侧壁再发心肌梗死
10055,表 6-3-88 ,I22.800x014,急性下壁高侧壁正后壁再发心肌梗死
10056,表 6-3-88 ,I22.800x015,急性下壁高侧壁再发心肌梗死
10057,表 6-3-88 ,I22.800x016,急性侧壁正后壁再发心肌梗死
10058,表 6-3-88 ,I22.800x017,急性前间壁高侧壁再发心肌梗死
10059,表 6-3-88 ,I22.800x018,急性前间壁下壁再发心肌梗死
10060,表 6-3-88 ,I22.900x001,急性再发心肌梗死
10061,表 6-3-88 ,I23.000x001,急性心肌梗死后心脏破裂伴心包积血
10062,表 6-3-88 ,I23.100x001,急性心肌梗死后房间隔缺损
10063,表 6-3-88 ,I23.200x001,急性心肌梗死后室间隔穿孔
10064,表 6-3-88 ,I23.300x001,急性心肌梗死后心脏破裂
10065,表 6-3-88 ,I23.400x001,急性心肌梗死后腱索断裂
10066,表 6-3-88 ,I23.500x001,急性心肌梗死后乳头肌断裂
10067,表 6-3-88 ,I23.601,急性心肌梗死后心室附壁血栓形成
10068,表 6-3-88 ,I23.800x001,急性心肌梗死后的近期并发症
10069,表 6-3-88 ,I24.000x003,冠状动脉血栓形成
10070,表 6-3-88 ,I24.000x004,急性冠状动脉支架内血栓形成
10071,表 6-3-88 ,I24.000x005,亚急性冠状动脉支架内血栓形成
10072,表 6-3-88 ,I24.000x009,冠状动脉支架后并发冠状动脉血栓栓塞
10073,表 6-3-88 ,I24.000x010,冠状动脉支架后并发冠状动脉分支闭塞
10074,表 6-3-88 ,I24.001,冠状动脉支架内血栓形成
10075,表 6-3-88 ,I24.002,冠状动脉闭塞
10076,表 6-3-88 ,I24.003,冠状动脉栓塞
10077,表 6-3-88 ,I24.100x001,心肌梗死后综合征[德雷斯勒综合征][Dressler综合征]
10078,表 6-3-88 ,I24.800x001,冠状动脉供血不足
10079,表 6-3-88 ,I24.800x004,冠状动脉支架后并发冠状动脉无再流
10080,表 6-3-88 ,I24.800x007,急性非ST段抬高型急性冠脉综合征
10081,表 6-3-88 ,I24.801,急性冠状动脉供血不足
10082,表 6-3-88 ,I24.900x001,急性心肌缺血
10083,表 6-3-88 ,I24.901,急性冠脉综合征
10084,表 6-3-88 ,I25.000x001,动脉硬化性心血管病
10085,表 6-3-88 ,I25.100x003,冠状动脉狭窄
10086,表 6-3-88 ,I25.102,冠状动脉粥样硬化
10087,表 6-3-88 ,I25.103,冠状动脉粥样硬化性心脏病
10088,表 6-3-88 ,I25.104,冠心病心律失常型
10089,表 6-3-88 ,I25.300,心脏动脉瘤
10090,表 6-3-88 ,I25.300x005,室间隔动脉瘤
10091,表 6-3-88 ,I25.300x006,左心室假性室壁瘤
10092,表 6-3-88 ,I25.300x007,左心室前壁心尖假性室壁瘤
10093,表 6-3-88 ,I25.300x008,左心室前壁心尖室壁瘤
10094,表 6-3-88 ,I25.300x009,左心室室壁瘤
10095,表 6-3-88 ,I25.300x010,左心室下壁假性室壁瘤
10096,表 6-3-88 ,I25.300x011,左心室下壁室壁瘤
10097,表 6-3-88 ,I25.300x012,右室室壁瘤
10098,表 6-3-88 ,I25.300x013,假性室壁瘤
10099,表 6-3-88 ,I25.301,心室壁瘤
10100,表 6-3-88 ,I25.302,心房壁瘤
10101,表 6-3-88 ,I25.400,冠状动脉动脉瘤
10102,表 6-3-88 ,I25.400x001,冠状动脉窦动脉瘤
10103,表 6-3-88 ,I25.400x005,冠状动脉夹层
10104,表 6-3-88 ,I25.401,后天性冠状动脉动静脉瘘
10105,表 6-3-88 ,I25.402,冠状动脉扩张
10106,表 6-3-88 ,I25.403,冠状动脉扩张病
10107,表 6-3-88 ,I25.500,缺血性心肌病
10108,表 6-3-88 ,I25.600x001,隐匿性冠状动脉粥样硬化性心脏病
10109,表 6-3-88 ,I25.800x002,冠状动脉左房瘘
10110,表 6-3-88 ,I25.800x003,慢性冠状动脉供血不足
10111,表 6-3-88 ,I25.800x004,心肌供血不足
10112,表 6-3-88 ,I25.800x005,冠状动脉瘘
10113,表 6-3-88 ,I25.800x006,冠状动脉左室瘘
10114,表 6-3-88 ,I25.800x009,冠状动脉成形术后再狭窄
10115,表 6-3-88 ,I25.800x010,冠状动脉支架植入术后再狭窄
10116,表 6-3-88 ,I25.800x011,冠状动脉右室瘘
10117,表 6-3-88 ,I25.800x012,冠状动脉无再流
10118,表 6-3-88 ,I25.802,冠状动脉炎
10119,表 6-3-88 ,I25.900,慢性缺血性心脏病
10120,表 6-3-88 ,I25.901,冠状动脉性心脏病
10121,表 6-3-88 ,I25.902,冠状动脉缺血
10122,表 6-3-89 ,I26.001,急性肺源性心脏病
10123,表 6-3-89 ,I26.900x001,肺栓塞
10124,表 6-3-89 ,I26.900x002,肺动脉血栓形成
10125,表 6-3-89 ,I26.900x003,肺血栓栓塞症
10126,表 6-3-89 ,I26.900x005,大面积肺血栓栓塞症
10127,表 6-3-89 ,I26.900x006,次大面积肺血栓肺栓塞症
10128,表 6-3-89 ,I26.900x007,非血栓性肺栓塞症
10129,表 6-3-89 ,I26.900x008,肺梗死
10130,表 6-3-89 ,I26.900x009,慢性肺动脉栓塞
10131,表 6-3-89 ,I26.900x010,急性肺栓塞
10132,表 6-3-89 ,I26.900x011,急性大面积肺血栓栓塞症
10133,表 6-3-89 ,I26.900x012,急性次大面积肺血栓栓塞症
10134,表 6-3-89 ,I26.900x013,急性低风险性肺血栓栓塞症
10135,表 6-3-89 ,I26.900x015,急性肺血栓栓塞症
10136,表 6-3-89 ,I26.900x016,慢性肺血栓栓塞急性再发
10137,表 6-3-89 ,I26.900x017,感染性肺栓塞
10138,表 6-3-89 ,I26.900x018,肺动脉菌栓栓塞
10139,表 6-3-89 ,I26.901,肺血栓形成
10140,表 6-3-89 ,I26.902,慢性肺血栓栓塞症
10141,表 6-3-89 ,I27.000x007,可遗传性肺动脉高压
10142,表 6-3-89 ,I27.000x008,原发性轻度肺动脉高压
10143,表 6-3-89 ,I27.000x009,原发性中度肺动脉高压
10144,表 6-3-89 ,I27.000x010,原发性重度肺动脉高压
10145,表 6-3-89 ,I27.001,特发性肺动脉高压[原发性肺动脉高压]
10146,表 6-3-89 ,I27.100,脊柱后侧凸性心脏病
10147,表 6-3-89 ,I27.200x002,结缔组织病相关性肺动脉高压
10148,表 6-3-89 ,I27.200x003,门静脉高压性肺动脉高压
10149,表 6-3-89 ,I27.200x004,甲状腺相关性肺动脉高压
10150,表 6-3-89 ,I27.200x005,药物性肺动脉高压
10151,表 6-3-89 ,I27.200x006,食物抑制剂相关性肺动脉高压
10152,表 6-3-89 ,I27.200x009,危险因素相关性肺动脉高压
10153,表 6-3-89 ,I27.200x012,肺动脉高压
10154,表 6-3-89 ,I27.200x013,肺动脉高压危象
10155,表 6-3-89 ,I27.200x015,轻度肺动脉高压
10156,表 6-3-89 ,I27.200x016,低氧相关性肺动脉高压
10157,表 6-3-89 ,I27.200x017,脾切除相关性肺动脉高压
10158,表 6-3-89 ,I27.200x018,疾病相关性肺动脉高压
10159,表 6-3-89 ,I27.200x019,毒物相关性肺动脉高压
10160,表 6-3-89 ,I27.200x020,左心疾病相关性肺动脉高压
10161,表 6-3-89 ,I27.200x021,中度肺动脉高压
10162,表 6-3-89 ,I27.200x022,重度肺动脉高压
10163,表 6-3-89 ,I27.201,继发性肺动脉高压
10164,表 6-3-89 ,I27.202,慢性血栓栓塞性肺动脉高压症
10165,表 6-3-89 ,I27.801,艾森门格综合征
10166,表 6-3-89 ,I27.900,肺源性心脏病
10167,表 6-3-89 ,I27.900x002,慢性肺源性心脏病
10168,表 6-3-89 ,I28.000x002,经皮肺动静脉瘘栓塞术后再通
10169,表 6-3-89 ,I28.000x003,肺动静脉瘘
10170,表 6-3-89 ,I28.100,肺动脉的动脉瘤
10171,表 6-3-89 ,I28.800x003,肺小静脉炎
10172,表 6-3-89 ,I28.800x005,肺毛细血管瘤样病变
10173,表 6-3-89 ,I28.800x007,肺血管炎
10174,表 6-3-89 ,I28.800x008,特发性肺动脉扩张
10175,表 6-3-89 ,I28.800x010,肺动脉闭塞
10176,表 6-3-89 ,I28.801,肺动脉扩张
10177,表 6-3-89 ,I28.802,肺静脉狭窄
10178,表 6-3-89 ,I28.803,后天性肺动脉狭窄
10179,表 6-3-89 ,I28.804,肺静脉闭塞症
10180,表 6-3-89 ,I28.900x001,肺血管病
10181,表 6-3-90 ,I30.000,急性非特异性特发性心包炎
10182,表 6-3-90 ,I30.100,感染性心包炎
10183,表 6-3-90 ,I30.100x005,肺炎球菌性心包炎
10184,表 6-3-90 ,I30.100x006,急性感染心包积液
10185,表 6-3-90 ,I30.100x007,链球菌性心包炎
10186,表 6-3-90 ,I30.100x008,葡萄球菌性心包炎
10187,表 6-3-90 ,I30.101,化脓性心包炎
10188,表 6-3-90 ,I30.102,细菌性心包炎
10189,表 6-3-90 ,I30.103,病毒性心包炎
10190,表 6-3-90 ,I30.801,纤维蛋白性心包炎
10191,表 6-3-90 ,I30.900,急性心包炎
10192,表 6-3-90 ,I30.900x001,急性心包积液
10193,表 6-3-90 ,I30.900x003,急性心肌心包炎
10194,表 6-3-90 ,I31.000,慢性粘连性心包炎
10195,表 6-3-90 ,I31.000x002,慢性粘连性纵隔心包炎
10196,表 6-3-90 ,I31.001,心包粘连
10197,表 6-3-90 ,I31.100,慢性缩窄性心包炎
10198,表 6-3-90 ,I31.100x001,慢性化脓性缩窄性心包炎
10199,表 6-3-90 ,I31.101,心包钙化
10200,表 6-3-90 ,I31.200x001,心包积血
10201,表 6-3-90 ,I31.300,心包积液(非炎性)
10202,表 6-3-90 ,I31.300x005,甲状腺功能减低性心包积液
10203,表 6-3-90 ,I31.301,乳糜性心包积液
10204,表 6-3-90 ,I31.302,包裹性心包积液
10205,表 6-3-90 ,I31.800x001,心包破裂
10206,表 6-3-90 ,I31.800x003,心包积气
10207,表 6-3-90 ,I31.900x008,纵隔心包炎
10208,表 6-3-90 ,I31.900x009,放射性心包炎
10209,表 6-3-90 ,I31.900x010,肿瘤性心包炎
10210,表 6-3-90 ,I31.901,心包压塞
10211,表 6-3-90 ,I31.902,心包炎
10212,表 6-3-90 ,I31.903,非特异性心包炎
10213,表 6-3-90 ,I31.904,慢性心包炎
10214,表 6-3-90 ,I33.000x001,恶性心内膜炎
10215,表 6-3-90 ,I33.000x004,感染性心内膜炎
10216,表 6-3-90 ,I33.000x006,革兰阳性杆菌性心内膜炎
10217,表 6-3-90 ,I33.000x007,急性细菌性心内膜炎
10218,表 6-3-90 ,I33.000x008,假单胞菌性心内膜炎
10219,表 6-3-90 ,I33.000x011,葡萄球菌性心内膜炎
10220,表 6-3-90 ,I33.000x012,奥斯勒结节
10221,表 6-3-90 ,I33.000x018,HIV性心内膜炎
10222,表 6-3-90 ,I33.000x019,吸毒性心内膜炎
10223,表 6-3-90 ,I33.000x020,二尖瓣瓣周脓肿
10224,表 6-3-90 ,I33.000x021,右心感染性心内膜炎
10225,表 6-3-90 ,I33.000x022,左心自体瓣膜性心内膜炎
10226,表 6-3-90 ,I33.000x024,机械相关性心内膜炎
10227,表 6-3-90 ,I33.001,急性感染性心内膜炎
10228,表 6-3-90 ,I33.002,亚急性感染性心内膜炎
10229,表 6-3-90 ,I33.003,链球菌性心内膜炎
10230,表 6-3-90 ,I33.004,真菌性心内膜炎
10231,表 6-3-90 ,I33.005,细菌性心内膜炎
10232,表 6-3-90 ,I33.006,感染性心内膜炎性赘生物
10233,表 6-3-90 ,I33.007,亚急性细菌性心内膜炎
10234,表 6-3-90 ,I33.008,二尖瓣赘生物
10235,表 6-3-90 ,I33.009,主动脉瓣赘生物
10236,表 6-3-90 ,I33.010,三尖瓣赘生物
10237,表 6-3-90 ,I33.011,肺动脉瓣赘生物
10238,表 6-3-90 ,I33.900,急性心内膜炎
10239,表 6-3-90 ,I34.000,二尖瓣关闭不全
10240,表 6-3-90 ,I34.000x001,非风湿性二尖瓣关闭不全
10241,表 6-3-90 ,I34.001,二尖瓣反流
10242,表 6-3-90 ,I34.100,二尖瓣脱垂
10243,表 6-3-90 ,I34.101,二尖瓣脱垂综合征
10244,表 6-3-90 ,I34.102,二尖瓣后叶脱垂
10245,表 6-3-90 ,I34.200,非风湿性二尖瓣狭窄
10246,表 6-3-90 ,I34.201,二尖瓣术后狭窄
10247,表 6-3-90 ,I34.202,老年钙化性二尖瓣狭窄
10248,表 6-3-90 ,I34.800x002,二尖瓣裂
10249,表 6-3-90 ,I34.800x003,手术后二尖瓣狭窄伴关闭不全
10250,表 6-3-90 ,I34.800x005,心内膜炎并二尖瓣穿孔
10251,表 6-3-90 ,I34.800x006,二尖瓣钙化
10252,表 6-3-90 ,I34.801,非风湿性二尖瓣狭窄伴关闭不全
10253,表 6-3-90 ,I34.802,二尖瓣腱索断裂
10254,表 6-3-90 ,I34.803,二尖瓣退行性变
10255,表 6-3-90 ,I34.900,非风湿性二尖瓣疾患
10256,表 6-3-90 ,I35.000,主动脉瓣狭窄
10257,表 6-3-90 ,I35.000x002,经导管主动脉瓣植入术后再狭窄
10258,表 6-3-90 ,I35.000x003,主动脉瓣球囊扩张术后再狭窄
10259,表 6-3-90 ,I35.100,主动脉瓣关闭不全
10260,表 6-3-90 ,I35.100x003,经导管主动脉瓣植入术后关闭不全
10261,表 6-3-90 ,I35.101,心内膜炎伴主动脉瓣关闭不全
10262,表 6-3-90 ,I35.200,主动脉瓣狭窄伴有关闭不全
10263,表 6-3-90 ,I35.200x001,老年钙化性主动脉瓣狭窄伴关闭不全
10264,表 6-3-90 ,I35.800x003,心内膜炎伴主动脉瓣脱垂
10265,表 6-3-90 ,I35.801,主动脉瓣硬化
10266,表 6-3-90 ,I35.802,主动脉瓣松软综合征
10267,表 6-3-90 ,I35.803,心内膜炎伴主动脉瓣穿孔
10268,表 6-3-90 ,I35.804,退行性主动脉瓣疾患
10269,表 6-3-90 ,I35.805,主动脉瓣增厚
10270,表 6-3-90 ,I35.806,主动脉瓣钙化
10271,表 6-3-90 ,I35.807,主动脉瓣周脓肿
10272,表 6-3-90 ,I35.808,主动脉瓣脱垂
10273,表 6-3-90 ,I35.900,主动脉瓣疾患
10274,表 6-3-90 ,I36.000,非风湿性三尖瓣狭窄
10275,表 6-3-90 ,I36.100,非风湿性三尖瓣关闭不全
10276,表 6-3-90 ,I36.200,非风湿性三尖瓣狭窄伴有关闭不全
10277,表 6-3-90 ,I36.800x002,三尖瓣脱垂
10278,表 6-3-90 ,I36.800x003,三尖瓣下移
10279,表 6-3-90 ,I36.800x004,三尖瓣腱索断裂
10280,表 6-3-90 ,I36.800x005,三尖瓣钙化
10281,表 6-3-90 ,I36.801,非风湿性三尖瓣脱垂
10282,表 6-3-90 ,I36.900,非风湿性三尖瓣疾患
10283,表 6-3-90 ,I37.000,肺动脉瓣狭窄
10284,表 6-3-90 ,I37.100,肺动脉瓣关闭不全
10285,表 6-3-90 ,I37.200,肺动脉瓣狭窄伴有关闭不全
10286,表 6-3-90 ,I37.800,肺动脉瓣疾患，其他的
10287,表 6-3-90 ,I37.900,肺动脉瓣疾患
10288,表 6-3-90 ,I38.x00x002,老年性心脏瓣膜病
10289,表 6-3-90 ,I38.x00x005,心瓣膜破裂
10290,表 6-3-90 ,I38.x00x006,心内膜炎
10291,表 6-3-90 ,I38.x00x007,慢性心脏瓣膜炎
10292,表 6-3-90 ,I38.x01,心脏瓣膜病
10293,表 6-3-90 ,I38.x02,心脏瓣膜穿孔
10294,表 6-3-90 ,I38.x03,心脏瓣膜钙化
10295,表 6-3-90 ,I40.000x003,细菌性心肌炎
10296,表 6-3-90 ,I40.000x004,心肌脓肿
10297,表 6-3-90 ,I40.000x005,暴发性心肌炎
10298,表 6-3-90 ,I40.000x006,原虫性心肌炎
10299,表 6-3-90 ,I40.000x007,真菌性心肌炎
10300,表 6-3-90 ,I40.001,病毒性心肌炎
10301,表 6-3-90 ,I40.002,急性细菌性心肌炎
10302,表 6-3-90 ,I40.100,孤立性心肌炎
10303,表 6-3-90 ,I40.800x001,中毒性心肌炎
10304,表 6-3-90 ,I40.800x002,药物性心肌炎
10305,表 6-3-90 ,I40.800x003,过敏性心肌炎
10306,表 6-3-90 ,I40.900,急性心肌炎
10307,表 6-3-90 ,I42.000x001,家族性扩张性心肌病
10308,表 6-3-90 ,I42.001,扩张型心肌病（充血型心肌病）
10309,表 6-3-90 ,I42.100,梗阻性肥厚型心肌病
10310,表 6-3-90 ,I42.100x002,肥厚性主动脉瓣下狭窄
10311,表 6-3-90 ,I42.200x002,肥厚型心肌病
10312,表 6-3-90 ,I42.201,心尖肥厚型心肌病
10313,表 6-3-90 ,I42.300,心内膜心肌(嗜酸性)病
10314,表 6-3-90 ,I42.301,心内膜心肌纤维化
10315,表 6-3-90 ,I42.401,先天性心肌病
10316,表 6-3-90 ,I42.500x001,限制性心肌病
10317,表 6-3-90 ,I42.501,缩窄性心肌病
10318,表 6-3-90 ,I42.600,酒精性心肌病
10319,表 6-3-90 ,I42.701,药物性心肌病
10320,表 6-3-90 ,I42.800x001,心肌囊肿
10321,表 6-3-90 ,I42.800x002,致心律失常性右室心肌病
10322,表 6-3-90 ,I42.800x004,心肌炎后心肌病
10323,表 6-3-90 ,I42.800x005,右心心肌病
10324,表 6-3-90 ,I42.800x006,致心律失常性左室心肌病
10325,表 6-3-90 ,I42.800x007,应激性心肌病[心尖球形综合征]
10326,表 6-3-90 ,I42.801,心尖球囊样综合征
10327,表 6-3-90 ,I42.802,心动过速性心肌病
10328,表 6-3-90 ,I42.803,右室心肌病
10329,表 6-3-90 ,I42.900,心肌病
10330,表 6-3-90 ,I42.901,继发性心肌病
10331,表 6-3-90 ,I42.902,家族性心肌病
10332,表 6-3-90 ,I42.904,特异性心肌病
10333,表 6-3-90 ,I42.905,特发性心肌病
10334,表 6-3-90 ,I44.000,Ⅰ度房室传导阻滞
10335,表 6-3-90 ,I44.100,Ⅱ度房室传导阻滞
10336,表 6-3-90 ,I44.101,二度Ⅰ型房室传导阻滞
10337,表 6-3-90 ,I44.102,二度Ⅱ型房室传导阻滞
10338,表 6-3-90 ,I44.200,Ⅲ度房室传导阻滞
10339,表 6-3-90 ,I44.201,高度房室传导阻滞
10340,表 6-3-90 ,I44.300x003,特发性房室束支退化症[lengre病]
10341,表 6-3-90 ,I44.302,部分房室传导阻滞
10342,表 6-3-90 ,I44.303,房室传导阻滞
10343,表 6-3-90 ,I44.304,左室支架硬化症
10344,表 6-3-90 ,I44.400,左前分支传导阻滞
10345,表 6-3-90 ,I44.500,左后分支传导阻滞
10346,表 6-3-90 ,I44.601,不完全性左束支传导阻滞
10347,表 6-3-90 ,I44.602,完全性左束支传导阻滞
10348,表 6-3-90 ,I44.700,左束支传导阻滞
10349,表 6-3-90 ,I45.000,右分支传导阻滞
10350,表 6-3-90 ,I45.101,不完全性右束支传导阻滞
10351,表 6-3-90 ,I45.102,完全性右束支传导阻滞
10352,表 6-3-90 ,I45.103,右束支传导阻滞
10353,表 6-3-90 ,I45.200,双分支传导阻滞
10354,表 6-3-90 ,I45.300,三分支传导阻滞
10355,表 6-3-90 ,I45.400x001,室内传导阻滞
10356,表 6-3-90 ,I45.401,束支传导阻滞
10357,表 6-3-90 ,I45.500x002,窦房结功能低下
10358,表 6-3-90 ,I45.500x004,房内传导阻滞
10359,表 6-3-90 ,I45.500x005,中隔束支传导阻滞
10360,表 6-3-90 ,I45.501,窦房传导阻滞
10361,表 6-3-90 ,I45.502,窦性停搏
10362,表 6-3-90 ,I45.600,预激综合征
10363,表 6-3-90 ,I45.600x003,间歇性预激综合征
10364,表 6-3-90 ,I45.600x004,A型预激综合征
10365,表 6-3-90 ,I45.600x005,B型预激综合征
10366,表 6-3-90 ,I45.600x007,心室预激
10367,表 6-3-90 ,I45.601,劳恩-加农-莱文综合征
10368,表 6-3-90 ,I45.602,隐性预激综合征
10369,表 6-3-90 ,I45.800x002,干扰性房室分离
10370,表 6-3-90 ,I45.800x004,R-R长间歇
10371,表 6-3-90 ,I45.801,短QT综合征
10372,表 6-3-90 ,I45.804,先天性QT间期延长
10373,表 6-3-90 ,I45.900x002,家族性传导系统障碍
10374,表 6-3-90 ,I45.900x003,心脏传导系统退行性变
10375,表 6-3-90 ,I45.901,阿-斯综合征[Stokes-Adams综合征]
10376,表 6-3-90 ,I46.000,心脏停搏复苏成功
10377,表 6-3-90 ,I46.100x001,心源性猝死
10378,表 6-3-90 ,I46.901,呼吸心跳骤停
10379,表 6-3-90 ,I47.000,折返性室性心律失常
10380,表 6-3-90 ,I47.100,室上性心动过速
10381,表 6-3-90 ,I47.100x001,窦房折返性心动过速
10382,表 6-3-90 ,I47.100x004,房室结折返性心动过速
10383,表 6-3-90 ,I47.100x005,房室折返性心动过速
10384,表 6-3-90 ,I47.100x013,自律性增高性房性心动过速
10385,表 6-3-90 ,I47.100x014,窄QRS心动过速
10386,表 6-3-90 ,I47.101,房性心动过速
10387,表 6-3-90 ,I47.102,阵发性室上性心动过速
10388,表 6-3-90 ,I47.103,阵发性交界性心动过速
10389,表 6-3-90 ,I47.104,阵发性房室折返性心动过速
10390,表 6-3-90 ,I47.105,交界性心动过速
10391,表 6-3-90 ,I47.106,阵发性房室结内折返性心动过速
10392,表 6-3-90 ,I47.107,非阵发性交界性心动过速
10393,表 6-3-90 ,I47.108,阵发性房性心动过速
10394,表 6-3-90 ,I47.109,阵发性房室性心动过速
10395,表 6-3-90 ,I47.110,房内折返性心动过速
10396,表 6-3-90 ,I47.111,局灶性房性心动过速
10397,表 6-3-90 ,I47.200,室性心动过速
10398,表 6-3-90 ,I47.200x001,尖端扭转型室性心动过速
10399,表 6-3-90 ,I47.200x003,右室室性心动过速
10400,表 6-3-90 ,I47.200x005,左室室性心动过速
10401,表 6-3-90 ,I47.200x006,宽QRS心动过速
10402,表 6-3-90 ,I47.200x007,非持续性室性心动过速
10403,表 6-3-90 ,I47.200x008,束支折返性室性心动过速
10404,表 6-3-90 ,I47.200x009,儿茶酚胺敏感性室性心动过速
10405,表 6-3-90 ,I47.200x010,多形性室性心动过速
10406,表 6-3-90 ,I47.200x011,单形性室性心动过速
10407,表 6-3-90 ,I47.200x013,双向性室性心动过速
10408,表 6-3-90 ,I47.200x014,心律失常电风暴
10409,表 6-3-90 ,I47.201,阵发性室性心动过速
10410,表 6-3-90 ,I47.202,非阵发性室性心动过速
10411,表 6-3-90 ,I47.203,持续性室性心动过速
10412,表 6-3-90 ,I47.204,儿茶酚胺敏感性多形性室性心动过速
10413,表 6-3-90 ,I47.900,阵发性心动过速
10414,表 6-3-90 ,I48.000,阵发性心房颤动
10415,表 6-3-90 ,I48.100,持续性心房颤动
10416,表 6-3-90 ,I48.100x002,永久性心房颤动
10417,表 6-3-90 ,I48.100x003,长程持续性心房颤动
10418,表 6-3-90 ,I48.200,慢性心房颤动
10419,表 6-3-90 ,I48.300,典型心房扑动
10420,表 6-3-90 ,I48.301,I型心房扑动
10421,表 6-3-90 ,I48.400,非典型心房扑动
10422,表 6-3-90 ,I48.401,II型心房扑动
10423,表 6-3-90 ,I48.900x003,心房扑动
10424,表 6-3-90 ,I48.900x004,心房颤动[心房纤颤]
10425,表 6-3-90 ,I48.900x015,新诊断心房颤动
10426,表 6-3-90 ,I49.001,心室颤动
10427,表 6-3-90 ,I49.002,心室扑动
10428,表 6-3-90 ,I49.100x001,房性期前收缩[房性早搏]
10429,表 6-3-90 ,I49.101,频发性房性期外收缩
10430,表 6-3-90 ,I49.200x001,结性期前收缩[交界性过早搏动]
10431,表 6-3-90 ,I49.300x002,室性期前收缩
10432,表 6-3-90 ,I49.300x005,加速性室性自主心律
10433,表 6-3-90 ,I49.301,频发性室性期外收缩
10434,表 6-3-90 ,I49.302,室性自搏
10435,表 6-3-90 ,I49.303,阵发性室性期外收缩
10436,表 6-3-90 ,I49.400x001,期前收缩
10437,表 6-3-90 ,I49.401,频发性期外收缩
10438,表 6-3-90 ,I49.402,偶发房室性期外收缩
10439,表 6-3-90 ,I49.403,结性逸搏
10440,表 6-3-90 ,I49.404,过早除极
10441,表 6-3-90 ,I49.500,病态窦房结综合征
10442,表 6-3-90 ,I49.501,快慢综合征
10443,表 6-3-90 ,I49.800x001,室性并行心律
10444,表 6-3-90 ,I49.800x002,窦房结-房室结游走节律
10445,表 6-3-90 ,I49.800x003,窦房结游走性心律
10446,表 6-3-90 ,I49.800x005,反复心律(逆节律)
10447,表 6-3-90 ,I49.800x006,房性心律
10448,表 6-3-90 ,I49.800x007,结性心律
10449,表 6-3-90 ,I49.800x010,紊乱性房性心律
10450,表 6-3-90 ,I49.800x015,房性逸搏
10451,表 6-3-90 ,I49.800x016,室性逸搏
10452,表 6-3-90 ,I49.801,窦性心律失常
10453,表 6-3-90 ,I49.802,室性心律失常
10454,表 6-3-90 ,I49.804,长QT间期综合征
10455,表 6-3-90 ,I49.805,布鲁咯哒综合征[Brugada综合征]
10456,表 6-3-90 ,I49.900,心律失常
10457,表 6-3-90 ,I50.000,充血性心力衰竭
10458,表 6-3-90 ,I50.000x005,右心室衰竭(继发于左心衰竭)
10459,表 6-3-90 ,I50.000x006,急性右心衰竭
10460,表 6-3-90 ,I50.001,右心衰竭
10461,表 6-3-90 ,I50.002,全心衰竭
10462,表 6-3-90 ,I50.100,左心室衰竭
10463,表 6-3-90 ,I50.100x006,左心衰竭
10464,表 6-3-90 ,I50.101,急性左心衰竭
10465,表 6-3-90 ,I50.102,左心房衰竭
10466,表 6-3-90 ,I50.103,左心衰竭合并肺水肿
10467,表 6-3-90 ,I50.104,心源性哮喘
10468,表 6-3-90 ,I50.105,慢性左心功能不全
10469,表 6-3-90 ,I50.900,心力衰竭
10470,表 6-3-90 ,I50.900x001,低心排综合征
10471,表 6-3-90 ,I50.900x002,心功能不全
10472,表 6-3-90 ,I50.900x017,难治性心力衰竭
10473,表 6-3-90 ,I50.900x018,慢性心功能不全急性加重
10474,表 6-3-90 ,I50.900x019,舒张性心力衰竭
10475,表 6-3-90 ,I50.906,心肌损害
10476,表 6-3-90 ,I50.907,急性心力衰竭
10477,表 6-3-90 ,I50.908,慢性心力衰竭
10478,表 6-3-90 ,I51.000x001,后天性室间隔缺损
10479,表 6-3-90 ,I51.001,后天性房间隔缺损
10480,表 6-3-90 ,I51.100x001,心脏腱索断裂
10481,表 6-3-90 ,I51.200x001,心脏乳头肌断裂
10482,表 6-3-90 ,I51.301,心室血栓
10483,表 6-3-90 ,I51.302,心房血栓
10484,表 6-3-90 ,I51.303,心耳血栓
10485,表 6-3-90 ,I51.304,心尖部血栓
10486,表 6-3-90 ,I51.400,心肌炎
10487,表 6-3-90 ,I51.400x005,肉芽肿型心肌炎
10488,表 6-3-90 ,I51.400x006,巨细胞型心肌炎
10489,表 6-3-90 ,I51.401,老年性心肌炎
10490,表 6-3-90 ,I51.402,老年性心脏病
10491,表 6-3-90 ,I51.403,心肌炎后遗症
10492,表 6-3-90 ,I51.404,间质性心肌炎
10493,表 6-3-90 ,I51.500x002,心肌劳损
10494,表 6-3-90 ,I51.500x006,老年性心肌病
10495,表 6-3-90 ,I51.501,老年性心肌变性
10496,表 6-3-90 ,I51.502,心肌脂肪变性
10497,表 6-3-90 ,I51.600x002,心血管意外
10498,表 6-3-90 ,I51.600x003,心血管硬化
10499,表 6-3-90 ,I51.700,心脏肥大
10500,表 6-3-90 ,I51.700x003,心房扩大
10501,表 6-3-90 ,I51.700x004,心肌肥大
10502,表 6-3-90 ,I51.700x006,心室肥厚
10503,表 6-3-90 ,I51.700x007,心室扩大
10504,表 6-3-90 ,I51.700x009,心脏扩大
10505,表 6-3-90 ,I51.700x014,左室扩大
10506,表 6-3-90 ,I51.700x015,右室扩大
10507,表 6-3-90 ,I51.701,左室肥大
10508,表 6-3-90 ,I51.702,右室肥大
10509,表 6-3-90 ,I51.703,左房扩大
10510,表 6-3-90 ,I51.704,右房扩大
10511,表 6-3-90 ,I51.705,运动员心脏综合征
10512,表 6-3-90 ,I51.706,室间隔肥大
10513,表 6-3-90 ,I51.707,心房肥大
10514,表 6-3-90 ,I51.708,心肌肥厚
10515,表 6-3-90 ,I51.709,心室肥大
10516,表 6-3-90 ,I51.800x004,心肌功能不全
10517,表 6-3-90 ,I51.800x005,心室肿物
10518,表 6-3-90 ,I51.800x006,心房肿物
10519,表 6-3-90 ,I51.801,心室假腱索
10520,表 6-3-90 ,I51.802,全心炎
10521,表 6-3-90 ,I51.803,乳头肌功能不全
10522,表 6-3-90 ,I51.900,心脏病
10523,表 6-3-90 ,I51.900x001,肝源性心脏病
10524,表 6-3-90 ,I51.901,心脏肿物
10525,表 6-3-90 ,I51.903,贫血性心脏病
10526,表 6-3-91 ,I60.000,颈动脉弯管和杈的蛛网膜下出血
10527,表 6-3-91 ,I60.000x001,颈内动脉虹吸弯和分叉部蛛网膜下腔出血
10528,表 6-3-91 ,I60.000x002,颈内动脉分叉段动脉瘤破裂伴蛛网膜下腔出血
10529,表 6-3-91 ,I60.000x003,颈内动脉眼动脉段动脉瘤破裂伴蛛网膜下腔出血
10530,表 6-3-91 ,I60.000x004,脉络膜前动脉动脉瘤破裂伴蛛网膜下腔出血
10531,表 6-3-91 ,I60.000x006,颈内动脉海绵窦段动脉瘤破裂伴蛛网膜下腔出血
10532,表 6-3-91 ,I60.000x007,颈内动脉床突段动脉瘤破裂伴蛛网膜下腔出血
10533,表 6-3-91 ,I60.000x008,颈内动脉背侧动脉瘤破裂伴蛛网膜下腔出血
10534,表 6-3-91 ,I60.001,颈动脉动脉瘤破裂伴蛛网膜下隙出血
10535,表 6-3-91 ,I60.100,大脑中动脉的蛛网膜下出血
10536,表 6-3-91 ,I60.101,大脑中动脉瘤破裂伴蛛网膜下腔出血
10537,表 6-3-91 ,I60.200,前交通动脉的蛛网膜下出血
10538,表 6-3-91 ,I60.200x002,大脑前-前交通动脉瘤破裂伴蛛网膜下腔出血
10539,表 6-3-91 ,I60.200x003,大脑前动脉近侧段(A1)动脉瘤破裂伴蛛网膜下腔出血
10540,表 6-3-91 ,I60.200x004,大脑前动脉近侧段(A2)动脉瘤破裂伴蛛网膜下腔出血
10541,表 6-3-91 ,I60.200x005,大脑前动脉远侧段(A2-A5)动脉瘤破裂伴蛛网膜下腔出血
10542,表 6-3-91 ,I60.200x007,胼胝体动脉瘤破裂伴蛛网膜下腔出血
10543,表 6-3-91 ,I60.201,前交通动脉瘤破裂伴蛛网膜下腔出血
10544,表 6-3-91 ,I60.300,后交通动脉的蛛网膜下出血
10545,表 6-3-91 ,I60.301,后交通动脉瘤破裂伴蛛网膜下腔出血
10546,表 6-3-91 ,I60.400,基底动脉的蛛网膜下出血
10547,表 6-3-91 ,I60.400x002,椎动脉与基底动脉结合部动脉瘤破裂伴蛛网膜下腔出血
10548,表 6-3-91 ,I60.400x003,基底动脉顶端动脉瘤破裂伴蛛网膜下腔出血
10549,表 6-3-91 ,I60.400x004,基底动脉干动脉瘤破裂伴蛛网膜下腔出血
10550,表 6-3-91 ,I60.401,基底动脉瘤破裂伴蛛网膜下腔出血
10551,表 6-3-91 ,I60.500x003,椎动脉动脉瘤破裂伴蛛网膜下腔出血
10552,表 6-3-91 ,I60.500x004,脊髓前动脉瘤破裂伴蛛网膜下腔出血
10553,表 6-3-91 ,I60.600x001,大脑后动脉动脉瘤破裂伴蛛网膜下腔出血
10554,表 6-3-91 ,I60.600x003,小脑前下动脉动脉瘤破裂伴蛛网膜下腔出血
10555,表 6-3-91 ,I60.600x004,小脑上动脉动脉瘤破裂伴蛛网膜下腔出血
10556,表 6-3-91 ,I60.600x005,迷路动脉动脉瘤破裂伴蛛网膜下腔出血
10557,表 6-3-91 ,I60.600x006,多发颅内动脉瘤破裂伴蛛网膜下腔出血
10558,表 6-3-91 ,I60.600x007,颅内镜像动脉瘤破裂伴蛛网膜下腔出血
10559,表 6-3-91 ,I60.600x008,脑干前非动脉瘤出血[中脑周围非动脉瘤性出血]
10560,表 6-3-91 ,I60.601,小脑后下动脉动脉瘤破裂伴蛛网膜下隙出血
10561,表 6-3-91 ,I60.602,垂体上动脉动脉瘤破裂伴蛛网膜下腔出血
10562,表 6-3-91 ,I60.700x001,脑动脉瘤破裂伴蛛网膜下腔出血
10563,表 6-3-91 ,I60.701,颅内动脉瘤破裂伴蛛网膜下隙出血
10564,表 6-3-91 ,I60.800x002,脑动脉畸形伴蛛网膜下腔出血
10565,表 6-3-91 ,I60.800x003,脑静脉畸形伴蛛网膜下腔出血
10566,表 6-3-91 ,I60.800x004,脑海绵状血管畸形伴蛛网膜下腔出血
10567,表 6-3-91 ,I60.800x005,脑干海绵状血管畸形伴蛛网膜下腔出血
10568,表 6-3-91 ,I60.800x006,小脑幕下海绵状血管畸形伴蛛网膜下腔出血
10569,表 6-3-91 ,I60.800x008,硬脑膜动静脉瘘伴蛛网膜下腔出血
10570,表 6-3-91 ,I60.800x010,脑动脉夹层伴蛛网膜下腔出血
10571,表 6-3-91 ,I60.800x013,脊髓动静脉畸形伴蛛网膜下腔出血
10572,表 6-3-91 ,I60.800x014,脊髓髓周动静脉瘘伴蛛网膜下腔出血
10573,表 6-3-91 ,I60.800x015,颅脑肿瘤伴蛛网膜下腔出血
10574,表 6-3-91 ,I60.801,脑动静脉畸形破裂伴蛛网膜下腔出血
10575,表 6-3-91 ,I60.802,脑膜出血
10576,表 6-3-91 ,I60.900x004,脑实质出血继发蛛网膜下腔出血
10577,表 6-3-91 ,I60.900x005,感染性颅内动脉瘤破裂伴蛛网膜下腔出血
10578,表 6-3-91 ,I60.900x006,蛛网膜下腔出血
10579,表 6-3-91 ,I60.902+H45.0*,眼-脑综合征
10580,表 6-3-91 ,I61.000x006,胼胝体出血
10581,表 6-3-91 ,I61.000x007,尾状核头出血
10582,表 6-3-91 ,I61.000x008,壳核出血
10583,表 6-3-91 ,I61.000x009,尾状核出血
10584,表 6-3-91 ,I61.000x011,最外囊出血
10585,表 6-3-91 ,I61.001,豆状核出血
10586,表 6-3-91 ,I61.002,大脑皮质下出血
10587,表 6-3-91 ,I61.003,豆纹动脉出血
10588,表 6-3-91 ,I61.004,基底节出血
10589,表 6-3-91 ,I61.005,内囊出血
10590,表 6-3-91 ,I61.006,外囊出血
10591,表 6-3-91 ,I61.100x001,顶叶出血
10592,表 6-3-91 ,I61.100x002,多处脑叶出血
10593,表 6-3-91 ,I61.100x003,额叶出血
10594,表 6-3-91 ,I61.100x004,额颞叶出血
10595,表 6-3-91 ,I61.100x005,枕叶出血
10596,表 6-3-91 ,I61.100x006,颞叶出血
10597,表 6-3-91 ,I61.100x007,额顶叶脑出血
10598,表 6-3-91 ,I61.100x008,顶枕叶脑出血
10599,表 6-3-91 ,I61.100x009,额顶枕叶脑出血
10600,表 6-3-91 ,I61.100x010,额颞顶叶脑出血
10601,表 6-3-91 ,I61.100x011,额颞顶枕叶脑出血
10602,表 6-3-91 ,I61.100x012,额颞枕叶脑出血
10603,表 6-3-91 ,I61.100x013,颞顶叶脑出血
10604,表 6-3-91 ,I61.100x014,颞枕叶脑出血
10605,表 6-3-91 ,I61.101,脑叶出血
10606,表 6-3-91 ,I61.200x001,大脑半球出血
10607,表 6-3-91 ,I61.300x002,脑干出血
10608,表 6-3-91 ,I61.300x003,延髓出血
10609,表 6-3-91 ,I61.300x004,中脑出血
10610,表 6-3-91 ,I61.301,脑桥出血
10611,表 6-3-91 ,I61.400x001,小脑出血
10612,表 6-3-91 ,I61.400x002,小脑扁桃体出血
10613,表 6-3-91 ,I61.400x003,小脑蚓部出血
10614,表 6-3-91 ,I61.500x002,侧脑室出血
10615,表 6-3-91 ,I61.500x003,第三脑室出血
10616,表 6-3-91 ,I61.500x004,第四脑室出血
10617,表 6-3-91 ,I61.500x005,多个脑室出血
10618,表 6-3-91 ,I61.500x006,继发性脑室出血
10619,表 6-3-91 ,I61.500x007,原发性脑室出血
10620,表 6-3-91 ,I61.500x008,脑室出血
10621,表 6-3-91 ,I61.600x001,多灶性脑出血
10622,表 6-3-91 ,I61.800x001,脑穿支动脉出血
10623,表 6-3-91 ,I61.801,间脑出血
10624,表 6-3-91 ,I61.802,丘脑出血
10625,表 6-3-91 ,I61.803,丘脑下部出血
10626,表 6-3-91 ,I61.900x002,脑出血
10627,表 6-3-91 ,I61.900x004,脑出血血肿扩大
10628,表 6-3-91 ,I61.900x005,脑静脉闭塞后出血
10629,表 6-3-91 ,I61.900x006,脑血管炎性脑出血
10630,表 6-3-91 ,I61.900x007,脑肿瘤卒中
10631,表 6-3-91 ,I61.900x008,凝血功能障碍性脑出血
10632,表 6-3-91 ,I61.901,大脑中动脉出血
10633,表 6-3-91 ,I61.902,高血压脑出血
10634,表 6-3-91 ,I61.903,脑血肿
10635,表 6-3-91 ,I61.904,出血性脑软化
10636,表 6-3-91 ,I61.905,脑血管破裂
10637,表 6-3-91 ,I62.000,非创伤性硬膜下出血
10638,表 6-3-91 ,I62.000x005,亚急性非创伤性硬脑膜下出血
10639,表 6-3-91 ,I62.001,急性非创伤性硬膜下血肿
10640,表 6-3-91 ,I62.003,慢性硬膜下血肿
10641,表 6-3-91 ,I62.100,非创伤性硬膜外出血
10642,表 6-3-91 ,I62.100x001,急性非创伤性硬脑膜外出血
10643,表 6-3-91 ,I62.100x003,亚急性非创伤性硬脑膜外出血
10644,表 6-3-91 ,I62.100x004,慢性非创伤性硬膜外血肿
10645,表 6-3-91 ,I62.101,硬膜外血肿
10646,表 6-3-91 ,I62.900x001,非创伤性颅内出血
10647,表 6-3-91 ,I63.000,入脑前动脉血栓形成引起的脑梗死
10648,表 6-3-91 ,I63.001,基底动脉血栓形成脑梗死
10649,表 6-3-91 ,I63.002,颈动脉血栓形成脑梗死
10650,表 6-3-91 ,I63.003,椎动脉血栓形成脑梗死
10651,表 6-3-91 ,I63.100,入脑前动脉栓塞引起的脑梗死
10652,表 6-3-91 ,I63.101,基底动脉栓塞脑梗死
10653,表 6-3-91 ,I63.102,颈动脉栓塞脑梗死
10654,表 6-3-91 ,I63.103,椎动脉栓塞脑梗死
10655,表 6-3-91 ,I63.200,入脑前动脉的闭塞或狭窄引起的脑梗死
10656,表 6-3-91 ,I63.201,颈内动脉狭窄脑梗死
10657,表 6-3-91 ,I63.202,颈总动脉狭窄脑梗死
10658,表 6-3-91 ,I63.203,颈动脉狭窄脑梗死
10659,表 6-3-91 ,I63.204,颈动脉闭塞脑梗死
10660,表 6-3-91 ,I63.205,基底动脉闭塞脑梗死
10661,表 6-3-91 ,I63.206,基底动脉狭窄脑梗死
10662,表 6-3-91 ,I63.207,椎动脉闭塞脑梗死
10663,表 6-3-91 ,I63.208,椎动脉狭窄脑梗死
10664,表 6-3-91 ,I63.300,大脑动脉血栓形成引起的脑梗死
10665,表 6-3-91 ,I63.301,血栓形成性脑软化
10666,表 6-3-91 ,I63.302,血栓性偏瘫
10667,表 6-3-91 ,I63.401,大脑动脉栓塞引起的偏瘫
10668,表 6-3-91 ,I63.402,大脑动脉栓塞引起脑梗死
10669,表 6-3-91 ,I63.500,大脑动脉的闭塞或狭窄引起的脑梗死
10670,表 6-3-91 ,I63.500x002,丘脑穿支动脉梗死
10671,表 6-3-91 ,I63.501,大脑动脉狭窄脑梗死
10672,表 6-3-91 ,I63.502,大脑动脉闭塞脑梗死
10673,表 6-3-91 ,I63.600x001,非生脓性大脑静脉血栓形成引起的脑梗死
10674,表 6-3-91 ,I63.801,腔隙性脑梗死
10675,表 6-3-91 ,I63.802,动脉硬化性脑软化
10676,表 6-3-91 ,I63.900,脑梗死
10677,表 6-3-91 ,I63.900x007,分水岭脑梗死[边缘带脑梗死]
10678,表 6-3-91 ,I63.901,脑干梗死
10679,表 6-3-91 ,I63.902,大面积脑梗死
10680,表 6-3-91 ,I63.903,出血性脑梗死
10681,表 6-3-91 ,I63.904,小脑梗死
10682,表 6-3-91 ,I63.905,多发性脑梗死
10683,表 6-3-91 ,I63.906,基底节脑梗死
10684,表 6-3-91 ,I63.907,丘脑梗死
10685,表 6-3-91 ,I63.908,创伤性脑梗死
10686,表 6-3-91 ,I63.909,无症状性脑梗死
10687,表 6-3-91 ,I64.x01,脑血管意外
10688,表 6-3-91 ,I65.000x004,椎动脉栓塞
10689,表 6-3-91 ,I65.000x005,椎动脉迂曲
10690,表 6-3-91 ,I65.001,椎动脉狭窄
10691,表 6-3-91 ,I65.002,椎动脉闭塞
10692,表 6-3-91 ,I65.003,椎动脉血栓形成
10693,表 6-3-91 ,I65.100x004,基底动脉栓塞
10694,表 6-3-91 ,I65.101,基底动脉闭塞
10695,表 6-3-91 ,I65.102,基底动脉狭窄
10696,表 6-3-91 ,I65.103,基底动脉血栓形成
10697,表 6-3-91 ,I65.200x001,颈动脉狭窄
10698,表 6-3-91 ,I65.200x009,颈动脉栓塞
10699,表 6-3-91 ,I65.200x010,颈动脉血栓形成
10700,表 6-3-91 ,I65.200x011,颈外动脉血栓形成
10701,表 6-3-91 ,I65.200x012,颈外动脉栓塞
10702,表 6-3-91 ,I65.200x013,颈总动脉栓塞
10703,表 6-3-91 ,I65.200x014,颈总动脉血栓形成
10704,表 6-3-91 ,I65.200x015,颈动脉闭塞
10705,表 6-3-91 ,I65.201,颈内动脉狭窄
10706,表 6-3-91 ,I65.202,颈总动脉狭窄
10707,表 6-3-91 ,I65.203,颈内动脉闭塞
10708,表 6-3-91 ,I65.204,颈外动脉狭窄
10709,表 6-3-91 ,I65.205,颈外动脉闭塞
10710,表 6-3-91 ,I65.206,颈内动脉血栓形成
10711,表 6-3-91 ,I65.207,颈总动脉闭塞
10712,表 6-3-91 ,I65.208,颈内动脉栓塞
10713,表 6-3-91 ,I65.300x001,多个入脑前动脉闭塞和狭窄
10714,表 6-3-91 ,I65.300x002,双侧入脑前动脉闭塞
10715,表 6-3-91 ,I65.300x003,双侧入脑前动脉狭窄
10716,表 6-3-91 ,I65.800x001,无名动脉斑块
10717,表 6-3-91 ,I65.800x002,锁骨下动脉斑块
10718,表 6-3-91 ,I65.800x007,无名动脉闭塞
10719,表 6-3-91 ,I65.900x001,入脑前动脉栓塞
10720,表 6-3-91 ,I65.900x002,入脑前动脉狭窄
10721,表 6-3-91 ,I65.900x003,入脑前动脉闭塞
10722,表 6-3-91 ,I66.001,大脑中动脉狭窄
10723,表 6-3-91 ,I66.002,大脑中动脉闭塞
10724,表 6-3-91 ,I66.003,大脑中动脉血栓形成
10725,表 6-3-91 ,I66.004+G46.0*,大脑中动脉综合征
10726,表 6-3-91 ,I66.100x003,大脑前动脉血栓形成
10727,表 6-3-91 ,I66.101,大脑前动脉狭窄
10728,表 6-3-91 ,I66.102,大脑前动脉闭塞
10729,表 6-3-91 ,I66.103+G46.1*,大脑前动脉综合征
10730,表 6-3-91 ,I66.200x002,大脑后动脉栓塞
10731,表 6-3-91 ,I66.201,大脑后动脉闭塞
10732,表 6-3-91 ,I66.202,大脑后动脉狭窄
10733,表 6-3-91 ,I66.203,红核丘脑综合征
10734,表 6-3-91 ,I66.204,大脑后动脉血栓形成
10735,表 6-3-91 ,I66.205+G46.2*,大脑后动脉综合征
10736,表 6-3-91 ,I66.300x005,迷路动脉栓塞
10737,表 6-3-91 ,I66.300x007,小脑后下动脉狭窄
10738,表 6-3-91 ,I66.300x008,小脑后下动脉闭塞
10739,表 6-3-91 ,I66.300x010,小脑前下动脉狭窄
10740,表 6-3-91 ,I66.300x011,小脑前下动脉闭塞
10741,表 6-3-91 ,I66.300x013,小脑上动脉狭窄
10742,表 6-3-91 ,I66.300x014,小脑上动脉闭塞
10743,表 6-3-91 ,I66.300x015,小脑动脉栓塞
10744,表 6-3-91 ,I66.301,小脑动脉狭窄
10745,表 6-3-91 ,I66.302,小脑动脉闭塞
10746,表 6-3-91 ,I66.303,小脑后下动脉血栓形成
10747,表 6-3-91 ,I66.304+G46.3*,瓦伦贝格综合征
10748,表 6-3-91 ,I66.400,多个和双侧大脑动脉闭塞和狭窄
10749,表 6-3-91 ,I66.400x002,双侧大脑动脉闭塞
10750,表 6-3-91 ,I66.400x003,双侧大脑动脉狭窄
10751,表 6-3-91 ,I66.401,多发性大脑动脉闭塞
10752,表 6-3-91 ,I66.800x001,大脑穿支动脉闭塞
10753,表 6-3-91 ,I66.800x002,大脑穿支动脉狭窄
10754,表 6-3-91 ,I66.800x003,后交通动脉狭窄
10755,表 6-3-91 ,I66.800x004,后交通动脉闭塞
10756,表 6-3-91 ,I66.800x005,前交通动脉狭窄
10757,表 6-3-91 ,I66.800x006,前交通动脉闭塞
10758,表 6-3-91 ,I66.800x007,脑桥动脉栓塞
10759,表 6-3-91 ,I66.800x008,脉络膜前动脉栓塞
10760,表 6-3-91 ,I66.900x003,脑栓塞
10761,表 6-3-91 ,I66.901,脑动脉狭窄
10762,表 6-3-91 ,I66.902,脑动脉闭塞
10763,表 6-3-91 ,I66.903,脑血栓形成
10764,表 6-3-91 ,I67.000x001,脑动脉夹层
10765,表 6-3-91 ,I67.000x002,大脑前动脉夹层
10766,表 6-3-91 ,I67.000x003,大脑中动脉夹层
10767,表 6-3-91 ,I67.000x005,颅内颈内动脉夹层
10768,表 6-3-91 ,I67.000x007,脉络膜前动脉夹层
10769,表 6-3-91 ,I67.000x009,颅内椎动脉夹层
10770,表 6-3-91 ,I67.000x010,大脑后动脉夹层
10771,表 6-3-91 ,I67.100x001,脑动脉瘤
10772,表 6-3-91 ,I67.100x005,脑膜动静脉瘘
10773,表 6-3-91 ,I67.100x007,海绵窦动静脉瘘
10774,表 6-3-91 ,I67.100x008,垂体上动脉瘤
10775,表 6-3-91 ,I67.100x010,颅内多发动脉瘤
10776,表 6-3-91 ,I67.100x011,脉络膜前动脉瘤
10777,表 6-3-91 ,I67.100x012,细菌性颅内动脉瘤
10778,表 6-3-91 ,I67.100x013,前循环动脉瘤
10779,表 6-3-91 ,I67.100x017,颅内巨大动脉瘤
10780,表 6-3-91 ,I67.100x018,颅内镜像动脉瘤
10781,表 6-3-91 ,I67.100x019,颈内动脉分叉段动脉瘤
10782,表 6-3-91 ,I67.100x020,大脑前-前交通动脉瘤
10783,表 6-3-91 ,I67.100x021,大脑前动脉近侧段(A1)动脉瘤
10784,表 6-3-91 ,I67.100x023,大脑前动脉远侧段(A2-A5)动脉瘤
10785,表 6-3-91 ,I67.100x026,椎动脉与基底动脉结合部动脉瘤
10786,表 6-3-91 ,I67.100x029,小脑前下动脉动脉瘤
10787,表 6-3-91 ,I67.100x030,小脑后下动脉动脉瘤
10788,表 6-3-91 ,I67.100x032,后循环动脉瘤
10789,表 6-3-91 ,I67.100x033,大脑后动脉动脉瘤
10790,表 6-3-91 ,I67.100x035,小脑上动脉动脉瘤
10791,表 6-3-91 ,I67.101,"脑动静脉瘘,后天性"
10792,表 6-3-91 ,I67.103,后交通动脉瘤
10793,表 6-3-91 ,I67.106,颈内动脉海绵窦瘘
10794,表 6-3-91 ,I67.107,前交通动脉瘤
10795,表 6-3-91 ,I67.108,大脑中动脉瘤
10796,表 6-3-91 ,I67.109,脑假性动脉瘤
10797,表 6-3-91 ,I67.110,颅内动脉瘤
10798,表 6-3-91 ,I67.111,小脑动脉瘤
10799,表 6-3-91 ,I67.200,大脑动脉粥样硬化
10800,表 6-3-91 ,I67.200x002,皮层下动脉硬化性脑病
10801,表 6-3-91 ,I67.200x003,颈动脉斑块
10802,表 6-3-91 ,I67.200x004,颈动脉硬化
10803,表 6-3-91 ,I67.201,动脉硬化性脑病
10804,表 6-3-91 ,I67.202,颈内动脉粥样硬化
10805,表 6-3-91 ,I67.203,椎动脉粥样硬化
10806,表 6-3-91 ,I67.301,宾斯旺格病
10807,表 6-3-91 ,I67.400x001,高血压性脑病
10808,表 6-3-91 ,I67.500,烟雾病
10809,表 6-3-91 ,I67.600x003,乙状窦憩室
10810,表 6-3-91 ,I67.600x007,颅内静脉非化脓性血栓形成
10811,表 6-3-91 ,I67.600x008,非化脓性直窦血栓形成
10812,表 6-3-91 ,I67.601,颅内静脉窦非脓性血栓形成
10813,表 6-3-91 ,I67.602,横窦非脓性血栓形成
10814,表 6-3-91 ,I67.603,海绵窦非脓性血栓形成
10815,表 6-3-91 ,I67.604,上矢状窦非脓性血栓形成
10816,表 6-3-91 ,I67.605,乙状窦非脓性血栓形成
10817,表 6-3-91 ,I67.606,大脑静脉非脓性血栓形成
10818,表 6-3-91 ,I67.700x001,脑动脉炎
10819,表 6-3-91 ,I67.700x002,中枢神经系统原发性血管炎
10820,表 6-3-91 ,I67.800x003,脑血管供血不足
10821,表 6-3-91 ,I67.800x004,缺血性脑血管病
10822,表 6-3-91 ,I67.800x005,伴有皮层下梗塞和白质脑病的常染色体显性脑动脉病
10823,表 6-3-91 ,I67.801,复发性脑血管病
10824,表 6-3-91 ,I67.802,急性脑血管病
10825,表 6-3-91 ,I67.803,脑动脉供血不足
10826,表 6-3-91 ,I67.804,脑坏死
10827,表 6-3-91 ,I67.805,慢性缺血性脑血管病
10828,表 6-3-91 ,I67.806,可逆性缺血性神经功能缺损
10829,表 6-3-91 ,I67.900,脑血管病
10830,表 6-3-91 ,I67.900x004+G46.3*,本尼迪克综合征
10831,表 6-3-91 ,I67.900x005,脑毛细血管扩张症
10832,表 6-3-91 ,I67.901+G46.3*,中脑红核综合征
10833,表 6-3-91 ,I67.902+G46.3*,韦伯综合征[大脑脚综合征]
10834,表 6-3-91 ,I69.000x001,蛛网膜下腔出血后遗症
10835,表 6-3-91 ,I69.000x002,蛛网膜下腔出血恢复期
10836,表 6-3-91 ,I69.000x003,陈旧性蛛网膜下腔出血
10837,表 6-3-91 ,I69.100x001,脑出血后遗症
10838,表 6-3-91 ,I69.100x002,脑出血恢复期
10839,表 6-3-91 ,I69.100x003,陈旧性脑出血
10840,表 6-3-91 ,I69.200x001,颅内出血后遗症
10841,表 6-3-91 ,I69.300,脑梗死后遗症
10842,表 6-3-91 ,I69.300x002,陈旧性脑梗死
10843,表 6-3-91 ,I69.300x003,脑梗死恢复期
10844,表 6-3-91 ,I69.400,脑卒中后遗症
10845,表 6-3-91 ,I69.800x002,脑血管病恢复期
10846,表 6-3-91 ,I69.800x003,缺血缺氧性脑病后遗症
10847,表 6-3-91 ,I69.801,脑血栓后遗症
10848,表 6-3-91 ,I69.802,脑血管病后遗症
10849,表 6-3-92 ,I70.000x003,主动脉硬化
10850,表 6-3-92 ,I70.000x005,升主动脉粥样硬化
10851,表 6-3-92 ,I70.000x006,主动脉弓粥样硬化
10852,表 6-3-92 ,I70.000x007,胸主动脉粥样硬化
10853,表 6-3-92 ,I70.000x008,胸腹主动脉粥样硬化
10854,表 6-3-92 ,I70.000x009,升主动脉钙化
10855,表 6-3-92 ,I70.000x010,主动脉弓钙化
10856,表 6-3-92 ,I70.000x011,胸主动脉钙化
10857,表 6-3-92 ,I70.000x012,腹主动脉钙化
10858,表 6-3-92 ,I70.000x013,胸腹主动脉钙化
10859,表 6-3-92 ,I70.001,主动脉钙化
10860,表 6-3-92 ,I70.002,腹主动脉粥样硬化
10861,表 6-3-92 ,I70.003,升主动脉狭窄
10862,表 6-3-92 ,I70.004,髂总动脉粥样硬化
10863,表 6-3-92 ,I70.010,主动脉的动脉粥样硬化伴坏疽
10864,表 6-3-92 ,I70.011,主动脉钙化伴坏疽
10865,表 6-3-92 ,I70.012,腹主动脉粥样硬化伴坏疽
10866,表 6-3-92 ,I70.013,升主动脉狭窄伴坏疽
10867,表 6-3-92 ,I70.014,髂总动脉粥样硬化伴坏疽
10868,表 6-3-92 ,I70.100x002,肾动脉动脉硬化症
10869,表 6-3-92 ,I70.101,肾动脉狭窄
10870,表 6-3-92 ,I70.102,移植肾动脉狭窄
10871,表 6-3-92 ,I70.110,肾动脉动脉粥样硬化伴坏疽
10872,表 6-3-92 ,I70.111,肾动脉狭窄伴坏疽
10873,表 6-3-92 ,I70.112,移植肾动脉狭窄伴坏疽
10874,表 6-3-92 ,I70.200x002,肢体动脉硬化
10875,表 6-3-92 ,I70.200x004,肢体闭塞性动脉硬化
10876,表 6-3-92 ,I70.200x005,动脉中层硬化症
10877,表 6-3-92 ,I70.200x011,肢体动脉粥样硬化伴间歇性跛行
10878,表 6-3-92 ,I70.200x021,肢体动脉粥样硬化伴疼痛
10879,表 6-3-92 ,I70.200x031,肢体动脉粥样硬化伴溃疡
10880,表 6-3-92 ,I70.200x061,肱动脉粥样硬化
10881,表 6-3-92 ,I70.200x062,股动脉粥样硬化
10882,表 6-3-92 ,I70.200x063,腘动脉粥样硬化
10883,表 6-3-92 ,I70.200x064,胫动脉粥样硬化
10884,表 6-3-92 ,I70.200x065,腓动脉粥样硬化
10885,表 6-3-92 ,I70.201,上肢动脉粥样硬化
10886,表 6-3-92 ,I70.203,下肢动脉粥样硬化
10887,表 6-3-92 ,I70.204,下肢动脉硬化闭塞症
10888,表 6-3-92 ,I70.206,蒙克贝格硬化
10889,表 6-3-92 ,I70.207,趾动脉粥样硬化
10890,表 6-3-92 ,I70.208,闭塞性周围动脉粥样硬化
10891,表 6-3-92 ,I70.209,肢体动脉硬化性闭塞症
10892,表 6-3-92 ,I70.210,四肢动脉的动脉粥样硬化伴坏疽
10893,表 6-3-92 ,I70.211,上肢动脉粥样硬化性坏疽
10894,表 6-3-92 ,I70.213,下肢动脉粥样硬化伴坏疽
10895,表 6-3-92 ,I70.214,下肢动脉硬化闭塞症伴坏疽
10896,表 6-3-92 ,I70.217,趾动脉粥样硬化性坏疽
10897,表 6-3-92 ,I70.218,闭塞性周围动脉粥样硬化伴坏疽
10898,表 6-3-92 ,I70.219,肢体动脉硬化性闭塞症伴坏疽
10899,表 6-3-92 ,I70.800x003,眼底动脉硬化
10900,表 6-3-92 ,I70.800x005,髂动脉硬化
10901,表 6-3-92 ,I70.800x006,腋动脉粥样硬化
10902,表 6-3-92 ,I70.800x007,闭塞性视网膜动脉炎
10903,表 6-3-92 ,I70.801,视网膜动脉粥样硬化
10904,表 6-3-92 ,I70.802,髂动脉闭塞性粥样硬化
10905,表 6-3-92 ,I70.804,锁骨下动脉粥样硬化
10906,表 6-3-92 ,I70.805,乳内动脉粥样硬化
10907,表 6-3-92 ,I70.810,其他动脉粥样硬化伴坏疽
10908,表 6-3-92 ,I70.812,髂动脉闭塞性粥样硬化伴坏疽
10909,表 6-3-92 ,I70.900x002,闭塞性动脉硬化
10910,表 6-3-92 ,I70.900x003,动脉硬化
10911,表 6-3-92 ,I70.900x004,动脉粥样硬化
10912,表 6-3-92 ,I70.900x006,老年性动脉炎
10913,表 6-3-92 ,I70.900x007,外周动脉粥样硬化
10914,表 6-3-92 ,I70.901,闭塞性动脉炎
10915,表 6-3-92 ,I70.902,周身性动脉硬化
10916,表 6-3-92 ,I70.910,全身性的动脉粥样硬化伴坏疽
10917,表 6-3-92 ,I70.911,闭塞性动脉炎伴坏疽
10918,表 6-3-92 ,I70.912,周身性动脉硬化伴坏疽
10919,表 6-3-92 ,I71.000x002,主动脉夹层
10920,表 6-3-92 ,I71.000x003,主动脉壁内血肿
10921,表 6-3-92 ,I71.000x004,升主动脉壁内血肿
10922,表 6-3-92 ,I71.000x005,主动脉弓壁内血肿
10923,表 6-3-92 ,I71.000x006,胸主动脉壁内血肿
10924,表 6-3-92 ,I71.000x007,腹主动脉壁内血肿
10925,表 6-3-92 ,I71.000x008,胸腹主动脉壁内血肿
10926,表 6-3-92 ,I71.000x011,主动脉夹层A型
10927,表 6-3-92 ,I71.000x012,主动脉夹层A1S型
10928,表 6-3-92 ,I71.000x013,主动脉夹层A2S型
10929,表 6-3-92 ,I71.000x014,主动脉夹层A3S型
10930,表 6-3-92 ,I71.000x015,主动脉夹层A1C型
10931,表 6-3-92 ,I71.000x016,主动脉夹层A2C型
10932,表 6-3-92 ,I71.000x017,主动脉夹层A3C型
10933,表 6-3-92 ,I71.000x021,主动脉夹层B型
10934,表 6-3-92 ,I71.000x022,主动脉夹层B1S型
10935,表 6-3-92 ,I71.000x023,主动脉夹层B2S型
10936,表 6-3-92 ,I71.000x024,主动脉夹层B3S型
10937,表 6-3-92 ,I71.000x025,主动脉夹层B1C型
10938,表 6-3-92 ,I71.000x026,主动脉夹层B2C型
10939,表 6-3-92 ,I71.000x027,主动脉夹层B3C型
10940,表 6-3-92 ,I71.000x028,主动脉弓夹层
10941,表 6-3-92 ,I71.000x029,胸腹主动脉夹层
10942,表 6-3-92 ,I71.001,主动脉夹层动脉瘤破裂
10943,表 6-3-92 ,I71.002,降主动脉夹层
10944,表 6-3-92 ,I71.003,升主动脉夹层
10945,表 6-3-92 ,I71.004,腹主动脉夹层
10946,表 6-3-92 ,I71.005,主动脉夹层壁间血肿
10947,表 6-3-92 ,I71.006,腹主动脉壁间出血
10948,表 6-3-92 ,I71.007,胸主动脉夹层
10949,表 6-3-92 ,I71.100,胸主动脉瘤破裂
10950,表 6-3-92 ,I71.100x002,升主动脉瘤破裂
10951,表 6-3-92 ,I71.100x003,主动脉弓动脉瘤破裂
10952,表 6-3-92 ,I71.101,主动脉弓破裂
10953,表 6-3-92 ,I71.200x006,主动脉根部假性动脉瘤
10954,表 6-3-92 ,I71.200x010,主动脉根部动脉瘤
10955,表 6-3-92 ,I71.200x011,胸主动脉瘤
10956,表 6-3-92 ,I71.200x014,主动脉弓扩张
10957,表 6-3-92 ,I71.201,升主动脉瘤
10958,表 6-3-92 ,I71.202,胸主动脉假性动脉瘤
10959,表 6-3-92 ,I71.203,升主动脉扩张
10960,表 6-3-92 ,I71.204,主动脉弓动脉瘤
10961,表 6-3-92 ,I71.205,主动脉弓假性动脉瘤
10962,表 6-3-92 ,I71.206,升主动脉假性动脉瘤
10963,表 6-3-92 ,I71.300,腹主动脉瘤破裂
10964,表 6-3-92 ,I71.400x002,腹主动脉瘤
10965,表 6-3-92 ,I71.401,腹主动脉假性动脉瘤
10966,表 6-3-92 ,I71.402,腹主动脉扩张
10967,表 6-3-92 ,I71.500,胸腹主动脉瘤破裂
10968,表 6-3-92 ,I71.600x001,胸腹主动脉瘤
10969,表 6-3-92 ,I71.600x004,胸腹主动脉假性动脉瘤
10970,表 6-3-92 ,I71.600x005,胸腹主动脉扩张
10971,表 6-3-92 ,I71.800,主动脉瘤破裂
10972,表 6-3-92 ,I71.801,主动脉破裂
10973,表 6-3-92 ,I71.900x002,主动脉瘤
10974,表 6-3-92 ,I71.900x004,真菌性主动脉瘤
10975,表 6-3-92 ,I71.901,主动脉扩张
10976,表 6-3-92 ,I71.902,降主动脉瘤
10977,表 6-3-92 ,I71.903,降主动脉假性动脉瘤
10978,表 6-3-92 ,I72.000,颈动脉瘤伴夹层
10979,表 6-3-92 ,I72.000x011,颈总动脉瘤
10980,表 6-3-92 ,I72.000x012,颈总动脉假性动脉瘤
10981,表 6-3-92 ,I72.000x013,颈总动脉夹层
10982,表 6-3-92 ,I72.000x022,颈内动脉假性动脉瘤
10983,表 6-3-92 ,I72.000x023,颈内动脉夹层
10984,表 6-3-92 ,I72.000x031,颈外动脉瘤
10985,表 6-3-92 ,I72.000x032,颈外动脉假性动脉瘤
10986,表 6-3-92 ,I72.000x033,颈外动脉夹层
10987,表 6-3-92 ,I72.000x034,颈内动脉海绵窦段动脉瘤
10988,表 6-3-92 ,I72.000x035,颈内动脉床突段动脉瘤
10989,表 6-3-92 ,I72.000x036,颈内动脉眼动脉段动脉瘤
10990,表 6-3-92 ,I72.000x038,颈内动脉背侧动脉瘤
10991,表 6-3-92 ,I72.000x321,颞浅动脉假性动脉瘤
10992,表 6-3-92 ,I72.001,颈动脉假性动脉瘤
10993,表 6-3-92 ,I72.002,颈内动脉瘤
10994,表 6-3-92 ,I72.003,颈动脉扩张
10995,表 6-3-92 ,I72.004,颈内动脉颅内段动脉瘤
10996,表 6-3-92 ,I72.005,颈动脉夹层
10997,表 6-3-92 ,I72.006,颈动脉动脉瘤
10998,表 6-3-92 ,I72.100,上肢动脉瘤伴夹层
10999,表 6-3-92 ,I72.100x003,肱动脉瘤
11000,表 6-3-92 ,I72.100x004,肱动脉假性动脉瘤
11001,表 6-3-92 ,I72.100x005,肱动脉夹层
11002,表 6-3-92 ,I72.100x006,上肢动脉瘤破裂
11003,表 6-3-92 ,I72.100x007,上肢动脉瘤
11004,表 6-3-92 ,I72.101,上肢假性动脉瘤
11005,表 6-3-92 ,I72.103,上肢假性动脉瘤破裂
11006,表 6-3-92 ,I72.200,肾动脉瘤伴夹层
11007,表 6-3-92 ,I72.200x001,肾动脉瘤
11008,表 6-3-92 ,I72.200x003,肾动脉夹层
11009,表 6-3-92 ,I72.201,肾假性动脉瘤
11010,表 6-3-92 ,I72.300,髂动脉瘤伴夹层
11011,表 6-3-92 ,I72.300x003,髂动脉夹层
11012,表 6-3-92 ,I72.300x006,髂动脉瘤
11013,表 6-3-92 ,I72.300x012,髂总动脉假性动脉瘤
11014,表 6-3-92 ,I72.300x013,髂总动脉夹层
11015,表 6-3-92 ,I72.300x021,髂内动脉瘤
11016,表 6-3-92 ,I72.300x022,髂内动脉假性动脉瘤
11017,表 6-3-92 ,I72.300x023,髂内动脉夹层
11018,表 6-3-92 ,I72.300x031,髂外动脉瘤
11019,表 6-3-92 ,I72.300x032,髂外动脉假性动脉瘤
11020,表 6-3-92 ,I72.300x033,髂外动脉夹层
11021,表 6-3-92 ,I72.301,髂总动脉瘤
11022,表 6-3-92 ,I72.302,髂动脉假性动脉瘤破裂
11023,表 6-3-92 ,I72.303,髂动脉假性动脉瘤
11024,表 6-3-92 ,I72.304,髂动脉瘤破裂
11025,表 6-3-92 ,I72.305,髂动脉扩张
11026,表 6-3-92 ,I72.400,下肢动脉瘤伴夹层
11027,表 6-3-92 ,I72.400x010,下肢动脉瘤
11028,表 6-3-92 ,I72.400x030,下肢动脉瘤破裂
11029,表 6-3-92 ,I72.400x110,股动脉瘤
11030,表 6-3-92 ,I72.400x111,股总动脉瘤
11031,表 6-3-92 ,I72.400x112,股深动脉瘤
11032,表 6-3-92 ,I72.400x113,股浅动脉瘤
11033,表 6-3-92 ,I72.400x121,股总动脉假性动脉瘤
11034,表 6-3-92 ,I72.400x122,股深动脉假性动脉瘤
11035,表 6-3-92 ,I72.400x123,股浅动脉假性动脉瘤
11036,表 6-3-92 ,I72.400x130,股动脉夹层
11037,表 6-3-92 ,I72.400x131,股总动脉夹层
11038,表 6-3-92 ,I72.400x132,股深动脉夹层
11039,表 6-3-92 ,I72.400x133,股浅动脉夹层
11040,表 6-3-92 ,I72.400x210,胫动脉瘤
11041,表 6-3-92 ,I72.400x212,胫前动脉瘤
11042,表 6-3-92 ,I72.400x213,胫后动脉瘤
11043,表 6-3-92 ,I72.400x220,胫动脉假性动脉瘤
11044,表 6-3-92 ,I72.400x222,胫前动脉假性动脉瘤
11045,表 6-3-92 ,I72.400x223,胫后动脉假性动脉瘤
11046,表 6-3-92 ,I72.400x230,胫动脉夹层
11047,表 6-3-92 ,I72.400x232,胫前动脉夹层
11048,表 6-3-92 ,I72.400x233,胫后动脉夹层
11049,表 6-3-92 ,I72.400x310,腓动脉瘤
11050,表 6-3-92 ,I72.400x320,腓动脉假性动脉瘤
11051,表 6-3-92 ,I72.400x330,腓动脉夹层
11052,表 6-3-92 ,I72.400x410,胫腓干动脉瘤
11053,表 6-3-92 ,I72.400x420,胫腓干动脉假性动脉瘤
11054,表 6-3-92 ,I72.400x430,胫腓干动脉夹层
11055,表 6-3-92 ,I72.400x520,腘动脉假性动脉瘤
11056,表 6-3-92 ,I72.400x530,腘动脉夹层
11057,表 6-3-92 ,I72.401,下肢假性动脉瘤
11058,表 6-3-92 ,I72.402,下肢假性动脉瘤破裂
11059,表 6-3-92 ,I72.403,股动脉假性动脉瘤破裂
11060,表 6-3-92 ,I72.404,股动脉假性动脉瘤
11061,表 6-3-92 ,I72.405,腘动脉瘤
11062,表 6-3-92 ,I72.500x001,基底动脉瘤
11063,表 6-3-92 ,I72.500x002,基底动脉顶端动脉瘤
11064,表 6-3-92 ,I72.501,基底动脉瘤伴夹层
11065,表 6-3-92 ,I72.600,椎动脉瘤伴夹层
11066,表 6-3-92 ,I72.600x002,椎动脉动脉瘤
11067,表 6-3-92 ,I72.800x023,锁骨下动脉夹层
11068,表 6-3-92 ,I72.800x042,腹腔动脉假性动脉瘤
11069,表 6-3-92 ,I72.800x051,腹腔干动脉瘤
11070,表 6-3-92 ,I72.800x053,腹腔干动脉夹层
11071,表 6-3-92 ,I72.800x061,肠系膜动脉瘤
11072,表 6-3-92 ,I72.800x063,肠系膜动脉夹层
11073,表 6-3-92 ,I72.800x072,肝动脉假性动脉瘤
11074,表 6-3-92 ,I72.800x093,脾动脉夹层
11075,表 6-3-92 ,I72.800x101,腋动脉瘤
11076,表 6-3-92 ,I72.800x102,腋动脉假性动脉瘤
11077,表 6-3-92 ,I72.800x103,腋动脉夹层
11078,表 6-3-92 ,I72.800x111,支气管动脉瘤
11079,表 6-3-92 ,I72.800x121,脊髓前动脉瘤
11080,表 6-3-92 ,I72.800x131,胃十二指肠动脉瘤
11081,表 6-3-92 ,I72.800x132,胃十二指肠假性动脉瘤
11082,表 6-3-92 ,I72.800x142,肠系膜上动脉假性动脉瘤
11083,表 6-3-92 ,I72.800x151,胰十二指肠动脉瘤
11084,表 6-3-92 ,I72.801,肠系膜上动脉夹层动脉瘤
11085,表 6-3-92 ,I72.802,肠系膜上动脉动脉瘤
11086,表 6-3-92 ,I72.803,眶内动脉瘤
11087,表 6-3-92 ,I72.804,锁骨下动脉瘤
11088,表 6-3-92 ,I72.805,锁骨下动脉假性动脉瘤
11089,表 6-3-92 ,I72.806,无名动脉瘤
11090,表 6-3-92 ,I72.807,胃十二指肠动脉假性动脉瘤
11091,表 6-3-92 ,I72.808,胰十二指肠动脉假性动脉瘤
11092,表 6-3-92 ,I72.809,肝动脉瘤
11093,表 6-3-92 ,I72.811,脾动脉瘤
11094,表 6-3-92 ,I72.812,脾动脉假性动脉瘤
11095,表 6-3-92 ,I72.813,腹腔动脉瘤
11096,表 6-3-92 ,I72.814,腹腔干动脉假性动脉瘤
11097,表 6-3-92 ,I72.815,腹腔动脉瘤破裂
11098,表 6-3-92 ,I72.816,腹腔动脉夹层动脉瘤
11099,表 6-3-92 ,I72.900,动脉瘤伴夹层
11100,表 6-3-92 ,I72.900x002,肢端小动脉扩张
11101,表 6-3-92 ,I72.900x003,动脉瘤
11102,表 6-3-92 ,I72.900x004,动脉夹层
11103,表 6-3-92 ,I72.901,假性动脉瘤
11104,表 6-3-92 ,I73.001,雷诺现象
11105,表 6-3-92 ,I73.100,血栓闭塞性血管炎［伯格］
11106,表 6-3-92 ,I73.800x001,股绀红皮病
11107,表 6-3-92 ,I73.800x003,四肢供血不足
11108,表 6-3-92 ,I73.800x006,肢端血管功能失调
11109,表 6-3-92 ,I73.800x007,腘动脉陷迫综合征
11110,表 6-3-92 ,I73.800x008,肢端发绀
11111,表 6-3-92 ,I73.802,上肢缺血
11112,表 6-3-92 ,I73.803,下肢缺血
11113,表 6-3-92 ,I73.804,红斑性肢痛症
11114,表 6-3-92 ,I73.805,肢端绀红皮病
11115,表 6-3-92 ,I73.901,间歇性跛行
11116,表 6-3-92 ,I73.902,血管痉挛
11117,表 6-3-92 ,I73.903,动脉痉挛
11118,表 6-3-92 ,I74.000x003,勒里施综合征[Leriche综合征]
11119,表 6-3-92 ,I74.001,腹主动脉栓塞
11120,表 6-3-92 ,I74.002,腹主动脉血栓形成
11121,表 6-3-92 ,I74.003,主动脉分叉综合征
11122,表 6-3-92 ,I74.004,平肾腹主动脉闭塞
11123,表 6-3-92 ,I74.005,肾下腹主动脉闭塞
11124,表 6-3-92 ,I74.006,腹主动脉闭塞
11125,表 6-3-92 ,I74.101,主动脉栓塞
11126,表 6-3-92 ,I74.102,主动脉血栓形成
11127,表 6-3-92 ,I74.200x001,上肢动脉闭塞
11128,表 6-3-92 ,I74.200x004,肱动脉栓塞
11129,表 6-3-92 ,I74.200x005,肱动脉血栓形成
11130,表 6-3-92 ,I74.200x006,桡动脉闭塞
11131,表 6-3-92 ,I74.200x007,肱动脉闭塞
11132,表 6-3-92 ,I74.201,上肢动脉栓塞
11133,表 6-3-92 ,I74.202,上肢动脉血栓形成
11134,表 6-3-92 ,I74.300x030,下肢动脉闭塞
11135,表 6-3-92 ,I74.300x111,股总动脉血栓形成
11136,表 6-3-92 ,I74.300x112,股深动脉血栓形成
11137,表 6-3-92 ,I74.300x113,股浅动脉血栓形成
11138,表 6-3-92 ,I74.300x121,股总动脉栓塞
11139,表 6-3-92 ,I74.300x122,股深动脉栓塞
11140,表 6-3-92 ,I74.300x123,股浅动脉栓塞
11141,表 6-3-92 ,I74.300x131,股总动脉闭塞
11142,表 6-3-92 ,I74.300x132,股深动脉闭塞
11143,表 6-3-92 ,I74.300x133,股浅动脉闭塞
11144,表 6-3-92 ,I74.300x210,胫动脉血栓形成
11145,表 6-3-92 ,I74.300x212,胫前动脉血栓形成
11146,表 6-3-92 ,I74.300x213,胫后动脉血栓形成
11147,表 6-3-92 ,I74.300x220,胫动脉栓塞
11148,表 6-3-92 ,I74.300x222,胫前动脉栓塞
11149,表 6-3-92 ,I74.300x223,胫后动脉栓塞
11150,表 6-3-92 ,I74.300x230,胫动脉闭塞
11151,表 6-3-92 ,I74.300x232,胫前动脉闭塞
11152,表 6-3-92 ,I74.300x233,胫后动脉闭塞
11153,表 6-3-92 ,I74.300x310,腓动脉血栓形成
11154,表 6-3-92 ,I74.300x320,腓动脉栓塞
11155,表 6-3-92 ,I74.300x330,腓动脉闭塞
11156,表 6-3-92 ,I74.300x410,胫腓干动脉血栓形成
11157,表 6-3-92 ,I74.300x420,胫腓干动脉栓塞
11158,表 6-3-92 ,I74.300x430,胫腓干动脉闭塞
11159,表 6-3-92 ,I74.300x510,腘动脉血栓形成
11160,表 6-3-92 ,I74.300x520,腘动脉栓塞
11161,表 6-3-92 ,I74.301,下肢动脉栓塞
11162,表 6-3-92 ,I74.302,下肢动脉血栓形成
11163,表 6-3-92 ,I74.303,创伤性股动脉血栓形成
11164,表 6-3-92 ,I74.304,股动脉栓塞
11165,表 6-3-92 ,I74.305,股动脉闭塞
11166,表 6-3-92 ,I74.307,股动脉血栓形成
11167,表 6-3-92 ,I74.308,腘动脉闭塞
11168,表 6-3-92 ,I74.310,蓝趾综合征
11169,表 6-3-92 ,I74.401,四肢动脉栓塞
11170,表 6-3-92 ,I74.402,四肢动脉血栓形成
11171,表 6-3-92 ,I74.500x002,髂动脉闭塞
11172,表 6-3-92 ,I74.500x007,髂总动脉闭塞
11173,表 6-3-92 ,I74.500x008,髂动脉血栓形成
11174,表 6-3-92 ,I74.500x009,髂内动脉血栓形成
11175,表 6-3-92 ,I74.500x010,髂外动脉血栓形成
11176,表 6-3-92 ,I74.500x011,髂动脉栓塞
11177,表 6-3-92 ,I74.500x012,髂内动脉栓塞
11178,表 6-3-92 ,I74.500x013,髂外动脉栓塞
11179,表 6-3-92 ,I74.501,髂总动脉栓塞
11180,表 6-3-92 ,I74.502,髂总动脉血栓形成
11181,表 6-3-92 ,I74.503,髂内动脉闭塞
11182,表 6-3-92 ,I74.504,髂外动脉闭塞
11183,表 6-3-92 ,I74.800x001,腹腔动脉闭塞
11184,表 6-3-92 ,I74.800x004,脾栓塞
11185,表 6-3-92 ,I74.800x005,腋动脉栓塞
11186,表 6-3-92 ,I74.800x006,腋动脉闭塞
11187,表 6-3-92 ,I74.800x007,腋动脉血栓形成
11188,表 6-3-92 ,I74.800x008,腹腔干动脉栓塞
11189,表 6-3-92 ,I74.800x009,腹腔干动脉闭塞
11190,表 6-3-92 ,I74.800x010,脾动脉闭塞
11191,表 6-3-92 ,I74.800x011,肠系膜上动脉闭塞
11192,表 6-3-92 ,I74.800x012,脾动脉血栓
11193,表 6-3-92 ,I74.800x016,肝动脉闭塞
11194,表 6-3-92 ,I74.801,锁骨下动脉闭塞
11195,表 6-3-92 ,I74.802,锁骨下动脉血栓形成
11196,表 6-3-92 ,I74.803,肝动脉栓塞
11197,表 6-3-92 ,I74.804,肝动脉血栓形成
11198,表 6-3-92 ,I74.805,脾动脉栓塞
11199,表 6-3-92 ,I74.806,腹腔动脉栓塞
11200,表 6-3-92 ,I74.807,腹腔动脉血栓形成
11201,表 6-3-92 ,I74.901,多发性动脉栓塞
11202,表 6-3-92 ,I74.902,动脉栓塞
11203,表 6-3-92 ,I77.000x008,子宫旁动静脉瘘
11204,表 6-3-92 ,I77.000x011,动静脉内瘘血栓形成
11205,表 6-3-92 ,I77.000x012,脊髓动静脉瘘
11206,表 6-3-92 ,I77.000x013,硬脊膜下髓周动静脉瘘
11207,表 6-3-92 ,I77.000x014,桡动静脉瘘
11208,表 6-3-92 ,I77.000x015,肱动静脉瘘
11209,表 6-3-92 ,I77.000x017,肝动静脉瘘
11210,表 6-3-92 ,I77.001,头面部动静脉瘘
11211,表 6-3-92 ,I77.002,硬脊膜动静脉瘘
11212,表 6-3-92 ,I77.003,耳廓动静脉瘘
11213,表 6-3-92 ,I77.004,眶动静脉瘘
11214,表 6-3-92 ,I77.005,锁骨下动静脉瘘
11215,表 6-3-92 ,I77.006,支气管动静脉瘘
11216,表 6-3-92 ,I77.007,腹主动脉下腔静脉瘘
11217,表 6-3-92 ,I77.008,脾动静脉瘘
11218,表 6-3-92 ,I77.009,子宫动静脉瘘
11219,表 6-3-92 ,I77.010,肾动静脉瘘
11220,表 6-3-92 ,I77.011,盆腔动静脉瘘
11221,表 6-3-92 ,I77.012,股动静脉瘘
11222,表 6-3-92 ,I77.013,下肢动静脉瘘
11223,表 6-3-92 ,I77.014,多发性动静脉瘘
11224,表 6-3-92 ,I77.100x004,髂动脉狭窄
11225,表 6-3-92 ,I77.100x005,髂动脉迂曲
11226,表 6-3-92 ,I77.100x011,肝动脉狭窄
11227,表 6-3-92 ,I77.100x012,降主动脉狭窄
11228,表 6-3-92 ,I77.100x014,股深动脉狭窄
11229,表 6-3-92 ,I77.100x015,股浅动脉狭窄
11230,表 6-3-92 ,I77.100x018,胫动脉狭窄
11231,表 6-3-92 ,I77.100x027,股总动脉狭窄
11232,表 6-3-92 ,I77.100x028,胫腓干动脉狭窄
11233,表 6-3-92 ,I77.100x029,脾动脉狭窄
11234,表 6-3-92 ,I77.100x031,肠系膜下动脉狭窄
11235,表 6-3-92 ,I77.100x032,桡动脉狭窄
11236,表 6-3-92 ,I77.101,颈动脉迂曲
11237,表 6-3-92 ,I77.102,锁骨下动脉狭窄
11238,表 6-3-92 ,I77.103,无名动脉迂曲
11239,表 6-3-92 ,I77.104,无名动脉狭窄
11240,表 6-3-92 ,I77.105,肱动脉狭窄
11241,表 6-3-92 ,I77.106,肱动脉迂曲
11242,表 6-3-92 ,I77.107,腋动脉狭窄
11243,表 6-3-92 ,I77.108,上肢动脉狭窄
11244,表 6-3-92 ,I77.109,主动脉迂曲
11245,表 6-3-92 ,I77.110,后天性主动脉狭窄
11246,表 6-3-92 ,I77.111,胸主动脉狭窄
11247,表 6-3-92 ,I77.112,腹主动脉狭窄
11248,表 6-3-92 ,I77.113,主动脉弓狭窄
11249,表 6-3-92 ,I77.114,腹腔干动脉狭窄
11250,表 6-3-92 ,I77.115,股动脉狭窄
11251,表 6-3-92 ,I77.117,腘动脉狭窄
11252,表 6-3-92 ,I77.118,腘动脉挤压综合征
11253,表 6-3-92 ,I77.120,胫前动脉狭窄
11254,表 6-3-92 ,I77.121,胫后动脉狭窄
11255,表 6-3-92 ,I77.123,腓动脉狭窄
11256,表 6-3-92 ,I77.125,髂总动脉狭窄
11257,表 6-3-92 ,I77.126,髂外动脉狭窄
11258,表 6-3-92 ,I77.127,髂内动脉狭窄
11259,表 6-3-92 ,I77.129,下肢动脉狭窄
11260,表 6-3-92 ,I77.131,移植肝动脉狭窄
11261,表 6-3-92 ,I77.200,动脉破裂
11262,表 6-3-92 ,I77.201,动脉瘘
11263,表 6-3-92 ,I77.202,支气管动脉-肺动脉瘘
11264,表 6-3-92 ,I77.203,肺动脉瘘
11265,表 6-3-92 ,I77.204,腹主动脉-空肠瘘
11266,表 6-3-92 ,I77.300x002,动脉肌纤维发育不良
11267,表 6-3-92 ,I77.300x003,锁骨下动脉纤维肌性结构发育不良
11268,表 6-3-92 ,I77.301,肾动脉纤维肌肉发育不良
11269,表 6-3-92 ,I77.302,脑血管纤维性肌发育不良
11270,表 6-3-92 ,I77.400,腹腔动脉压迫综合征
11271,表 6-3-92 ,I77.500,动脉坏死
11272,表 6-3-92 ,I77.600,动脉炎
11273,表 6-3-92 ,I77.600x001,大动脉炎
11274,表 6-3-92 ,I77.600x004,多发性大动脉炎
11275,表 6-3-92 ,I77.600x012,药物性血管炎
11276,表 6-3-92 ,I77.600x013,脓疱性血管炎
11277,表 6-3-92 ,I77.600x014,重症血管炎
11278,表 6-3-92 ,I77.600x015,肺动脉炎
11279,表 6-3-92 ,I77.600x016,中枢神经系统血管炎
11280,表 6-3-92 ,I77.601,主动脉炎
11281,表 6-3-92 ,I77.602,动脉内膜炎
11282,表 6-3-92 ,I77.603,血管炎
11283,表 6-3-92 ,I77.604,上肢动脉炎
11284,表 6-3-92 ,I77.605,下肢动脉炎
11285,表 6-3-92 ,I77.800x002,主动脉根部病变
11286,表 6-3-92 ,I77.800x006,颈动脉溃疡
11287,表 6-3-92 ,I77.800x007,锁骨下动脉溃疡
11288,表 6-3-92 ,I77.800x008,椎动脉溃疡
11289,表 6-3-92 ,I77.800x009,肾动脉溃疡
11290,表 6-3-92 ,I77.800x010,腹腔动脉溃疡
11291,表 6-3-92 ,I77.800x011,肠系膜动脉溃疡
11292,表 6-3-92 ,I77.800x012,腋动脉溃疡
11293,表 6-3-92 ,I77.800x013,肱动脉溃疡
11294,表 6-3-92 ,I77.800x014,髂动脉溃疡
11295,表 6-3-92 ,I77.800x015,股动脉溃疡
11296,表 6-3-92 ,I77.800x016,胫动脉溃疡
11297,表 6-3-92 ,I77.800x017,胫腓干动脉溃疡
11298,表 6-3-92 ,I77.800x018,腓动脉溃疡
11299,表 6-3-92 ,I77.800x019,腘动脉溃疡
11300,表 6-3-92 ,I77.800x020,升主动脉溃疡
11301,表 6-3-92 ,I77.800x021,主动脉弓溃疡
11302,表 6-3-92 ,I77.800x022,胸主动脉溃疡
11303,表 6-3-92 ,I77.800x024,胸腹主动脉溃疡
11304,表 6-3-92 ,I77.801,动脉溃疡
11305,表 6-3-92 ,I77.802,腹主动脉溃疡
11306,表 6-3-92 ,I77.803,主动脉溃疡
11307,表 6-3-92 ,I77.804,德戈病
11308,表 6-3-92 ,I77.805,后天性腹主动脉畸形
11309,表 6-3-92 ,I77.806,主动脉脓肿
11310,表 6-3-92 ,I77.807,动脉糜烂
11311,表 6-3-92 ,I77.900,动脉和小动脉的疾患
11312,表 6-3-92 ,I78.000,遗传性出血性毛细血管扩张
11313,表 6-3-92 ,I78.101,老年痣
11314,表 6-3-92 ,I78.102,蜘蛛痣
11315,表 6-3-92 ,I78.801,毛细血管渗漏综合征
11316,表 6-3-92 ,I78.802,胃肠道毛细血管扩张症
11317,表 6-3-92 ,I78.803,毛细血管扩张症
11318,表 6-3-92 ,I78.900,毛细血管疾病
11319,表 6-3-93 ,I80.001,下肢浅表静脉炎
11320,表 6-3-93 ,I80.002,下肢化脓性浅表血栓静脉炎
11321,表 6-3-93 ,I80.100x003,髂股静脉炎
11322,表 6-3-93 ,I80.101,股静脉炎
11323,表 6-3-93 ,I80.102,股静脉血栓性静脉炎
11324,表 6-3-93 ,I80.103,髂股静脉血栓形成
11325,表 6-3-93 ,I80.104,股静脉血栓形成
11326,表 6-3-93 ,I80.201,下肢深静脉血栓性静脉炎
11327,表 6-3-93 ,I80.202,下肢深静脉炎
11328,表 6-3-93 ,I80.203,髂内静脉血栓形成
11329,表 6-3-93 ,I80.204,髂外静脉血栓形成
11330,表 6-3-93 ,I80.206,髂静脉血栓形成
11331,表 6-3-93 ,I80.207,下肢深静脉血栓形成
11332,表 6-3-93 ,I80.208,下肢深静脉栓塞
11333,表 6-3-93 ,I80.209,手术后下肢深静脉血栓形成
11334,表 6-3-93 ,I80.300x005,下肢静脉闭塞
11335,表 6-3-93 ,I80.300x006,下肢静脉肌间血栓形成
11336,表 6-3-93 ,I80.301,下肢静脉炎
11337,表 6-3-93 ,I80.302,下肢血栓性静脉炎
11338,表 6-3-93 ,I80.303,下肢静脉血栓形成
11339,表 6-3-93 ,I80.800,静脉炎和血栓性静脉炎，其他部位的
11340,表 6-3-93 ,I80.800x002,胸壁血栓性静脉炎[蒙道尔病]
11341,表 6-3-93 ,I80.800x006,腹壁静脉炎
11342,表 6-3-93 ,I80.800x007,肾静脉周围炎
11343,表 6-3-93 ,I80.801,眶内血栓性静脉炎
11344,表 6-3-93 ,I80.802,乳腺血栓性静脉炎
11345,表 6-3-93 ,I80.803,上肢静脉炎
11346,表 6-3-93 ,I80.804,上肢血栓性静脉炎
11347,表 6-3-93 ,I80.901,静脉炎
11348,表 6-3-93 ,I80.902,血栓性静脉炎
11349,表 6-3-93 ,I81.x00,门静脉血栓形成
11350,表 6-3-93 ,I81.x00x003,门静脉栓塞
11351,表 6-3-93 ,I82.000x001,布-加综合征[budd-chiari综合征]
11352,表 6-3-93 ,I82.001,肝静脉血栓形成
11353,表 6-3-93 ,I82.100x001,游走性血栓性静脉炎
11354,表 6-3-93 ,I82.200x001,腔静脉栓塞
11355,表 6-3-93 ,I82.201,腔静脉瘤栓
11356,表 6-3-93 ,I82.202,上腔静脉血栓形成
11357,表 6-3-93 ,I82.203,下腔静脉血栓形成
11358,表 6-3-93 ,I82.204,下腔静脉栓塞
11359,表 6-3-93 ,I82.300x001,肾静脉栓塞
11360,表 6-3-93 ,I82.301,肾静脉血栓形成
11361,表 6-3-93 ,I82.302,肾静脉瘤栓
11362,表 6-3-93 ,I82.800x002,脾静脉栓塞
11363,表 6-3-93 ,I82.800x003,髂静脉栓塞
11364,表 6-3-93 ,I82.800x004,髂内静脉栓塞
11365,表 6-3-93 ,I82.800x005,髂外静脉栓塞
11366,表 6-3-93 ,I82.800x009,腋静脉栓塞
11367,表 6-3-93 ,I82.801,颈内静脉血栓形成
11368,表 6-3-93 ,I82.802,颈静脉血栓形成
11369,表 6-3-93 ,I82.803,锁骨下静脉血栓形成
11370,表 6-3-93 ,I82.804,腋静脉血栓形成
11371,表 6-3-93 ,I82.805,上肢深静脉血栓形成
11372,表 6-3-93 ,I82.806,上肢静脉血栓形成
11373,表 6-3-93 ,I82.900x001,静脉栓塞
11374,表 6-3-93 ,I82.900x002,静脉血栓形成
11375,表 6-3-93 ,I82.900x003,非化脓性血栓形成
11376,表 6-3-93 ,I82.900x004,静脉血栓栓塞症
11377,表 6-3-93 ,I83.000,下肢静脉曲张伴有溃疡
11378,表 6-3-93 ,I83.001,大隐静脉曲张伴有溃疡
11379,表 6-3-93 ,I83.100x001,下肢静脉曲张性皮炎
11380,表 6-3-93 ,I83.101,下肢静脉曲张伴静脉炎
11381,表 6-3-93 ,I83.102,淤积性皮炎
11382,表 6-3-93 ,I83.200x001,下肢静脉曲张伴静脉炎和溃疡
11383,表 6-3-93 ,I83.900x004,下肢静脉曲张
11384,表 6-3-93 ,I83.901,下肢静脉瘤
11385,表 6-3-93 ,I83.902,下肢静脉曲张破裂
11386,表 6-3-93 ,I83.903,大隐静脉曲张
11387,表 6-3-93 ,I83.904,大隐静脉瘤
11388,表 6-3-93 ,I83.905,小隐静脉曲张
11389,表 6-3-93 ,I85.000x001,食管静脉曲张破裂出血
11390,表 6-3-93 ,I85.900x001,食管静脉曲张
11391,表 6-3-93 ,I85.901,食管静脉瘤
11392,表 6-3-93 ,I86.000,舌下静脉曲张
11393,表 6-3-93 ,I86.100,阴囊静脉曲张
11394,表 6-3-93 ,I86.101,精索静脉曲张
11395,表 6-3-93 ,I86.200,盆腔静脉曲张
11396,表 6-3-93 ,I86.201,膀胱静脉曲张
11397,表 6-3-93 ,I86.300,外阴静脉曲张
11398,表 6-3-93 ,I86.400,胃静脉曲张
11399,表 6-3-93 ,I86.400x001,胃底静脉曲张
11400,表 6-3-93 ,I86.400x002,胃血管扩张
11401,表 6-3-93 ,I86.400x004,胃静脉瘤
11402,表 6-3-93 ,I86.401,胃底静脉曲张伴出血
11403,表 6-3-93 ,I86.800x005,颈外静脉扩张
11404,表 6-3-93 ,I86.800x010,椎管内静脉曲张
11405,表 6-3-93 ,I86.800x011,上肢静脉瘤
11406,表 6-3-93 ,I86.800x014,食管胃底静脉曲张破裂出血
11407,表 6-3-93 ,I86.800x015,静脉湖
11408,表 6-3-93 ,I86.800x017,鼻中隔静脉曲张性溃疡
11409,表 6-3-93 ,I86.800x022,乙状结肠静脉瘤
11410,表 6-3-93 ,I86.801,颞静脉曲张
11411,表 6-3-93 ,I86.802,颞静脉瘤
11412,表 6-3-93 ,I86.803,眼眶静脉曲张
11413,表 6-3-93 ,I86.804,颈总静脉瘤
11414,表 6-3-93 ,I86.805,颈外静脉瘤
11415,表 6-3-93 ,I86.806,颈静脉曲张
11416,表 6-3-93 ,I86.807,冠状静脉窦扩张
11417,表 6-3-93 ,I86.808,肝静脉瘤
11418,表 6-3-93 ,I86.809,肝静脉曲张
11419,表 6-3-93 ,I86.810,脾静脉曲张
11420,表 6-3-93 ,I86.811,肾静脉瘤
11421,表 6-3-93 ,I86.812,十二指肠静脉曲张伴出血
11422,表 6-3-93 ,I86.813,腹壁静脉曲张
11423,表 6-3-93 ,I86.814,躯干静脉瘤
11424,表 6-3-93 ,I86.815,颈静脉扩张
11425,表 6-3-93 ,I86.816,颈内静脉扩张
11426,表 6-3-93 ,I87.000,血栓形成后综合征
11427,表 6-3-93 ,I87.001,静脉炎后综合征
11428,表 6-3-93 ,I87.100x003,腔静脉综合征
11429,表 6-3-93 ,I87.100x007,上腔静脉梗阻
11430,表 6-3-93 ,I87.100x008,锁骨下静脉压迫综合征
11431,表 6-3-93 ,I87.100x009,头臂静脉狭窄[无名静脉狭窄]
11432,表 6-3-93 ,I87.101,上肢静脉阻塞
11433,表 6-3-93 ,I87.102,上肢静脉狭窄
11434,表 6-3-93 ,I87.103,无名静脉狭窄
11435,表 6-3-93 ,I87.104,无名静脉阻塞
11436,表 6-3-93 ,I87.106,上腔静脉综合征
11437,表 6-3-93 ,I87.108,脾静脉狭窄
11438,表 6-3-93 ,I87.109,门静脉狭窄
11439,表 6-3-93 ,I87.110,肝静脉-下腔静脉阻塞
11440,表 6-3-93 ,I87.111,下腔静脉综合征
11441,表 6-3-93 ,I87.112,下腔静脉狭窄
11442,表 6-3-93 ,I87.113,下腔静脉阻塞
11443,表 6-3-93 ,I87.114,上下腔静脉回流障碍综合征
11444,表 6-3-93 ,I87.115,髂总静脉狭窄
11445,表 6-3-93 ,I87.116,髂总静脉压迫综合征[Cockett综合征]
11446,表 6-3-93 ,I87.117,左肾静脉压迫综合征[胡桃夹现象]
11447,表 6-3-93 ,I87.118,下肢静脉狭窄
11448,表 6-3-93 ,I87.119,下肢静脉阻塞
11449,表 6-3-93 ,I87.120,精索静脉压迫综合征
11450,表 6-3-93 ,I87.121,肝小静脉闭塞病
11451,表 6-3-93 ,I87.200x001,慢性周围静脉功能不全
11452,表 6-3-93 ,I87.201,下肢静脉功能不全
11453,表 6-3-93 ,I87.202,下肢深静脉瓣膜功能不全
11454,表 6-3-93 ,I87.801,静脉硬化
11455,表 6-3-93 ,I87.802,静脉石
11456,表 6-3-93 ,I87.803,门静脉海绵样变
11457,表 6-3-93 ,I87.804,阴茎静脉纤维化
11458,表 6-3-93 ,I87.805,下肢静脉回流障碍
11459,表 6-3-93 ,I87.900,静脉疾患
11460,表 6-3-93 ,I88.000x003,慢性肠系膜淋巴结炎
11461,表 6-3-93 ,I88.001,急性肠系膜淋巴结炎
11462,表 6-3-93 ,I88.100,慢性淋巴结炎，除外肠系膜
11463,表 6-3-93 ,I88.101,慢性颈淋巴结炎
11464,表 6-3-93 ,I88.102,慢性颌下淋巴结炎
11465,表 6-3-93 ,I88.103,慢性颏下淋巴结炎
11466,表 6-3-93 ,I88.104,慢性腮腺淋巴结炎
11467,表 6-3-93 ,I88.105,慢性食管旁淋巴结炎
11468,表 6-3-93 ,I88.106,慢性肺门淋巴结炎
11469,表 6-3-93 ,I88.107,慢性纵隔淋巴结炎
11470,表 6-3-93 ,I88.108,慢性腹股沟淋巴结炎
11471,表 6-3-93 ,I88.800x001,其他非特异性淋巴结炎
11472,表 6-3-93 ,I88.900x002,肺门淋巴结炎
11473,表 6-3-93 ,I88.900x003,腹股沟淋巴结炎
11474,表 6-3-93 ,I88.900x004,颌下淋巴结炎
11475,表 6-3-93 ,I88.900x005,颈淋巴结炎
11476,表 6-3-93 ,I88.900x006,淋巴结炎
11477,表 6-3-93 ,I88.900x007,腮腺肉芽肿性淋巴结炎
11478,表 6-3-93 ,I88.900x008,纵隔淋巴结炎
11479,表 6-3-93 ,I88.901,反应性淋巴结炎
11480,表 6-3-93 ,I89.000x004,淋巴水肿
11481,表 6-3-93 ,I89.000x013,继发性淋巴水肿
11482,表 6-3-93 ,I89.000x014,头面部淋巴水肿
11483,表 6-3-93 ,I89.000x015,颈部淋巴水肿
11484,表 6-3-93 ,I89.000x016,胸壁淋巴水肿
11485,表 6-3-93 ,I89.000x017,腹壁淋巴水肿
11486,表 6-3-93 ,I89.000x018,会阴淋巴水肿
11487,表 6-3-93 ,I89.000x019,阴唇淋巴水肿
11488,表 6-3-93 ,I89.000x020,臀部淋巴水肿
11489,表 6-3-93 ,I89.000x021,下肢淋巴水肿
11490,表 6-3-93 ,I89.000x022,包皮淋巴水肿
11491,表 6-3-93 ,I89.000x023,右淋巴导管梗阻
11492,表 6-3-93 ,I89.000x024,阴囊橡皮肿
11493,表 6-3-93 ,I89.000x025,阴唇橡皮肿
11494,表 6-3-93 ,I89.000x026,象皮腿
11495,表 6-3-93 ,I89.000x027,胸导管颈段梗阻
11496,表 6-3-93 ,I89.000x028,胸导管胸段梗阻
11497,表 6-3-93 ,I89.000x029,肺淋巴管扩张症
11498,表 6-3-93 ,I89.001,原发性淋巴水肿
11499,表 6-3-93 ,I89.002,淋巴管闭塞
11500,表 6-3-93 ,I89.003,胸导管梗阻
11501,表 6-3-93 ,I89.004,上肢淋巴水肿
11502,表 6-3-93 ,I89.005,肠淋巴管扩张
11503,表 6-3-93 ,I89.006,小肠淋巴管扩张
11504,表 6-3-93 ,I89.007,盆腔淋巴管阻塞
11505,表 6-3-93 ,I89.008,阴囊淋巴水肿
11506,表 6-3-93 ,I89.009,非丝虫性象皮肿
11507,表 6-3-93 ,I89.010,淋巴回流障碍
11508,表 6-3-93 ,I89.100x002,慢性淋巴管炎
11509,表 6-3-93 ,I89.100x003,亚急性淋巴管炎
11510,表 6-3-93 ,I89.800x002,非丝虫性乳糜胸
11511,表 6-3-93 ,I89.800x006,乳糜性腹水
11512,表 6-3-93 ,I89.800x007,乳糜性胸水
11513,表 6-3-93 ,I89.800x010,非丝虫性阴囊乳靡囊肿
11514,表 6-3-93 ,I89.800x011,脂肪黑变性网状细胞增多
11515,表 6-3-93 ,I89.800x012,乳糜回流障碍
11516,表 6-3-93 ,I89.800x013,乳糜反流
11517,表 6-3-93 ,I89.800x014,乳糜瘘
11518,表 6-3-93 ,I89.800x015,颈部乳糜瘘
11519,表 6-3-93 ,I89.800x016,原发性乳糜胸
11520,表 6-3-93 ,I89.800x017,继发性乳糜胸
11521,表 6-3-93 ,I89.800x018,肺淋巴回流淤滞
11522,表 6-3-93 ,I89.800x019,腹膜后乳糜囊肿
11523,表 6-3-93 ,I89.800x020,颈部乳糜囊肿
11524,表 6-3-93 ,I89.800x021,纵隔乳糜囊肿
11525,表 6-3-93 ,I89.800x022,腋窝乳糜囊肿
11526,表 6-3-93 ,I89.800x023,胸壁乳糜囊肿
11527,表 6-3-93 ,I89.800x024,躯干乳糜囊肿
11528,表 6-3-93 ,I89.800x025,盆腔乳糜囊肿
11529,表 6-3-93 ,I89.800x026,会阴区乳糜囊肿
11530,表 6-3-93 ,I89.800x027,髂部乳糜囊肿
11531,表 6-3-93 ,I89.800x028,腹壁乳糜囊肿
11532,表 6-3-93 ,I89.800x029,腰背部乳糜囊肿
11533,表 6-3-93 ,I89.800x030,臀部乳糜囊肿
11534,表 6-3-93 ,I89.800x031,下肢乳糜囊肿
11535,表 6-3-93 ,I89.800x032,子宫乳糜反流
11536,表 6-3-93 ,I89.800x033,阴道乳糜反流
11537,表 6-3-93 ,I89.801,肠系膜乳糜囊肿
11538,表 6-3-93 ,I89.802,淋巴管瘘
11539,表 6-3-93 ,I89.803,非丝虫性乳糜性腹水
11540,表 6-3-93 ,I89.804,胸导管断裂
11541,表 6-3-93 ,I89.806,淋巴结钙化
11542,表 6-3-93 ,I89.807,乳糜胸
11543,表 6-3-93 ,I89.900,淋巴管和淋巴结非感染性疾患
11544,表 6-3-94 ,I95.000,特发性低血压
11545,表 6-3-94 ,I95.100,直立性低血压
11546,表 6-3-94 ,I95.101,体位性低血压
11547,表 6-3-94 ,I95.200,药物性低血压
11548,表 6-3-94 ,I95.800x001,慢性低血压
11549,表 6-3-94 ,I95.900,低血压
11550,表 6-3-94 ,I97.000,心脏切开术后综合征
11551,表 6-3-94 ,I97.000x002,心包切开术后综合征
11552,表 6-3-94 ,I97.001,心脏手术后低心排综合征
11553,表 6-3-94 ,I97.100x004,手术后心力衰竭伴肺水肿
11554,表 6-3-94 ,I97.101,瓣膜置换术后心脏功能衰竭
11555,表 6-3-94 ,I97.102,心脏手术后心力衰竭
11556,表 6-3-94 ,I97.200,乳房切除术后淋巴水肿综合征
11557,表 6-3-94 ,I97.800x001,动脉导管未闭结扎术后残余分流
11558,表 6-3-94 ,I97.800x002,动脉导管未闭封堵术后残余分流
11559,表 6-3-94 ,I97.800x004,上肢动脉穿刺后痉挛
11560,表 6-3-94 ,I97.800x005,室间隔缺损修补术后残余分流
11561,表 6-3-94 ,I97.800x006,手术后腹主动脉阻塞
11562,表 6-3-94 ,I97.800x008,房间隔缺损修补术后残余分流
11563,表 6-3-94 ,I97.800x009,右室外管道狭窄
11564,表 6-3-94 ,I97.800x010,右室流出道疏通术后残余狭窄
11565,表 6-3-94 ,I97.800x011,左室流出道疏通术后残余狭窄
11566,表 6-3-94 ,I97.800x013,心脏瓣膜置换术后瓣周漏
11567,表 6-3-94 ,I97.800x014,房间隔缺损封堵术后残余分流
11568,表 6-3-94 ,I97.800x015,室间隔缺损封堵术后残余分流
11569,表 6-3-94 ,I97.800x016,心脏机械瓣膜置换术后功能障碍
11570,表 6-3-94 ,I97.800x017,生物瓣膜置换术后功能衰竭
11571,表 6-3-94 ,I97.800x018,手术后乳糜胸
11572,表 6-3-94 ,I97.800x020,二尖瓣闭式扩张术后再狭窄
11573,表 6-3-94 ,I97.801,手术后淋巴水肿
11574,表 6-3-94 ,I97.802,手术后会阴部静脉回流障碍
11575,表 6-3-94 ,I97.803,手术后心力衰竭
11576,表 6-3-94 ,I97.804,人工动静脉瘘瘤形成
11577,表 6-3-94 ,I97.900,循环系统的操作后疾患
11578,表 6-3-94 ,I99.x01,循环系统疾患
11579,表 6-3-95 ,J00.x00,急性鼻咽炎［感冒］
11580,表 6-3-95 ,J00.x00x004,急性鼻炎
11581,表 6-3-95 ,J00.x00x006,感染性鼻炎
11582,表 6-3-95 ,J00.x00x007,感染性鼻咽炎
11583,表 6-3-95 ,J00.x00x008,急性卡他性鼻炎
11584,表 6-3-95 ,J01.000,急性上颌窦炎
11585,表 6-3-95 ,J01.001,急性化脓性上颌窦炎
11586,表 6-3-95 ,J01.100,急性额窦炎
11587,表 6-3-95 ,J01.200,急性筛窦炎
11588,表 6-3-95 ,J01.300,急性蝶窦炎
11589,表 6-3-95 ,J01.400,急性全鼻窦炎
11590,表 6-3-95 ,J01.800,急性鼻窦炎，其他的
11591,表 6-3-95 ,J01.900,急性鼻窦炎
11592,表 6-3-95 ,J01.900x003,急性鼻窦脓肿
11593,表 6-3-95 ,J01.901,急性化脓性鼻窦炎
11594,表 6-3-95 ,J02.000,链球菌性咽炎
11595,表 6-3-95 ,J02.801,病毒性咽炎
11596,表 6-3-95 ,J02.802,病毒性咽喉痛
11597,表 6-3-95 ,J02.900,急性咽炎
11598,表 6-3-95 ,J02.900x002,急性化脓性咽峡炎
11599,表 6-3-95 ,J02.900x005,急性咽喉痛
11600,表 6-3-95 ,J02.901,急性化脓性咽炎
11601,表 6-3-95 ,J02.902,急性咽峡炎
11602,表 6-3-95 ,J02.903,溃疡性咽炎
11603,表 6-3-95 ,J02.905,咽喉痛
11604,表 6-3-95 ,J03.000,链球菌性扁桃体炎
11605,表 6-3-95 ,J03.800,"急性扁桃体炎,其他特指病原体引起的"
11606,表 6-3-95 ,J03.900,急性扁桃体炎
11607,表 6-3-95 ,J03.900x001,扁桃体残根炎
11608,表 6-3-95 ,J03.900x006,急性滤泡性扁桃体炎
11609,表 6-3-95 ,J03.901,急性化脓性扁桃体炎
11610,表 6-3-95 ,J03.902,急性腺样体炎
11611,表 6-3-95 ,J04.000,急性喉炎
11612,表 6-3-95 ,J04.000x004,急性感染性喉炎
11613,表 6-3-95 ,J04.000x006,急性声门下喉炎
11614,表 6-3-95 ,J04.000x008,急性溃疡性喉炎
11615,表 6-3-95 ,J04.001,急性化脓性喉炎
11616,表 6-3-95 ,J04.002,急性水肿性喉炎
11617,表 6-3-95 ,J04.003,急性痉挛性喉炎
11618,表 6-3-95 ,J04.004,链球菌性喉炎
11619,表 6-3-95 ,J04.005,溃疡性喉炎
11620,表 6-3-95 ,J04.100,急性气管炎
11621,表 6-3-95 ,J04.200,急性喉气管炎
11622,表 6-3-95 ,J05.000,急性梗阻性喉炎［哮吼］
11623,表 6-3-95 ,J05.100,急性会厌炎
11624,表 6-3-95 ,J06.000,急性咽喉炎
11625,表 6-3-95 ,J06.000x002,过敏性咽喉炎
11626,表 6-3-95 ,J06.800x001,急性咽气管炎
11627,表 6-3-95 ,J06.900,急性上呼吸道感染
11628,表 6-3-95 ,J06.900x001,病毒性上呼吸道感染
11629,表 6-3-96 ,J09.x00,被标明的人畜共患或大流行性流感病毒引起的流感
11630,表 6-3-96 ,J09.x01,人感染H5N1禽流感
11631,表 6-3-96 ,J09.x02,人感染H7N9禽流感
11632,表 6-3-96 ,J09.x03+I41.1*,已确认的人畜共病或大流行性流感病毒性心肌炎
11633,表 6-3-96 ,J09.x04+G05.1*,已确认的人畜共病或大流行性流感病毒性脑炎
11634,表 6-3-96 ,J09.x05+H67.1*,流感，人畜共患或大流行性流感病毒性中耳炎
11635,表 6-3-96 ,J10.000,流行性感冒伴有肺炎，季节性流感病毒
11636,表 6-3-96 ,J10.000x001,已知病毒的流感性肺炎
11637,表 6-3-96 ,J10.001,甲型H1N1流行性感冒性肺炎
11638,表 6-3-96 ,J10.100,流行性感冒伴有其他呼吸道表现，季节性流感病毒被标明
11639,表 6-3-96 ,J10.100x001,已知病毒的流行性感冒
11640,表 6-3-96 ,J10.100x002,已知病毒的流感性急性上呼吸道感染
11641,表 6-3-96 ,J10.100x003,已知病毒的流感性咽炎
11642,表 6-3-96 ,J10.100x004,已知病毒的流感性喉炎
11643,表 6-3-96 ,J10.100x005,已知病毒的流感性胸膜炎
11644,表 6-3-96 ,J10.101,甲型H1N1流行性感冒
11645,表 6-3-96 ,J10.800,流行性感冒伴有其他表现，季节性流感病毒被标明
11646,表 6-3-96 ,J10.800x001+G94.8*,已知病毒的流感性脑病
11647,表 6-3-96 ,J10.800x002,已知病毒的流感性胃肠炎
11648,表 6-3-96 ,J10.800x003+I41.1*,已知病毒的流感性心肌炎
11649,表 6-3-96 ,J10.801+G94.8*,甲型H1N1型流行性感冒性脑病
11650,表 6-3-96 ,J10.802+I41.1*,甲型H1N1型流行性感冒性心肌炎
11651,表 6-3-96 ,J10.803+H67.1*,已确认的季节性流感病毒性中耳炎
11652,表 6-3-96 ,J10.804+G05.1*,已确认的季节性流感病毒性脑炎
11653,表 6-3-96 ,J10.805+G05.1*,流行性感冒性脑炎，其他流感病毒被标明
11654,表 6-3-96 ,J11.000x001,未知病毒的流感性肺炎
11655,表 6-3-96 ,J11.100x001,未知病毒的流感性感冒
11656,表 6-3-96 ,J11.100x002,未知病毒的流感性急性上呼吸道感染
11657,表 6-3-96 ,J11.100x003,未知病毒的流感性咽炎
11658,表 6-3-96 ,J11.100x004,未知病毒的流感性喉炎
11659,表 6-3-96 ,J11.100x005,未知病毒的流感性胸膜炎
11660,表 6-3-96 ,J11.102,流行性感冒伴胸膜渗漏
11661,表 6-3-96 ,J11.800x001+G94.8*,未知病毒的流感性脑病
11662,表 6-3-96 ,J11.800x002,未知病毒的流感性胃肠炎
11663,表 6-3-96 ,J11.801+I41.1*,未明确病毒性流行性感冒性心肌炎
11664,表 6-3-96 ,J11.802+H67.1*,未确认的流感病毒性中耳炎
11665,表 6-3-96 ,J11.803+G05.1*,未确认的季节性流感病毒性脑炎
11666,表 6-3-96 ,J12.000,腺病毒肺炎
11667,表 6-3-96 ,J12.100,呼吸道合胞体病毒肺炎
11668,表 6-3-96 ,J12.200,副流感病毒肺炎
11669,表 6-3-96 ,J12.300,人类偏肺病毒肺炎
11670,表 6-3-96 ,J12.800,病毒性肺炎，其他的
11671,表 6-3-96 ,J12.900,病毒性肺炎
11672,表 6-3-96 ,J13.x00,链球菌性肺炎
11673,表 6-3-96 ,J14.x00,流感嗜血杆菌性肺炎
11674,表 6-3-96 ,J15.000,肺炎杆菌性肺炎
11675,表 6-3-96 ,J15.000x002,克雷伯杆菌肺炎
11676,表 6-3-96 ,J15.100,假单胞菌性肺炎
11677,表 6-3-96 ,J15.101,铜绿假单胞菌性肺炎
11678,表 6-3-96 ,J15.200,葡萄球菌性肺炎
11679,表 6-3-96 ,J15.300,B族链球菌性肺炎
11680,表 6-3-96 ,J15.400,链球菌性肺炎，其他的
11681,表 6-3-96 ,J15.402,肠球菌属性肺炎
11682,表 6-3-96 ,J15.500,大肠杆菌性肺炎
11683,表 6-3-96 ,J15.600x002,革兰阴性细菌性肺炎
11684,表 6-3-96 ,J15.600x003,粘质沙雷菌性肺炎
11685,表 6-3-96 ,J15.600x005,鲍曼不动杆菌性肺炎
11686,表 6-3-96 ,J15.600x006,坂崎肠杆菌性肺炎
11687,表 6-3-96 ,J15.601,变形杆菌性肺炎
11688,表 6-3-96 ,J15.602,阴沟杆菌性肺炎
11689,表 6-3-96 ,J15.700,肺炎支原体性肺炎
11690,表 6-3-96 ,J15.800x001,革兰阳性细菌性肺炎
11691,表 6-3-96 ,J15.800x002,产气杆菌性肺炎
11692,表 6-3-96 ,J15.900,细菌性肺炎
11693,表 6-3-96 ,J15.901,细菌性支气管肺炎
11694,表 6-3-96 ,J15.902,社区获得性肺炎，非重症
11695,表 6-3-96 ,J15.903,社区获得性肺炎，重症
11696,表 6-3-96 ,J16.000,衣原体肺炎
11697,表 6-3-96 ,J16.800x001,中东呼吸综合征
11698,表 6-3-96 ,J18.000,支气管肺炎
11699,表 6-3-96 ,J18.000x001,喘息性支气管肺炎
11700,表 6-3-96 ,J18.000x002,毛细管支气管性肺炎
11701,表 6-3-96 ,J18.001,弥漫性肺炎
11702,表 6-3-96 ,J18.002,支气管肺炎，非重症
11703,表 6-3-96 ,J18.100,大叶性肺炎
11704,表 6-3-96 ,J18.200,坠积性肺炎
11705,表 6-3-96 ,J18.800x001,多重感染的肺炎
11706,表 6-3-96 ,J18.800x002,节段性肺炎
11707,表 6-3-96 ,J18.800x004,中毒性肺炎
11708,表 6-3-96 ,J18.800x006,中叶性肺炎
11709,表 6-3-96 ,J18.800x012,免疫抑制宿主性肺炎
11710,表 6-3-96 ,J18.801,肺泡性肺炎
11711,表 6-3-96 ,J18.802,医院获得性肺炎
11712,表 6-3-96 ,J18.803,阻塞性肺炎
11713,表 6-3-96 ,J18.900,肺炎
11714,表 6-3-96 ,J18.901,非典型性肺炎
11715,表 6-3-96 ,J18.902,迁延性肺炎
11716,表 6-3-96 ,J18.903,重症肺炎
11717,表 6-3-97 ,J20.000,肺炎支原体急性支气管炎
11718,表 6-3-97 ,J20.100,流感嗜血杆菌急性支气管炎
11719,表 6-3-97 ,J20.200,链球菌急性支气管炎
11720,表 6-3-97 ,J20.300,柯萨奇病毒急性支气管炎
11721,表 6-3-97 ,J20.400,副流感病毒急性支气管炎
11722,表 6-3-97 ,J20.500,呼吸道合胞体病毒急性支气管炎
11723,表 6-3-97 ,J20.600,鼻病毒急性支气管炎
11724,表 6-3-97 ,J20.700,艾柯病毒急性支气管炎
11725,表 6-3-97 ,J20.800,"急性支气管炎,其他特指病原体引起的"
11726,表 6-3-97 ,J20.900,急性支气管炎
11727,表 6-3-97 ,J20.901,急性化脓性支气管炎
11728,表 6-3-97 ,J20.902,急性气管支气管炎
11729,表 6-3-97 ,J21.000,呼吸道合胞体病毒急性细支气管炎
11730,表 6-3-97 ,J21.100,人类偏肺病毒急性细支气管炎
11731,表 6-3-97 ,J21.801,急性肺炎支原体性细支气管炎
11732,表 6-3-97 ,J21.900,急性细支气管炎
11733,表 6-3-97 ,J21.900x002,急性毛细支气管炎
11734,表 6-3-97 ,J21.901,急性喘息性支气管炎
11735,表 6-3-97 ,J22.x00,急性下呼吸道感染
11736,表 6-3-98 ,J30.000,血管运动性鼻炎
11737,表 6-3-98 ,J30.100,花粉引起的变应性鼻炎
11738,表 6-3-98 ,J30.101,花粉症
11739,表 6-3-98 ,J30.200,季节性变应性鼻炎，其他的
11740,表 6-3-98 ,J30.300x001,药物性鼻炎
11741,表 6-3-98 ,J30.300x002,全年性变应性鼻炎
11742,表 6-3-98 ,J30.400,变应性鼻炎
11743,表 6-3-98 ,J31.000,慢性鼻炎
11744,表 6-3-98 ,J31.001,肥大性鼻炎
11745,表 6-3-98 ,J31.002,溃疡性鼻炎
11746,表 6-3-98 ,J31.003,肉芽肿性鼻炎
11747,表 6-3-98 ,J31.004,萎缩性鼻炎
11748,表 6-3-98 ,J31.005,干燥性鼻炎
11749,表 6-3-98 ,J31.100,慢性鼻咽炎
11750,表 6-3-98 ,J31.200,慢性咽炎
11751,表 6-3-98 ,J31.201,慢性咽喉痛
11752,表 6-3-98 ,J31.202,慢性咽峡炎
11753,表 6-3-98 ,J31.203,肥大性咽炎
11754,表 6-3-98 ,J31.204,萎缩性咽炎
11755,表 6-3-98 ,J32.000,慢性上颌窦炎
11756,表 6-3-98 ,J32.000x005,上颌窦肉芽肿
11757,表 6-3-98 ,J32.000x009,出血性坏死性上颌窦炎
11758,表 6-3-98 ,J32.001,慢性化脓性上颌窦炎
11759,表 6-3-98 ,J32.002,坏死性上颌窦炎
11760,表 6-3-98 ,J32.003,上颌窦瘘
11761,表 6-3-98 ,J32.004,上颌窦脓肿
11762,表 6-3-98 ,J32.005,口腔上颌窦瘘
11763,表 6-3-98 ,J32.006,隐匿性鼻窦综合征
11764,表 6-3-98 ,J32.100,慢性额窦炎
11765,表 6-3-98 ,J32.100x005,额窦肉芽肿
11766,表 6-3-98 ,J32.101,慢性化脓性额窦炎
11767,表 6-3-98 ,J32.102,额窦脓肿
11768,表 6-3-98 ,J32.200,慢性筛窦炎
11769,表 6-3-98 ,J32.200x004,筛窦脓肿
11770,表 6-3-98 ,J32.200x005,筛窦肉芽肿
11771,表 6-3-98 ,J32.201,慢性化脓性筛窦炎
11772,表 6-3-98 ,J32.300,慢性蝶窦炎
11773,表 6-3-98 ,J32.300x004,蝶窦脓肿
11774,表 6-3-98 ,J32.301,慢性化脓性蝶窦炎
11775,表 6-3-98 ,J32.302,蝶窦肉芽肿
11776,表 6-3-98 ,J32.400,慢性全鼻窦炎
11777,表 6-3-98 ,J32.400x001,全组鼻窦炎
11778,表 6-3-98 ,J32.800x001,额窦上颌窦炎
11779,表 6-3-98 ,J32.800x002,额窦筛窦炎
11780,表 6-3-98 ,J32.800x003,额窦蝶窦炎
11781,表 6-3-98 ,J32.800x004,上颌窦蝶窦炎
11782,表 6-3-98 ,J32.800x006,额窦筛窦上颌窦炎
11783,表 6-3-98 ,J32.800x007,额窦上颌窦蝶窦炎
11784,表 6-3-98 ,J32.800x008,筛窦上颌窦蝶窦炎
11785,表 6-3-98 ,J32.800x009,筛窦蝶窦炎
11786,表 6-3-98 ,J32.800x011,额窦筛窦蝶窦炎
11787,表 6-3-98 ,J32.801,上颌窦筛窦炎
11788,表 6-3-98 ,J32.802,额筛窦脓肿
11789,表 6-3-98 ,J32.803,慢性多鼻窦炎
11790,表 6-3-98 ,J32.900,慢性鼻窦炎
11791,表 6-3-98 ,J32.900x007,鼻窦滴漏综合征
11792,表 6-3-98 ,J32.900x008,上颌窦肿物
11793,表 6-3-98 ,J32.900x009,筛窦肿物
11794,表 6-3-98 ,J32.900x010,额窦肿物
11795,表 6-3-98 ,J32.900x011,蝶窦肿物
11796,表 6-3-98 ,J32.901,慢性化脓性鼻窦炎
11797,表 6-3-98 ,J32.902,慢性牙源性鼻窦炎
11798,表 6-3-98 ,J32.903,鼻窦瘘
11799,表 6-3-98 ,J32.904,鼻窦肉芽肿
11800,表 6-3-98 ,J32.905,鼻窦脓肿
11801,表 6-3-98 ,J32.906,鼻窦肿物
11802,表 6-3-98 ,J33.000,鼻腔息肉
11803,表 6-3-98 ,J33.000x002,鼻咽部毛息肉
11804,表 6-3-98 ,J33.001,鼻咽息肉
11805,表 6-3-98 ,J33.002,鼻中隔息肉
11806,表 6-3-98 ,J33.003,鼻后孔息肉
11807,表 6-3-98 ,J33.100,鼻窦息肉样退行性变
11808,表 6-3-98 ,J33.800x002,额窦息肉
11809,表 6-3-98 ,J33.801,鼻窦息肉
11810,表 6-3-98 ,J33.802,鼻甲息肉
11811,表 6-3-98 ,J33.803,蝶窦息肉
11812,表 6-3-98 ,J33.804,筛窦息肉
11813,表 6-3-98 ,J33.805,上颌窦息肉
11814,表 6-3-98 ,J33.900,鼻息肉
11815,表 6-3-98 ,J34.000x004,鼻坏死
11816,表 6-3-98 ,J34.000x010,鼻中隔肉芽肿
11817,表 6-3-98 ,J34.001,鼻部脓肿
11818,表 6-3-98 ,J34.002,鼻疖
11819,表 6-3-98 ,J34.003,鼻溃疡
11820,表 6-3-98 ,J34.004,鼻痈
11821,表 6-3-98 ,J34.005,鼻中隔坏死
11822,表 6-3-98 ,J34.006,鼻中隔溃疡
11823,表 6-3-98 ,J34.007,鼻中隔脓肿
11824,表 6-3-98 ,J34.008,鼻蜂窝织炎
11825,表 6-3-98 ,J34.100x008,鼻窦粘液囊肿
11826,表 6-3-98 ,J34.101,蝶窦囊肿
11827,表 6-3-98 ,J34.102,额窦囊肿
11828,表 6-3-98 ,J34.103,筛窦囊肿
11829,表 6-3-98 ,J34.104,上颌窦囊肿
11830,表 6-3-98 ,J34.105,鼻囊肿
11831,表 6-3-98 ,J34.106,鼻窦囊肿
11832,表 6-3-98 ,J34.107,鼻甲囊肿
11833,表 6-3-98 ,J34.108,鼻前庭囊肿
11834,表 6-3-98 ,J34.200,鼻中隔偏曲
11835,表 6-3-98 ,J34.300,鼻甲肥大
11836,表 6-3-98 ,J34.800x001,鼻部感染
11837,表 6-3-98 ,J34.800x002,鼻部瘘管
11838,表 6-3-98 ,J34.800x004,钩突肥大
11839,表 6-3-98 ,J34.800x006,铬鼻病
11840,表 6-3-98 ,J34.800x009,后天性鼻孔狭窄
11841,表 6-3-98 ,J34.800x019,鼻中隔血肿
11842,表 6-3-98 ,J34.800x020,泡性中鼻甲
11843,表 6-3-98 ,J34.800x033,鼻前庭肿物
11844,表 6-3-98 ,J34.800x034,鼻中隔肿物
11845,表 6-3-98 ,J34.801,鼻中隔-鼻甲粘连
11846,表 6-3-98 ,J34.802,后天性鼻腔闭锁
11847,表 6-3-98 ,J34.803,鼻漏
11848,表 6-3-98 ,J34.804,鼻石
11849,表 6-3-98 ,J34.805,鼻孔狭窄
11850,表 6-3-98 ,J34.806,鼻前庭炎
11851,表 6-3-98 ,J34.807,鼻甲粘连
11852,表 6-3-98 ,J34.809,鼻腔粘连
11853,表 6-3-98 ,J34.810,鼻腔肿物
11854,表 6-3-98 ,J34.811,鼻腔狭窄
11855,表 6-3-98 ,J34.812,鼻翼肥大
11856,表 6-3-98 ,J34.813,鼻中隔穿孔
11857,表 6-3-98 ,J35.000,慢性扁桃体炎
11858,表 6-3-98 ,J35.100,扁桃体肥大
11859,表 6-3-98 ,J35.200,腺样体肥大
11860,表 6-3-98 ,J35.300,扁桃体肥大伴有腺样体肥大
11861,表 6-3-98 ,J35.800x008,扁桃体瘢痕
11862,表 6-3-98 ,J35.800x009,腺样体瘢痕
11863,表 6-3-98 ,J35.801,扁桃体残体
11864,表 6-3-98 ,J35.802,扁桃体溃疡
11865,表 6-3-98 ,J35.803,扁桃体囊肿
11866,表 6-3-98 ,J35.804,扁桃体结石
11867,表 6-3-98 ,J35.805,扁桃体息肉
11868,表 6-3-98 ,J35.806,扁桃体角化病
11869,表 6-3-98 ,J35.807,扁桃体腺样体瘢痕
11870,表 6-3-98 ,J35.808,腺样体残体
11871,表 6-3-98 ,J35.809,腺样体赘生物
11872,表 6-3-98 ,J35.901,扁桃体肿物
11873,表 6-3-98 ,J36.x00,扁桃体周脓肿
11874,表 6-3-98 ,J36.x00x001,扁桃体脓肿
11875,表 6-3-98 ,J36.x00x003,扁桃体周围炎
11876,表 6-3-98 ,J36.x00x004,扁桃体周围蜂窝组织炎
11877,表 6-3-98 ,J37.000,慢性喉炎
11878,表 6-3-98 ,J37.001,慢性喉咽炎
11879,表 6-3-98 ,J37.002,慢性会厌炎
11880,表 6-3-98 ,J37.003,肥厚性喉炎
11881,表 6-3-98 ,J37.004,会厌炎性假瘤
11882,表 6-3-98 ,J37.005,干燥性喉炎
11883,表 6-3-98 ,J37.100,慢性喉气管炎
11884,表 6-3-98 ,J38.000x001,喉上神经麻痹
11885,表 6-3-98 ,J38.000x002,喉神经麻痹
11886,表 6-3-98 ,J38.000x005,声门麻痹
11887,表 6-3-98 ,J38.000x006,声带活动不良
11888,表 6-3-98 ,J38.000x011,单侧不完全声带麻痹
11889,表 6-3-98 ,J38.000x012,单侧不完全喉麻痹
11890,表 6-3-98 ,J38.000x021,单侧完全声带麻痹
11891,表 6-3-98 ,J38.000x022,单侧完全喉麻痹
11892,表 6-3-98 ,J38.000x031,双侧不完全声带麻痹
11893,表 6-3-98 ,J38.000x032,双侧不完全喉麻痹
11894,表 6-3-98 ,J38.001,喉麻痹
11895,表 6-3-98 ,J38.002,声带麻痹
11896,表 6-3-98 ,J38.101,喉息肉
11897,表 6-3-98 ,J38.102,声带息肉
11898,表 6-3-98 ,J38.200,声带结节
11899,表 6-3-98 ,J38.200x001,歌手结节
11900,表 6-3-98 ,J38.200x002,教师结节
11901,表 6-3-98 ,J38.201,声带炎
11902,表 6-3-98 ,J38.300x008,声带粘连
11903,表 6-3-98 ,J38.300x011,声带增生
11904,表 6-3-98 ,J38.300x013,声带蜂窝织炎
11905,表 6-3-98 ,J38.300x015,声带鳞状上皮不典型性增生
11906,表 6-3-98 ,J38.300x016,声带沟
11907,表 6-3-98 ,J38.300x018,声带闭合不全
11908,表 6-3-98 ,J38.301,声带白斑
11909,表 6-3-98 ,J38.302,声带出血
11910,表 6-3-98 ,J38.303,声带固定
11911,表 6-3-98 ,J38.304,声带囊肿
11912,表 6-3-98 ,J38.305,声带脓肿
11913,表 6-3-98 ,J38.307,声带松弛
11914,表 6-3-98 ,J38.308,声带肿物
11915,表 6-3-98 ,J38.309,声带角化症
11916,表 6-3-98 ,J38.310,声带瘢痕粘连
11917,表 6-3-98 ,J38.311,声带不典型性增生
11918,表 6-3-98 ,J38.312,声带肉芽肿
11919,表 6-3-98 ,J38.313,声带肥厚
11920,表 6-3-98 ,J38.400,喉水肿
11921,表 6-3-98 ,J38.400x002,声门下水肿
11922,表 6-3-98 ,J38.400x003,声门上水肿
11923,表 6-3-98 ,J38.400x004,声门水肿
11924,表 6-3-98 ,J38.401,声带任克氏间隙水肿
11925,表 6-3-98 ,J38.402,声带水肿
11926,表 6-3-98 ,J38.500,喉痉挛
11927,表 6-3-98 ,J38.600,喉狭窄
11928,表 6-3-98 ,J38.601,喉梗阻
11929,表 6-3-98 ,J38.700x001,喉室带囊肿
11930,表 6-3-98 ,J38.700x003,喉肌弱症
11931,表 6-3-98 ,J38.700x007,喉内炎性肿物
11932,表 6-3-98 ,J38.700x009,喉坏死
11933,表 6-3-98 ,J38.700x013,环杓关节炎
11934,表 6-3-98 ,J38.700x017,室带肥厚
11935,表 6-3-98 ,J38.700x021,喉蜂窝织炎
11936,表 6-3-98 ,J38.700x022,喉软骨膜炎
11937,表 6-3-98 ,J38.700x027,喉粘膜不典型增生
11938,表 6-3-98 ,J38.701,后天性喉瘘
11939,表 6-3-98 ,J38.702,创伤性喉蹼
11940,表 6-3-98 ,J38.703,喉瘢痕
11941,表 6-3-98 ,J38.704,喉溃疡
11942,表 6-3-98 ,J38.705,喉囊肿
11943,表 6-3-98 ,J38.706,喉白斑
11944,表 6-3-98 ,J38.707,喉脓肿
11945,表 6-3-98 ,J38.708,喉肿物
11946,表 6-3-98 ,J38.709,喉皮肥厚
11947,表 6-3-98 ,J38.710,喉肉芽肿
11948,表 6-3-98 ,J38.711,喉硬结病
11949,表 6-3-98 ,J38.712,喉角化症
11950,表 6-3-98 ,J38.714,会厌溃疡
11951,表 6-3-98 ,J38.715,会厌囊肿
11952,表 6-3-98 ,J38.716,会厌脓肿
11953,表 6-3-98 ,J38.717,会厌肉芽肿
11954,表 6-3-98 ,J38.718,会厌增生
11955,表 6-3-98 ,J38.719,声门狭窄
11956,表 6-3-98 ,J38.720,环杓关节强硬
11957,表 6-3-98 ,J38.721,舌骨大角综合征
11958,表 6-3-98 ,J39.000x001,咽侧壁炎性肿物
11959,表 6-3-98 ,J39.001,咽后脓肿
11960,表 6-3-98 ,J39.002,咽周脓肿
11961,表 6-3-98 ,J39.003,咽旁脓肿
11962,表 6-3-98 ,J39.101,咽蜂窝织炎
11963,表 6-3-98 ,J39.200x004,咽下部囊肿
11964,表 6-3-98 ,J39.200x008,喉咽部狭窄
11965,表 6-3-98 ,J39.200x009,咽下部狭窄
11966,表 6-3-98 ,J39.200x015,咽肌麻痹
11967,表 6-3-98 ,J39.200x016,鼻咽肿物
11968,表 6-3-98 ,J39.200x020,鼻咽溃疡
11969,表 6-3-98 ,J39.201,瘢痕性咽狭窄
11970,表 6-3-98 ,J39.202,鼻咽瘘
11971,表 6-3-98 ,J39.203,鼻咽囊肿
11972,表 6-3-98 ,J39.204,鼻咽狭窄
11973,表 6-3-98 ,J39.205,鼻咽粘连
11974,表 6-3-98 ,J39.206,鼻咽黏膜溃疡
11975,表 6-3-98 ,J39.207,腭咽增生
11976,表 6-3-98 ,J39.208,梨状窝囊肿
11977,表 6-3-98 ,J39.209,梨状窝息肉
11978,表 6-3-98 ,J39.210,咽瘘
11979,表 6-3-98 ,J39.212,咽水肿
11980,表 6-3-98 ,J39.213,咽狭窄
11981,表 6-3-98 ,J39.214,咽角化症
11982,表 6-3-98 ,J39.215,咽部囊肿
11983,表 6-3-98 ,J39.216,咽喉溃疡
11984,表 6-3-98 ,J39.217,咽喉粘连
11985,表 6-3-98 ,J39.218,咽肌痉挛
11986,表 6-3-98 ,J39.219,咽部肿物
11987,表 6-3-98 ,J39.220,咽旁间隙感染
11988,表 6-3-98 ,J39.221,咽旁间隙囊肿
11989,表 6-3-98 ,J39.222,环咽肌痉挛
11990,表 6-3-98 ,J39.223,手术后咽瘘
11991,表 6-3-98 ,J39.224,鼻咽部病变
11992,表 6-3-98 ,J39.225,鼻咽淋巴组织增生
11993,表 6-3-98 ,J39.300,上呼吸道过敏反应
11994,表 6-3-98 ,J39.801,喉气管狭窄
11995,表 6-3-98 ,J39.802,气管瘢痕
11996,表 6-3-98 ,J39.803,气管周围脓肿
11997,表 6-3-98 ,J39.804,气管囊肿
11998,表 6-3-98 ,J39.805,气管狭窄
11999,表 6-3-98 ,J39.806,气管肉芽肿
12000,表 6-3-98 ,J39.807,气管受压
12001,表 6-3-98 ,J39.808,气管软化症
12002,表 6-3-98 ,J39.809,气管坏死
12003,表 6-3-98 ,J39.810,气管息肉
12004,表 6-3-98 ,J39.811,后天性气管憩室
12005,表 6-3-98 ,J39.900,上呼吸道疾病
12006,表 6-3-99 ,J40.x00,支气管炎
12007,表 6-3-99 ,J40.x00x002,纤维素性支气管炎
12008,表 6-3-99 ,J40.x01,气管支气管炎
12009,表 6-3-99 ,J41.000,单纯性慢性支气管炎
12010,表 6-3-99 ,J41.100,黏液脓性慢性支气管炎
12011,表 6-3-99 ,J41.800,混合的单纯性和黏液脓性慢性支气管炎
12012,表 6-3-99 ,J42.x00,慢性支气管炎
12013,表 6-3-99 ,J42.x00x001,慢性气管炎
12014,表 6-3-99 ,J42.x00x003,慢性气管支气管炎
12015,表 6-3-99 ,J42.x00x004,慢性支气管炎急性加重期
12016,表 6-3-99 ,J42.x00x005,慢性支气管炎临床缓解期
12017,表 6-3-99 ,J42.x00x006,慢性支气管炎慢性迁延期
12018,表 6-3-99 ,J42.x01,弥漫性泛细支气管炎
12019,表 6-3-99 ,J43.000,麦克劳德综合征
12020,表 6-3-99 ,J43.000x003,透明肺
12021,表 6-3-99 ,J43.001,单侧肺气肿
12022,表 6-3-99 ,J43.100,全叶肺气肿
12023,表 6-3-99 ,J43.101,全腺泡性肺气肿
12024,表 6-3-99 ,J43.200,小叶中心性肺气肿
12025,表 6-3-99 ,J43.800x001,瘢痕性肺气肿
12026,表 6-3-99 ,J43.900,肺气肿
12027,表 6-3-99 ,J43.900x001,大疱性肺气肿
12028,表 6-3-99 ,J43.901,肺大疱
12029,表 6-3-99 ,J43.902,肺大疱破裂
12030,表 6-3-99 ,J43.903,老年性肺气肿
12031,表 6-3-99 ,J43.904,阻塞性肺气肿
12032,表 6-3-99 ,J44.000,慢性阻塞性肺病伴有急性下呼吸道感染
12033,表 6-3-99 ,J44.100,慢性阻塞性肺病伴有急性加重
12034,表 6-3-99 ,J44.800x001,闭塞性细支气管炎
12035,表 6-3-99 ,J44.801,慢性支气管炎伴肺气肿
12036,表 6-3-99 ,J44.802,慢性喘息性支气管炎
12037,表 6-3-99 ,J44.803,慢性气肿性支气管炎
12038,表 6-3-99 ,J44.805,慢性细支气管炎
12039,表 6-3-99 ,J44.806,慢性阻塞性支气管炎
12040,表 6-3-99 ,J44.807,哮喘-慢阻肺重叠综合征
12041,表 6-3-99 ,J44.900,慢性阻塞性肺病
12042,表 6-3-99 ,J44.900x002,慢性阻塞性肺疾病I级
12043,表 6-3-99 ,J44.900x003,慢性阻塞性肺疾病II级
12044,表 6-3-99 ,J44.900x004,慢性阻塞性肺疾病III级
12045,表 6-3-99 ,J44.900x005,慢性阻塞性肺疾病IV级
12046,表 6-3-99 ,J45.000,主要为变应性哮喘
12047,表 6-3-99 ,J45.000x001,药物性支气管哮喘
12048,表 6-3-99 ,J45.000x003,职业性支气管哮喘
12049,表 6-3-99 ,J45.002,阿司匹林哮喘
12050,表 6-3-99 ,J45.003,变态反应性支气管哮喘
12051,表 6-3-99 ,J45.004,过敏性鼻炎伴哮喘
12052,表 6-3-99 ,J45.005,咳嗽变异性哮喘
12053,表 6-3-99 ,J45.006,儿童期哮喘
12054,表 6-3-99 ,J45.007,外源性支气管哮喘
12055,表 6-3-99 ,J45.100,非变应性哮喘
12056,表 6-3-99 ,J45.100x002,月经期支气管哮喘
12057,表 6-3-99 ,J45.100x003,运动性支气管哮喘
12058,表 6-3-99 ,J45.800,混合性哮喘
12059,表 6-3-99 ,J45.900,哮喘
12060,表 6-3-99 ,J45.900x001,支气管哮喘
12061,表 6-3-99 ,J45.900x002,难治性支气管哮喘
12062,表 6-3-99 ,J45.900x011,支气管哮喘(完全控制)
12063,表 6-3-99 ,J45.900x012,支气管哮喘(部分控制)
12064,表 6-3-99 ,J45.900x013,支气管哮喘(未控制)
12065,表 6-3-99 ,J45.900x021,支气管哮喘(急性发作期)
12066,表 6-3-99 ,J45.900x023,支气管哮喘(临床缓解期)
12067,表 6-3-99 ,J45.900x031,支气管哮喘(间歇发作)
12068,表 6-3-99 ,J45.900x041,哮喘性肺炎
12069,表 6-3-99 ,J45.901,哮喘性支气管炎
12070,表 6-3-99 ,J45.902,迟发型哮喘
12071,表 6-3-99 ,J45.903,支气管哮喘，非危重
12072,表 6-3-99 ,J46.x00x002,支气管哮喘急性发作(轻度)
12073,表 6-3-99 ,J46.x00x003,支气管哮喘急性发作(中度)
12074,表 6-3-99 ,J46.x00x006,闭锁肺综合征
12075,表 6-3-99 ,J46.x00x008,支气管哮喘(慢性持续期)
12076,表 6-3-99 ,J46.x00x009,支气管哮喘(轻度持续)
12077,表 6-3-99 ,J46.x00x010,支气管哮喘(中度持续)
12078,表 6-3-99 ,J46.x01,支气管哮喘，重度
12079,表 6-3-99 ,J46.x02,支气管哮喘，危重
12080,表 6-3-99 ,J47.x00,支气管扩张(症)
12081,表 6-3-99 ,J47.x01,支气管扩张伴咯血
12082,表 6-3-99 ,J47.x02,细支气管扩张
12083,表 6-3-99 ,J47.x03,支气管扩张伴感染
12084,表 6-3-100 ,J60.x00,煤炭工肺尘埃沉着病
12085,表 6-3-100 ,J60.x00x002,碳末沉着病[炭肺]
12086,表 6-3-100 ,J60.x00x003,煤工尘肺壹期
12087,表 6-3-100 ,J60.x00x004,煤工尘肺贰期
12088,表 6-3-100 ,J60.x00x005,煤工尘肺叁期
12089,表 6-3-100 ,J60.x01,煤矽肺
12090,表 6-3-100 ,J61.x00x001,石棉肺壹期
12091,表 6-3-100 ,J61.x00x002,石棉肺贰期
12092,表 6-3-100 ,J61.x00x003,石棉肺叁期
12093,表 6-3-100 ,J61.x01,石棉肺
12094,表 6-3-100 ,J62.000x001,滑石尘肺壹期
12095,表 6-3-100 ,J62.000x002,滑石尘肺贰期
12096,表 6-3-100 ,J62.000x003,滑石尘肺叁期
12097,表 6-3-100 ,J62.001,滑石粉尘肺
12098,表 6-3-100 ,J62.800x002,矽肺性肺纤维化
12099,表 6-3-100 ,J62.800x003,矽肺[硅肺]I期
12100,表 6-3-100 ,J62.800x004,矽肺[硅肺]II期
12101,表 6-3-100 ,J62.800x005,矽肺[硅肺]III期
12102,表 6-3-100 ,J62.800x006,陶工尘肺壹期
12103,表 6-3-100 ,J62.800x007,陶工尘肺贰期
12104,表 6-3-100 ,J62.800x008,陶工尘肺叁期
12105,表 6-3-100 ,J62.801,陶工尘肺
12106,表 6-3-100 ,J62.802,硅沉着病
12107,表 6-3-100 ,J62.803,矽肺
12108,表 6-3-100 ,J62.804,石匠哮喘
12109,表 6-3-100 ,J63.000,矾土肺(肺的)
12110,表 6-3-100 ,J63.000x001,铝尘肺壹期
12111,表 6-3-100 ,J63.000x002,铝尘肺贰期
12112,表 6-3-100 ,J63.000x003,铝尘肺叁期
12113,表 6-3-100 ,J63.001,铝尘肺
12114,表 6-3-100 ,J63.100,铁矾土纤维化(肺的)
12115,表 6-3-100 ,J63.200,铍中毒
12116,表 6-3-100 ,J63.201,铍肺
12117,表 6-3-100 ,J63.300x001,石墨尘肺壹期
12118,表 6-3-100 ,J63.300x002,石墨尘肺贰期
12119,表 6-3-100 ,J63.300x003,石墨尘肺叁期
12120,表 6-3-100 ,J63.301,石墨尘肺
12121,表 6-3-100 ,J63.400,肺铁末沉着病
12122,表 6-3-100 ,J63.500,锡沉着病
12123,表 6-3-100 ,J63.800,无机粉尘引起的肺尘埃沉着病，其他特指的
12124,表 6-3-100 ,J63.800x001,铸工尘肺
12125,表 6-3-100 ,J63.800x003,电焊工尘肺
12126,表 6-3-100 ,J63.800x005,云母尘肺
12127,表 6-3-100 ,J63.800x009,锑尘肺
12128,表 6-3-100 ,J63.800x010,钡尘肺
12129,表 6-3-100 ,J63.800x011,硬金属肺病
12130,表 6-3-100 ,J63.800x012,水泥尘肺壹期
12131,表 6-3-100 ,J63.800x013,水泥尘肺贰期
12132,表 6-3-100 ,J63.800x014,水泥尘肺叁期
12133,表 6-3-100 ,J63.800x015,铸工尘肺壹期
12134,表 6-3-100 ,J63.800x016,铸工尘肺贰期
12135,表 6-3-100 ,J63.800x017,铸工尘肺叁期
12136,表 6-3-100 ,J63.800x018,电焊工尘肺壹期
12137,表 6-3-100 ,J63.800x019,电焊工尘肺贰期
12138,表 6-3-100 ,J63.800x020,电焊工尘肺叁期
12139,表 6-3-100 ,J63.800x021,云母尘肺壹期
12140,表 6-3-100 ,J63.800x022,云母尘肺贰期
12141,表 6-3-100 ,J63.800x023,云母尘肺叁期
12142,表 6-3-100 ,J63.800x024,炭黑尘肺壹期
12143,表 6-3-100 ,J63.800x025,炭黑尘肺贰期
12144,表 6-3-100 ,J63.800x026,炭黑尘肺叁期
12145,表 6-3-100 ,J63.801,磨工尘肺
12146,表 6-3-100 ,J63.802,水泥尘肺
12147,表 6-3-100 ,J63.803,炭黑尘肺
12148,表 6-3-100 ,J64.x00,肺尘埃沉着病
12149,表 6-3-100 ,J65.x00,与结核有关的肺尘埃沉着病
12150,表 6-3-100 ,J66.000,棉屑沉着病
12151,表 6-3-100 ,J66.100,亚麻清铲工病
12152,表 6-3-100 ,J66.200,大麻沉着病
12153,表 6-3-100 ,J66.800,有机粉尘引起的气道疾病，其他特指的
12154,表 6-3-100 ,J67.000,农民肺
12155,表 6-3-100 ,J67.100,蔗尘肺
12156,表 6-3-100 ,J67.200,好鸟者肺
12157,表 6-3-100 ,J67.200x002,鹦鹉肺
12158,表 6-3-100 ,J67.200x003,饲鸽者肺
12159,表 6-3-100 ,J67.300,软木沉着病
12160,表 6-3-100 ,J67.400,麦芽工人肺
12161,表 6-3-100 ,J67.400x002,棒状曲霉菌性肺泡炎
12162,表 6-3-100 ,J67.500,蘑菇工人肺
12163,表 6-3-100 ,J67.600,剥枫树皮者肺
12164,表 6-3-100 ,J67.600x001,皮质隐子座菌性肺泡炎
12165,表 6-3-100 ,J67.700x001,空调肺
12166,表 6-3-100 ,J67.700x002,加湿器肺
12167,表 6-3-100 ,J67.800x001,过敏性鱼食肺
12168,表 6-3-100 ,J67.800x002,过敏性红杉锯屑病
12169,表 6-3-100 ,J67.800x003,过敏性洗奶酪肺
12170,表 6-3-100 ,J67.800x004,过敏性皮毛肺
12171,表 6-3-100 ,J67.800x005,过敏性咖啡肺
12172,表 6-3-100 ,J67.900,有机粉尘引起的过敏性肺炎
12173,表 6-3-100 ,J68.000x001,吸入有毒气体性肺炎
12174,表 6-3-100 ,J68.000x002,急性化学性支气管炎
12175,表 6-3-100 ,J68.001,化学性肺炎
12176,表 6-3-100 ,J68.002,化学性支气管炎
12177,表 6-3-100 ,J68.101,化学性肺水肿
12178,表 6-3-100 ,J68.201,化学性上呼吸道炎症
12179,表 6-3-100 ,J68.301,反应性气道功能障碍综合征
12180,表 6-3-100 ,J68.400,化学制剂、气体、烟雾和蒸气引起的慢性呼吸性情况
12181,表 6-3-100 ,J68.800,化学制剂、气体、烟雾和蒸气引起的其他呼吸性情况
12182,表 6-3-100 ,J68.900,化学制剂、气体、烟雾和蒸气引起的呼吸性情况
12183,表 6-3-100 ,J69.000,食物和呕吐物引起的肺炎
12184,表 6-3-100 ,J69.000x002,吸入胃分泌物引起的肺炎
12185,表 6-3-100 ,J69.000x004,吸入奶引起的肺炎
12186,表 6-3-100 ,J69.001,吸入性肺炎
12187,表 6-3-100 ,J69.100x001,吸入油引起的肺炎
12188,表 6-3-100 ,J69.101,脂质性肺炎
12189,表 6-3-100 ,J69.800x001,吸入血引起的肺炎
12190,表 6-3-100 ,J70.001,放射性肺炎
12191,表 6-3-100 ,J70.101,放射性肺纤维化
12192,表 6-3-100 ,J70.200,急性药物性间质性肺疾患
12193,表 6-3-100 ,J70.200x002,亚急性药物性肺疾病
12194,表 6-3-100 ,J70.300,慢性药物性间质性肺疾患
12195,表 6-3-100 ,J70.400,药物性间质性肺疾患
12196,表 6-3-100 ,J70.800,外部物质引起的呼吸性情况，其他特指的
12197,表 6-3-100 ,J70.900,外部物质引起的呼吸性情况
12198,表 6-3-101 ,J80.x00,成人型呼吸窘迫综合征
12199,表 6-3-101 ,J80.x01,急性呼吸窘迫综合征
12200,表 6-3-101 ,J81.x00,肺水肿
12201,表 6-3-101 ,J81.x00x002,急性肺水肿
12202,表 6-3-101 ,J82.x00x001,肺嗜酸性粒细胞增多症
12203,表 6-3-101 ,J82.x00x002,热带性肺嗜酸性粒细胞增多症
12204,表 6-3-101 ,J82.x00x004,哮喘性肺嗜酸性粒细胞增多症
12205,表 6-3-101 ,J82.x00x005,吕弗勒综合征
12206,表 6-3-101 ,J82.x01,嗜酸细胞性肺炎
12207,表 6-3-101 ,J84.000x003,弥漫性肺泡出血综合征
12208,表 6-3-101 ,J84.001,肺泡蛋白沉积症
12209,表 6-3-101 ,J84.002,肺泡微结石症
12210,表 6-3-101 ,J84.100x006,致纤维化肺泡炎
12211,表 6-3-101 ,J84.100x007,继发性肺间质纤维化
12212,表 6-3-101 ,J84.100x008,弥漫性肺间质纤维化
12213,表 6-3-101 ,J84.101,肺间质纤维化
12214,表 6-3-101 ,J84.102,肺肉芽肿
12215,表 6-3-101 ,J84.103,哈曼-里奇综合征
12216,表 6-3-101 ,J84.104,特发性肺间质纤维化
12217,表 6-3-101 ,J84.105,间质性纤维化性肺泡炎
12218,表 6-3-101 ,J84.108,机化性肺炎
12219,表 6-3-101 ,J84.109,炎症后肺纤维化
12220,表 6-3-101 ,J84.110,肺硬化
12221,表 6-3-101 ,J84.800x003,寻常型间质性肺炎
12222,表 6-3-101 ,J84.800x004,隐源性机化性肺炎
12223,表 6-3-101 ,J84.800x005,非特异性间质性肺炎
12224,表 6-3-101 ,J84.800x006,呼吸性细支气管炎伴间质性肺病
12225,表 6-3-101 ,J84.800x007,急性间质性肺炎
12226,表 6-3-101 ,J84.800x008,肺淋巴管瘤病
12227,表 6-3-101 ,J84.801,脱屑性间质性肺炎
12228,表 6-3-101 ,J84.802,胆固醇肺炎
12229,表 6-3-101 ,J84.803,肺弥漫性间质病变
12230,表 6-3-101 ,J84.804,淋巴细胞性间质性肺炎
12231,表 6-3-101 ,J84.805,内源性脂质性肺炎
12232,表 6-3-101 ,J84.900,间质性肺病
12233,表 6-3-102 ,J85.000x002,肺坏疽
12234,表 6-3-102 ,J85.001,肺坏死
12235,表 6-3-102 ,J85.002,坏疽性肺炎
12236,表 6-3-102 ,J85.100,肺脓肿伴有肺炎
12237,表 6-3-102 ,J85.200,肺脓肿不伴有肺炎
12238,表 6-3-102 ,J85.300,纵隔脓肿
12239,表 6-3-102 ,J86.000,脓胸伴有瘘
12240,表 6-3-102 ,J86.000x006,支气管胃瘘
12241,表 6-3-102 ,J86.000x012,肝胆支气管瘘
12242,表 6-3-102 ,J86.000x013,支气管胆管瘘
12243,表 6-3-102 ,J86.001,肝胸膜瘘
12244,表 6-3-102 ,J86.002,结肠胸腔瘘
12245,表 6-3-102 ,J86.003,气管食管瘘
12246,表 6-3-102 ,J86.004,食管纵隔瘘
12247,表 6-3-102 ,J86.005,食管胸腔瘘
12248,表 6-3-102 ,J86.006,食管胸膜皮肤瘘
12249,表 6-3-102 ,J86.007,食管支气管瘘
12250,表 6-3-102 ,J86.008,食管胃支气管瘘
12251,表 6-3-102 ,J86.009,手术后支气管胸膜瘘
12252,表 6-3-102 ,J86.010,胸腹瘘
12253,表 6-3-102 ,J86.011,胸胃瘘
12254,表 6-3-102 ,J86.012,胸壁瘘
12255,表 6-3-102 ,J86.013,胸壁窦道
12256,表 6-3-102 ,J86.014,支气管肝脓肿瘘
12257,表 6-3-102 ,J86.015,支气管胃结肠瘘
12258,表 6-3-102 ,J86.016,支气管瘘
12259,表 6-3-102 ,J86.017,支气管胸膜瘘
12260,表 6-3-102 ,J86.018,支气管内脏瘘
12261,表 6-3-102 ,J86.019,纵隔瘘
12262,表 6-3-102 ,J86.020,纵隔支气管瘘
12263,表 6-3-102 ,J86.901,化脓性胸膜炎
12264,表 6-3-102 ,J86.902,包裹性脓胸
12265,表 6-3-102 ,J86.903,脓气胸
12266,表 6-3-103 ,J90.x00,胸腔积液，不可归类在他处者
12267,表 6-3-103 ,J90.x00x002,渗出性胸膜炎
12268,表 6-3-103 ,J90.x00x003,胸膜炎伴积液
12269,表 6-3-103 ,J90.x00x004,浆液性胸膜炎
12270,表 6-3-103 ,J90.x00x005,化学性胸浆膜炎
12271,表 6-3-103 ,J90.x01,包裹性胸膜炎
12272,表 6-3-103 ,J90.x02,急性渗出性胸膜炎
12273,表 6-3-103 ,J92.000,胸膜斑伴有石棉沉着
12274,表 6-3-103 ,J92.900x002,胸膜斑
12275,表 6-3-103 ,J92.901,胸膜肥厚
12276,表 6-3-103 ,J93.003,张力性气胸
12277,表 6-3-103 ,J93.100x001,自发性气胸
12278,表 6-3-103 ,J93.100x002,闭合性气胸
12279,表 6-3-103 ,J93.800x001,包裹性气胸
12280,表 6-3-103 ,J93.900,气胸
12281,表 6-3-103 ,J94.000,乳糜性渗出
12282,表 6-3-103 ,J94.101,胸膜纤维化
12283,表 6-3-103 ,J94.200,血胸
12284,表 6-3-103 ,J94.201,血气胸
12285,表 6-3-103 ,J94.800x003,特发性胸腔积液
12286,表 6-3-103 ,J94.800x004,胸膜囊肿
12287,表 6-3-103 ,J94.800x010,血性胸水
12288,表 6-3-103 ,J94.801,液气胸
12289,表 6-3-103 ,J94.802,包裹性胸腔积液
12290,表 6-3-103 ,J94.804,胸腔积液
12291,表 6-3-103 ,J94.805,胸膜粘连
12292,表 6-3-103 ,J94.806,胸膜钙化
12293,表 6-3-103 ,J94.807,胸膜纤维样增生
12294,表 6-3-103 ,J94.900x001,胸膜病变
12295,表 6-3-103 ,J94.901,胸膜肿物
12296,表 6-3-104 ,J95.000,气管造口术功能不全
12297,表 6-3-104 ,J95.000x001,气管造口术后吻合口脓毒病
12298,表 6-3-104 ,J95.000x002,气管切开术后拔管困难
12299,表 6-3-104 ,J95.000x007,气管造口术后口出血
12300,表 6-3-104 ,J95.001,气管造口术后气管皮肤瘘
12301,表 6-3-104 ,J95.002,气管造口感染
12302,表 6-3-104 ,J95.003,气管造口术后狭窄
12303,表 6-3-104 ,J95.004,气管造口术后气管食管瘘
12304,表 6-3-104 ,J95.005,气管造口术后气道阻塞
12305,表 6-3-104 ,J95.100,胸腔手术后的急性肺功能不全
12306,表 6-3-104 ,J95.200,非胸腔手术后的急性肺功能不全
12307,表 6-3-104 ,J95.300,手术后慢性肺功能不全
12308,表 6-3-104 ,J95.400,门德尔松综合征
12309,表 6-3-104 ,J95.401,吸入性麻醉引起的化学性肺炎
12310,表 6-3-104 ,J95.500,操作后的声门下狭窄
12311,表 6-3-104 ,J95.501,手术后喉狭窄
12312,表 6-3-104 ,J95.800x001,气管插管后喉水肿
12313,表 6-3-104 ,J95.800x004,手术操作后呼吸衰竭
12314,表 6-3-104 ,J95.800x009,主支气管吻合口狭窄
12315,表 6-3-104 ,J95.800x010,气管吻合口狭窄
12316,表 6-3-104 ,J95.800x012,手术后气管食管瘘
12317,表 6-3-104 ,J95.800x013,手术后气管瘘
12318,表 6-3-104 ,J95.800x016,手术后脓胸
12319,表 6-3-104 ,J95.800x021,手术后成人呼吸窘迫综合症
12320,表 6-3-104 ,J95.801,手术后胸腔积液
12321,表 6-3-104 ,J95.802,呼吸机相关性肺炎
12322,表 6-3-104 ,J95.803,空鼻综合征
12323,表 6-3-104 ,J95.804,手术后气胸
12324,表 6-3-104 ,J95.805,手术后喉水肿
12325,表 6-3-104 ,J95.806,手术后声带麻痹
12326,表 6-3-104 ,J95.807,手术后声带粘连
12327,表 6-3-104 ,J95.808,手术后气管狭窄
12328,表 6-3-104 ,J95.809,手术后喉粘连
12329,表 6-3-104 ,J95.810,手术后支气管吻合口狭窄
12330,表 6-3-104 ,J95.811,手术后肺水肿
12331,表 6-3-104 ,J95.900,呼吸性疾患，操作后的
12332,表 6-3-104 ,J96.000,急性呼吸衰竭
12333,表 6-3-104 ,J96.100,慢性呼吸衰竭
12334,表 6-3-104 ,J96.900x001,呼吸衰竭
12335,表 6-3-104 ,J96.900x002,I型呼吸衰竭
12336,表 6-3-104 ,J96.900x003,Ⅱ型呼吸衰竭
12337,表 6-3-104 ,J98.000x009,支气管软化
12338,表 6-3-104 ,J98.000x011,支气管痉挛
12339,表 6-3-104 ,J98.000x012,气管支气管肥大症
12340,表 6-3-104 ,J98.000x013,气管支气管软骨骨形成症
12341,表 6-3-104 ,J98.001,支气管黏膜纤维组织增生
12342,表 6-3-104 ,J98.002,支气管憩室
12343,表 6-3-104 ,J98.003,支气管结石
12344,表 6-3-104 ,J98.004,支气管息肉
12345,表 6-3-104 ,J98.005,支气管狭窄
12346,表 6-3-104 ,J98.006,支气管肉芽肿
12347,表 6-3-104 ,J98.007,支气管溃疡
12348,表 6-3-104 ,J98.008,支气管钙化
12349,表 6-3-104 ,J98.009,支气管阻塞
12350,表 6-3-104 ,J98.010,支气管骨化
12351,表 6-3-104 ,J98.011,支气管囊肿
12352,表 6-3-104 ,J98.100,肺萎陷
12353,表 6-3-104 ,J98.101,肺不张
12354,表 6-3-104 ,J98.102,肺中叶综合征
12355,表 6-3-104 ,J98.200,间质性肺气肿
12356,表 6-3-104 ,J98.201,纵隔气肿
12357,表 6-3-104 ,J98.300,代偿性肺气肿
12358,表 6-3-104 ,J98.400x001,肺病
12359,表 6-3-104 ,J98.400x005,肺厚壁空洞
12360,表 6-3-104 ,J98.400x008,肺假性肿瘤
12361,表 6-3-104 ,J98.400x012,过敏性支气管肺疾患
12362,表 6-3-104 ,J98.400x013,炎症性损毁肺
12363,表 6-3-104 ,J98.400x016,肺炎性肿物
12364,表 6-3-104 ,J98.400x019,血管炎性肺损害
12365,表 6-3-104 ,J98.401,多囊肺
12366,表 6-3-104 ,J98.402,肺不典型增生
12367,表 6-3-104 ,J98.403,肺功能不全
12368,表 6-3-104 ,J98.404,肺假性淋巴瘤
12369,表 6-3-104 ,J98.405,肺炎性假瘤
12370,表 6-3-104 ,J98.407,肺假性囊肿
12371,表 6-3-104 ,J98.408,肺膨出
12372,表 6-3-104 ,J98.409,肺囊肿
12373,表 6-3-104 ,J98.410,肺空洞
12374,表 6-3-104 ,J98.411,肺钙化
12375,表 6-3-104 ,J98.412,肺损伤
12376,表 6-3-104 ,J98.413,肺石病
12377,表 6-3-104 ,J98.414,肺部感染
12378,表 6-3-104 ,J98.415,蜂窝肺
12379,表 6-3-104 ,J98.416,毁损肺
12380,表 6-3-104 ,J98.417,支气管源性囊肿
12381,表 6-3-104 ,J98.418,后天性肺疝
12382,表 6-3-104 ,J98.500x001,慢性纵隔炎
12383,表 6-3-104 ,J98.500x007,纵隔萎缩[Retractionofmediastinum]
12384,表 6-3-104 ,J98.500x008,纵隔肉芽肿
12385,表 6-3-104 ,J98.501,急性纵隔炎
12386,表 6-3-104 ,J98.502,纵隔感染
12387,表 6-3-104 ,J98.503,纵隔炎
12388,表 6-3-104 ,J98.504,纵隔疝
12389,表 6-3-104 ,J98.505,纵隔囊肿
12390,表 6-3-104 ,J98.506,纵隔纤维化
12391,表 6-3-104 ,J98.507,纵隔肿物
12392,表 6-3-104 ,J98.508,纵隔炎性假瘤
12393,表 6-3-104 ,J98.600x001,膈膨升
12394,表 6-3-104 ,J98.601,膈肌麻痹
12395,表 6-3-104 ,J98.602,膈肌囊肿
12396,表 6-3-104 ,J98.700,呼吸道感染
12397,表 6-3-104 ,J98.800x001,气管肿物
12398,表 6-3-104 ,J98.800x003,气管憩室
12399,表 6-3-104 ,J98.800x004,大气道狭窄
12400,表 6-3-104 ,J98.800x006,气管梗阻
12401,表 6-3-104 ,J98.800x007,气管假性淋巴瘤
12402,表 6-3-104 ,J98.800x009,气管脓肿
12403,表 6-3-104 ,J98.800x014,气管瘘口狭窄
12404,表 6-3-104 ,J98.800x016,气管角化病
12405,表 6-3-104 ,J98.800x018,纤毛不动综合征
12406,表 6-3-104 ,J98.801,呼吸道梗阻
12407,表 6-3-104 ,J98.802,胸腔感染
12408,表 6-3-104 ,J98.901,胸腔肿物
12409,表 6-3-105 ,K00.000,无牙症
12410,表 6-3-105 ,K00.000x003,少牙畸形
12411,表 6-3-105 ,K00.000x004,先天缺牙
12412,表 6-3-105 ,K00.001,牙齿发育不全
12413,表 6-3-105 ,K00.002,牙齿缺少
12414,表 6-3-105 ,K00.100x001,多生牙
12415,表 6-3-105 ,K00.101,第四臼齿
12416,表 6-3-105 ,K00.200x001,巨牙症
12417,表 6-3-105 ,K00.200x002,釉珠
12418,表 6-3-105 ,K00.200x003,过小牙
12419,表 6-3-105 ,K00.200x005,牛牙症
12420,表 6-3-105 ,K00.200x009,畸形中央尖
12421,表 6-3-105 ,K00.200x010,牙内陷
12422,表 6-3-105 ,K00.201,双生牙
12423,表 6-3-105 ,K00.202,结合齿
12424,表 6-3-105 ,K00.203,套叠齿
12425,表 6-3-105 ,K00.204,融合齿
12426,表 6-3-105 ,K00.205,圆锥齿
12427,表 6-3-105 ,K00.206,齿前突
12428,表 6-3-105 ,K00.207,齿中突
12429,表 6-3-105 ,K00.300x002,无氟釉质不透明
12430,表 6-3-105 ,K00.301,氟牙症
12431,表 6-3-105 ,K00.400,牙形成障碍
12432,表 6-3-105 ,K00.400x001,弯曲牙
12433,表 6-3-105 ,K00.400x002,特奈牙
12434,表 6-3-105 ,K00.400x004,牙根发育不良
12435,表 6-3-105 ,K00.401,区域性牙齿发育异常
12436,表 6-3-105 ,K00.402,釉质发育不全(新生儿)(生后)(生前)
12437,表 6-3-105 ,K00.500x002,壳状牙
12438,表 6-3-105 ,K00.501,牙本质发育不全
12439,表 6-3-105 ,K00.502,牙生长不全
12440,表 6-3-105 ,K00.503,釉质发生不全
12441,表 6-3-105 ,K00.600x002,诞生牙
12442,表 6-3-105 ,K00.600x006,恒牙萌出过迟
12443,表 6-3-105 ,K00.600x007,恒牙早萌
12444,表 6-3-105 ,K00.600x008,低位乳牙
12445,表 6-3-105 ,K00.601,个别乳磨牙早失
12446,表 6-3-105 ,K00.602,新生儿牙
12447,表 6-3-105 ,K00.603,牙齿萌出过早
12448,表 6-3-105 ,K00.604,牙齿萌出过晚
12449,表 6-3-105 ,K00.605,乳齿过早脱落
12450,表 6-3-105 ,K00.608,乳牙滞留
12451,表 6-3-105 ,K00.700,出牙综合征
12452,表 6-3-105 ,K00.800x002,四环素牙
12453,表 6-3-105 ,K00.801,牙齿形成期间颜色改变
12454,表 6-3-105 ,K00.900,牙发育疾患
12455,表 6-3-105 ,K01.000,埋伏牙
12456,表 6-3-105 ,K01.100,阻生牙
12457,表 6-3-105 ,K02.000,牙釉质龋
12458,表 6-3-105 ,K02.001,牙齿白斑点损害
12459,表 6-3-105 ,K02.100,牙本质龋
12460,表 6-3-105 ,K02.101,乳牙中龋
12461,表 6-3-105 ,K02.200,牙骨质龋
12462,表 6-3-105 ,K02.300,静止龋
12463,表 6-3-105 ,K02.400x001,牙折断
12464,表 6-3-105 ,K02.400x002,婴儿黑牙病
12465,表 6-3-105 ,K02.400x003,黑牙折断
12466,表 6-3-105 ,K02.500,龋齿伴牙髓暴露
12467,表 6-3-105 ,K02.800x001,继发龋
12468,表 6-3-105 ,K02.800x002,急性龋
12469,表 6-3-105 ,K02.800x003,乳牙浅龋
12470,表 6-3-105 ,K02.800x005,乳牙深龋
12471,表 6-3-105 ,K02.800x006,恒牙浅龋
12472,表 6-3-105 ,K02.800x007,恒牙中龋
12473,表 6-3-105 ,K02.800x008,恒牙深龋
12474,表 6-3-105 ,K02.900x001,龋病
12475,表 6-3-105 ,K02.901,蔓延性龋
12476,表 6-3-105 ,K03.000,牙过度磨耗
12477,表 6-3-105 ,K03.000x002,牙齿颌面磨损
12478,表 6-3-105 ,K03.001,邻面磨损
12479,表 6-3-105 ,K03.100x001,牙齿磨损
12480,表 6-3-105 ,K03.101,牙齿楔状缺损
12481,表 6-3-105 ,K03.102,净齿剂牙磨损
12482,表 6-3-105 ,K03.103,习惯性牙磨损
12483,表 6-3-105 ,K03.104,职业性牙磨损
12484,表 6-3-105 ,K03.105,宗教仪式性牙磨损
12485,表 6-3-105 ,K03.106,传统性牙磨损
12486,表 6-3-105 ,K03.200x002,牙酸蚀病
12487,表 6-3-105 ,K03.201,特发性牙腐蚀
12488,表 6-3-105 ,K03.202,药物性牙腐蚀
12489,表 6-3-105 ,K03.203,职业性牙腐蚀
12490,表 6-3-105 ,K03.204,持续性呕吐致牙腐蚀
12491,表 6-3-105 ,K03.300,牙病理性吸收
12492,表 6-3-105 ,K03.300x001,牙髓内部肉芽肿
12493,表 6-3-105 ,K03.300x002,牙根外吸收
12494,表 6-3-105 ,K03.300x003,牙内吸收
12495,表 6-3-105 ,K03.400,牙骨质增生
12496,表 6-3-105 ,K03.401,齿槽骨质增生
12497,表 6-3-105 ,K03.500,牙骨粘连
12498,表 6-3-105 ,K03.600x001,牙齿变色
12499,表 6-3-105 ,K03.601,牙石
12500,表 6-3-105 ,K03.602,龈下牙石(龈下垢)
12501,表 6-3-105 ,K03.603,龈上牙石(龈上垢)
12502,表 6-3-105 ,K03.604,牙上沉积物
12503,表 6-3-105 ,K03.700,牙硬组织萌出后颜色改变
12504,表 6-3-105 ,K03.800x001,辐照性牙釉质
12505,表 6-3-105 ,K03.800x002,牙本质过敏症
12506,表 6-3-105 ,K03.800x003,牙隐裂
12507,表 6-3-105 ,K03.800x005,牙震荡
12508,表 6-3-105 ,K03.801,牙根纵裂
12509,表 6-3-105 ,K03.900,牙硬组织疾病
12510,表 6-3-105 ,K04.000,牙髓炎
12511,表 6-3-105 ,K04.000x007,溃疡性牙髓炎
12512,表 6-3-105 ,K04.000x008,增生性牙髓炎
12513,表 6-3-105 ,K04.001,急性牙髓炎
12514,表 6-3-105 ,K04.002,慢性牙髓炎
12515,表 6-3-105 ,K04.006,可逆性牙髓炎
12516,表 6-3-105 ,K04.007,不可逆性牙髓炎
12517,表 6-3-105 ,K04.100,牙髓坏死
12518,表 6-3-105 ,K04.101,牙髓坏疽
12519,表 6-3-105 ,K04.200,牙髓变性
12520,表 6-3-105 ,K04.200x003,牙髓钙化
12521,表 6-3-105 ,K04.201,牙髓石
12522,表 6-3-105 ,K04.300,牙髓异常硬组织形成
12523,表 6-3-105 ,K04.400,急性牙髓源性根尖牙周炎
12524,表 6-3-105 ,K04.401,急性根尖周炎
12525,表 6-3-105 ,K04.500,慢性根尖牙周炎
12526,表 6-3-105 ,K04.500x001,慢性根尖周炎
12527,表 6-3-105 ,K04.501,根尖肉芽肿
12528,表 6-3-105 ,K04.600,根尖周脓肿伴有窦道
12529,表 6-3-105 ,K04.700,根尖周脓肿不伴有窦道
12530,表 6-3-105 ,K04.701,根尖脓肿
12531,表 6-3-105 ,K04.702,牙槽脓肿
12532,表 6-3-105 ,K04.703,剩余牙根脓肿
12533,表 6-3-105 ,K04.800,牙根囊肿
12534,表 6-3-105 ,K04.801,根尖囊肿
12535,表 6-3-105 ,K04.802,根尖周囊肿
12536,表 6-3-105 ,K04.803,残余牙根囊肿
12537,表 6-3-105 ,K04.900,牙髓和根尖周组织其他和未特指的疾病
12538,表 6-3-105 ,K04.901,牙髓和根尖周组织疾病
12539,表 6-3-105 ,K04.902,牙周牙髓综合征
12540,表 6-3-105 ,K05.000,急性龈炎
12541,表 6-3-105 ,K05.000x002,急性龈乳头炎
12542,表 6-3-105 ,K05.100,慢性龈炎
12543,表 6-3-105 ,K05.100x005,龈炎
12544,表 6-3-105 ,K05.100x008,青春期龈炎
12545,表 6-3-105 ,K05.100x010,龈乳头炎
12546,表 6-3-105 ,K05.100x011,菌斑性龈炎
12547,表 6-3-105 ,K05.100x012,萌出性龈炎
12548,表 6-3-105 ,K05.100x013,浆细胞龈炎
12549,表 6-3-105 ,K05.101,化脓性牙龈炎
12550,表 6-3-105 ,K05.102,增生性牙龈炎
12551,表 6-3-105 ,K05.103,溃疡性龈炎
12552,表 6-3-105 ,K05.104,边缘性龈炎
12553,表 6-3-105 ,K05.105,肥大性龈炎
12554,表 6-3-105 ,K05.106,脱屑性龈炎
12555,表 6-3-105 ,K05.200,急性牙周炎
12556,表 6-3-105 ,K05.200x002,急性多发性龈脓肿
12557,表 6-3-105 ,K05.201,牙周脓肿
12558,表 6-3-105 ,K05.202,牙冠周脓肿
12559,表 6-3-105 ,K05.203,牙龈脓肿
12560,表 6-3-105 ,K05.204,急性冠周炎
12561,表 6-3-105 ,K05.300,慢性牙周炎
12562,表 6-3-105 ,K05.300x002,复合性牙周炎
12563,表 6-3-105 ,K05.301,单纯性牙周炎
12564,表 6-3-105 ,K05.400,牙周变性
12565,表 6-3-105 ,K05.400x002,幼年牙周变性
12566,表 6-3-105 ,K05.500x001,咬合创伤
12567,表 6-3-105 ,K05.500x002,侵袭性牙周炎
12568,表 6-3-105 ,K05.500x003,根分歧病变
12569,表 6-3-105 ,K05.500x005,种植体周围炎
12570,表 6-3-105 ,K05.600,牙周病
12571,表 6-3-105 ,K06.000,牙龈退缩
12572,表 6-3-105 ,K06.000x002,局部性牙龈退缩
12573,表 6-3-105 ,K06.000x003,感染后牙龈退缩
12574,表 6-3-105 ,K06.000x004,手术后牙龈退缩
12575,表 6-3-105 ,K06.100,牙龈增厚
12576,表 6-3-105 ,K06.100x001,牙龈增生
12577,表 6-3-105 ,K06.100x002,药物性牙龈增生
12578,表 6-3-105 ,K06.100x003,遗传性龈纤维瘤病
12579,表 6-3-105 ,K06.200,与创伤有关的牙龈和无牙牙槽嵴损害
12580,表 6-3-105 ,K06.800x009,牙周巨细胞肉芽肿
12581,表 6-3-105 ,K06.800x012,牙龈黑斑
12582,表 6-3-105 ,K06.800x013,牙龈粘膜色素沉着
12583,表 6-3-105 ,K06.800x014,种植体周围黏膜炎
12584,表 6-3-105 ,K06.800x015,白血病的龈病损
12585,表 6-3-105 ,K06.801,牙龈化脓性肉芽肿
12586,表 6-3-105 ,K06.802,巨细胞性牙龈瘤
12587,表 6-3-105 ,K06.803,牙龈瘤
12588,表 6-3-105 ,K06.804,牙龈出血
12589,表 6-3-105 ,K06.805,牙龈瘘管
12590,表 6-3-105 ,K06.806,牙龈溃疡
12591,表 6-3-105 ,K06.807,牙龈息肉
12592,表 6-3-105 ,K06.808,牙槽嵴松弛
12593,表 6-3-105 ,K06.809,纤维性牙龈瘤
12594,表 6-3-105 ,K06.810,龈沟赘生物
12595,表 6-3-105 ,K06.900,牙龈和无牙牙槽嵴疾患
12596,表 6-3-105 ,K06.901,牙龈肿物
12597,表 6-3-105 ,K07.000x002,上颌骨纤维增生
12598,表 6-3-105 ,K07.000x004,下颌骨增生
12599,表 6-3-105 ,K07.000x007,巨上颌
12600,表 6-3-105 ,K07.000x008,小下颌
12601,表 6-3-105 ,K07.000x009,小上颌
12602,表 6-3-105 ,K07.000x011,颏后缩
12603,表 6-3-105 ,K07.000x012,方颏畸形
12604,表 6-3-105 ,K07.000x013,颏部畸形
12605,表 6-3-105 ,K07.002,巨颌症
12606,表 6-3-105 ,K07.003,颌骨发育不全
12607,表 6-3-105 ,K07.004,上颌骨骨质增生
12608,表 6-3-105 ,K07.005,上颌骨发育不全
12609,表 6-3-105 ,K07.006,下颌骨骨质增生
12610,表 6-3-105 ,K07.007,下颌发育不全
12611,表 6-3-105 ,K07.008,下颌角肥大
12612,表 6-3-105 ,K07.009,下颌角肥大伴咬肌肥大
12613,表 6-3-105 ,K07.010,小颌畸形
12614,表 6-3-105 ,K07.011,小颏畸形
12615,表 6-3-105 ,K07.012,唇腭裂术后颌骨发育不全
12616,表 6-3-105 ,K07.100x008,错𬌗畸形骨性I类
12617,表 6-3-105 ,K07.100x009,错𬌗畸形骨性Ⅱ类
12618,表 6-3-105 ,K07.100x010,错𬌗畸形骨性Ⅲ类
12619,表 6-3-105 ,K07.100x011,颏部前突
12620,表 6-3-105 ,K07.100x012,上颌前突下颌后缩
12621,表 6-3-105 ,K07.100x014,上颌后缩下颌前突
12622,表 6-3-105 ,K07.100x015,长面综合征
12623,表 6-3-105 ,K07.100x016,短面综合征
12624,表 6-3-105 ,K07.100x017,下颌前突偏斜
12625,表 6-3-105 ,K07.101,偏颌畸形
12626,表 6-3-105 ,K07.102,双突颌畸形
12627,表 6-3-105 ,K07.103,上颌后缩
12628,表 6-3-105 ,K07.104,上颌前突
12629,表 6-3-105 ,K07.105,上下颌前突畸形
12630,表 6-3-105 ,K07.106,下颌后缩
12631,表 6-3-105 ,K07.107,下颌偏斜
12632,表 6-3-105 ,K07.108,下颌前突
12633,表 6-3-105 ,K07.109,颌后缩
12634,表 6-3-105 ,K07.110,颌骨不对称
12635,表 6-3-105 ,K07.200x001,后牙开𬌗
12636,表 6-3-105 ,K07.200x002,后牙锁合
12637,表 6-3-105 ,K07.200x003,前牙反𬌗
12638,表 6-3-105 ,K07.200x005,深覆𬌗
12639,表 6-3-105 ,K07.200x011,错𬌗畸形安氏I类
12640,表 6-3-105 ,K07.200x012,错𬌗畸形安氏Ⅱ类
12641,表 6-3-105 ,K07.200x013,错𬌗畸形安氏Ⅲ类
12642,表 6-3-105 ,K07.200x014,深覆盖
12643,表 6-3-105 ,K07.201,覆咬合
12644,表 6-3-105 ,K07.202,前牙开𬌗
12645,表 6-3-105 ,K07.203,牙弓中线偏离
12646,表 6-3-105 ,K07.204,咬合异常
12647,表 6-3-105 ,K07.205,反𬌗
12648,表 6-3-105 ,K07.300x003,牙齿位置异常
12649,表 6-3-105 ,K07.300x005,牙齿间隙
12650,表 6-3-105 ,K07.300x006,牙齿扭转
12651,表 6-3-105 ,K07.300x007,牙齿移位
12652,表 6-3-105 ,K07.300x008,第一恒磨牙异位萌出
12653,表 6-3-105 ,K07.300x009,牙的病理性移位
12654,表 6-3-105 ,K07.301,牙错位
12655,表 6-3-105 ,K07.302,牙列不齐
12656,表 6-3-105 ,K07.303,牙体缺损
12657,表 6-3-105 ,K07.304,牙拥挤
12658,表 6-3-105 ,K07.305,异位牙
12659,表 6-3-105 ,K07.400x001,错𬌗畸形
12660,表 6-3-105 ,K07.500x002,颌骨闭合异常
12661,表 6-3-105 ,K07.600,颞下颌关节疾患
12662,表 6-3-105 ,K07.600x001,颞下颌关节紊乱病
12663,表 6-3-105 ,K07.600x003,颞下颌关节强直
12664,表 6-3-105 ,K07.601,陈旧性颞下颌关节脱位
12665,表 6-3-105 ,K07.602,颞颌关节综合征
12666,表 6-3-105 ,K07.603,颞颌关节骨关节病
12667,表 6-3-105 ,K07.604,颞颌关节炎
12668,表 6-3-105 ,K07.800x001,颜面部缺损
12669,表 6-3-105 ,K07.900,牙面畸形
12670,表 6-3-105 ,K07.901,下颌畸形
12671,表 6-3-105 ,K07.902,颌骨畸形
12672,表 6-3-105 ,K07.903,颌骨先天畸形
12673,表 6-3-105 ,K08.000,全身性疾病引起的牙脱落
12674,表 6-3-105 ,K08.101,单颌牙列缺失
12675,表 6-3-105 ,K08.102,外伤性牙齿缺失
12676,表 6-3-105 ,K08.103,后天性牙齿缺失
12677,表 6-3-105 ,K08.104,牙列部分缺失
12678,表 6-3-105 ,K08.201,无牙牙槽突萎缩
12679,表 6-3-105 ,K08.202,牙槽骨萎缩
12680,表 6-3-105 ,K08.203,牙槽嵴萎缩
12681,表 6-3-105 ,K08.204,牙槽突萎缩
12682,表 6-3-105 ,K08.300x002,残留牙根
12683,表 6-3-105 ,K08.302,残冠
12684,表 6-3-105 ,K08.801,牙痛
12685,表 6-3-105 ,K08.802,牙槽嵴裂
12686,表 6-3-105 ,K08.803,牙槽突不齐
12687,表 6-3-105 ,K08.804,牙槽嵴黏膜角化过度
12688,表 6-3-105 ,K08.805,牙槽突裂
12689,表 6-3-105 ,K08.806,牙槽出血
12690,表 6-3-105 ,K08.807,牙槽隐性裂
12691,表 6-3-105 ,K08.808,牙槽嵴增大
12692,表 6-3-105 ,K08.809,牙槽骨缺损
12693,表 6-3-105 ,K08.900,牙及支持结构疾患
12694,表 6-3-105 ,K09.000,发育性牙源性囊肿
12695,表 6-3-105 ,K09.000x005,颌骨发育性牙源性囊肿
12696,表 6-3-105 ,K09.000x007,颌骨始基囊肿
12697,表 6-3-105 ,K09.001,含牙囊肿
12698,表 6-3-105 ,K09.002,萌牙囊肿
12699,表 6-3-105 ,K09.003,牙龈囊肿
12700,表 6-3-105 ,K09.004,颌骨含牙囊肿
12701,表 6-3-105 ,K09.005,始基囊肿
12702,表 6-3-105 ,K09.100x001,腭骨囊肿
12703,表 6-3-105 ,K09.100x003,球上颌囊肿
12704,表 6-3-105 ,K09.100x004,口腔发育性(非牙源性)囊肿
12705,表 6-3-105 ,K09.100x006,鼻腭囊肿
12706,表 6-3-105 ,K09.102,鼻牙槽囊肿
12707,表 6-3-105 ,K09.103,鼻腭管囊肿
12708,表 6-3-105 ,K09.200,颌的其他囊肿
12709,表 6-3-105 ,K09.200x001,颌骨囊肿
12710,表 6-3-105 ,K09.201,颌出血性囊肿
12711,表 6-3-105 ,K09.202,颌动脉瘤性囊肿
12712,表 6-3-105 ,K09.203,髁状突囊肿
12713,表 6-3-105 ,K09.204,上颌骨囊肿
12714,表 6-3-105 ,K09.205,下颌骨囊肿
12715,表 6-3-105 ,K09.800x005,爱泼斯坦小结[口底皮样囊肿]
12716,表 6-3-105 ,K09.801,腮腺淋巴上皮囊肿
12717,表 6-3-105 ,K09.804,颏部皮样囊肿
12718,表 6-3-105 ,K09.805,颊囊肿
12719,表 6-3-105 ,K09.806,口腔表皮样囊肿
12720,表 6-3-105 ,K09.807,口腔皮样囊肿
12721,表 6-3-105 ,K09.808,口腔黏液腺囊肿
12722,表 6-3-105 ,K09.809,口腔淋巴上皮囊肿
12723,表 6-3-105 ,K09.900x001,口腔囊肿
12724,表 6-3-105 ,K10.000,颌的发育性疾患
12725,表 6-3-105 ,K10.000x002,腭隆凸
12726,表 6-3-105 ,K10.000x003,颌的潜伏性骨囊肿
12727,表 6-3-105 ,K10.000x004,斯塔夫尼囊肿
12728,表 6-3-105 ,K10.001,下颌隆凸
12729,表 6-3-105 ,K10.002,腭裂手术后畸形
12730,表 6-3-105 ,K10.100,中心性巨细胞肉芽肿
12731,表 6-3-105 ,K10.100x001,颌骨中枢性巨细胞病变
12732,表 6-3-105 ,K10.100x003,颌下区肉芽肿
12733,表 6-3-105 ,K10.101,颌骨巨细胞修复性肉芽肿
12734,表 6-3-105 ,K10.102,颌骨巨细胞肉芽肿
12735,表 6-3-105 ,K10.103,颌肉芽肿
12736,表 6-3-105 ,K10.200,颌的炎性情况
12737,表 6-3-105 ,K10.200x009,新生儿颌骨骨髓炎
12738,表 6-3-105 ,K10.201,放射性颌骨坏死
12739,表 6-3-105 ,K10.202,颌骨骨髓炎
12740,表 6-3-105 ,K10.203,颌骨放射性骨髓炎
12741,表 6-3-105 ,K10.204,颌骨炎性增生
12742,表 6-3-105 ,K10.205,颌骨骨炎
12743,表 6-3-105 ,K10.206,颌骨死骨
12744,表 6-3-105 ,K10.207,化脓性颌骨髓炎
12745,表 6-3-105 ,K10.208,髁状突炎
12746,表 6-3-105 ,K10.209,慢性下颌骨边缘性骨髓炎
12747,表 6-3-105 ,K10.210,慢性下颌骨中央性骨髓炎
12748,表 6-3-105 ,K10.211,慢性颌骨炎
12749,表 6-3-105 ,K10.212,下颌炎性窦道
12750,表 6-3-105 ,K10.213,下颌骨局限坏死
12751,表 6-3-105 ,K10.214,翼腭窝炎
12752,表 6-3-105 ,K10.300x003,颌骨牙槽炎
12753,表 6-3-105 ,K10.301,牙槽骨骨炎
12754,表 6-3-105 ,K10.302,干槽症
12755,表 6-3-105 ,K10.800x002,腭血肿
12756,表 6-3-105 ,K10.800x005,颌骨纤维异常增殖症
12757,表 6-3-105 ,K10.800x006,颌骨骨质增生
12758,表 6-3-105 ,K10.800x008,家族性巨颌症
12759,表 6-3-105 ,K10.800x010,颌骨单侧髁突增生
12760,表 6-3-105 ,K10.800x011,颌骨单侧髁突发育不全
12761,表 6-3-105 ,K10.800x012,髁突肥大
12762,表 6-3-105 ,K10.801,单侧髁状突肥大
12763,表 6-3-105 ,K10.802,髁状突骨疣
12764,表 6-3-105 ,K10.803,后天性腭畸形
12765,表 6-3-105 ,K10.804,颌骨纤维结构发育不良
12766,表 6-3-105 ,K10.805,颌外生性骨疣
12767,表 6-3-105 ,K10.808,上腭穿孔
12768,表 6-3-105 ,K10.809,颌部瘤样纤维组织增生
12769,表 6-3-105 ,K10.900x002,颌骨缺损
12770,表 6-3-105 ,K10.901,颌骨肿物
12771,表 6-3-105 ,K11.000,涎腺萎缩
12772,表 6-3-105 ,K11.100x002,下颌下腺良性增生
12773,表 6-3-105 ,K11.100x004,唾液腺肥大
12774,表 6-3-105 ,K11.101,腮腺肥大
12775,表 6-3-105 ,K11.102,颌下腺肥大
12776,表 6-3-105 ,K11.200,涎腺炎
12777,表 6-3-105 ,K11.200x009,下颌下腺炎
12778,表 6-3-105 ,K11.200x011,舌下腺炎
12779,表 6-3-105 ,K11.200x012,慢性唾液腺炎
12780,表 6-3-105 ,K11.200x014,硬化性唾液腺炎
12781,表 6-3-105 ,K11.201,急性腮腺炎
12782,表 6-3-105 ,K11.202,急性颌下腺炎
12783,表 6-3-105 ,K11.203,急性舌下腺炎
12784,表 6-3-105 ,K11.204,慢性腮腺炎
12785,表 6-3-105 ,K11.205,慢性颌下腺炎
12786,表 6-3-105 ,K11.206,慢性舌下腺炎
12787,表 6-3-105 ,K11.207,腮腺炎性假瘤
12788,表 6-3-105 ,K11.208,硬化性涎腺炎
12789,表 6-3-105 ,K11.209,阻塞性颌下腺炎
12790,表 6-3-105 ,K11.210,阻塞性腮腺炎
12791,表 6-3-105 ,K11.211,化脓性腮腺炎
12792,表 6-3-105 ,K11.300,涎腺脓肿
12793,表 6-3-105 ,K11.301,腮腺脓肿
12794,表 6-3-105 ,K11.302,颌下腺脓肿
12795,表 6-3-105 ,K11.303,舌下腺脓肿
12796,表 6-3-105 ,K11.400,涎腺瘘
12797,表 6-3-105 ,K11.400x003,唾液导管瘘
12798,表 6-3-105 ,K11.401,腮腺瘘
12799,表 6-3-105 ,K11.402,腮腺导管瘘
12800,表 6-3-105 ,K11.404,颌下腺瘘
12801,表 6-3-105 ,K11.500x003,舌下管结石
12802,表 6-3-105 ,K11.500x005,唾液腺导管结石
12803,表 6-3-105 ,K11.501,腮腺导管结石
12804,表 6-3-105 ,K11.503,颌下腺导管结石
12805,表 6-3-105 ,K11.600,涎腺黏液囊肿
12806,表 6-3-105 ,K11.600x005,口腔黏膜粘液囊肿
12807,表 6-3-105 ,K11.600x008,舌下腺粘液囊肿
12808,表 6-3-105 ,K11.601,腮腺囊肿
12809,表 6-3-105 ,K11.602,腮腺涎液潴留
12810,表 6-3-105 ,K11.603,舌下腺囊肿
12811,表 6-3-105 ,K11.604,舌下囊肿
12812,表 6-3-105 ,K11.605,颌下腺囊肿
12813,表 6-3-105 ,K11.606,颌下腺黏液囊肿
12814,表 6-3-105 ,K11.700x001,唾液分泌紊乱
12815,表 6-3-105 ,K11.700x002,唾液分泌过少
12816,表 6-3-105 ,K11.700x003,流涎症
12817,表 6-3-105 ,K11.701,口干燥症
12818,表 6-3-105 ,K11.800,涎腺的其他疾病
12819,表 6-3-105 ,K11.800x002,腮腺唾液潴留
12820,表 6-3-105 ,K11.800x006,坏死性唾液腺化生
12821,表 6-3-105 ,K11.800x007,唾液腺肉芽肿
12822,表 6-3-105 ,K11.800x010,腮腺结节病
12823,表 6-3-105 ,K11.801,涎腺管狭窄
12824,表 6-3-105 ,K11.802,米库利奇病
12825,表 6-3-105 ,K11.803,腮腺管扩张
12826,表 6-3-105 ,K11.804,腮腺肉芽肿
12827,表 6-3-105 ,K11.805,涎腺良性淋巴上皮损害
12828,表 6-3-105 ,K11.806,涎腺管扩张
12829,表 6-3-105 ,K11.807,涎腺导管阻塞
12830,表 6-3-105 ,K11.900x004,唾液腺病
12831,表 6-3-105 ,K11.901,腮腺区肿物
12832,表 6-3-105 ,K11.902,涎腺肿物
12833,表 6-3-105 ,K11.903,颌下腺肿物
12834,表 6-3-105 ,K12.000,复发性口腔阿弗他溃疡
12835,表 6-3-105 ,K12.000x001,轻型阿弗他溃疡
12836,表 6-3-105 ,K12.001,复发性坏死性黏膜腺周炎
12837,表 6-3-105 ,K12.002,口腔阿弗他溃疡
12838,表 6-3-105 ,K12.003,疱疹样口炎
12839,表 6-3-105 ,K12.100x002,过敏性口炎
12840,表 6-3-105 ,K12.100x011,尼古丁口炎
12841,表 6-3-105 ,K12.100x012,药物性口炎
12842,表 6-3-105 ,K12.100x013,糜烂性口炎
12843,表 6-3-105 ,K12.101,创伤性口腔黏膜溃疡
12844,表 6-3-105 ,K12.102,腭部溃疡
12845,表 6-3-105 ,K12.103,腭溃疡穿孔
12846,表 6-3-105 ,K12.105,腭部炎性假瘤
12847,表 6-3-105 ,K12.106,变应性口炎
12848,表 6-3-105 ,K12.107,溃疡性口炎
12849,表 6-3-105 ,K12.108,义齿性口炎
12850,表 6-3-105 ,K12.109,口腔黏膜溃疡
12851,表 6-3-105 ,K12.110,口底炎性假瘤
12852,表 6-3-105 ,K12.111,口腔感染
12853,表 6-3-105 ,K12.112,口腔炎
12854,表 6-3-105 ,K12.114,小疱性口炎
12855,表 6-3-105 ,K12.115,颊溃疡
12856,表 6-3-105 ,K12.116,口腔炎性肿块
12857,表 6-3-105 ,K12.117,上腭炎性肿物
12858,表 6-3-105 ,K12.200x003,颏下间隙感染
12859,表 6-3-105 ,K12.200x011,口底多间隙感染
12860,表 6-3-105 ,K12.200x012,颌下感染
12861,表 6-3-105 ,K12.200x017,口腔内脓肿
12862,表 6-3-105 ,K12.200x018,软腭脓肿
12863,表 6-3-105 ,K12.200x019,硬腭脓肿
12864,表 6-3-105 ,K12.201,口腔脓肿
12865,表 6-3-105 ,K12.202,颌下间隙感染
12866,表 6-3-105 ,K12.203,颊部脓肿
12867,表 6-3-105 ,K12.204,颊间隙感染
12868,表 6-3-105 ,K12.205,颊瘘
12869,表 6-3-105 ,K12.206,腭瘘
12870,表 6-3-105 ,K12.207,颌下瘘管
12871,表 6-3-105 ,K12.208,口腔瘘管
12872,表 6-3-105 ,K12.209,口腔皮肤瘘
12873,表 6-3-105 ,K12.210,眶下间隙感染
12874,表 6-3-105 ,K12.211,颞下间隙感染
12875,表 6-3-105 ,K12.212,舌下间隙感染
12876,表 6-3-105 ,K12.213,咬肌间隙感染
12877,表 6-3-105 ,K12.214,口蜂窝织炎
12878,表 6-3-105 ,K12.215,翼下颌间隙感染
12879,表 6-3-105 ,K12.216,牙源性面部皮肤瘘
12880,表 6-3-105 ,K12.217,颌面间隙感染
12881,表 6-3-105 ,K12.218,颊黏膜脓肿
12882,表 6-3-105 ,K12.301,黏膜炎（口腔）（口咽）
12883,表 6-3-105 ,K12.302,药物性黏膜炎（口腔）（口咽）
12884,表 6-3-105 ,K12.303,放射性黏膜炎（口腔）（口咽）
12885,表 6-3-105 ,K12.304,病毒性黏膜炎（口腔）（口咽）
12886,表 6-3-105 ,K12.305,腭黏膜炎
12887,表 6-3-105 ,K13.000x001,感染性口角炎
12888,表 6-3-105 ,K13.000x006,剥脱性唇炎
12889,表 6-3-105 ,K13.000x007,腺性唇炎
12890,表 6-3-105 ,K13.000x012,唇表皮化
12891,表 6-3-105 ,K13.000x014,唇黏液囊肿
12892,表 6-3-105 ,K13.000x016,烧伤后唇畸形
12893,表 6-3-105 ,K13.000x017,变应性接触性唇炎
12894,表 6-3-105 ,K13.000x018,唇脓肿
12895,表 6-3-105 ,K13.000x023,唇结节病
12896,表 6-3-105 ,K13.001,唇瘘
12897,表 6-3-105 ,K13.002,唇瘢痕
12898,表 6-3-105 ,K13.003,唇肥厚
12899,表 6-3-105 ,K13.004,唇畸形
12900,表 6-3-105 ,K13.005,唇溃疡
12901,表 6-3-105 ,K13.006,唇囊肿
12902,表 6-3-105 ,K13.007,唇息肉
12903,表 6-3-105 ,K13.008,唇外翻
12904,表 6-3-105 ,K13.009,唇肉芽肿
12905,表 6-3-105 ,K13.010,唇部肿物
12906,表 6-3-105 ,K13.011,唇蜂窝织炎
12907,表 6-3-105 ,K13.012,唇鳞状上皮增生
12908,表 6-3-105 ,K13.013,唇炎
12909,表 6-3-105 ,K13.014,口角炎
12910,表 6-3-105 ,K13.015,唇皲裂
12911,表 6-3-105 ,K13.016,唇疼
12912,表 6-3-105 ,K13.100,颊和唇咬伤
12913,表 6-3-105 ,K13.101,颊咬伤
12914,表 6-3-105 ,K13.200x004,口腔灶性上皮增生
12915,表 6-3-105 ,K13.200x005,烟斑
12916,表 6-3-105 ,K13.200x006,白色角化症
12917,表 6-3-105 ,K13.200x007,口腔黏膜红斑
12918,表 6-3-105 ,K13.200x009,口腔黏膜白色水肿
12919,表 6-3-105 ,K13.200x010,颊鳞状上皮增生
12920,表 6-3-105 ,K13.200x011,腭黏膜上皮增生
12921,表 6-3-105 ,K13.201,腭黏膜角化不良
12922,表 6-3-105 ,K13.202,腭白斑
12923,表 6-3-105 ,K13.203,口腔白斑
12924,表 6-3-105 ,K13.204,口腔黏膜过度角化
12925,表 6-3-105 ,K13.205,舌白斑
12926,表 6-3-105 ,K13.206,舌白色水肿
12927,表 6-3-105 ,K13.207,舌良性过度角化症
12928,表 6-3-105 ,K13.208,牙龈白斑
12929,表 6-3-105 ,K13.209,颊白斑
12930,表 6-3-105 ,K13.210,舌鳞状上皮增生
12931,表 6-3-105 ,K13.300,毛状白斑
12932,表 6-3-105 ,K13.400,口腔黏膜肉芽肿和类肉芽肿损害
12933,表 6-3-105 ,K13.400x001,口腔黏膜结节病
12934,表 6-3-105 ,K13.400x002,口腔黏膜浆细胞肉芽肿
12935,表 6-3-105 ,K13.400x004,口腔黏膜化脓性肉芽肿
12936,表 6-3-105 ,K13.401,口腔黏膜肉芽肿
12937,表 6-3-105 ,K13.402,口腔黏膜嗜酸性肉芽肿
12938,表 6-3-105 ,K13.403,口腔黏膜疣状黄瘤
12939,表 6-3-105 ,K13.500,口腔黏膜下纤维化
12940,表 6-3-105 ,K13.500x002,腭部黏膜下纤维化
12941,表 6-3-105 ,K13.600,口腔黏膜刺激性增生
12942,表 6-3-105 ,K13.600x001,口腔黏膜炎性增生
12943,表 6-3-105 ,K13.601,口腔黏膜增生
12944,表 6-3-105 ,K13.602,腭增生症
12945,表 6-3-105 ,K13.603,腭黏膜息肉
12946,表 6-3-105 ,K13.700,口腔黏膜其他的损害
12947,表 6-3-105 ,K13.700x001,腭部瘢痕
12948,表 6-3-105 ,K13.700x003,腭黏膜炎症
12949,表 6-3-105 ,K13.700x004,后天性颊沟畸形
12950,表 6-3-105 ,K13.700x006,口腔毛息肉
12951,表 6-3-105 ,K13.700x007,颊部炎症
12952,表 6-3-105 ,K13.700x009,慢性颊黏膜下炎症
12953,表 6-3-105 ,K13.700x010,口腔内血管增生
12954,表 6-3-105 ,K13.700x011,口腔黏膜出血
12955,表 6-3-105 ,K13.700x013,后天性软腭畸形
12956,表 6-3-105 ,K13.700x018,翼沟过长
12957,表 6-3-105 ,K13.700x019,腭垂囊肿
12958,表 6-3-105 ,K13.700x021,软腭肥厚
12959,表 6-3-105 ,K13.700x022,腭麻痹
12960,表 6-3-105 ,K13.700x023,软腭麻痹
12961,表 6-3-105 ,K13.700x024,软腭震颤
12962,表 6-3-105 ,K13.700x025,金属引起的口腔黏膜病变
12963,表 6-3-105 ,K13.700x026,颊部息肉
12964,表 6-3-105 ,K13.702,口腔肿物
12965,表 6-3-105 ,K13.703,口腔瘢痕
12966,表 6-3-105 ,K13.704,口腔黏蛋白沉积症
12967,表 6-3-105 ,K13.705,口腔出血
12968,表 6-3-105 ,K13.706,后天性小口畸形
12969,表 6-3-105 ,K13.707,颊部炎性假瘤
12970,表 6-3-105 ,K13.709,腭咽闭合不全
12971,表 6-3-105 ,K13.710,悬雍垂(腭垂)肥大
12972,表 6-3-105 ,K13.711,悬雍垂(腭垂)息肉
12973,表 6-3-105 ,K13.714,软腭肿瘤放疗后畸形
12974,表 6-3-105 ,K13.715,下颌前庭沟过浅
12975,表 6-3-105 ,K14.000,舌炎
12976,表 6-3-105 ,K14.000x006,舌创伤性溃疡
12977,表 6-3-105 ,K14.000x007,舌部嗜酸性溃疡
12978,表 6-3-105 ,K14.001,舌脓肿
12979,表 6-3-105 ,K14.002,舌炎性肿块
12980,表 6-3-105 ,K14.003,舌溃疡
12981,表 6-3-105 ,K14.004,舌乳突炎
12982,表 6-3-105 ,K14.100x001,地图舌
12983,表 6-3-105 ,K14.102,移行性舌炎
12984,表 6-3-105 ,K14.200,正中菱形舌炎
12985,表 6-3-105 ,K14.300,舌乳头肥大
12986,表 6-3-105 ,K14.300x001,毛舌
12987,表 6-3-105 ,K14.300x003,舌苔
12988,表 6-3-105 ,K14.300x004,叶状乳头肥大
12989,表 6-3-105 ,K14.301,舌叶乳头增生
12990,表 6-3-105 ,K14.302,黑毛舌
12991,表 6-3-105 ,K14.400,舌乳头萎缩
12992,表 6-3-105 ,K14.400x001,光面舌
12993,表 6-3-105 ,K14.401,萎缩性舌炎
12994,表 6-3-105 ,K14.500x001,裂纹舌
12995,表 6-3-105 ,K14.500x002,沟纹舌
12996,表 6-3-105 ,K14.600x001,舌痛症
12997,表 6-3-105 ,K14.800x003,舌瘘管
12998,表 6-3-105 ,K14.800x005,舌畸形
12999,表 6-3-105 ,K14.800x010,舌牙痕
13000,表 6-3-105 ,K14.800x012,舌息肉
13001,表 6-3-105 ,K14.800x013,舌粘连
13002,表 6-3-105 ,K14.801,舌肉芽肿
13003,表 6-3-105 ,K14.802,舌出血
13004,表 6-3-105 ,K14.803,舌肥大
13005,表 6-3-105 ,K14.804,舌萎缩
13006,表 6-3-105 ,K14.805,舌囊肿
13007,表 6-3-105 ,K14.807,舌肌阵挛
13008,表 6-3-105 ,K14.808,舌瘢痕
13009,表 6-3-105 ,K14.809,舌尖瘘管
13010,表 6-3-105 ,K14.900x002,强直舌
13011,表 6-3-105 ,K14.900x003,舌的静脉曲张
13012,表 6-3-105 ,K14.900x004,舌缺损
13013,表 6-3-105 ,K14.901,舌肿物
13014,表 6-3-106 ,K20.x00,食管炎
13015,表 6-3-106 ,K20.x00x001,贲门炎
13016,表 6-3-106 ,K20.x00x003,创伤性食管炎
13017,表 6-3-106 ,K20.x00x006,食管脓肿
13018,表 6-3-106 ,K20.x01,化学性食管炎
13019,表 6-3-106 ,K20.x02,放射性食管炎
13020,表 6-3-106 ,K20.x03,手术后食管炎
13021,表 6-3-106 ,K21.001,反流性食管炎
13022,表 6-3-106 ,K21.900x003,胃食管反流
13023,表 6-3-106 ,K21.901,食管反流
13024,表 6-3-106 ,K21.902,贲门松弛
13025,表 6-3-106 ,K21.903,喉咽反流
13026,表 6-3-106 ,K22.000x001,贲门痉挛
13027,表 6-3-106 ,K22.000x002,贲门失弛缓
13028,表 6-3-106 ,K22.100,食管溃疡
13029,表 6-3-106 ,K22.101,贲门糜烂
13030,表 6-3-106 ,K22.102,贲门溃疡
13031,表 6-3-106 ,K22.103,食管糜烂
13032,表 6-3-106 ,K22.200,食管梗阻
13033,表 6-3-106 ,K22.201,贲门梗阻
13034,表 6-3-106 ,K22.202,贲门狭窄
13035,表 6-3-106 ,K22.203,食管受压
13036,表 6-3-106 ,K22.204,食管挛缩
13037,表 6-3-106 ,K22.205,食管狭窄
13038,表 6-3-106 ,K22.206,胡桃夹食管
13039,表 6-3-106 ,K22.207,创伤性食管狭窄
13040,表 6-3-106 ,K22.208,手术后食管狭窄
13041,表 6-3-106 ,K22.209,后天性食管蹼
13042,表 6-3-106 ,K22.300,食管穿孔
13043,表 6-3-106 ,K22.301,食管破裂
13044,表 6-3-106 ,K22.400,食管运动障碍
13045,表 6-3-106 ,K22.400x003,螺旋状食管
13046,表 6-3-106 ,K22.401,食管痉挛
13047,表 6-3-106 ,K22.500,后天性食管憩室
13048,表 6-3-106 ,K22.600x001,贲门撕裂症
13049,表 6-3-106 ,K22.601,食管贲门黏膜撕裂综合征
13050,表 6-3-106 ,K22.700x001,巴氏食管
13051,表 6-3-106 ,K22.800x003,食管肌性肥厚
13052,表 6-3-106 ,K22.800x011,贲门息肉
13053,表 6-3-106 ,K22.801,食管隆起性病变
13054,表 6-3-106 ,K22.802,创伤后食管瘘
13055,表 6-3-106 ,K22.803,食管白斑
13056,表 6-3-106 ,K22.804,食管出血
13057,表 6-3-106 ,K22.805,食管囊肿
13058,表 6-3-106 ,K22.806,食管扩张
13059,表 6-3-106 ,K22.807,食管息肉
13060,表 6-3-106 ,K22.808,食管肠上皮化生
13061,表 6-3-106 ,K22.809,食管黏膜剥脱症
13062,表 6-3-106 ,K22.811,食管瘘
13063,表 6-3-106 ,K22.812,食管黏膜不典型增生
13064,表 6-3-106 ,K22.813,手术后食管瘘
13065,表 6-3-106 ,K22.814,食管炎性肉芽肿
13066,表 6-3-106 ,K22.815,食管黏膜鳞状上皮增生
13067,表 6-3-106 ,K22.900x001,食管功能不全
13068,表 6-3-106 ,K22.901,食管肿物
13069,表 6-3-106 ,K25.000,急性胃溃疡伴有出血
13070,表 6-3-106 ,K25.000x001,胃黏膜下恒径动脉破裂出血
13071,表 6-3-106 ,K25.000x002,急性胃黏膜病变伴出血
13072,表 6-3-106 ,K25.001,迪厄拉富瓦溃疡
13073,表 6-3-106 ,K25.100x001,胃溃疡伴急性穿孔
13074,表 6-3-106 ,K25.200x001,胃溃疡伴出血和急性穿孔
13075,表 6-3-106 ,K25.300x001,急性胃溃疡
13076,表 6-3-106 ,K25.400x001,胃溃疡伴出血
13077,表 6-3-106 ,K25.400x002,胃窦部溃疡伴出血
13078,表 6-3-106 ,K25.401,幽门溃疡伴出血
13079,表 6-3-106 ,K25.500x001,胃溃疡伴穿孔
13080,表 6-3-106 ,K25.501,幽门穿孔
13081,表 6-3-106 ,K25.600,慢性胃溃疡伴有出血和穿孔
13082,表 6-3-106 ,K25.700,慢性胃溃疡不伴有出血或穿孔
13083,表 6-3-106 ,K25.900x001,胃溃疡
13084,表 6-3-106 ,K25.901,残胃溃疡
13085,表 6-3-106 ,K25.902,胃小弯溃疡
13086,表 6-3-106 ,K25.903,幽门管溃疡
13087,表 6-3-106 ,K26.000,急性十二指肠溃疡伴有出血
13088,表 6-3-106 ,K26.001,急性十二指肠球部溃疡并出血
13089,表 6-3-106 ,K26.100,急性十二指肠溃疡伴有穿孔
13090,表 6-3-106 ,K26.200x001,十二指肠溃疡伴出血和急性穿孔
13091,表 6-3-106 ,K26.200x002,十二指肠球部溃疡伴出血和急性穿孔
13092,表 6-3-106 ,K26.300,急性十二指肠溃疡不伴有出血和穿孔
13093,表 6-3-106 ,K26.400x003,十二指肠糜烂出血
13094,表 6-3-106 ,K26.401,十二指肠球部溃疡伴出血
13095,表 6-3-106 ,K26.500x001,十二指肠溃疡伴穿孔
13096,表 6-3-106 ,K26.501,十二指肠球部溃疡伴穿孔
13097,表 6-3-106 ,K26.600,慢性十二指肠溃疡伴有出血和穿孔
13098,表 6-3-106 ,K26.701,慢性十二指肠溃疡
13099,表 6-3-106 ,K26.900x001,十二指肠溃疡
13100,表 6-3-106 ,K26.900x002,十二指肠球部溃疡
13101,表 6-3-106 ,K27.000,急性消化性溃疡伴有出血
13102,表 6-3-106 ,K27.100x001,消化性溃疡伴急性穿孔
13103,表 6-3-106 ,K27.200,急性消化性溃疡伴有出血和穿孔
13104,表 6-3-106 ,K27.300,急性消化性溃疡不伴有出血和穿孔
13105,表 6-3-106 ,K27.400,慢性消化性溃疡伴有出血
13106,表 6-3-106 ,K27.400x001,多发性溃疡伴出血
13107,表 6-3-106 ,K27.400x002,复合性溃疡伴出血
13108,表 6-3-106 ,K27.400x004,消化性溃疡伴出血
13109,表 6-3-106 ,K27.401,应激性溃疡伴出血
13110,表 6-3-106 ,K27.500,慢性消化性溃疡伴有穿孔
13111,表 6-3-106 ,K27.500x001,多发性溃疡伴穿孔
13112,表 6-3-106 ,K27.500x002,复合性溃疡伴穿孔
13113,表 6-3-106 ,K27.500x005,上消化道溃疡伴穿孔
13114,表 6-3-106 ,K27.501,消化性溃疡伴穿孔
13115,表 6-3-106 ,K27.502,应激性溃疡伴穿孔
13116,表 6-3-106 ,K27.503,上消化道穿孔
13117,表 6-3-106 ,K27.600,慢性消化性溃疡伴有出血和穿孔
13118,表 6-3-106 ,K27.600x001,复合性溃疡伴出血和穿孔
13119,表 6-3-106 ,K27.700x001,慢性消化性溃疡
13120,表 6-3-106 ,K27.900x001,多发性复合性溃疡
13121,表 6-3-106 ,K27.900x002,复合性溃疡
13122,表 6-3-106 ,K27.900x005,NSAIDs相关溃疡
13123,表 6-3-106 ,K27.901,消化性溃疡
13124,表 6-3-106 ,K27.902,应激性溃疡
13125,表 6-3-106 ,K28.000,急性胃空肠溃疡伴有出血
13126,表 6-3-106 ,K28.100,急性胃空肠溃疡伴有穿孔
13127,表 6-3-106 ,K28.200,急性胃空肠溃疡伴有出血和穿孔
13128,表 6-3-106 ,K28.300x001,急性胃空肠溃疡
13129,表 6-3-106 ,K28.400x002,吻合口溃疡伴出血
13130,表 6-3-106 ,K28.401,空肠溃疡伴出血
13131,表 6-3-106 ,K28.500,慢性胃空肠溃疡伴有穿孔
13132,表 6-3-106 ,K28.500x001,吻合口溃疡伴穿孔
13133,表 6-3-106 ,K28.600,慢性胃空肠溃疡伴有出血和穿孔
13134,表 6-3-106 ,K28.600x001,空肠溃疡伴出血和穿孔
13135,表 6-3-106 ,K28.700,慢性胃空肠溃疡不伴有出血或穿孔
13136,表 6-3-106 ,K28.900x001,吻合口溃疡
13137,表 6-3-106 ,K28.900x002,吻合口溃疡伴梗阻
13138,表 6-3-106 ,K28.901,空肠溃疡
13139,表 6-3-106 ,K29.000,急性出血性胃炎
13140,表 6-3-106 ,K29.001,急性糜烂出血性胃炎
13141,表 6-3-106 ,K29.100x001,急性胃炎
13142,表 6-3-106 ,K29.101,急性糜烂性胃炎
13143,表 6-3-106 ,K29.200,酒精性胃炎
13144,表 6-3-106 ,K29.300,慢性浅表性胃炎
13145,表 6-3-106 ,K29.400,慢性萎缩性胃炎
13146,表 6-3-106 ,K29.500,慢性胃炎
13147,表 6-3-106 ,K29.501,慢性胃窦炎
13148,表 6-3-106 ,K29.600,胃炎，其他的
13149,表 6-3-106 ,K29.600x006,反流性胃炎
13150,表 6-3-106 ,K29.600x007,应激性胃炎
13151,表 6-3-106 ,K29.601,变应性胃炎
13152,表 6-3-106 ,K29.602,肥厚性胃炎
13153,表 6-3-106 ,K29.603,糜烂性胃炎
13154,表 6-3-106 ,K29.604,梅内特里耶病
13155,表 6-3-106 ,K29.605,肉芽肿性胃炎
13156,表 6-3-106 ,K29.606,胃黏膜肥厚
13157,表 6-3-106 ,K29.608,药物性胃炎
13158,表 6-3-106 ,K29.700,胃炎
13159,表 6-3-106 ,K29.700x002,胃炎性假瘤
13160,表 6-3-106 ,K29.701,残胃炎
13161,表 6-3-106 ,K29.800,十二指肠炎
13162,表 6-3-106 ,K29.801,十二指肠球炎
13163,表 6-3-106 ,K29.802,十二指肠乳头炎
13164,表 6-3-106 ,K29.900,胃十二指肠炎
13165,表 6-3-106 ,K30.x00,功能性消化不良
13166,表 6-3-106 ,K30.x00x001,肠消化不良
13167,表 6-3-106 ,K30.x00x002,新生儿消化不良
13168,表 6-3-106 ,K31.000,急性胃扩张
13169,表 6-3-106 ,K31.100,成人肥厚性幽门狭窄
13170,表 6-3-106 ,K31.100x002,幽门梗阻
13171,表 6-3-106 ,K31.101,瘢痕性幽门梗阻
13172,表 6-3-106 ,K31.102,幽门不全梗阻
13173,表 6-3-106 ,K31.103,幽门肥大
13174,表 6-3-106 ,K31.104,幽门狭窄
13175,表 6-3-106 ,K31.200,胃沙漏状狭窄及缩窄
13176,表 6-3-106 ,K31.300,幽门痉挛
13177,表 6-3-106 ,K31.400,胃憩室
13178,表 6-3-106 ,K31.500,十二指肠梗阻
13179,表 6-3-106 ,K31.501,十二指肠狭窄
13180,表 6-3-106 ,K31.502,十二指肠淤积
13181,表 6-3-106 ,K31.600x004,胃小肠结肠瘘
13182,表 6-3-106 ,K31.600x005,胃瘘
13183,表 6-3-106 ,K31.601,胃空肠结肠瘘
13184,表 6-3-106 ,K31.602,胃结肠瘘
13185,表 6-3-106 ,K31.603,胃腹壁瘘
13186,表 6-3-106 ,K31.604,十二指肠瘘
13187,表 6-3-106 ,K31.605,手术后食管胃瘘
13188,表 6-3-106 ,K31.606,手术后胃瘘
13189,表 6-3-106 ,K31.607,手术后胃小肠瘘
13190,表 6-3-106 ,K31.608,手术后胃大肠瘘
13191,表 6-3-106 ,K31.609,手术后十二指肠瘘
13192,表 6-3-106 ,K31.701,十二指肠息肉
13193,表 6-3-106 ,K31.702,十二指肠球部息肉
13194,表 6-3-106 ,K31.703,胃息肉
13195,表 6-3-106 ,K31.800x801,低张力胃
13196,表 6-3-106 ,K31.800x802,十二指肠白点征
13197,表 6-3-106 ,K31.800x806,十二指肠穿孔
13198,表 6-3-106 ,K31.800x808,胃假性淋巴瘤
13199,表 6-3-106 ,K31.801,胃黏膜肠上皮化生
13200,表 6-3-106 ,K31.802,高张力胃
13201,表 6-3-106 ,K31.803,沙漏状胃痉挛
13202,表 6-3-106 ,K31.804,胃酸过多
13203,表 6-3-106 ,K31.805,胃酸缺乏
13204,表 6-3-106 ,K31.806,胃狭窄
13205,表 6-3-106 ,K31.807,胃痉挛
13206,表 6-3-106 ,K31.808,胃结石
13207,表 6-3-106 ,K31.809,胃麻痹
13208,表 6-3-106 ,K31.810,胃囊肿
13209,表 6-3-106 ,K31.811,胃下垂
13210,表 6-3-106 ,K31.812,胃扭转
13211,表 6-3-106 ,K31.813,胃破裂
13212,表 6-3-106 ,K31.814,胃穿孔
13213,表 6-3-106 ,K31.815,胃黄色斑
13214,表 6-3-106 ,K31.816,胃黏膜脱垂
13215,表 6-3-106 ,K31.818,十二指肠球变形
13216,表 6-3-106 ,K31.819,胃潴留
13217,表 6-3-106 ,K31.820,胃-心综合征
13218,表 6-3-106 ,K31.821,胃粘膜不典型增生
13219,表 6-3-106 ,K31.901,胃排空障碍
13220,表 6-3-106 ,K31.902,胃肿物
13221,表 6-3-106 ,K31.903,十二指肠肿物
13222,表 6-3-106 ,K31.904,急性胃黏膜病变
13223,表 6-3-106 ,K31.905,胃黏膜病变
13224,表 6-3-107 ,K35.200,急性阑尾炎伴有弥漫性腹膜炎
13225,表 6-3-107 ,K35.201,急性阑尾炎破裂或穿孔后伴有弥漫性腹膜炎
13226,表 6-3-107 ,K35.300,急性阑尾炎伴局限性腹膜炎
13227,表 6-3-107 ,K35.301,急性阑尾炎伴腹膜脓肿
13228,表 6-3-107 ,K35.800x001,急性阑尾炎
13229,表 6-3-107 ,K36.x00x003,亚急性阑尾炎
13230,表 6-3-107 ,K36.x00x004,阑尾残端炎
13231,表 6-3-107 ,K36.x01,复发性阑尾炎
13232,表 6-3-107 ,K36.x02,慢性阑尾炎
13233,表 6-3-107 ,K37.x00,阑尾炎
13234,表 6-3-107 ,K37.x00x002,阑尾周围炎
13235,表 6-3-107 ,K38.000,阑尾增生
13236,表 6-3-107 ,K38.000x002,阑尾包块
13237,表 6-3-107 ,K38.100,阑尾结石
13238,表 6-3-107 ,K38.200,阑尾憩室
13239,表 6-3-107 ,K38.300,阑尾瘘
13240,表 6-3-107 ,K38.800x001,闭锁性阑尾
13241,表 6-3-107 ,K38.800x003,阑尾套叠
13242,表 6-3-107 ,K38.800x004,阑尾炎性假瘤
13243,表 6-3-107 ,K38.801,阑尾黏液囊肿
13244,表 6-3-107 ,K38.802,阑尾囊肿
13245,表 6-3-107 ,K38.900,阑尾疾病
13246,表 6-3-108 ,K40.000x001,双侧腹股沟疝伴梗阻
13247,表 6-3-108 ,K40.001,双侧腹股沟斜疝伴梗阻
13248,表 6-3-108 ,K40.002,双侧腹股沟直疝伴梗阻
13249,表 6-3-108 ,K40.100x001,双侧腹股沟疝伴坏疽
13250,表 6-3-108 ,K40.101,双侧腹股沟斜疝伴坏死
13251,表 6-3-108 ,K40.102,双侧腹股沟直疝伴坏死
13252,表 6-3-108 ,K40.200x001,双侧腹股沟疝
13253,表 6-3-108 ,K40.201,双侧腹股沟斜疝
13254,表 6-3-108 ,K40.202,双侧腹股沟直疝
13255,表 6-3-108 ,K40.203,双侧滑动性腹股沟斜疝
13256,表 6-3-108 ,K40.204,双侧腹股沟疝(一侧直疝、一侧斜疝)
13257,表 6-3-108 ,K40.300,单侧或未特指的腹股沟疝，伴有梗阻，不伴有坏疽
13258,表 6-3-108 ,K40.301,单侧绞窄性腹股沟斜疝
13259,表 6-3-108 ,K40.302,单侧绞窄性腹股沟直疝
13260,表 6-3-108 ,K40.303,单侧难复性腹股沟直疝
13261,表 6-3-108 ,K40.304,单侧难复性腹股沟斜疝
13262,表 6-3-108 ,K40.305,单侧嵌顿性腹股沟直疝
13263,表 6-3-108 ,K40.306,单侧嵌顿性腹股沟斜疝
13264,表 6-3-108 ,K40.307,单侧嵌顿性腹股沟疝伴梗阻
13265,表 6-3-108 ,K40.308,单侧滑动性腹股沟疝伴梗阻
13266,表 6-3-108 ,K40.309,腹股沟嵌顿性滑疝
13267,表 6-3-108 ,K40.310,绞窄性腹股沟疝
13268,表 6-3-108 ,K40.311,难复性腹股沟疝
13269,表 6-3-108 ,K40.312,嵌顿性腹股沟疝
13270,表 6-3-108 ,K40.313,嵌顿性腹股沟疝伴梗阻
13271,表 6-3-108 ,K40.314,嵌顿性腹股沟斜疝
13272,表 6-3-108 ,K40.315,腹股沟直疝嵌顿
13273,表 6-3-108 ,K40.400x001,单侧腹股沟疝伴坏疽
13274,表 6-3-108 ,K40.401,单侧腹股沟斜疝伴坏疽
13275,表 6-3-108 ,K40.402,单侧腹股沟直疝伴坏疽
13276,表 6-3-108 ,K40.900x001,腹股沟环松弛
13277,表 6-3-108 ,K40.900x002,单侧腹股沟疝
13278,表 6-3-108 ,K40.900x003,单侧腹股沟斜疝
13279,表 6-3-108 ,K40.900x004,单侧腹股沟直疝
13280,表 6-3-108 ,K40.900x005,腹股沟斜疝合并直疝
13281,表 6-3-108 ,K40.900x006,先天性腹股沟斜疝
13282,表 6-3-108 ,K40.901,腹股沟斜疝
13283,表 6-3-108 ,K40.902,腹股沟直疝
13284,表 6-3-108 ,K40.903,腹股沟滑动疝
13285,表 6-3-108 ,K40.904,复发性腹股沟斜疝
13286,表 6-3-108 ,K40.905,复发性腹股沟直疝
13287,表 6-3-108 ,K40.906,复发性腹股沟疝
13288,表 6-3-108 ,K40.907,阴囊疝
13289,表 6-3-108 ,K41.000,双侧股疝，伴有梗阻，不伴有坏疽
13290,表 6-3-108 ,K41.100x001,双侧股疝伴坏疽
13291,表 6-3-108 ,K41.200x001,双侧股疝
13292,表 6-3-108 ,K41.300x002,单侧绞窄性股疝
13293,表 6-3-108 ,K41.300x003,单侧股疝伴梗阻
13294,表 6-3-108 ,K41.301,绞窄性股疝
13295,表 6-3-108 ,K41.302,嵌顿性股疝
13296,表 6-3-108 ,K41.400x001,单侧股疝伴坏疽
13297,表 6-3-108 ,K41.900x001,股疝
13298,表 6-3-108 ,K42.000x001,脐疝伴梗阻
13299,表 6-3-108 ,K42.001,嵌顿性脐疝
13300,表 6-3-108 ,K42.100x001,坏疽性脐疝
13301,表 6-3-108 ,K42.900,脐疝，不伴有梗阻或坏疽
13302,表 6-3-108 ,K42.901,脐旁疝
13303,表 6-3-108 ,K42.902,复发性脐疝
13304,表 6-3-108 ,K43.000,切口疝，伴有梗阻，不伴有坏疽
13305,表 6-3-108 ,K43.001,梗阻性切口疝
13306,表 6-3-108 ,K43.002,嵌顿性切口疝伴梗阻
13307,表 6-3-108 ,K43.003,不可复性切口疝
13308,表 6-3-108 ,K43.004,狭窄性切口疝
13309,表 6-3-108 ,K43.100,切口疝，伴有坏疽
13310,表 6-3-108 ,K43.200,切口疝，不伴有梗阻和坏疽
13311,表 6-3-108 ,K43.301,梗阻性造口旁疝
13312,表 6-3-108 ,K43.302,嵌顿性造口旁疝，不伴坏疽
13313,表 6-3-108 ,K43.303,不可复性造口旁疝
13314,表 6-3-108 ,K43.304,狭窄性造口旁疝
13315,表 6-3-108 ,K43.400,坏疽性造口旁疝
13316,表 6-3-108 ,K43.500,造口旁疝，不伴梗阻和坏疽
13317,表 6-3-108 ,K43.601,上腹疝伴梗阻
13318,表 6-3-108 ,K43.602,下腹疝伴梗阻
13319,表 6-3-108 ,K43.603,腹中线疝伴梗阻
13320,表 6-3-108 ,K43.604,半月线疝伴梗阻
13321,表 6-3-108 ,K43.605,剑突下疝伴梗阻
13322,表 6-3-108 ,K43.700,其他未特指的坏疽性腹疝
13323,表 6-3-108 ,K44.000x001,膈疝伴梗阻
13324,表 6-3-108 ,K44.000x002,绞窄性膈疝伴梗阻
13325,表 6-3-108 ,K44.100x001,坏疽性膈疝
13326,表 6-3-108 ,K44.900x001,膈疝
13327,表 6-3-108 ,K44.901,食管裂孔疝
13328,表 6-3-108 ,K45.000,腹疝，伴有梗阻，不伴有坏疽，其他特指的
13329,表 6-3-108 ,K45.002,嵌顿性闭孔疝
13330,表 6-3-108 ,K45.003,绞窄性腹疝伴肠梗阻
13331,表 6-3-108 ,K45.100,腹疝，伴有坏疽，其他特指的
13332,表 6-3-108 ,K45.800,"腹疝，不伴有梗阻或坏疽,其他特指的"
13333,表 6-3-108 ,K45.801,坐骨大孔疝
13334,表 6-3-108 ,K45.802,闭孔疝
13335,表 6-3-108 ,K45.804,绞窄性闭孔疝
13336,表 6-3-108 ,K45.805,库珀疝
13337,表 6-3-108 ,K45.806,人工肛门处疝
13338,表 6-3-108 ,K45.807,腰疝
13339,表 6-3-108 ,K45.808,特赖茨窝上疝
13340,表 6-3-108 ,K46.000,腹疝，伴有梗阻，不伴有坏疽
13341,表 6-3-108 ,K46.000x002,腹内疝伴肠梗阻
13342,表 6-3-108 ,K46.001,绞窄性小肠疝
13343,表 6-3-108 ,K46.002,嵌顿性小肠疝
13344,表 6-3-108 ,K46.100,腹疝，伴有坏疽
13345,表 6-3-108 ,K46.100x001,腹内疝伴坏疽
13346,表 6-3-108 ,K46.101,坏疽性小肠疝
13347,表 6-3-108 ,K46.900,腹疝，不伴有梗阻或坏疽
13348,表 6-3-108 ,K46.900x002,腹内疝
13349,表 6-3-108 ,K46.900x003,输入袢内疝
13350,表 6-3-108 ,K46.900x004,网膜裂孔疝
13351,表 6-3-108 ,K46.900x012,大肠疝
13352,表 6-3-108 ,K46.901,肠系膜裂孔疝
13353,表 6-3-108 ,K46.902,肠系膜内疝
13354,表 6-3-108 ,K46.903,阑尾疝
13355,表 6-3-108 ,K46.905,小肠疝
13356,表 6-3-109 ,K50.000,小肠克罗恩病
13357,表 6-3-109 ,K50.000x001,末端性回肠炎
13358,表 6-3-109 ,K50.000x005,十二指肠克罗恩病
13359,表 6-3-109 ,K50.001,空肠克罗恩病
13360,表 6-3-109 ,K50.002,回肠克罗恩病
13361,表 6-3-109 ,K50.101,肉芽肿性结肠炎
13362,表 6-3-109 ,K50.102,结肠克罗恩病
13363,表 6-3-109 ,K50.103,直肠克罗恩病
13364,表 6-3-109 ,K50.104,肉芽肿性盲肠炎
13365,表 6-3-109 ,K50.800,克罗恩病，其他的
13366,表 6-3-109 ,K50.800x001,大肠和小肠克罗恩病
13367,表 6-3-109 ,K50.801,食管克罗恩病
13368,表 6-3-109 ,K50.900,克罗恩病
13369,表 6-3-109 ,K50.902+M07.4*,克罗恩病性关节病
13370,表 6-3-109 ,K51.000,溃疡性(慢性)全结肠炎
13371,表 6-3-109 ,K51.001,溃疡性全结肠炎，轻度
13372,表 6-3-109 ,K51.002,溃疡性全结肠炎，中度
13373,表 6-3-109 ,K51.003,溃疡性全结肠炎，重度
13374,表 6-3-109 ,K51.200x001,溃疡性直肠炎
13375,表 6-3-109 ,K51.201,溃疡性直肠炎，轻度
13376,表 6-3-109 ,K51.202,溃疡性直肠炎，中度
13377,表 6-3-109 ,K51.203,溃疡性直肠炎，重度
13378,表 6-3-109 ,K51.300,慢性溃疡性直肠乙状结肠炎
13379,表 6-3-109 ,K51.301,溃疡性直肠乙状结肠炎，轻度
13380,表 6-3-109 ,K51.302,溃疡性直肠乙状结肠炎，中度
13381,表 6-3-109 ,K51.303,溃疡性直肠乙状结肠炎，重度
13382,表 6-3-109 ,K51.400,炎性息肉
13383,表 6-3-109 ,K51.401,结肠炎性息肉
13384,表 6-3-109 ,K51.500,左侧结肠炎
13385,表 6-3-109 ,K51.800x001,溃疡性结肠炎伴出血
13386,表 6-3-109 ,K51.900,溃疡性结肠炎
13387,表 6-3-109 ,K51.901,溃疡性结肠炎，轻度
13388,表 6-3-109 ,K51.902,溃疡性结肠炎，中度
13389,表 6-3-109 ,K51.903,溃疡性结肠炎，重度
13390,表 6-3-109 ,K51.904+M07.5*,溃疡性结肠炎性关节病
13391,表 6-3-109 ,K52.000,放射性胃肠炎和结肠炎
13392,表 6-3-109 ,K52.000x001,放射性肠炎
13393,表 6-3-109 ,K52.001,放射性结肠炎
13394,表 6-3-109 ,K52.101,中毒性胃肠炎
13395,表 6-3-109 ,K52.102,中毒性肠炎
13396,表 6-3-109 ,K52.103,中毒性腹泻
13397,表 6-3-109 ,K52.104,药物性胃肠炎和结肠炎
13398,表 6-3-109 ,K52.200x004,胃肠道过敏症
13399,表 6-3-109 ,K52.201,过敏性腹泻
13400,表 6-3-109 ,K52.202,过敏性结肠炎
13401,表 6-3-109 ,K52.203,过敏性肠炎
13402,表 6-3-109 ,K52.204,饮食性腹泻
13403,表 6-3-109 ,K52.300,未定型结肠炎
13404,表 6-3-109 ,K52.800x003,嗜酸细胞性小肠炎
13405,表 6-3-109 ,K52.801,胶原性结肠炎
13406,表 6-3-109 ,K52.802,淋巴细胞性结肠炎
13407,表 6-3-109 ,K52.803,嗜酸性细胞性胃炎
13408,表 6-3-109 ,K52.804,嗜酸细胞性胃肠炎
13409,表 6-3-109 ,K52.901,非感染性胃肠炎
13410,表 6-3-109 ,K52.902,非感染性腹泻
13411,表 6-3-109 ,K52.903,非感染性回盲部炎症
13412,表 6-3-109 ,K52.904,非感染性急性肠炎
13413,表 6-3-109 ,K52.907,慢性肠炎
13414,表 6-3-109 ,K52.908,慢性腹泻
13415,表 6-3-109 ,K52.909,慢性胃肠炎
13416,表 6-3-109 ,K52.910,慢性结肠炎
13417,表 6-3-109 ,K52.911,盲肠炎
13418,表 6-3-109 ,K52.912,非感染性乙状结肠炎
13419,表 6-3-109 ,K52.913+M07.6*,肠病性关节炎
13420,表 6-3-109 ,K52.914,肠炎性包块
13421,表 6-3-109 ,K52.917,非感染性小儿肠炎
13422,表 6-3-109 ,K52.918,非感染性婴儿肠炎
13423,表 6-3-109 ,K52.919,非感染性幼儿腹泻
13424,表 6-3-110 ,K55.000,肠急性血管疾患
13425,表 6-3-110 ,K55.000x005,缺血性结肠炎
13426,表 6-3-110 ,K55.000x010,肠系膜上静脉血栓形成
13427,表 6-3-110 ,K55.000x011,肠缺血梗死
13428,表 6-3-110 ,K55.000x015,肠系膜静脉瘤栓
13429,表 6-3-110 ,K55.001,急性肠血管梗死
13430,表 6-3-110 ,K55.002,急性缺血性肠坏死
13431,表 6-3-110 ,K55.003,出血性肠梗死
13432,表 6-3-110 ,K55.004,肠坏死
13433,表 6-3-110 ,K55.005,肠系膜坏疽
13434,表 6-3-110 ,K55.006,肠系膜动脉栓塞
13435,表 6-3-110 ,K55.007,肠系膜静脉血栓形成伴肠坏死
13436,表 6-3-110 ,K55.008,肠系膜动脉血栓形成
13437,表 6-3-110 ,K55.009,肠系膜动脉栓塞伴肠坏死
13438,表 6-3-110 ,K55.010,肠系膜静脉血栓形成
13439,表 6-3-110 ,K55.011,肠系膜静脉栓塞
13440,表 6-3-110 ,K55.012,肠系膜梗死
13441,表 6-3-110 ,K55.013,大网膜坏死
13442,表 6-3-110 ,K55.100,肠慢性血管疾患
13443,表 6-3-110 ,K55.100x001,肠道慢性缺血性综合征
13444,表 6-3-110 ,K55.100x005,慢性肠道血管功能不全
13445,表 6-3-110 ,K55.100x006,慢性缺血性结肠炎
13446,表 6-3-110 ,K55.100x008,慢性缺血性结肠小肠炎
13447,表 6-3-110 ,K55.101,肠系膜动脉狭窄
13448,表 6-3-110 ,K55.102,肠系膜上动脉狭窄
13449,表 6-3-110 ,K55.103,肠系膜动脉硬化
13450,表 6-3-110 ,K55.104,肠系膜动脉供血不足
13451,表 6-3-110 ,K55.105,肠系膜上动脉压迫综合征
13452,表 6-3-110 ,K55.106,慢性缺血性小肠炎
13453,表 6-3-110 ,K55.200,结肠血管发育不良
13454,表 6-3-110 ,K55.200x013,肠血管增生
13455,表 6-3-110 ,K55.201,结肠血管扩张症
13456,表 6-3-110 ,K55.202,肠血管发育不良
13457,表 6-3-110 ,K55.300,小肠血管发育不良
13458,表 6-3-110 ,K55.300x001,小肠毛细血管扩张
13459,表 6-3-110 ,K55.800x003,十二指肠动脉破裂
13460,表 6-3-110 ,K55.800x004,十二指肠动脉压迫综合征
13461,表 6-3-110 ,K55.801,肠系膜动脉炎
13462,表 6-3-110 ,K55.900,肠血管疾患
13463,表 6-3-110 ,K55.900x004,缺血性肠病伴出血
13464,表 6-3-110 ,K55.901,缺血性小肠炎
13465,表 6-3-110 ,K55.902,缺血性肠病
13466,表 6-3-110 ,K56.000,麻痹性肠梗阻
13467,表 6-3-110 ,K56.001,神经源性肠梗阻
13468,表 6-3-110 ,K56.100,肠套叠
13469,表 6-3-110 ,K56.101,结肠套叠
13470,表 6-3-110 ,K56.102,直肠套叠
13471,表 6-3-110 ,K56.200,肠扭转
13472,表 6-3-110 ,K56.200x003,肠系膜扭转
13473,表 6-3-110 ,K56.200x011,空肠扭转
13474,表 6-3-110 ,K56.201,绞窄性肠梗阻
13475,表 6-3-110 ,K56.202,肠绞窄
13476,表 6-3-110 ,K56.203,结肠扭转
13477,表 6-3-110 ,K56.300,胆石性肠梗阻
13478,表 6-3-110 ,K56.400x001,粪便嵌塞
13479,表 6-3-110 ,K56.400x003,肠嵌塞
13480,表 6-3-110 ,K56.401,肠结石
13481,表 6-3-110 ,K56.500x003,粘连性肠梗阻
13482,表 6-3-110 ,K56.501,腹膜粘连伴肠梗阻
13483,表 6-3-110 ,K56.503,肠粘连性狭窄
13484,表 6-3-110 ,K56.600x001,肠绞窄坏死
13485,表 6-3-110 ,K56.600x005,痉挛性肠梗阻
13486,表 6-3-110 ,K56.600x008,结肠梗阻
13487,表 6-3-110 ,K56.601,肠狭窄
13488,表 6-3-110 ,K56.602,乙状结肠狭窄
13489,表 6-3-110 ,K56.603,肠梗阻伴坏死
13490,表 6-3-110 ,K56.604,机械性肠梗阻
13491,表 6-3-110 ,K56.700,肠梗阻
13492,表 6-3-110 ,K56.700x003,完全性肠梗阻
13493,表 6-3-110 ,K56.701,不完全性肠梗阻
13494,表 6-3-110 ,K57.000,小肠憩室病伴有穿孔和脓肿
13495,表 6-3-110 ,K57.001,小肠憩室伴脓肿
13496,表 6-3-110 ,K57.002,小肠憩室病伴腹膜炎
13497,表 6-3-110 ,K57.003,十二指肠憩室伴穿孔
13498,表 6-3-110 ,K57.100x005,小肠憩室
13499,表 6-3-110 ,K57.101,十二指肠憩室梗阻性黄疸综合征
13500,表 6-3-110 ,K57.102,回盲部憩室
13501,表 6-3-110 ,K57.103,空肠憩室
13502,表 6-3-110 ,K57.104,十二指肠憩室
13503,表 6-3-110 ,K57.105,回肠憩室
13504,表 6-3-110 ,K57.106,小肠憩室炎
13505,表 6-3-110 ,K57.107,空肠憩室炎
13506,表 6-3-110 ,K57.108,十二指肠憩室炎
13507,表 6-3-110 ,K57.200x001,大肠憩室伴穿孔
13508,表 6-3-110 ,K57.201,大肠憩室病伴有脓肿
13509,表 6-3-110 ,K57.202,结肠憩室伴腹膜炎
13510,表 6-3-110 ,K57.300x006,大肠憩室
13511,表 6-3-110 ,K57.301,盲肠憩室
13512,表 6-3-110 ,K57.302,直肠憩室
13513,表 6-3-110 ,K57.303,结肠憩室
13514,表 6-3-110 ,K57.304,结肠憩室炎
13515,表 6-3-110 ,K57.305,盲肠憩室炎
13516,表 6-3-110 ,K57.400,小肠和大肠憩室病伴有穿孔和脓肿
13517,表 6-3-110 ,K57.401,小肠和大肠憩室病伴腹膜炎
13518,表 6-3-110 ,K57.500,小肠和大肠憩室病不伴有穿孔或脓肿
13519,表 6-3-110 ,K57.800,肠憩室病，伴有穿孔和脓肿
13520,表 6-3-110 ,K57.800x001,肠憩室病伴有穿孔和脓肿
13521,表 6-3-110 ,K57.801,肠憩室病伴腹膜炎
13522,表 6-3-110 ,K57.900,肠憩室病，不伴有穿孔或脓肿
13523,表 6-3-110 ,K57.900x001,肠憩室伴憩室炎
13524,表 6-3-110 ,K58.100,腹泻型肠易激综合征[IBS-D]
13525,表 6-3-110 ,K58.200,便秘型肠易激综合征[IBS-C]
13526,表 6-3-110 ,K58.300,混合型肠易激综合征[IBS-M]
13527,表 6-3-110 ,K58.800,其他和未特指的肠易激综合征 
13528,表 6-3-110 ,K58.801,肠易激综合征
13529,表 6-3-110 ,K59.000,便秘
13530,表 6-3-110 ,K59.002,粪便潴留
13531,表 6-3-110 ,K59.003,慢传输型便秘
13532,表 6-3-110 ,K59.100,功能性腹泻
13533,表 6-3-110 ,K59.101,肠道菌群失调
13534,表 6-3-110 ,K59.200,神经源性肠
13535,表 6-3-110 ,K59.200x002,神经源性直肠
13536,表 6-3-110 ,K59.200x003,神经源性肠道功能障碍
13537,表 6-3-110 ,K59.301,结肠扩张
13538,表 6-3-110 ,K59.302,后天性巨结肠
13539,表 6-3-110 ,K59.303,中毒性巨结肠
13540,表 6-3-110 ,K59.400,肛门痉挛
13541,表 6-3-110 ,K59.400x002,痉挛性肛部痛
13542,表 6-3-110 ,K59.401,盆底肌痉挛综合征
13543,表 6-3-110 ,K59.800x002,肠扩张
13544,表 6-3-110 ,K59.800x005,结肠松弛
13545,表 6-3-110 ,K59.801,脾曲综合征
13546,表 6-3-110 ,K59.900x001,肠功能紊乱
13547,表 6-3-110 ,K59.900x002,结肠功能紊乱
13548,表 6-3-110 ,K60.000,急性肛裂
13549,表 6-3-110 ,K60.100,慢性肛裂
13550,表 6-3-110 ,K60.200,肛裂
13551,表 6-3-110 ,K60.300,肛瘘
13552,表 6-3-110 ,K60.301,高位肛瘘
13553,表 6-3-110 ,K60.302,低位肛瘘
13554,表 6-3-110 ,K60.303,复杂性肛瘘
13555,表 6-3-110 ,K60.400,直肠瘘
13556,表 6-3-110 ,K60.400x003,肛门会阴瘘
13557,表 6-3-110 ,K60.401,直肠会阴瘘
13558,表 6-3-110 ,K60.402,直肠皮肤瘘
13559,表 6-3-110 ,K60.403,直肠阴囊皮肤瘘
13560,表 6-3-110 ,K60.500,肛门直肠瘘
13561,表 6-3-110 ,K61.000,肛门脓肿
13562,表 6-3-110 ,K61.001,肛周脓肿
13563,表 6-3-110 ,K61.002,肛门蜂窝织炎
13564,表 6-3-110 ,K61.100,直肠脓肿
13565,表 6-3-110 ,K61.101,直肠周围脓肿
13566,表 6-3-110 ,K61.200,肛门直肠脓肿
13567,表 6-3-110 ,K61.300,坐骨直肠窝脓肿
13568,表 6-3-110 ,K61.400,括约肌内脓肿
13569,表 6-3-110 ,K62.000,肛门息肉
13570,表 6-3-110 ,K62.001,肛管息肉
13571,表 6-3-110 ,K62.100,直肠息肉
13572,表 6-3-110 ,K62.100x002,直肠息肉伴出血
13573,表 6-3-110 ,K62.200,脱肛
13574,表 6-3-110 ,K62.200x001,肛门脱垂
13575,表 6-3-110 ,K62.201,肛管脱垂
13576,表 6-3-110 ,K62.202,肛门括约肌脱垂
13577,表 6-3-110 ,K62.300,直肠脱垂
13578,表 6-3-110 ,K62.300x003,直肠黏膜松弛
13579,表 6-3-110 ,K62.301,直肠黏膜脱垂
13580,表 6-3-110 ,K62.400x002,直肠狭窄
13581,表 6-3-110 ,K62.400x003,肛门括约肌失缓症
13582,表 6-3-110 ,K62.400x004,肛门闭锁
13583,表 6-3-110 ,K62.401,肛门狭窄
13584,表 6-3-110 ,K62.402,直肠梗阻
13585,表 6-3-110 ,K62.500x001,直肠出血
13586,表 6-3-110 ,K62.501,肛门出血
13587,表 6-3-110 ,K62.600x002,直肠溃疡
13588,表 6-3-110 ,K62.601,肛管溃疡
13589,表 6-3-110 ,K62.602,肛门周围溃疡
13590,表 6-3-110 ,K62.700,放射性直肠炎
13591,表 6-3-110 ,K62.800x001,出血性直肠炎
13592,表 6-3-110 ,K62.800x005,肛周感染
13593,表 6-3-110 ,K62.800x009,慢性直肠炎
13594,表 6-3-110 ,K62.800x010,直肠穿孔
13595,表 6-3-110 ,K62.800x012,直肠前突
13596,表 6-3-110 ,K62.800x017,耻骨直肠肌肥厚症
13597,表 6-3-110 ,K62.800x021,直肠周围炎
13598,表 6-3-110 ,K62.801,肛窦炎
13599,表 6-3-110 ,K62.802,肛管炎
13600,表 6-3-110 ,K62.803,巨直肠
13601,表 6-3-110 ,K62.804,直肠吻合口瘢痕
13602,表 6-3-110 ,K62.805,直肠不典型增生
13603,表 6-3-110 ,K62.806,直肠纤维钙化
13604,表 6-3-110 ,K62.807,直肠吻合口炎
13605,表 6-3-110 ,K62.808,直肠肉芽肿
13606,表 6-3-110 ,K62.809,直肠瘢痕
13607,表 6-3-110 ,K62.810,直肠囊肿
13608,表 6-3-110 ,K62.811,直肠炎
13609,表 6-3-110 ,K62.812,直肠痛
13610,表 6-3-110 ,K62.813,肛门括约肌松弛
13611,表 6-3-110 ,K62.814,肛管炎性肿物
13612,表 6-3-110 ,K62.815,肛周炎
13613,表 6-3-110 ,K62.816,肛乳头肥大
13614,表 6-3-110 ,K62.817,肛门白斑
13615,表 6-3-110 ,K62.818,肛管囊肿
13616,表 6-3-110 ,K62.819,肛门囊肿
13617,表 6-3-110 ,K62.820,肛门痛
13618,表 6-3-110 ,K62.821,肛门炎
13619,表 6-3-110 ,K62.822,慢性肛管直肠炎
13620,表 6-3-110 ,K62.901,肛旁肿物
13621,表 6-3-110 ,K62.902,肛管肿物
13622,表 6-3-110 ,K62.903,直肠肿物
13623,表 6-3-110 ,K63.000,肠脓肿
13624,表 6-3-110 ,K63.001,小肠脓肿
13625,表 6-3-110 ,K63.100x001,非创伤性肠穿孔
13626,表 6-3-110 ,K63.101,空肠穿孔
13627,表 6-3-110 ,K63.102,回肠穿孔
13628,表 6-3-110 ,K63.103,结肠穿孔
13629,表 6-3-110 ,K63.104,回盲部溃疡伴穿孔
13630,表 6-3-110 ,K63.105,乙状结肠穿孔
13631,表 6-3-110 ,K63.107,肠破裂
13632,表 6-3-110 ,K63.108,小肠穿孔
13633,表 6-3-110 ,K63.200,肠瘘
13634,表 6-3-110 ,K63.200x003,盲管瘘
13635,表 6-3-110 ,K63.200x008,盆腔腹壁瘘
13636,表 6-3-110 ,K63.201,腹壁肠瘘
13637,表 6-3-110 ,K63.202,腹壁盲肠瘘
13638,表 6-3-110 ,K63.203,腹壁窦道
13639,表 6-3-110 ,K63.204,结肠瘘
13640,表 6-3-110 ,K63.205,手术后结肠瘘
13641,表 6-3-110 ,K63.206,手术后盲肠瘘
13642,表 6-3-110 ,K63.207,手术后空肠瘘
13643,表 6-3-110 ,K63.208,手术后回肠瘘
13644,表 6-3-110 ,K63.209,手术后肠腹壁瘘
13645,表 6-3-110 ,K63.210,手术后肠吻合口瘘
13646,表 6-3-110 ,K63.211,手术后小肠结肠瘘
13647,表 6-3-110 ,K63.212,手术后结肠直肠瘘
13648,表 6-3-110 ,K63.213,手术后肠瘘
13649,表 6-3-110 ,K63.214,腹壁瘘
13650,表 6-3-110 ,K63.215,手术后大肠瘘
13651,表 6-3-110 ,K63.216,手术后小肠瘘
13652,表 6-3-110 ,K63.301,回肠溃疡
13653,表 6-3-110 ,K63.302,小肠溃疡
13654,表 6-3-110 ,K63.303,小肠黏膜糜烂
13655,表 6-3-110 ,K63.304,原发性小肠溃疡
13656,表 6-3-110 ,K63.305,结肠溃疡
13657,表 6-3-110 ,K63.306,盲肠溃疡
13658,表 6-3-110 ,K63.307,直肠乙状结肠溃疡
13659,表 6-3-110 ,K63.308,肠糜烂
13660,表 6-3-110 ,K63.400,肠下垂
13661,表 6-3-110 ,K63.401,结肠下垂
13662,表 6-3-110 ,K63.402,回肠黏膜脱垂
13663,表 6-3-110 ,K63.403,内脏下垂
13664,表 6-3-110 ,K63.500,结肠息肉
13665,表 6-3-110 ,K63.500x002,色素沉着性结肠息肉
13666,表 6-3-110 ,K63.500x084,横结肠息肉
13667,表 6-3-110 ,K63.501,升结肠息肉
13668,表 6-3-110 ,K63.502,降结肠息肉
13669,表 6-3-110 ,K63.503,乙状结肠息肉
13670,表 6-3-110 ,K63.504,多发性结肠息肉
13671,表 6-3-110 ,K63.801,肠脂肪垂
13672,表 6-3-110 ,K63.802,小肠囊肿
13673,表 6-3-110 ,K63.803,小肠息肉
13674,表 6-3-110 ,K63.804,小肠肿物
13675,表 6-3-110 ,K63.805,小肠肉芽肿
13676,表 6-3-110 ,K63.806,小肠不典型增生
13677,表 6-3-110 ,K63.807,十二指肠囊肿
13678,表 6-3-110 ,K63.809,结肠积气
13679,表 6-3-110 ,K63.810,结肠囊肿
13680,表 6-3-110 ,K63.812,结肠黑变病
13681,表 6-3-110 ,K63.813,回盲部息肉
13682,表 6-3-110 ,K63.814,回盲部肉芽肿
13683,表 6-3-110 ,K63.815,回盲部黏液性囊肿
13684,表 6-3-110 ,K63.816,盲肠息肉
13685,表 6-3-110 ,K63.817,直肠乙状结肠炎
13686,表 6-3-110 ,K63.818,大肠不典型增生
13687,表 6-3-110 ,K63.819,肠肉芽肿
13688,表 6-3-110 ,K63.900x001,结肠肿物
13689,表 6-3-110 ,K63.900x002,肠上皮化生
13690,表 6-3-110 ,K63.900x003,肠系膜肿物
13691,表 6-3-110 ,K63.900x005,盲肠瘀滞症
13692,表 6-3-110 ,K63.901,回盲部肿物
13693,表 6-3-110 ,K63.902,功能性肠病
13694,表 6-3-110 ,K64.000,I度痔
13695,表 6-3-110 ,K64.100,Ⅱ度痔
13696,表 6-3-110 ,K64.200,Ⅲ度痔
13697,表 6-3-110 ,K64.300,Ⅳ度痔
13698,表 6-3-110 ,K64.400,残留痔皮赘
13699,表 6-3-110 ,K64.401,肛门皮赘
13700,表 6-3-110 ,K64.402,直肠皮赘
13701,表 6-3-110 ,K64.500,肛周静脉血栓形成
13702,表 6-3-110 ,K64.501,肛周血肿
13703,表 6-3-110 ,K64.801,血栓性内痔
13704,表 6-3-110 ,K64.802,出血性内痔
13705,表 6-3-110 ,K64.803,脱垂性内痔
13706,表 6-3-110 ,K64.804,直肠静脉曲张破裂
13707,表 6-3-110 ,K64.805,内痔
13708,表 6-3-110 ,K64.806,血栓性外痔
13709,表 6-3-110 ,K64.807,出血性外痔
13710,表 6-3-110 ,K64.808,溃疡性外痔
13711,表 6-3-110 ,K64.809,外痔
13712,表 6-3-110 ,K64.810,血栓性痔
13713,表 6-3-110 ,K64.811,混合痔
13714,表 6-3-110 ,K64.900,痔
13715,表 6-3-110 ,K64.901,出血性痔
13716,表 6-3-111 ,K65.000,急性腹膜炎
13717,表 6-3-111 ,K65.000x014,盲肠脓肿
13718,表 6-3-111 ,K65.001,急性化脓性弥漫性腹膜炎
13719,表 6-3-111 ,K65.002,急性化脓性腹膜炎
13720,表 6-3-111 ,K65.003,急性弥漫性腹膜炎
13721,表 6-3-111 ,K65.004,腹膜脓肿
13722,表 6-3-111 ,K65.005,腹腔脓肿
13723,表 6-3-111 ,K65.006,腹膜后脓肿
13724,表 6-3-111 ,K65.007,肝下脓肿
13725,表 6-3-111 ,K65.008,肝周脓肿
13726,表 6-3-111 ,K65.009,膈下脓肿
13727,表 6-3-111 ,K65.010,网膜脓肿
13728,表 6-3-111 ,K65.011,盲肠后脓肿
13729,表 6-3-111 ,K65.012,肠系膜脓肿
13730,表 6-3-111 ,K65.013,男性盆腔脓肿
13731,表 6-3-111 ,K65.014,男性盆腔炎
13732,表 6-3-111 ,K65.015,男性盆腔炎性包块
13733,表 6-3-111 ,K65.016,细菌性腹膜炎
13734,表 6-3-111 ,K65.017,继发性腹膜炎
13735,表 6-3-111 ,K65.800x001,肠系膜炎
13736,表 6-3-111 ,K65.800x002,出血性腹膜炎
13737,表 6-3-111 ,K65.801,肠系膜脂肪坏死
13738,表 6-3-111 ,K65.802,慢性腹膜炎
13739,表 6-3-111 ,K65.803,胆汁性腹膜炎
13740,表 6-3-111 ,K65.804,硬化性腹膜炎
13741,表 6-3-111 ,K65.805,多浆膜炎
13742,表 6-3-111 ,K65.806,多浆膜腔积液
13743,表 6-3-111 ,K65.807,嗜酸性粒细胞性腹膜炎
13744,表 6-3-111 ,K65.900,腹膜炎
13745,表 6-3-111 ,K65.901,局限性腹膜炎
13746,表 6-3-111 ,K65.902,自发性腹膜炎
13747,表 6-3-111 ,K65.903,腹腔感染
13748,表 6-3-111 ,K65.904,腹膜后感染
13749,表 6-3-111 ,K65.905,大网膜炎
13750,表 6-3-111 ,K65.906,原发性腹膜炎
13751,表 6-3-111 ,K66.000,腹膜粘连
13752,表 6-3-111 ,K66.000x007,腹壁粘连
13753,表 6-3-111 ,K66.001,回盲部粘连
13754,表 6-3-111 ,K66.002,肠粘连
13755,表 6-3-111 ,K66.003,胃粘连
13756,表 6-3-111 ,K66.004,肠系膜粘连
13757,表 6-3-111 ,K66.005,膈肌粘连
13758,表 6-3-111 ,K66.006,大网膜粘连
13759,表 6-3-111 ,K66.007,腹腔粘连
13760,表 6-3-111 ,K66.008,十二指肠粘连
13761,表 6-3-111 ,K66.100,腹腔积血
13762,表 6-3-111 ,K66.101,腹膜出血
13763,表 6-3-111 ,K66.102,腹膜后血肿
13764,表 6-3-111 ,K66.103,肠系膜出血
13765,表 6-3-111 ,K66.200,腹膜后纤维化
13766,表 6-3-111 ,K66.201,奥蒙德病
13767,表 6-3-111 ,K66.800,腹膜其他特指的疾患
13768,表 6-3-111 ,K66.800x008,网膜肉芽肿性炎
13769,表 6-3-111 ,K66.800x009,腹膜憩室
13770,表 6-3-111 ,K66.801,网膜囊肿
13771,表 6-3-111 ,K66.802,肠系膜囊肿
13772,表 6-3-111 ,K66.803,肠系膜钙化
13773,表 6-3-111 ,K66.805,腹膜后囊肿
13774,表 6-3-111 ,K66.806,腹壁肉芽肿
13775,表 6-3-111 ,K66.807,腹腔囊肿
13776,表 6-3-111 ,K66.808,腹膜囊肿
13777,表 6-3-111 ,K66.809,腹膜肉芽肿
13778,表 6-3-111 ,K66.810,腹膜后肉芽肿
13779,表 6-3-111 ,K66.811,膈下囊肿
13780,表 6-3-111 ,K66.812,骶前囊肿
13781,表 6-3-111 ,K66.901,腹膜后肿物
13782,表 6-3-112 ,K70.000,酒精性脂肪肝
13783,表 6-3-112 ,K70.001,齐夫综合征
13784,表 6-3-112 ,K70.100,酒精性肝炎
13785,表 6-3-112 ,K70.201,酒精性肝纤维化
13786,表 6-3-112 ,K70.300,酒精性肝硬化
13787,表 6-3-112 ,K70.301+I98.2*,酒精性肝硬化伴食管静脉曲张
13788,表 6-3-112 ,K70.302+I98.3*,酒精性肝硬化伴食管静脉曲张破裂出血
13789,表 6-3-112 ,K70.303+I98.2*,酒精性肝硬化伴胃底静脉曲张
13790,表 6-3-112 ,K70.304+I98.2*,酒精性肝硬化伴食管胃底静脉曲张
13791,表 6-3-112 ,K70.305+I98.3*,酒精性肝硬化伴胃底静脉曲张破裂出血
13792,表 6-3-112 ,K70.306+I98.3*,酒精性肝硬化伴食管胃底静脉曲张破裂出血
13793,表 6-3-112 ,K70.400x002,亚急性酒精性肝衰竭
13794,表 6-3-112 ,K70.401,急性酒精性肝衰竭
13795,表 6-3-112 ,K70.402,慢性酒精性肝衰竭
13796,表 6-3-112 ,K70.403,酒精性肝衰竭伴肝昏迷
13797,表 6-3-112 ,K70.900,酒精性肝病
13798,表 6-3-112 ,K70.901,酒精性肝损害
13799,表 6-3-112 ,K71.000x002,中毒性肝病伴胆汁淤积
13800,表 6-3-112 ,K71.001,药物性肝炎伴胆汁淤积
13801,表 6-3-112 ,K71.002,进行性家族性肝内胆汁淤积症
13802,表 6-3-112 ,K71.100,中毒性肝病伴有肝坏死
13803,表 6-3-112 ,K71.100x003,药物性慢性肝衰竭
13804,表 6-3-112 ,K71.100x005,中毒性肝病伴肝衰竭(慢性轻度)
13805,表 6-3-112 ,K71.100x006,中毒性肝病伴肝衰竭(慢性中度)
13806,表 6-3-112 ,K71.100x007,中毒性肝病伴肝衰竭(慢性重度)
13807,表 6-3-112 ,K71.100x008,中毒性肝病伴肝衰竭(慢性重型)
13808,表 6-3-112 ,K71.101,药物性肝炎伴肝衰竭
13809,表 6-3-112 ,K71.102,急性药物性肝衰竭
13810,表 6-3-112 ,K71.103,中毒性肝衰竭
13811,表 6-3-112 ,K71.104,亚急性药物性肝衰竭
13812,表 6-3-112 ,K71.200x001,中毒性肝病伴急性肝炎
13813,表 6-3-112 ,K71.300x001,中毒性肝病伴慢性迁延性肝炎
13814,表 6-3-112 ,K71.400x001,中毒性肝病伴慢性小叶性肝炎
13815,表 6-3-112 ,K71.500x001,中毒性肝病伴慢性活动性肝炎
13816,表 6-3-112 ,K71.500x002,中毒性肝病伴狼疮状肝炎
13817,表 6-3-112 ,K71.600,中毒性肝病伴有肝炎
13818,表 6-3-112 ,K71.600x002,中毒性肝炎
13819,表 6-3-112 ,K71.601,药物性肝炎
13820,表 6-3-112 ,K71.700,中毒性肝病伴有肝纤维化和肝硬化
13821,表 6-3-112 ,K71.701,药物性肝硬化
13822,表 6-3-112 ,K71.702,中毒性肝硬化
13823,表 6-3-112 ,K71.800,中毒性肝病伴有肝的其他疾患
13824,表 6-3-112 ,K71.900,中毒性肝病
13825,表 6-3-112 ,K71.900x003,化学毒物肝损害
13826,表 6-3-112 ,K71.901,药物性肝损害
13827,表 6-3-112 ,K71.902+I98.2*,中毒性肝病伴食管静脉曲张
13828,表 6-3-112 ,K71.903+I98.3*,中毒性肝病伴食管静脉曲张破裂出血
13829,表 6-3-112 ,K72.000x004,慢加急性肝衰竭
13830,表 6-3-112 ,K72.000x005,慢加亚急性肝衰竭
13831,表 6-3-112 ,K72.000x013,重症肝炎
13832,表 6-3-112 ,K72.001,亚急性肝衰竭
13833,表 6-3-112 ,K72.002,急性黄色肝萎缩
13834,表 6-3-112 ,K72.003,急性肝衰竭
13835,表 6-3-112 ,K72.004,急性非病毒性肝炎
13836,表 6-3-112 ,K72.005,晚发性肝衰竭
13837,表 6-3-112 ,K72.100,慢性肝衰竭
13838,表 6-3-112 ,K72.900x001,肝功能衰竭
13839,表 6-3-112 ,K72.900x003+G94.3*,肝性脑病
13840,表 6-3-112 ,K72.902,肝萎缩
13841,表 6-3-112 ,K72.904,肝坏死
13842,表 6-3-112 ,K73.000x001,慢性迁延性肝炎
13843,表 6-3-112 ,K73.100,慢性小叶性肝炎，不可归类在他处者
13844,表 6-3-112 ,K73.200x002,慢性活动性肝炎
13845,表 6-3-112 ,K73.800x001,慢性复发性肝炎
13846,表 6-3-112 ,K73.801,慢性间质性肝炎
13847,表 6-3-112 ,K73.900,慢性肝炎
13848,表 6-3-112 ,K73.901,慢性重型肝炎
13849,表 6-3-112 ,K74.000,肝纤维化
13850,表 6-3-112 ,K74.100,肝硬化
13851,表 6-3-112 ,K74.200,肝纤维化伴有肝硬化
13852,表 6-3-112 ,K74.300,原发性胆汁型肝硬化
13853,表 6-3-112 ,K74.300x005+I98.2*,原发性胆汁型肝硬化伴胃底静脉曲张
13854,表 6-3-112 ,K74.300x006+I98.3*,原发性胆汁型肝硬化伴胃底静脉曲张破裂出血
13855,表 6-3-112 ,K74.300x007+I98.2*,原发性胆汁型肝硬化伴食管胃底静脉曲张
13856,表 6-3-112 ,K74.300x008+I98.3*,原发性胆汁型肝硬化伴食管胃底静脉曲张破裂出血
13857,表 6-3-112 ,K74.301+I98.2*,原发性胆汁性肝硬化伴食管静脉曲张
13858,表 6-3-112 ,K74.302+I98.3*,原发性胆汁性肝硬化伴食管静脉曲张破裂出血
13859,表 6-3-112 ,K74.400,继发性胆汁型肝硬化
13860,表 6-3-112 ,K74.500,胆汁型肝硬化
13861,表 6-3-112 ,K74.600,肝硬变
13862,表 6-3-112 ,K74.600x002,丙型肝炎肝硬化
13863,表 6-3-112 ,K74.600x003,乙型肝炎肝硬化
13864,表 6-3-112 ,K74.600x010,拉埃奈克肝硬化[Laennec肝硬化]
13865,表 6-3-112 ,K74.600x021,乙肝后肝硬化合并甲肝感染
13866,表 6-3-112 ,K74.600x025,乙肝后肝硬化合并戊肝感染
13867,表 6-3-112 ,K74.600x027,丙肝后肝硬化合并戊肝感染
13868,表 6-3-112 ,K74.600x029,乙丙肝炎后肝硬化合并甲肝感染
13869,表 6-3-112 ,K74.600x030,乙丁肝炎后肝硬化合并甲肝感染
13870,表 6-3-112 ,K74.600x031,乙肝后肝硬化甲戊肝感染
13871,表 6-3-112 ,K74.600x034,乙丙肝炎后肝硬化合并戊肝感染
13872,表 6-3-112 ,K74.600x036,乙丁肝炎后肝硬化戊肝感染
13873,表 6-3-112 ,K74.600x041,乙肝后肝硬化合并丙肝感染
13874,表 6-3-112 ,K74.600x042,丙肝后肝硬化合并乙肝感染
13875,表 6-3-112 ,K74.601,特指肝硬化
13876,表 6-3-112 ,K74.602,乙型肝炎后肝硬化失代偿期
13877,表 6-3-112 ,K74.603,丙型肝炎后肝硬化失代偿期
13878,表 6-3-112 ,K74.604,自身免疫性肝炎后肝硬化失代偿期
13879,表 6-3-112 ,K74.605,肝炎后肝硬化失代偿期
13880,表 6-3-112 ,K74.606,混合型肝硬化失代偿期
13881,表 6-3-112 ,K74.607,肝硬化失代偿期
13882,表 6-3-112 ,K74.608,肝炎后肝硬化
13883,表 6-3-112 ,K74.610,结节性肝硬化
13884,表 6-3-112 ,K74.611,门脉性肝硬化
13885,表 6-3-112 ,K74.612,混合型肝硬化
13886,表 6-3-112 ,K74.613,隐源性肝硬化
13887,表 6-3-112 ,K74.614,自身免疫性肝硬化
13888,表 6-3-112 ,K74.615+I98.3*,肝硬化伴食管静脉曲张破裂出血
13889,表 6-3-112 ,K74.616+I98.2*,肝硬化伴食管静脉曲张
13890,表 6-3-112 ,K74.617+I98.3*,肝硬化伴食管胃底静脉曲张破裂出血
13891,表 6-3-112 ,K74.618+I98.3*,肝硬化伴胃底静脉曲张破裂出血
13892,表 6-3-112 ,K74.619+I98.2*,肝硬化伴食管胃底静脉曲张
13893,表 6-3-112 ,K74.620+I98.2*,肝硬化伴胃底静脉曲张
13894,表 6-3-112 ,K75.000,肝脓肿
13895,表 6-3-112 ,K75.000x002,胆管炎性肝脓肿
13896,表 6-3-112 ,K75.000x003,门静脉炎性肝脓肿
13897,表 6-3-112 ,K75.001,胆源性肝脓肿
13898,表 6-3-112 ,K75.002,血源性肝脓肿
13899,表 6-3-112 ,K75.003,细菌性肝脓肿
13900,表 6-3-112 ,K75.100,门静脉炎
13901,表 6-3-112 ,K75.200,非特异反应性肝炎
13902,表 6-3-112 ,K75.300,肉芽肿性肝炎
13903,表 6-3-112 ,K75.300x001,肝肉芽肿
13904,表 6-3-112 ,K75.400,自身免疫性肝炎
13905,表 6-3-112 ,K75.401,狼疮性肝炎
13906,表 6-3-112 ,K75.800x001,胆小管炎性肝炎
13907,表 6-3-112 ,K75.800x006,肝炎性肿物
13908,表 6-3-112 ,K75.801,肝旁炎性肿物
13909,表 6-3-112 ,K75.803,营养性肝炎
13910,表 6-3-112 ,K75.804,胆汁淤积性肝炎
13911,表 6-3-112 ,K75.805,肝胆管炎
13912,表 6-3-112 ,K75.806,非酒精性脂肪性肝炎
13913,表 6-3-112 ,K75.810,肝炎性假瘤
13914,表 6-3-112 ,K75.901,肝炎
13915,表 6-3-112 ,K76.000,脂肪肝
13916,表 6-3-112 ,K76.001,非酒精性脂肪性肝病
13917,表 6-3-112 ,K76.101,心源性肝硬化
13918,表 6-3-112 ,K76.102,慢性淤血性肝损害
13919,表 6-3-112 ,K76.200,肝中心性出血性坏死
13920,表 6-3-112 ,K76.300,肝梗死
13921,表 6-3-112 ,K76.400,紫癜样肝病
13922,表 6-3-112 ,K76.401,肝血管瘤病
13923,表 6-3-112 ,K76.500,肝静脉梗阻症
13924,表 6-3-112 ,K76.500x001,肝门静脉闭塞
13925,表 6-3-112 ,K76.500x002,肝小静脉闭塞
13926,表 6-3-112 ,K76.600x002,门脉高压
13927,表 6-3-112 ,K76.600x006,门静脉瘤栓
13928,表 6-3-112 ,K76.600x007,非肝硬化性门脉高压
13929,表 6-3-112 ,K76.601,胰源性门脉高压
13930,表 6-3-112 ,K76.602,特发性门脉高压
13931,表 6-3-112 ,K76.603,班蒂综合征
13932,表 6-3-112 ,K76.700,肝肾综合征
13933,表 6-3-112 ,K76.700x001,肝肾功能衰竭
13934,表 6-3-112 ,K76.700x003,肝性肾病
13935,表 6-3-112 ,K76.800x003,肝多发性再生肥大结节
13936,表 6-3-112 ,K76.800x006,肝功能不全
13937,表 6-3-112 ,K76.800x007,肝管出血
13938,表 6-3-112 ,K76.800x009,甲亢性肝损害
13939,表 6-3-112 ,K76.800x015,肝炎后黄疸
13940,表 6-3-112 ,K76.800x021,肝内型窦后阻塞
13941,表 6-3-112 ,K76.800x022,肝粘连
13942,表 6-3-112 ,K76.800x023,肝溃疡
13943,表 6-3-112 ,K76.800x026,急性淤血性肝损害
13944,表 6-3-112 ,K76.800x027,代谢性肝病
13945,表 6-3-112 ,K76.801,自发性肝破裂出血
13946,表 6-3-112 ,K76.803,肝出血
13947,表 6-3-112 ,K76.804,肝结节
13948,表 6-3-112 ,K76.805,肝肺综合征
13949,表 6-3-112 ,K76.806,多发性肝囊肿
13950,表 6-3-112 ,K76.807,肝囊肿
13951,表 6-3-112 ,K76.808,肝结节性局灶性增生
13952,表 6-3-112 ,K76.809,肝下垂
13953,表 6-3-112 ,K76.810,缺血性肝病
13954,表 6-3-112 ,K76.811,肝血肿
13955,表 6-3-112 ,K76.813,肝内钙化点
13956,表 6-3-112 ,K76.814,肝癌破裂出血
13957,表 6-3-112 ,K76.815,肝管息肉
13958,表 6-3-112 ,K76.816,肝细胞性黄疸
13959,表 6-3-112 ,K76.817,后天性肝内血管分流
13960,表 6-3-112 ,K76.818,单纯性肝囊肿
13961,表 6-3-112 ,K76.819,先天性胆汁酸合成障碍
13962,表 6-3-112 ,K76.900x002,肝损害
13963,表 6-3-112 ,K76.901,肝肿物
13964,表 6-3-113 ,K80.000x002,胆囊结石伴急性胆囊炎
13965,表 6-3-113 ,K80.000x004,胆囊结石伴慢性胆囊炎急性发作
13966,表 6-3-113 ,K80.001,胆囊结石伴坏疽性胆囊炎
13967,表 6-3-113 ,K80.002,胆囊结石伴急性化脓性胆囊炎
13968,表 6-3-113 ,K80.100x001,胆囊结石伴胆囊炎
13969,表 6-3-113 ,K80.101,胆囊结石伴慢性胆囊炎
13970,表 6-3-113 ,K80.200x001,残余胆囊结石
13971,表 6-3-113 ,K80.200x003,胆囊结石
13972,表 6-3-113 ,K80.201,胆囊管结石
13973,表 6-3-113 ,K80.202,胆囊绞痛
13974,表 6-3-113 ,K80.203,胆囊结石嵌顿
13975,表 6-3-113 ,K80.300x002,胆管结石伴胆管炎
13976,表 6-3-113 ,K80.300x005,胆总管结石伴急性化脓性梗阻性胆管炎
13977,表 6-3-113 ,K80.301,胆总管结石伴急性化脓性胆管炎
13978,表 6-3-113 ,K80.302,胆总管结石伴胆管炎
13979,表 6-3-113 ,K80.303,肝胆管结石伴胆管炎
13980,表 6-3-113 ,K80.304,胆总管结石伴急性胆管炎
13981,表 6-3-113 ,K80.305,肝内胆管结石伴胆管炎
13982,表 6-3-113 ,K80.306,肝外胆管结石伴胆管炎
13983,表 6-3-113 ,K80.400,胆管结石伴有胆囊炎
13984,表 6-3-113 ,K80.400x004,肝内胆管结石伴慢性胆囊炎
13985,表 6-3-113 ,K80.401,胆管结石伴急性胆囊炎
13986,表 6-3-113 ,K80.402,胆总管结石伴急性胆囊炎
13987,表 6-3-113 ,K80.403,胆管结石伴慢性胆囊炎
13988,表 6-3-113 ,K80.404,胆总管结石伴慢性胆囊炎
13989,表 6-3-113 ,K80.405,肝胆管结石伴胆囊炎
13990,表 6-3-113 ,K80.406,肝管结石伴慢性胆囊炎
13991,表 6-3-113 ,K80.500x001,胆道术后残留结石
13992,表 6-3-113 ,K80.500x002,胆管结石
13993,表 6-3-113 ,K80.501,胆总管结石
13994,表 6-3-113 ,K80.502,胆绞痛
13995,表 6-3-113 ,K80.503,肝内胆管结石
13996,表 6-3-113 ,K80.504,肝胆管结石
13997,表 6-3-113 ,K80.505,胆总管残余结石
13998,表 6-3-113 ,K80.506,胆肠吻合口结石
13999,表 6-3-113 ,K80.507,肝管结石
14000,表 6-3-113 ,K80.800x001,胆石症
14001,表 6-3-113 ,K80.801,米里齐综合征
14002,表 6-3-113 ,K81.000,急性胆囊炎
14003,表 6-3-113 ,K81.000x008,胆囊积脓
14004,表 6-3-113 ,K81.001,胆囊脓肿
14005,表 6-3-113 ,K81.002,急性化脓性胆囊炎
14006,表 6-3-113 ,K81.003,急性坏疽性胆囊炎
14007,表 6-3-113 ,K81.004,胆囊周围脓肿
14008,表 6-3-113 ,K81.005,胆囊坏死
14009,表 6-3-113 ,K81.006,慢性胆囊炎急性发作
14010,表 6-3-113 ,K81.007,急性梗阻性化脓性胆囊炎
14011,表 6-3-113 ,K81.008,胆囊坏疽
14012,表 6-3-113 ,K81.100,慢性胆囊炎
14013,表 6-3-113 ,K81.101,慢性残余胆囊炎
14014,表 6-3-113 ,K81.801,胆囊周炎
14015,表 6-3-113 ,K81.900,胆囊炎
14016,表 6-3-113 ,K81.900x001,黄色肉芽肿性胆囊炎
14017,表 6-3-113 ,K82.000,胆囊梗阻
14018,表 6-3-113 ,K82.000x003,胆囊管残株炎
14019,表 6-3-113 ,K82.001,胆囊管梗阻
14020,表 6-3-113 ,K82.100x002,胆囊积液
14021,表 6-3-113 ,K82.101,胆囊黏液囊肿
14022,表 6-3-113 ,K82.200,胆囊穿孔
14023,表 6-3-113 ,K82.200x002,胆囊破裂
14024,表 6-3-113 ,K82.300,胆囊瘘
14025,表 6-3-113 ,K82.301,胆囊肠瘘
14026,表 6-3-113 ,K82.302,胆囊胃瘘
14027,表 6-3-113 ,K82.303,胆囊十二指肠瘘
14028,表 6-3-113 ,K82.304,胆囊结肠瘘
14029,表 6-3-113 ,K82.305,手术后胆囊瘘
14030,表 6-3-113 ,K82.306,胆囊腹壁瘘
14031,表 6-3-113 ,K82.400,胆囊胆固醇沉着症
14032,表 6-3-113 ,K82.800x002,胆囊出血
14033,表 6-3-113 ,K82.800x004,胆囊肉芽肿
14034,表 6-3-113 ,K82.800x009,胆囊功能障碍
14035,表 6-3-113 ,K82.801,胆囊肿大
14036,表 6-3-113 ,K82.802,胆囊息肉
14037,表 6-3-113 ,K82.803,胆囊腺肌症
14038,表 6-3-113 ,K82.804,胆囊管扩张
14039,表 6-3-113 ,K82.805,胆囊肥大
14040,表 6-3-113 ,K82.806,胆囊钙化
14041,表 6-3-113 ,K82.807,胆囊萎缩
14042,表 6-3-113 ,K82.808,胆囊扭转
14043,表 6-3-113 ,K82.900x001,胆囊病变
14044,表 6-3-113 ,K82.900x002,胆囊肿物
14045,表 6-3-113 ,K83.000,胆管炎
14046,表 6-3-113 ,K83.000x007,急性化脓性胆管炎
14047,表 6-3-113 ,K83.000x012,IgG4相关性胆管炎
14048,表 6-3-113 ,K83.001,急性胆管炎
14049,表 6-3-113 ,K83.004,胆总管炎
14050,表 6-3-113 ,K83.005,急性梗阻性胆管炎
14051,表 6-3-113 ,K83.006,慢性胆管炎
14052,表 6-3-113 ,K83.007,复发性胆管炎
14053,表 6-3-113 ,K83.008,梗阻性胆管炎
14054,表 6-3-113 ,K83.009,淤积性胆管炎
14055,表 6-3-113 ,K83.010,反流性胆管炎
14056,表 6-3-113 ,K83.011,化脓性胆管炎
14057,表 6-3-113 ,K83.012,硬化性胆管炎
14058,表 6-3-113 ,K83.013,原发性胆管炎
14059,表 6-3-113 ,K83.014,胆管周围炎
14060,表 6-3-113 ,K83.015,继发性胆管炎
14061,表 6-3-113 ,K83.016,急性化脓性肝胆管炎
14062,表 6-3-113 ,K83.017,狭窄性胆管炎
14063,表 6-3-113 ,K83.018,缺血性胆管炎
14064,表 6-3-113 ,K83.019,胆道感染
14065,表 6-3-113 ,K83.100,胆管梗阻
14066,表 6-3-113 ,K83.100x001,肝管狭窄
14067,表 6-3-113 ,K83.100x008,肝内胆管狭窄
14068,表 6-3-113 ,K83.101,胆囊内胆汁淤积
14069,表 6-3-113 ,K83.102,胆汁淤积症
14070,表 6-3-113 ,K83.103,肝管梗阻
14071,表 6-3-113 ,K83.104,肝胆管狭窄
14072,表 6-3-113 ,K83.105,胆管狭窄
14073,表 6-3-113 ,K83.106,胆管闭塞
14074,表 6-3-113 ,K83.107,胆总管狭窄
14075,表 6-3-113 ,K83.108,胆总管梗阻
14076,表 6-3-113 ,K83.109,梗阻性黄疸
14077,表 6-3-113 ,K83.200x001,胆管破裂
14078,表 6-3-113 ,K83.300,胆管瘘
14079,表 6-3-113 ,K83.301,胆总管十二指肠瘘
14080,表 6-3-113 ,K83.302,胆管十二指肠瘘
14081,表 6-3-113 ,K83.303,胆总管胃瘘
14082,表 6-3-113 ,K83.304,手术后胆总管肠瘘
14083,表 6-3-113 ,K83.305,手术后胆总管小肠瘘
14084,表 6-3-113 ,K83.306,手术后肝总管肠瘘
14085,表 6-3-113 ,K83.307,手术后肝总管小肠瘘
14086,表 6-3-113 ,K83.400x001,奥狄括约肌痉挛
14087,表 6-3-113 ,K83.401,法特壶腹痉挛
14088,表 6-3-113 ,K83.501,胆管囊肿
14089,表 6-3-113 ,K83.502,胆总管囊肿
14090,表 6-3-113 ,K83.800x009,胆管息肉
14091,表 6-3-113 ,K83.800x012,胆汁反流
14092,表 6-3-113 ,K83.800x022,肝内胆管积气
14093,表 6-3-113 ,K83.800x023,胆管积气
14094,表 6-3-113 ,K83.802,奥迪括约肌狭窄
14095,表 6-3-113 ,K83.803,法特壶腹部不典型增生
14096,表 6-3-113 ,K83.804,缩窄性十二指肠乳头炎
14097,表 6-3-113 ,K83.805,肝胆管扩张
14098,表 6-3-113 ,K83.807,胆管扩张
14099,表 6-3-113 ,K83.808,胆管溃疡
14100,表 6-3-113 ,K83.809,胆管出血
14101,表 6-3-113 ,K83.810,胆管肥大
14102,表 6-3-113 ,K83.811,胆管粘连
14103,表 6-3-113 ,K83.813,胆管萎缩
14104,表 6-3-113 ,K83.814,胆管瘢痕
14105,表 6-3-113 ,K83.815,胆管消失综合征
14106,表 6-3-113 ,K83.816,胆总管痉挛
14107,表 6-3-113 ,K83.817,胆总管扩张
14108,表 6-3-113 ,K83.818,胆总管不典型增生
14109,表 6-3-113 ,K83.819,肝内胆管缺失综合征
14110,表 6-3-113 ,K83.820,胆-心综合征
14111,表 6-3-113 ,K83.901,胆管肿物
14112,表 6-3-113 ,K83.902,胆总管肿物
14113,表 6-3-113 ,K85.000,特发性急性胰腺炎
14114,表 6-3-113 ,K85.001,急性特发性胰腺炎，轻症
14115,表 6-3-113 ,K85.002,急性特发性胰腺炎，重症
14116,表 6-3-113 ,K85.100,胆汁型急性胰腺炎
14117,表 6-3-113 ,K85.101,急性胆源型胰腺炎，轻症
14118,表 6-3-113 ,K85.102,急性胆源型胰腺炎，重症
14119,表 6-3-113 ,K85.200,酒精性急性胰腺炎
14120,表 6-3-113 ,K85.201,急性酒精性胰腺炎，轻症
14121,表 6-3-113 ,K85.202,急性酒精性胰腺炎，重症
14122,表 6-3-113 ,K85.300,药物性急性胰腺炎
14123,表 6-3-113 ,K85.301,急性药物性胰腺炎，轻症
14124,表 6-3-113 ,K85.302,急性药物性胰腺炎，重症
14125,表 6-3-113 ,K85.800x001,化脓性胰腺炎
14126,表 6-3-113 ,K85.800x002,急性出血坏死性胰腺炎
14127,表 6-3-113 ,K85.800x003,胰腺脓肿
14128,表 6-3-113 ,K85.801,急性操作后胰腺炎，轻症
14129,表 6-3-113 ,K85.802,急性创伤性胰腺炎，轻症
14130,表 6-3-113 ,K85.803,急性复发性胰腺炎，轻症
14131,表 6-3-113 ,K85.807,急性水肿性胰腺炎，轻症
14132,表 6-3-113 ,K85.808,急性手术后胰腺炎，轻症
14133,表 6-3-113 ,K85.809,急性自身免疫性胰腺炎，轻症
14134,表 6-3-113 ,K85.813,急性操作后胰腺炎，重症
14135,表 6-3-113 ,K85.814,急性出血性胰腺炎，重症
14136,表 6-3-113 ,K85.815,急性创伤性胰腺炎，重症
14137,表 6-3-113 ,K85.816,急性复发性胰腺炎，重症
14138,表 6-3-113 ,K85.817,急性化脓性胰腺炎，重症
14139,表 6-3-113 ,K85.818,急性坏死性胰腺炎，重症
14140,表 6-3-113 ,K85.821,急性手术后胰腺炎，重症
14141,表 6-3-113 ,K85.822,急性自身免疫性胰腺炎，重症
14142,表 6-3-113 ,K85.900,急性胰腺炎
14143,表 6-3-113 ,K85.900x002,急性轻症胰腺炎
14144,表 6-3-113 ,K85.900x003,慢性胰腺炎急性发作
14145,表 6-3-113 ,K85.901,亚急性胰腺炎
14146,表 6-3-113 ,K85.902,急性重症胰腺炎
14147,表 6-3-113 ,K86.000,酒精性慢性胰腺炎
14148,表 6-3-113 ,K86.100x001,复发性胰腺炎
14149,表 6-3-113 ,K86.100x002,慢性胰腺炎
14150,表 6-3-113 ,K86.100x004,高脂血症性胰腺炎
14151,表 6-3-113 ,K86.101,慢性复发性胰腺炎
14152,表 6-3-113 ,K86.102,慢性创伤性胰腺炎
14153,表 6-3-113 ,K86.103,慢性自身免疫性胰腺炎
14154,表 6-3-113 ,K86.104,慢性胆石性胰腺炎
14155,表 6-3-113 ,K86.105,慢性间质性胰腺炎
14156,表 6-3-113 ,K86.106,慢性囊性胰腺炎
14157,表 6-3-113 ,K86.107,慢性纤维性胰腺炎
14158,表 6-3-113 ,K86.200,胰腺囊肿
14159,表 6-3-113 ,K86.300,胰腺假囊肿
14160,表 6-3-113 ,K86.800x001,胰腺肿大
14161,表 6-3-113 ,K86.800x002,胰胆管扩张
14162,表 6-3-113 ,K86.800x013,胰腺囊性纤维性变
14163,表 6-3-113 ,K86.800x015,胰腺功能不全并中性粒细胞减少综合征[Shwachman-Diamond综合征]
14164,表 6-3-113 ,K86.801,胰腺坏死
14165,表 6-3-113 ,K86.802,胰腺纤维化
14166,表 6-3-113 ,K86.803,胰岛组织硬化
14167,表 6-3-113 ,K86.804,胰管狭窄
14168,表 6-3-113 ,K86.805,胰腺组织增生
14169,表 6-3-113 ,K86.806,胰腺钙化
14170,表 6-3-113 ,K86.807,胰管痉挛
14171,表 6-3-113 ,K86.808,胰管扩张
14172,表 6-3-113 ,K86.809,胰管结石
14173,表 6-3-113 ,K86.810,胰瘘
14174,表 6-3-113 ,K86.811,胰管梗阻
14175,表 6-3-113 ,K86.812,胰腺脂肪浸润
14176,表 6-3-113 ,K86.813,胰腺肉芽肿
14177,表 6-3-113 ,K86.814,胰腺功能不全
14178,表 6-3-113 ,K86.815,手术后胰腺瘘
14179,表 6-3-113 ,K86.816,胰腺积液
14180,表 6-3-113 ,K86.817,胰腺萎缩
14181,表 6-3-113 ,K86.818,胰-心综合征
14182,表 6-3-113 ,K86.901,胰腺肿物
14183,表 6-3-114 ,K90.000,乳糜泻[腹腔病]
14184,表 6-3-114 ,K90.000x001,非热带性口炎性腹泻
14185,表 6-3-114 ,K90.001,谷胶肠病
14186,表 6-3-114 ,K90.002,特发性脂肪痢
14187,表 6-3-114 ,K90.100x001,热带性口炎性腹泻
14188,表 6-3-114 ,K90.100x002,口炎性腹泻
14189,表 6-3-114 ,K90.100x003,热带性脂肪痢
14190,表 6-3-114 ,K90.200,盲袢综合征
14191,表 6-3-114 ,K90.200x001,非手术性盲袢综合征
14192,表 6-3-114 ,K90.300x001,胰源性腹泻
14193,表 6-3-114 ,K90.400,不耐受引起的吸收不良
14194,表 6-3-114 ,K90.400x003,肠原性脂肪代谢障碍
14195,表 6-3-114 ,K90.401,脂肪痢
14196,表 6-3-114 ,K90.402,蛋白丢失性胃肠病
14197,表 6-3-114 ,K90.403,碳水化合物吸收不良
14198,表 6-3-114 ,K90.404,蛋白吸收不良
14199,表 6-3-114 ,K90.405,淀粉吸收不良
14200,表 6-3-114 ,K90.406,脂肪吸收不良
14201,表 6-3-114 ,K90.801,原发性小肠吸收不良综合征
14202,表 6-3-114 ,K90.802+M14.8*,惠普尔病
14203,表 6-3-114 ,K90.900x002,肠吸收障碍
14204,表 6-3-114 ,K90.901,小肠吸收不良综合征(非手术性)
14205,表 6-3-114 ,K91.000,胃肠手术后呕吐
14206,表 6-3-114 ,K91.100,胃手术后综合征
14207,表 6-3-114 ,K91.100x001,迟发型倾倒综合征
14208,表 6-3-114 ,K91.101,倾倒综合征
14209,表 6-3-114 ,K91.102,残窦综合征
14210,表 6-3-114 ,K91.103,迷走神经切断后综合征
14211,表 6-3-114 ,K91.200x002,手术后吸收不良综合征
14212,表 6-3-114 ,K91.201,短肠综合征
14213,表 6-3-114 ,K91.202,手术后盲袢综合征
14214,表 6-3-114 ,K91.300,手术后肠梗阻
14215,表 6-3-114 ,K91.300x002,手术后肠道狭窄
14216,表 6-3-114 ,K91.301,回肠肛管吻合口狭窄
14217,表 6-3-114 ,K91.302,手术后小肠储袋梗阻
14218,表 6-3-114 ,K91.303,手术后肠肠吻合口狭窄
14219,表 6-3-114 ,K91.305,直肠吻合口狭窄
14220,表 6-3-114 ,K91.401,小肠造口术后功能障碍
14221,表 6-3-114 ,K91.402,肠造口术后功能障碍
14222,表 6-3-114 ,K91.404,结肠造口术后狭窄
14223,表 6-3-114 ,K91.405,结肠造口脱垂
14224,表 6-3-114 ,K91.406,人工肛门脱垂
14225,表 6-3-114 ,K91.408,人工肛门狭窄
14226,表 6-3-114 ,K91.500,胆囊切除术后综合征
14227,表 6-3-114 ,K91.800x007,手术后食管破裂
14228,表 6-3-114 ,K91.800x102,残胃炎伴出血
14229,表 6-3-114 ,K91.800x103,残胃溃疡伴出血
14230,表 6-3-114 ,K91.800x106,胃肠吻合口炎伴出血
14231,表 6-3-114 ,K91.800x111,胃肠吻合术后输入袢梗阻
14232,表 6-3-114 ,K91.800x116,手术后胃缺血性坏死
14233,表 6-3-114 ,K91.800x117,手术后急性胃扩张
14234,表 6-3-114 ,K91.800x206,手术后结肠-直肠瘘
14235,表 6-3-114 ,K91.800x301,肝断面胆道残端漏
14236,表 6-3-114 ,K91.800x304,手术后肝外胆管狭窄
14237,表 6-3-114 ,K91.800x401,胆肠吻合口反流
14238,表 6-3-114 ,K91.800x402,胆道吻合口漏
14239,表 6-3-114 ,K91.800x403,胆道吻合口狭窄
14240,表 6-3-114 ,K91.800x407,胆囊切除术后粘连
14241,表 6-3-114 ,K91.800x411,手术后缺血性胆道病
14242,表 6-3-114 ,K91.800x412,手术后胆肠吻合口炎
14243,表 6-3-114 ,K91.800x501,胰腺空肠吻合口溃疡伴出血
14244,表 6-3-114 ,K91.800x601,手术后造瘘口旁疝
14245,表 6-3-114 ,K91.800x602,手术后造瘘口狭窄
14246,表 6-3-114 ,K91.800x702,人工肛门出血
14247,表 6-3-114 ,K91.801,胰胃吻合口狭窄
14248,表 6-3-114 ,K91.802,残胃吻合口炎
14249,表 6-3-114 ,K91.803,肠代食管吻合口狭窄
14250,表 6-3-114 ,K91.804,肠造瘘术后肠黏膜脱垂
14251,表 6-3-114 ,K91.805,胆囊空肠吻合口狭窄
14252,表 6-3-114 ,K91.806,胆总管空肠吻合口狭窄
14253,表 6-3-114 ,K91.807,胆漏
14254,表 6-3-114 ,K91.808,结肠吻合口炎
14255,表 6-3-114 ,K91.809,食管胃吻合口狭窄
14256,表 6-3-114 ,K91.810,食管胃吻合口瘘
14257,表 6-3-114 ,K91.811,食管胃吻合口炎
14258,表 6-3-114 ,K91.812,食管空肠吻合口狭窄
14259,表 6-3-114 ,K91.813,食管空肠吻合口瘘
14260,表 6-3-114 ,K91.814,食管空肠吻合口炎
14261,表 6-3-114 ,K91.815,食管吻合口瘘
14262,表 6-3-114 ,K91.816,食管十二指肠吻合口瘘
14263,表 6-3-114 ,K91.817,食管结肠吻合口狭窄
14264,表 6-3-114 ,K91.818,手术后胃肠功能紊乱
14265,表 6-3-114 ,K91.819,手术后胃肠吻合口狭窄
14266,表 6-3-114 ,K91.820,手术后肠粘连
14267,表 6-3-114 ,K91.821,手术后肠吻合口炎
14268,表 6-3-114 ,K91.822,手术后胆管狭窄
14269,表 6-3-114 ,K91.823,手术后胆管十二指肠吻合口狭窄
14270,表 6-3-114 ,K91.824,手术后肛门括约肌失禁
14271,表 6-3-114 ,K91.825,手术后肝衰竭
14272,表 6-3-114 ,K91.826,手术后肝总管狭窄
14273,表 6-3-114 ,K91.827,手术后肝管-空肠吻合口狭窄
14274,表 6-3-114 ,K91.828,手术后胃排空障碍
14275,表 6-3-114 ,K91.829,手术后胃肠吻合口炎
14276,表 6-3-114 ,K91.830,手术后胃瘫综合征
14277,表 6-3-114 ,K91.831,手术后幽门梗阻
14278,表 6-3-114 ,K91.832,胃肠吻合口功能障碍
14279,表 6-3-114 ,K91.833,胃肠吻合口水肿
14280,表 6-3-114 ,K91.834,胃肠吻合口炎
14281,表 6-3-114 ,K91.835,胃肠道手术后腹泻
14282,表 6-3-114 ,K91.836,输入袢综合征
14283,表 6-3-114 ,K91.837,手术后腹膜炎
14284,表 6-3-114 ,K91.839,肠吻合口狭窄
14285,表 6-3-114 ,K91.840,手术后胆管闭锁
14286,表 6-3-114 ,K91.841,手术后肝管狭窄
14287,表 6-3-114 ,K91.842,胃肠吻合术后输出袢梗阻
14288,表 6-3-114 ,K91.900,消化系统的操作后疾患
14289,表 6-3-114 ,K92.000,呕血
14290,表 6-3-114 ,K92.100x001,黑便
14291,表 6-3-114 ,K92.200x001,便血
14292,表 6-3-114 ,K92.200x005,胃肠道出血
14293,表 6-3-114 ,K92.201,胃出血
14294,表 6-3-114 ,K92.202,残胃出血
14295,表 6-3-114 ,K92.203,十二指肠出血
14296,表 6-3-114 ,K92.204,肠出血
14297,表 6-3-114 ,K92.205,盲肠出血
14298,表 6-3-114 ,K92.206,结肠出血
14299,表 6-3-114 ,K92.207,急性上消化道出血
14300,表 6-3-114 ,K92.208,上消化道出血
14301,表 6-3-114 ,K92.209,下消化道出血
14302,表 6-3-114 ,K92.210,消化道出血
14303,表 6-3-114 ,K92.800x001,食管癌伴出血
14304,表 6-3-114 ,K92.800x002,胃癌伴出血
14305,表 6-3-114 ,K92.800x003,残胃溃疡癌变伴出血
14306,表 6-3-114 ,K92.800x004,小肠淋巴瘤伴出血
14307,表 6-3-114 ,K92.800x005,结肠癌伴出血
14308,表 6-3-114 ,K92.800x006,肝癌伴出血
14309,表 6-3-114 ,K92.800x007,直肠癌伴出血
14310,表 6-3-114 ,K92.800x009,胆囊癌伴出血
14311,表 6-3-114 ,K92.800x010,胆管癌伴出血
14312,表 6-3-114 ,K92.800x011,十二指肠癌伴出血
14313,表 6-3-114 ,K92.800x012,胰腺癌伴出血
14314,表 6-3-114 ,K92.801,门脉高压性胃肠病
14315,表 6-3-114 ,K92.901,胃肠功能紊乱
14316,表 6-3-115 ,L00.x00,葡萄球菌性烫伤样皮肤综合征
14317,表 6-3-115 ,L00.x01,新生儿天疱疮
14318,表 6-3-115 ,L01.000x011,急性泛发性发疹型脓疱病
14319,表 6-3-115 ,L01.000x012,急性发热性发疹样脓疱病
14320,表 6-3-115 ,L01.000x013,脓疱疮
14321,表 6-3-115 ,L01.001,伯克哈特脓疱病
14322,表 6-3-115 ,L01.002,大疱性脓疱病
14323,表 6-3-115 ,L01.003,单纯性脓疱病
14324,表 6-3-115 ,L01.004,溃疡性脓疱病
14325,表 6-3-115 ,L01.005,毛囊性脓疱病
14326,表 6-3-115 ,L01.006,新生儿大疱性脓疱疮
14327,表 6-3-115 ,L01.008,寻常性脓疱病
14328,表 6-3-115 ,L01.100,皮肤病的脓疱化，其他的
14329,表 6-3-115 ,L02.000,面部皮肤脓肿、疖和痈
14330,表 6-3-115 ,L02.100,颈部皮肤脓肿、疖和痈
14331,表 6-3-115 ,L02.200,躯干皮肤脓肿、疖和痈
14332,表 6-3-115 ,L02.200x004,会阴部炎性疖
14333,表 6-3-115 ,L02.200x009,背部痈
14334,表 6-3-115 ,L02.200x010,胸壁脓肿
14335,表 6-3-115 ,L02.201,背部脓肿
14336,表 6-3-115 ,L02.202,腹壁脓肿
14337,表 6-3-115 ,L02.203,腹股沟脓肿
14338,表 6-3-115 ,L02.205,髂窝脓肿
14339,表 6-3-115 ,L02.206,会阴脓肿
14340,表 6-3-115 ,L02.300,臀部皮肤脓肿、疖和痈
14341,表 6-3-115 ,L02.401,腘窝脓肿
14342,表 6-3-115 ,L02.402,下肢皮肤脓肿、疖和痈
14343,表 6-3-115 ,L02.403,上肢皮肤脓肿、疖和痈
14344,表 6-3-115 ,L02.800,皮肤脓肿、疖和痈，其他部位的
14345,表 6-3-115 ,L02.801,头皮脓肿
14346,表 6-3-115 ,L02.802,帽状腱膜下脓肿
14347,表 6-3-115 ,L02.803,头部疖
14348,表 6-3-115 ,L02.804,头部痈
14349,表 6-3-115 ,L02.900x001,多发性疖肿
14350,表 6-3-115 ,L02.900x002,多发性脓肿
14351,表 6-3-115 ,L02.900x006,新生儿疖肿
14352,表 6-3-115 ,L02.901,皮肤疖
14353,表 6-3-115 ,L02.902,皮肤脓肿
14354,表 6-3-115 ,L02.903,皮肤痈
14355,表 6-3-115 ,L03.000,指和趾的蜂窝织炎
14356,表 6-3-115 ,L03.000x015,指甲沟脓肿
14357,表 6-3-115 ,L03.001,趾蜂窝织炎
14358,表 6-3-115 ,L03.002,甲周炎
14359,表 6-3-115 ,L03.003,甲沟炎
14360,表 6-3-115 ,L03.004,甲床炎
14361,表 6-3-115 ,L03.101,急性上肢淋巴管炎
14362,表 6-3-115 ,L03.102,急性下肢淋巴管炎
14363,表 6-3-115 ,L03.103,上肢蜂窝织炎
14364,表 6-3-115 ,L03.104,肩蜂窝织炎
14365,表 6-3-115 ,L03.105,臂蜂窝织炎
14366,表 6-3-115 ,L03.106,手蜂窝织炎
14367,表 6-3-115 ,L03.107,下肢蜂窝织炎
14368,表 6-3-115 ,L03.108,腿蜂窝织炎
14369,表 6-3-115 ,L03.109,足蜂窝织炎
14370,表 6-3-115 ,L03.200,面部蜂窝织炎
14371,表 6-3-115 ,L03.300,躯干蜂窝织炎
14372,表 6-3-115 ,L03.301,胸壁蜂窝织炎
14373,表 6-3-115 ,L03.302,背部蜂窝织炎
14374,表 6-3-115 ,L03.303,腹壁蜂窝织炎
14375,表 6-3-115 ,L03.304,腹股沟蜂窝织炎
14376,表 6-3-115 ,L03.305,脐部蜂窝织炎
14377,表 6-3-115 ,L03.306,会阴蜂窝织炎
14378,表 6-3-115 ,L03.800,蜂窝织炎，其他部位的
14379,表 6-3-115 ,L03.801,头部蜂窝织炎
14380,表 6-3-115 ,L03.802,头皮蜂窝织炎
14381,表 6-3-115 ,L03.900,蜂窝织炎
14382,表 6-3-115 ,L03.901,急性淋巴管炎
14383,表 6-3-115 ,L04.001,急性头面部淋巴结炎
14384,表 6-3-115 ,L04.002,急性颈部淋巴结炎
14385,表 6-3-115 ,L04.003,急性颌下淋巴结炎
14386,表 6-3-115 ,L04.100,躯干急性淋巴结炎
14387,表 6-3-115 ,L04.200,上肢急性淋巴结炎
14388,表 6-3-115 ,L04.201,急性肩淋巴结炎
14389,表 6-3-115 ,L04.202,急性腋下淋巴结炎
14390,表 6-3-115 ,L04.300,下肢急性淋巴结炎
14391,表 6-3-115 ,L04.301,急性髋淋巴结炎
14392,表 6-3-115 ,L04.800,急性淋巴结炎，其他部位的
14393,表 6-3-115 ,L04.900,急性淋巴结炎
14394,表 6-3-115 ,L04.900x002,坏死性淋巴结炎
14395,表 6-3-115 ,L04.900x005,淋巴结坏死
14396,表 6-3-115 ,L04.900x007,亚急性坏死性淋巴结炎
14397,表 6-3-115 ,L04.901,急性化脓性淋巴结炎
14398,表 6-3-115 ,L04.902,组织细胞坏死性淋巴结炎
14399,表 6-3-115 ,L05.000,藏毛囊肿伴有脓肿
14400,表 6-3-115 ,L05.000x001,先天性胸壁皮肤窦道伴脓肿
14401,表 6-3-115 ,L05.900,藏毛囊肿不伴有脓肿
14402,表 6-3-115 ,L05.901,先天性背部皮肤窦道
14403,表 6-3-115 ,L08.000x001,脓疱性细菌疹
14404,表 6-3-115 ,L08.000x005,手浅表性大疱性脓皮病
14405,表 6-3-115 ,L08.000x006,下疳样脓皮病
14406,表 6-3-115 ,L08.000x007,慢性乳头状溃疡性脓皮病
14407,表 6-3-115 ,L08.000x008,头皮糜烂脓疱性皮病
14408,表 6-3-115 ,L08.000x009,芽生菌病样脓皮病
14409,表 6-3-115 ,L08.000x010,足浅表性大疱性脓皮病
14410,表 6-3-115 ,L08.001,化脓性皮炎
14411,表 6-3-115 ,L08.002,脓疱性皮疹
14412,表 6-3-115 ,L08.003,坏疽性皮炎
14413,表 6-3-115 ,L08.100,红癣
14414,表 6-3-115 ,L08.800x005,骶部炎性窦道
14415,表 6-3-115 ,L08.800x006,臀部感染性窦道
14416,表 6-3-115 ,L08.800x008,足跟感染性窦道
14417,表 6-3-115 ,L08.800x011,恶性脓皮病
14418,表 6-3-115 ,L08.801,皮肤感染性窦道
14419,表 6-3-115 ,L08.802,增殖性脓皮病
14420,表 6-3-115 ,L08.803,瘢痕感染
14421,表 6-3-115 ,L08.804,背部感染性窦道
14422,表 6-3-115 ,L08.805,腹壁感染性窦道
14423,表 6-3-115 ,L08.900,皮肤和皮下组织的局部感染
14424,表 6-3-115 ,L08.900x028,皮肤软化斑
14425,表 6-3-115 ,L08.901,头面颈部皮肤感染
14426,表 6-3-115 ,L08.902,躯干皮肤感染
14427,表 6-3-115 ,L08.903,上肢皮肤感染
14428,表 6-3-115 ,L08.904,下肢皮肤感染
14429,表 6-3-115 ,L08.905,脐炎
14430,表 6-3-115 ,L08.906,颈部软组织感染
14431,表 6-3-115 ,L08.907,腹壁软组织感染
14432,表 6-3-115 ,L08.908,会阴部软组织感染
14433,表 6-3-115 ,L08.909,会阴炎性包块
14434,表 6-3-115 ,L08.910,足皮肤感染
14435,表 6-3-115 ,L08.911,足软组织感染
14436,表 6-3-116 ,L10.000,寻常型天疱疮
14437,表 6-3-116 ,L10.100,增生型天疱疮
14438,表 6-3-116 ,L10.200,落叶型天疱疮
14439,表 6-3-116 ,L10.300,巴西天疱疮
14440,表 6-3-116 ,L10.400,红斑性天疱疮
14441,表 6-3-116 ,L10.500,药物性天疱疮
14442,表 6-3-116 ,L10.800,天疱疮，其他特指的
14443,表 6-3-116 ,L10.800x001,副肿瘤性天疱疮
14444,表 6-3-116 ,L10.800x002,家族性良性慢性天疱疮
14445,表 6-3-116 ,L10.801,疱疹样天疱疮
14446,表 6-3-116 ,L10.900,天疱疮
14447,表 6-3-116 ,L11.000,后天性毛囊角化病
14448,表 6-3-116 ,L11.100,短暂性棘皮松解皮肤病[格罗弗]
14449,表 6-3-116 ,L11.800,皮肤棘层松解性疾患，其他特指的
14450,表 6-3-116 ,L11.900,皮肤棘层松解性疾患
14451,表 6-3-116 ,L12.000,大疱性类天疱疮
14452,表 6-3-116 ,L12.100,瘢痕性类天疱疮
14453,表 6-3-116 ,L12.101,良性黏膜类天疱疮
14454,表 6-3-116 ,L12.102+H13.3*,结膜天疱疹
14455,表 6-3-116 ,L12.103+H13.3*,眼天疱疹
14456,表 6-3-116 ,L12.200,儿童期慢性大疱性疾病
14457,表 6-3-116 ,L12.201,青少年疱疹样皮炎
14458,表 6-3-116 ,L12.202,线状IgA大疱性皮病
14459,表 6-3-116 ,L12.300,后天性大疱性表皮松解
14460,表 6-3-116 ,L12.800,类天疱疮，其他的
14461,表 6-3-116 ,L12.900,类天疱疮
14462,表 6-3-116 ,L13.000,疱疹样皮炎
14463,表 6-3-116 ,L13.100,角质层下小脓疱性皮炎
14464,表 6-3-116 ,L13.101,斯内登-威尔金森病
14465,表 6-3-116 ,L13.800,大疱性疾患，其他特指的
14466,表 6-3-116 ,L13.900,大疱性疾患
14467,表 6-3-116 ,L13.901,大疱性皮炎
14468,表 6-3-117 ,L20.000,贝尼耶痒疹
14469,表 6-3-117 ,L20.801,泛发性神经性皮炎
14470,表 6-3-117 ,L20.802,变应性湿疹
14471,表 6-3-117 ,L20.803,特应性神经性皮炎
14472,表 6-3-117 ,L20.804,婴儿湿疹
14473,表 6-3-117 ,L20.806,新生儿湿疹
14474,表 6-3-117 ,L20.900,特应性皮炎
14475,表 6-3-117 ,L21.000,头皮皮脂溢
14476,表 6-3-117 ,L21.001,乳痂
14477,表 6-3-117 ,L21.002,头皮糠疹
14478,表 6-3-117 ,L21.100,婴儿脂溢性皮炎
14479,表 6-3-117 ,L21.800,脂溢性皮炎，其他的
14480,表 6-3-117 ,L21.900,脂溢性皮炎
14481,表 6-3-117 ,L21.901,脂溢性湿疹
14482,表 6-3-117 ,L22.x00,尿布皮炎
14483,表 6-3-117 ,L22.x01,银屑病样尿布疹
14484,表 6-3-117 ,L23.000,金属引起的变应性接触性皮炎
14485,表 6-3-117 ,L23.001,铬变应性接触性皮炎
14486,表 6-3-117 ,L23.002,镍变应性接触性皮炎
14487,表 6-3-117 ,L23.100,粘贴剂引起的变应性接触性皮炎
14488,表 6-3-117 ,L23.101,橡皮膏变应性接触性皮炎
14489,表 6-3-117 ,L23.200,化妆品引起的变应性接触性皮炎
14490,表 6-3-117 ,L23.300,药物接触皮肤引起的变应性接触性皮炎
14491,表 6-3-117 ,L23.400,染料引起的变应性接触性皮炎
14492,表 6-3-117 ,L23.500,化学产品引起的变应性接触性皮炎，其他的
14493,表 6-3-117 ,L23.501,水泥变应性接触性皮炎
14494,表 6-3-117 ,L23.502,塑料变应性接触性皮炎
14495,表 6-3-117 ,L23.503,橡胶变应性接触性皮炎
14496,表 6-3-117 ,L23.504,杀虫剂变应性接触性皮炎
14497,表 6-3-117 ,L23.600,食物接触皮肤引起的变应性接触性皮炎
14498,表 6-3-117 ,L23.700,植物引起的变应性接触性皮炎，除外食物
14499,表 6-3-117 ,L23.801,毛皮变应性接触性皮炎
14500,表 6-3-117 ,L23.900,变应性接触性皮炎
14501,表 6-3-117 ,L23.901,过敏性皮炎
14502,表 6-3-117 ,L24.000,去污剂引起的刺激性接触性皮炎
14503,表 6-3-117 ,L24.100,油脂类引起的刺激性接触性皮炎
14504,表 6-3-117 ,L24.200,溶剂类引起的刺激性接触性皮炎
14505,表 6-3-117 ,L24.201,丙酮刺激性接触性皮炎
14506,表 6-3-117 ,L24.202,醇类刺激性接触性皮炎
14507,表 6-3-117 ,L24.203,二硫化碳刺激性接触性皮炎
14508,表 6-3-117 ,L24.204,甲苯刺激性接触性皮炎
14509,表 6-3-117 ,L24.205,溶剂类刺激性接触性皮炎
14510,表 6-3-117 ,L24.206,松脂刺激性接触性皮炎
14511,表 6-3-117 ,L24.300,化妆品引起的刺激性接触性皮炎
14512,表 6-3-117 ,L24.400,药物接触皮肤引起的刺激性接触性皮炎
14513,表 6-3-117 ,L24.500,化学产品引起的刺激性接触性皮炎，其他的
14514,表 6-3-117 ,L24.501,碱刺激性接触性皮炎
14515,表 6-3-117 ,L24.502,尼龙刺激性接触性皮炎
14516,表 6-3-117 ,L24.503,砌砖工刺激性痒病
14517,表 6-3-117 ,L24.504,酸类刺激性接触性皮炎
14518,表 6-3-117 ,L24.600,食物接触皮肤引起的刺激性接触性皮炎
14519,表 6-3-117 ,L24.601,揉面刺激性痒病
14520,表 6-3-117 ,L24.700,植物引起的刺激性接触性皮炎，除外食物
14521,表 6-3-117 ,L24.800,刺激性接触性皮炎，其他物质引起的
14522,表 6-3-117 ,L24.800x001,隐翅虫皮炎
14523,表 6-3-117 ,L24.800x002,刺胞皮炎
14524,表 6-3-117 ,L24.801,松毛虫皮炎
14525,表 6-3-117 ,L24.900,刺激性接触性皮炎
14526,表 6-3-117 ,L24.901,刺激性皮炎
14527,表 6-3-117 ,L25.000,化妆品引起的接触性皮炎
14528,表 6-3-117 ,L25.100,药物接触皮肤引起的接触性皮炎
14529,表 6-3-117 ,L25.200,染料引起的接触性皮炎
14530,表 6-3-117 ,L25.201,染发性皮炎
14531,表 6-3-117 ,L25.300,化学产品引起的接触性皮炎，其他的
14532,表 6-3-117 ,L25.400,食物接触皮肤引起的接触性皮炎
14533,表 6-3-117 ,L25.500,植物引起的接触性皮炎，除外食物
14534,表 6-3-117 ,L25.800,接触性皮炎，其他物质引起的
14535,表 6-3-117 ,L25.900,接触性皮炎
14536,表 6-3-117 ,L26.x00,剥脱性皮炎
14537,表 6-3-117 ,L26.x01,黑布拉糠疹
14538,表 6-3-117 ,L27.000x004,剥脱性皮炎型药疹
14539,表 6-3-117 ,L27.000x006,大疱表皮松解症型药疹
14540,表 6-3-117 ,L27.002,红皮病型药疹
14541,表 6-3-117 ,L27.003,荨麻疹型药疹
14542,表 6-3-117 ,L27.004,药物性红斑
14543,表 6-3-117 ,L27.005,药物性皮炎
14544,表 6-3-117 ,L27.100,药物和药剂引起的局限性皮疹
14545,表 6-3-117 ,L27.101,固定性药疹
14546,表 6-3-117 ,L27.200,摄入食物引起的皮炎
14547,表 6-3-117 ,L27.201,牛奶过敏性皮炎
14548,表 6-3-117 ,L27.800,内服物质引起的皮炎，其他的
14549,表 6-3-117 ,L27.801,砷过敏性皮炎
14550,表 6-3-117 ,L27.900,内服物质引起的皮炎
14551,表 6-3-117 ,L28.000,慢性单纯性苔藓
14552,表 6-3-117 ,L28.000x006,小棘苔癣
14553,表 6-3-117 ,L28.000x007,金黄色苔癣
14554,表 6-3-117 ,L28.001,局限性神经性皮炎
14555,表 6-3-117 ,L28.002,苔藓样皮炎
14556,表 6-3-117 ,L28.003,苔藓
14557,表 6-3-117 ,L28.100,结节性痒疹
14558,表 6-3-117 ,L28.200,痒疹，其他的
14559,表 6-3-117 ,L28.201,黑布拉痒疹
14560,表 6-3-117 ,L28.202,轻症痒疹
14561,表 6-3-117 ,L28.203,丘疹性荨麻疹
14562,表 6-3-117 ,L29.000,肛门瘙痒(症)
14563,表 6-3-117 ,L29.100,阴囊瘙痒(症)
14564,表 6-3-117 ,L29.200,外阴瘙痒(症)
14565,表 6-3-117 ,L29.300,肛门生殖器瘙痒(症)
14566,表 6-3-117 ,L29.800,瘙痒(症)，其他的
14567,表 6-3-117 ,L29.801,冬令瘙痒症
14568,表 6-3-117 ,L29.802,老年瘙痒症
14569,表 6-3-117 ,L29.900,瘙痒(症)
14570,表 6-3-117 ,L30.000,钱币状皮炎
14571,表 6-3-117 ,L30.100,汗疱疹
14572,表 6-3-117 ,L30.201,念珠菌疹
14573,表 6-3-117 ,L30.202,皮肤癣菌疹
14574,表 6-3-117 ,L30.203,湿疹样疹
14575,表 6-3-117 ,L30.204,自体过敏性皮炎
14576,表 6-3-117 ,L30.300,感染性皮炎
14577,表 6-3-117 ,L30.301,传染性湿疹样皮炎
14578,表 6-3-117 ,L30.400,擦烂红斑
14579,表 6-3-117 ,L30.400x004,色素性玫瑰疹
14580,表 6-3-117 ,L30.500,白色糠疹
14581,表 6-3-117 ,L30.500x003,渗出性慢性单纯性糠疹
14582,表 6-3-117 ,L30.800,皮炎，其他特指的
14583,表 6-3-117 ,L30.801,寒冷性皮炎
14584,表 6-3-117 ,L30.802,激素依赖性皮炎
14585,表 6-3-117 ,L30.803,季节性大疱性皮炎
14586,表 6-3-117 ,L30.804,嗜酸性粒细胞增多性皮病
14587,表 6-3-117 ,L30.900,皮炎
14588,表 6-3-117 ,L30.901,泛发性湿疹
14589,表 6-3-117 ,L30.902,湿疹
14590,表 6-3-117 ,L30.903,外阴湿疹
14591,表 6-3-117 ,L30.904,阴囊湿疹
14592,表 6-3-117 ,L30.905,湿疹样皮炎
14593,表 6-3-118 ,L40.000,寻常性银屑病
14594,表 6-3-118 ,L40.001,斑块状银屑病
14595,表 6-3-118 ,L40.002,蛎壳状银屑病
14596,表 6-3-118 ,L40.003,钱币形银屑病
14597,表 6-3-118 ,L40.100,全身脓疱性银屑病
14598,表 6-3-118 ,L40.101,冯-聪布施病
14599,表 6-3-118 ,L40.102,脓疱性银屑病
14600,表 6-3-118 ,L40.103,疱疹样脓疱病
14601,表 6-3-118 ,L40.200,持续性肢端皮炎
14602,表 6-3-118 ,L40.300,掌跖脓疱病
14603,表 6-3-118 ,L40.301,掌跖脓疱性银屑病
14604,表 6-3-118 ,L40.400,滴状银屑病
14605,表 6-3-118 ,L40.500,关节病型银屑病
14606,表 6-3-118 ,L40.501+M07.3*,银屑病性关节炎
14607,表 6-3-118 ,L40.502+M09.0*,银屑病性幼年型关节炎
14608,表 6-3-118 ,L40.800,银屑病，其他的
14609,表 6-3-118 ,L40.801,反常性银屑病
14610,表 6-3-118 ,L40.802,红皮病性银屑病
14611,表 6-3-118 ,L40.900,银屑病
14612,表 6-3-118 ,L41.000,急性苔藓痘疮样糠疹
14613,表 6-3-118 ,L41.000x002,急性发热坏死溃疡性痘疮样糠疹
14614,表 6-3-118 ,L41.100,慢性苔藓样糠疹
14615,表 6-3-118 ,L41.300,小斑块副银屑病
14616,表 6-3-118 ,L41.400,大斑块副银屑病
14617,表 6-3-118 ,L41.500,网状副银屑病
14618,表 6-3-118 ,L41.801,斑状副银屑病
14619,表 6-3-118 ,L41.900,副银屑病
14620,表 6-3-118 ,L42.x00,玫瑰糠疹
14621,表 6-3-118 ,L43.000,肥厚性扁平苔藓
14622,表 6-3-118 ,L43.100,大疱性扁平苔藓
14623,表 6-3-118 ,L43.200,苔藓样药物反应
14624,表 6-3-118 ,L43.300,亚急性(活动性)扁平苔藓
14625,表 6-3-118 ,L43.301,热带扁平苔藓
14626,表 6-3-118 ,L43.800,扁平苔藓，其他的
14627,表 6-3-118 ,L43.901,口腔扁平苔藓
14628,表 6-3-118 ,L43.902,舌扁平苔藓
14629,表 6-3-118 ,L44.000,毛发红糠疹
14630,表 6-3-118 ,L44.100,光泽苔藓
14631,表 6-3-118 ,L44.200,条纹状苔藓
14632,表 6-3-118 ,L44.300,念珠状红苔藓
14633,表 6-3-118 ,L44.400,婴儿丘疹性肢皮炎[詹诺托-克罗斯蒂]
14634,表 6-3-118 ,L44.800,丘疹鳞屑性疾患，其他特指的
14635,表 6-3-118 ,L44.900,丘疹鳞屑性疾患
14636,表 6-3-119 ,L50.000,变应性荨麻疹
14637,表 6-3-119 ,L50.100,特发性荨麻疹
14638,表 6-3-119 ,L50.200,冷和热引起的荨麻疹
14639,表 6-3-119 ,L50.201,寒冷性荨麻疹
14640,表 6-3-119 ,L50.202,热性荨麻疹
14641,表 6-3-119 ,L50.300,皮肤划痕性荨麻疹
14642,表 6-3-119 ,L50.400,振动荨麻疹
14643,表 6-3-119 ,L50.500,胆碱能性荨麻疹
14644,表 6-3-119 ,L50.600,接触性荨麻疹
14645,表 6-3-119 ,L50.801,急性荨麻疹
14646,表 6-3-119 ,L50.802,慢性荨麻疹
14647,表 6-3-119 ,L50.803,胃肠型荨麻疹
14648,表 6-3-119 ,L50.900,荨麻疹
14649,表 6-3-119 ,L51.000,非大疱型多形性红斑
14650,表 6-3-119 ,L51.100,大疱型多形性红斑
14651,表 6-3-119 ,L51.200,中毒性表皮坏死松解症[莱尔]
14652,表 6-3-119 ,L51.802,渗出性多形红斑
14653,表 6-3-119 ,L51.900,多形性红斑
14654,表 6-3-119 ,L52.x00,结节性红斑
14655,表 6-3-119 ,L53.000,中毒性红斑
14656,表 6-3-119 ,L53.100,离心性环状红斑
14657,表 6-3-119 ,L53.101,风湿性环形红斑
14658,表 6-3-119 ,L53.200,边缘性红斑
14659,表 6-3-119 ,L53.300,慢性回状红斑，其他的
14660,表 6-3-119 ,L53.800,红斑性情况，其他特指的
14661,表 6-3-119 ,L53.801,猩红热样红斑
14662,表 6-3-119 ,L53.900,红斑性情况
14663,表 6-3-119 ,L53.901,红皮病
14664,表 6-3-120 ,L55.000,Ⅰ度晒斑[晒伤]
14665,表 6-3-120 ,L55.100,Ⅱ度晒斑[晒伤]
14666,表 6-3-120 ,L55.200,Ⅲ度晒斑[晒伤]
14667,表 6-3-120 ,L55.800,晒斑[晒伤]，其他的
14668,表 6-3-120 ,L55.900,晒斑[晒伤]
14669,表 6-3-120 ,L56.000,药物光毒性反应
14670,表 6-3-120 ,L56.100,药物光变应性反应
14671,表 6-3-120 ,L56.200,光接触性皮炎[香料皮炎]
14672,表 6-3-120 ,L56.300,日光性荨麻疹
14673,表 6-3-120 ,L56.400,多形性日光疹
14674,表 6-3-120 ,L56.401,牛痘样水疱
14675,表 6-3-120 ,L56.800,紫外线辐射引起的其他特指的急性皮肤改变
14676,表 6-3-120 ,L56.900,紫外线辐射引起的急性皮肤改变
14677,表 6-3-120 ,L57.000,光线性角化病
14678,表 6-3-120 ,L57.001,灰泥角化症
14679,表 6-3-120 ,L57.100,光线性类网状细胞增多症
14680,表 6-3-120 ,L57.200,颈部菱形皮
14681,表 6-3-120 ,L57.300,西瓦特皮肤异色病
14682,表 6-3-120 ,L57.400,老年性皮肤松垂
14683,表 6-3-120 ,L57.500,光线性肉芽肿
14684,表 6-3-120 ,L57.800x004,非年龄性上肢皮肤松驰
14685,表 6-3-120 ,L57.800x005,非年龄性下肢皮肤松驰
14686,表 6-3-120 ,L57.800x006,非年龄性躯干皮肤松驰
14687,表 6-3-120 ,L57.801,慢性光化性皮炎
14688,表 6-3-120 ,L57.802,日光性皮炎
14689,表 6-3-120 ,L57.803,光线性痒疹
14690,表 6-3-120 ,L57.900,慢性暴露于非电离辐射下引起的皮肤改变
14691,表 6-3-120 ,L58.000,急性放射性皮炎
14692,表 6-3-120 ,L58.100,慢性放射性皮炎
14693,表 6-3-120 ,L58.101,放射性皮肤溃疡
14694,表 6-3-120 ,L58.900,放射性皮炎
14695,表 6-3-120 ,L59.000,火激红斑[火激皮炎]
14696,表 6-3-120 ,L59.801,慢性光化性皮炎，与辐射相关
14697,表 6-3-120 ,L59.900,与辐射有关的皮肤和皮下组织疾患
14698,表 6-3-121 ,L60.000,嵌甲
14699,表 6-3-121 ,L60.100,甲剥离
14700,表 6-3-121 ,L60.200,甲弯曲
14701,表 6-3-121 ,L60.201,甲肥厚
14702,表 6-3-121 ,L60.300,甲营养不良
14703,表 6-3-121 ,L60.301,脆甲症
14704,表 6-3-121 ,L60.400,博氏线
14705,表 6-3-121 ,L60.500,黄甲综合征
14706,表 6-3-121 ,L60.800x004,白甲
14707,表 6-3-121 ,L60.800x005,甲萎缩
14708,表 6-3-121 ,L60.800x006,甲纵沟
14709,表 6-3-121 ,L60.800x007,甲纵裂
14710,表 6-3-121 ,L60.800x008,甲纵嵴
14711,表 6-3-121 ,L60.800x009,甲胬肉
14712,表 6-3-121 ,L60.800x010,对半甲
14713,表 6-3-121 ,L60.800x011,黑甲和褐甲
14714,表 6-3-121 ,L60.800x012,红甲
14715,表 6-3-121 ,L60.800x013,甲横沟
14716,表 6-3-121 ,L60.800x014,甲凹点
14717,表 6-3-121 ,L60.800x015,软甲
14718,表 6-3-121 ,L60.800x016,绿甲综合征
14719,表 6-3-121 ,L60.800x017,绿色条纹甲
14720,表 6-3-121 ,L60.800x018,马克尔线
14721,表 6-3-121 ,L60.800x019,特里甲
14722,表 6-3-121 ,L60.800x020,天蓝甲半月
14723,表 6-3-121 ,L60.800x021,多甲
14724,表 6-3-121 ,L60.800x022,红色甲半月
14725,表 6-3-121 ,L60.800x023,甲反向胬肉
14726,表 6-3-121 ,L60.800x024,蓝甲
14727,表 6-3-121 ,L60.800x025,米斯线
14728,表 6-3-121 ,L60.800x026,逆剥
14729,表 6-3-121 ,L60.800x027,薄甲
14730,表 6-3-121 ,L60.800x028,扁平甲
14731,表 6-3-121 ,L60.800x029,黄甲
14732,表 6-3-121 ,L60.800x030,灰甲
14733,表 6-3-121 ,L60.800x031,甲板染色
14734,表 6-3-121 ,L60.800x032,甲层裂
14735,表 6-3-121 ,L60.800x033,甲床紫癜
14736,表 6-3-121 ,L60.800x034,球拍状甲
14737,表 6-3-121 ,L60.801,甲床角化过度
14738,表 6-3-121 ,L60.802,指甲下出血
14739,表 6-3-121 ,L60.803,趾甲下出血
14740,表 6-3-121 ,L60.900,甲疾患
14741,表 6-3-121 ,L63.000,头部全秃
14742,表 6-3-121 ,L63.100,普秃
14743,表 6-3-121 ,L63.200,匐行性脱发
14744,表 6-3-121 ,L63.800,斑秃，其他的
14745,表 6-3-121 ,L63.900,斑秃
14746,表 6-3-121 ,L64.000,药物性雄激素性脱发
14747,表 6-3-121 ,L64.801,早老性脱发
14748,表 6-3-121 ,L64.900,雄激素性脱发
14749,表 6-3-121 ,L65.000,静止期脱发
14750,表 6-3-121 ,L65.100,再生期脱发
14751,表 6-3-121 ,L65.200,黏蛋白性脱发
14752,表 6-3-121 ,L65.800x003,牵拉性脱发
14753,表 6-3-121 ,L65.800x004,生长期头发松动
14754,表 6-3-121 ,L65.800x005,生长期脱发
14755,表 6-3-121 ,L65.801,感染后脱发
14756,表 6-3-121 ,L65.802,神经性脱发
14757,表 6-3-121 ,L65.901,眉缺损
14758,表 6-3-121 ,L65.902,脱发
14759,表 6-3-121 ,L65.903,脂溢性脱发
14760,表 6-3-121 ,L65.904,毛发稀少症
14761,表 6-3-121 ,L65.905,眉毛脱落
14762,表 6-3-121 ,L66.000,假性斑秃
14763,表 6-3-121 ,L66.100,毛发扁平苔藓
14764,表 6-3-121 ,L66.200,脱发性毛囊炎
14765,表 6-3-121 ,L66.300,脓肿性头部毛囊周围炎
14766,表 6-3-121 ,L66.400,网状红斑性毛囊炎
14767,表 6-3-121 ,L66.800,瘢痕性脱发，其他的
14768,表 6-3-121 ,L66.900,瘢痕性脱发
14769,表 6-3-121 ,L67.000,结节性脆发病
14770,表 6-3-121 ,L67.100,发色变异
14771,表 6-3-121 ,L67.101,白发
14772,表 6-3-121 ,L67.102,白睫毛
14773,表 6-3-121 ,L67.103,白眉毛
14774,表 6-3-121 ,L67.104,后天性白发
14775,表 6-3-121 ,L67.105,灰发
14776,表 6-3-121 ,L67.106,局限性白发
14777,表 6-3-121 ,L67.800,毛色和毛干异常，其他的
14778,表 6-3-121 ,L67.900,毛色和毛干异常
14779,表 6-3-121 ,L68.000,男性型多毛症
14780,表 6-3-121 ,L68.100,后天性胎毛过多
14781,表 6-3-121 ,L68.200,局限性多毛症
14782,表 6-3-121 ,L68.300,多毛症(基因变异)
14783,表 6-3-121 ,L68.800,多毛症，其他的
14784,表 6-3-121 ,L68.900,多毛症
14785,表 6-3-121 ,L70.000,寻常痤疮
14786,表 6-3-121 ,L70.001,粉刺
14787,表 6-3-121 ,L70.002,结节性痤疮
14788,表 6-3-121 ,L70.003,囊肿型痤疮
14789,表 6-3-121 ,L70.004,脓疱性痤疮
14790,表 6-3-121 ,L70.005,硬结性痤疮
14791,表 6-3-121 ,L70.100,聚会性痤疮
14792,表 6-3-121 ,L70.200,痘样痤疮
14793,表 6-3-121 ,L70.201,额面痤疮
14794,表 6-3-121 ,L70.202,粟粒坏死性痤疮
14795,表 6-3-121 ,L70.203,萎缩性痤疮
14796,表 6-3-121 ,L70.300,热带痤疮
14797,表 6-3-121 ,L70.400,婴儿痤疮
14798,表 6-3-121 ,L70.500,表皮脱落性痤疮
14799,表 6-3-121 ,L70.801,恶病质痤疮
14800,表 6-3-121 ,L70.802,人工性痤疮
14801,表 6-3-121 ,L70.803,职业性痤疮
14802,表 6-3-121 ,L70.900,痤疮
14803,表 6-3-121 ,L70.900x002,成簇性眼眶周围痤疮
14804,表 6-3-121 ,L71.000,口周皮炎
14805,表 6-3-121 ,L71.100,肥大性酒渣鼻
14806,表 6-3-121 ,L71.800,酒渣鼻，其他的
14807,表 6-3-121 ,L71.900,酒渣鼻
14808,表 6-3-121 ,L72.000,表皮囊肿
14809,表 6-3-121 ,L72.000x006,脓疱性粟粒疹
14810,表 6-3-121 ,L72.000x007,红色粟粒疹
14811,表 6-3-121 ,L72.000x010,晶形粟粒疹
14812,表 6-3-121 ,L72.000x011,深部粟粒疹
14813,表 6-3-121 ,L72.100,毛根鞘囊肿
14814,表 6-3-121 ,L72.101,面部皮脂腺囊肿
14815,表 6-3-121 ,L72.102,头颈皮脂腺囊肿
14816,表 6-3-121 ,L72.103,躯干皮脂腺囊肿
14817,表 6-3-121 ,L72.104,四肢皮脂腺囊肿
14818,表 6-3-121 ,L72.105,皮脂腺囊肿
14819,表 6-3-121 ,L72.106,会阴皮脂腺囊肿
14820,表 6-3-121 ,L72.200,多发性皮脂腺囊肿
14821,表 6-3-121 ,L72.800x001,发疹性毳毛囊肿
14822,表 6-3-121 ,L72.800x003,色素性毛囊囊肿
14823,表 6-3-121 ,L72.800x004,皮肤黏液样囊肿
14824,表 6-3-121 ,L72.900x001,耳后囊肿
14825,表 6-3-121 ,L72.900x002,皮下囊肿
14826,表 6-3-121 ,L72.900x003,皮肤纤毛性囊肿
14827,表 6-3-121 ,L72.901,头颈部囊肿
14828,表 6-3-121 ,L72.902,面部囊肿
14829,表 6-3-121 ,L72.903,躯干囊肿
14830,表 6-3-121 ,L72.904,腹股沟区皮肤囊肿
14831,表 6-3-121 ,L72.905,四肢囊肿
14832,表 6-3-121 ,L73.000,瘢瘤性痤疮
14833,表 6-3-121 ,L73.100,须部假性毛囊炎
14834,表 6-3-121 ,L73.200,化脓性汗腺炎
14835,表 6-3-121 ,L73.800,毛囊疾患，其他特指的
14836,表 6-3-121 ,L73.800x005,鼻毛假性毛囊炎
14837,表 6-3-121 ,L73.800x006,铜绿假单胞菌毛囊炎
14838,表 6-3-121 ,L73.800x007,细菌性毛囊炎
14839,表 6-3-121 ,L73.801,狼疮样须疮
14840,表 6-3-121 ,L73.802,毛囊闭锁三联征
14841,表 6-3-121 ,L73.803,皮脂腺增生
14842,表 6-3-121 ,L73.804,须疮
14843,表 6-3-121 ,L73.805,寻常须疮
14844,表 6-3-121 ,L73.900,毛囊疾患
14845,表 6-3-121 ,L74.000,红痱
14846,表 6-3-121 ,L74.001,痱子
14847,表 6-3-121 ,L74.100,晶状痱
14848,表 6-3-121 ,L74.200,深部痱
14849,表 6-3-121 ,L74.300,痱
14850,表 6-3-121 ,L74.400,无汗症
14851,表 6-3-121 ,L74.801,红鼻肉芽肿
14852,表 6-3-121 ,L74.900,外分泌汗腺疾患
14853,表 6-3-121 ,L75.000,臭汗症
14854,表 6-3-121 ,L75.100,色汗症
14855,表 6-3-121 ,L75.200,顶浆分泌腺粟疹
14856,表 6-3-121 ,L75.201,福克斯-福代斯病
14857,表 6-3-121 ,L75.800,顶浆分泌汗腺疾患，其他的
14858,表 6-3-121 ,L75.900,顶浆分泌汗腺疾患
14859,表 6-3-122 ,L80.x00,白癜风
14860,表 6-3-122 ,L81.000,炎症后色素沉着过度
14861,表 6-3-122 ,L81.100,黄褐斑
14862,表 6-3-122 ,L81.200,雀斑
14863,表 6-3-122 ,L81.300,咖啡牛乳色斑
14864,表 6-3-122 ,L81.400,其他黑色素沉着过度
14865,表 6-3-122 ,L81.400x001,着色病
14866,表 6-3-122 ,L81.401,黑皮病
14867,表 6-3-122 ,L81.402,黑变病
14868,表 6-3-122 ,L81.403,焦油性黑变病
14869,表 6-3-122 ,L81.404,里尔黑变病
14870,表 6-3-122 ,L81.405,雀斑痣
14871,表 6-3-122 ,L81.407,中毒性黑变病
14872,表 6-3-122 ,L81.500,白斑病，不可归类在他处者
14873,表 6-3-122 ,L81.600,黑色素形成减少的其他疾患
14874,表 6-3-122 ,L81.601,皮肤异色病
14875,表 6-3-122 ,L81.700x002,匍行性血管瘤
14876,表 6-3-122 ,L81.701,进行性色素性皮肤病
14877,表 6-3-122 ,L81.702,毛细血管扩张性环状紫癜
14878,表 6-3-122 ,L81.703,尚贝格色素皮肤病
14879,表 6-3-122 ,L81.800,色素沉着其他特指的疾患
14880,表 6-3-122 ,L81.800x003,色素分界线
14881,表 6-3-122 ,L81.800x005,斑蝥黄沉着
14882,表 6-3-122 ,L81.801,铁色素沉着
14883,表 6-3-122 ,L81.802,文身色素沉着
14884,表 6-3-122 ,L81.803,地方性砷中毒
14885,表 6-3-122 ,L81.900,色素沉着的疾患
14886,表 6-3-122 ,L82.x00,脂溢性角化病
14887,表 6-3-122 ,L82.x01,黑色丘疹性皮肤病
14888,表 6-3-122 ,L82.x02,莱泽-特雷拉特病
14889,表 6-3-122 ,L83.x00,黑棘皮病
14890,表 6-3-122 ,L83.x01,融合性网状乳头瘤病
14891,表 6-3-122 ,L83.x02,假黑棘皮病
14892,表 6-3-122 ,L84.x00x001,鸡眼
14893,表 6-3-122 ,L84.x00x002,胼胝
14894,表 6-3-122 ,L84.x01,感染性胼胝
14895,表 6-3-122 ,L85.000,获得性鱼鳞癣
14896,表 6-3-122 ,L85.100,后天性掌跖角化病[皮肤角化病]
14897,表 6-3-122 ,L85.200,点状角化病(掌跖)
14898,表 6-3-122 ,L85.300,皮肤干燥症
14899,表 6-3-122 ,L85.800,表皮增厚，其他特指的
14900,表 6-3-122 ,L85.801,角化棘皮瘤
14901,表 6-3-122 ,L85.803,皮角
14902,表 6-3-122 ,L85.804,砷角化病
14903,表 6-3-122 ,L85.900,表皮增厚
14904,表 6-3-122 ,L85.900x001,皮脂腺痣
14905,表 6-3-122 ,L87.001,穿入性毛囊角化过度
14906,表 6-3-122 ,L87.100,反应性穿通性胶原病
14907,表 6-3-122 ,L87.200,匐行穿孔性弹性组织变性
14908,表 6-3-122 ,L87.800,经表皮排除疾患，其他的
14909,表 6-3-122 ,L87.900,经表皮排除疾患
14910,表 6-3-122 ,L88.x00,坏疽性脓皮症
14911,表 6-3-122 ,L89.000,受压区Ⅰ期压疮
14912,表 6-3-122 ,L89.001,骶尾区Ⅰ期压疮
14913,表 6-3-122 ,L89.002,坐骨区Ⅰ期压疮
14914,表 6-3-122 ,L89.003,股骨区Ⅰ期压疮
14915,表 6-3-122 ,L89.004,跟骨区Ⅰ期压疮
14916,表 6-3-122 ,L89.005,足踝区Ⅰ期压疮
14917,表 6-3-122 ,L89.006,肩胛区Ⅰ期压疮
14918,表 6-3-122 ,L89.007,枕骨区Ⅰ期压疮
14919,表 6-3-122 ,L89.008,多处Ⅰ期压疮
14920,表 6-3-122 ,L89.100,受压区Ⅱ期压疮
14921,表 6-3-122 ,L89.101,骶尾区Ⅱ期压疮
14922,表 6-3-122 ,L89.102,坐骨区Ⅱ期压疮
14923,表 6-3-122 ,L89.103,股骨区Ⅱ期压疮
14924,表 6-3-122 ,L89.104,跟骨区Ⅱ期压疮
14925,表 6-3-122 ,L89.105,足踝区Ⅱ期压疮
14926,表 6-3-122 ,L89.106,肩胛区Ⅱ期压疮
14927,表 6-3-122 ,L89.107,枕骨区Ⅱ期压疮
14928,表 6-3-122 ,L89.108,多处Ⅱ期压疮
14929,表 6-3-122 ,L89.200,受压区Ⅲ期压疮
14930,表 6-3-122 ,L89.201,骶尾区Ⅲ期压疮
14931,表 6-3-122 ,L89.202,坐骨区Ⅲ期压疮
14932,表 6-3-122 ,L89.203,股骨区Ⅲ期压疮
14933,表 6-3-122 ,L89.204,跟骨区Ⅲ期压疮
14934,表 6-3-122 ,L89.205,足踝区Ⅲ期压疮
14935,表 6-3-122 ,L89.206,肩胛区Ⅲ期压疮
14936,表 6-3-122 ,L89.207,枕骨区Ⅲ期压疮
14937,表 6-3-122 ,L89.208,多处Ⅲ期压疮
14938,表 6-3-122 ,L89.300,受压区Ⅳ期压疮
14939,表 6-3-122 ,L89.301,骶尾区Ⅳ期压疮
14940,表 6-3-122 ,L89.302,坐骨区Ⅳ期压疮
14941,表 6-3-122 ,L89.303,股骨区Ⅳ期压疮
14942,表 6-3-122 ,L89.304,跟骨区Ⅳ期压疮
14943,表 6-3-122 ,L89.305,足踝区Ⅳ期压疮
14944,表 6-3-122 ,L89.306,肩胛区Ⅳ期压疮
14945,表 6-3-122 ,L89.307,枕骨区Ⅳ期压疮
14946,表 6-3-122 ,L89.308,多处Ⅳ期压疮
14947,表 6-3-122 ,L89.900,受压区压疮
14948,表 6-3-122 ,L90.000,硬化萎缩性苔藓
14949,表 6-3-122 ,L90.100,施韦宁格-布齐皮肤松弛
14950,表 6-3-122 ,L90.200,雅达松-佩利扎里皮肤松弛
14951,表 6-3-122 ,L90.300,特发性皮肤萎缩
14952,表 6-3-122 ,L90.400,慢性萎缩性肢端皮炎
14953,表 6-3-122 ,L90.401,特发性弥漫性皮肤萎缩
14954,表 6-3-122 ,L90.500x006,头皮瘢痕
14955,表 6-3-122 ,L90.500x007,枕部瘢痕
14956,表 6-3-122 ,L90.500x008,鬓角瘢痕
14957,表 6-3-122 ,L90.500x009,面部瘢痕
14958,表 6-3-122 ,L90.500x010,额部瘢痕
14959,表 6-3-122 ,L90.500x011,颞部瘢痕
14960,表 6-3-122 ,L90.500x012,颧部瘢痕
14961,表 6-3-122 ,L90.500x013,颌部瘢痕
14962,表 6-3-122 ,L90.500x014,颏部瘢痕
14963,表 6-3-122 ,L90.500x015,颊部瘢痕
14964,表 6-3-122 ,L90.500x016,眼睑瘢痕
14965,表 6-3-122 ,L90.500x017,内眦瘢痕
14966,表 6-3-122 ,L90.500x018,上睑瘢痕
14967,表 6-3-122 ,L90.500x019,下睑瘢痕
14968,表 6-3-122 ,L90.500x020,外眦瘢痕
14969,表 6-3-122 ,L90.500x021,眼眶瘢痕
14970,表 6-3-122 ,L90.500x022,眉部瘢痕
14971,表 6-3-122 ,L90.500x023,鼻部瘢痕
14972,表 6-3-122 ,L90.500x024,鼻翼瘢痕
14973,表 6-3-122 ,L90.500x025,口部瘢痕
14974,表 6-3-122 ,L90.500x026,上唇瘢痕
14975,表 6-3-122 ,L90.500x027,下唇瘢痕
14976,表 6-3-122 ,L90.500x028,口角瘢痕
14977,表 6-3-122 ,L90.500x029,耳部瘢痕
14978,表 6-3-122 ,L90.500x030,耳垂瘢痕
14979,表 6-3-122 ,L90.500x031,上肢瘢痕
14980,表 6-3-122 ,L90.500x032,肩部瘢痕
14981,表 6-3-122 ,L90.500x033,腋部瘢痕
14982,表 6-3-122 ,L90.500x034,上臂瘢痕
14983,表 6-3-122 ,L90.500x035,肘部瘢痕
14984,表 6-3-122 ,L90.500x036,前臂瘢痕
14985,表 6-3-122 ,L90.500x037,腕部瘢痕
14986,表 6-3-122 ,L90.500x038,下肢瘢痕
14987,表 6-3-122 ,L90.500x039,大腿瘢痕
14988,表 6-3-122 ,L90.500x040,膝部瘢痕
14989,表 6-3-122 ,L90.500x041,小腿瘢痕
14990,表 6-3-122 ,L90.500x042,踝部瘢痕
14991,表 6-3-122 ,L90.500x043,臀部瘢痕
14992,表 6-3-122 ,L90.500x044,腘窝瘢痕
14993,表 6-3-122 ,L90.500x045,乳房瘢痕
14994,表 6-3-122 ,L90.500x046,乳头瘢痕
14995,表 6-3-122 ,L90.500x047,乳晕瘢痕
14996,表 6-3-122 ,L90.500x048,手部瘢痕
14997,表 6-3-122 ,L90.500x049,手背瘢痕
14998,表 6-3-122 ,L90.500x050,手掌瘢痕
14999,表 6-3-122 ,L90.500x051,虎口瘢痕
15000,表 6-3-122 ,L90.500x052,手指瘢痕
15001,表 6-3-122 ,L90.500x053,拇指瘢痕
15002,表 6-3-122 ,L90.500x054,足部瘢痕
15003,表 6-3-122 ,L90.500x055,足背瘢痕
15004,表 6-3-122 ,L90.500x056,足掌瘢痕
15005,表 6-3-122 ,L90.500x057,足跟瘢痕
15006,表 6-3-122 ,L90.500x058,足趾瘢痕
15007,表 6-3-122 ,L90.500x059,(足母)趾瘢痕
15008,表 6-3-122 ,L90.500x060,躯干瘢痕
15009,表 6-3-122 ,L90.500x061,颈部瘢痕
15010,表 6-3-122 ,L90.500x062,胸部瘢痕
15011,表 6-3-122 ,L90.500x063,腹部瘢痕
15012,表 6-3-122 ,L90.500x064,背部瘢痕
15013,表 6-3-122 ,L90.500x065,腰部瘢痕
15014,表 6-3-122 ,L90.500x066,脐部瘢痕
15015,表 6-3-122 ,L90.500x067,全身多处瘢痕
15016,表 6-3-122 ,L90.500x071,男性生殖器瘢痕
15017,表 6-3-122 ,L90.500x072,睾丸瘢痕
15018,表 6-3-122 ,L90.500x073,阴囊瘢痕
15019,表 6-3-122 ,L90.500x074,男性外阴瘢痕
15020,表 6-3-122 ,L90.501,瘢痕
15021,表 6-3-122 ,L90.502,瘢痕挛缩
15022,表 6-3-122 ,L90.503,瘢痕粘连
15023,表 6-3-122 ,L90.504,痛性瘢痕
15024,表 6-3-122 ,L90.505,手术后瘢痕
15025,表 6-3-122 ,L90.600,萎缩纹
15026,表 6-3-122 ,L90.800,皮肤的其他萎缩性疾患
15027,表 6-3-122 ,L90.801,斑疹性皮肤萎缩
15028,表 6-3-122 ,L90.803,老年性皮肤萎缩
15029,表 6-3-122 ,L90.804,神经性皮肤萎缩
15030,表 6-3-122 ,L90.805,Moulin线状皮肤萎缩
15031,表 6-3-122 ,L90.900x001,糖皮质激素局部注射引起的皮肤萎缩
15032,表 6-3-122 ,L90.901,面部萎缩
15033,表 6-3-122 ,L90.902,斑状皮肤萎缩
15034,表 6-3-122 ,L91.001,瘢痕疙瘩
15035,表 6-3-122 ,L91.002,瘤样瘢痕
15036,表 6-3-122 ,L91.800,皮肤其他的肥厚性疾患
15037,表 6-3-122 ,L91.801,皮肤赘生物
15038,表 6-3-122 ,L91.900,皮肤肥厚性疾患
15039,表 6-3-122 ,L92.000,环状肉芽肿
15040,表 6-3-122 ,L92.100,脂质渐进性坏死，不可归类在他处者
15041,表 6-3-122 ,L92.200,面部肉芽肿[皮肤嗜酸细胞肉芽肿]
15042,表 6-3-122 ,L92.300,皮肤和皮下组织异物性肉芽肿
15043,表 6-3-122 ,L92.301,皮肤硅肉芽肿
15044,表 6-3-122 ,L92.302,皮肤铍肉芽肿
15045,表 6-3-122 ,L92.800,皮肤和皮下组织其他肉芽肿性疾患
15046,表 6-3-122 ,L92.801,脐肉芽肿
15047,表 6-3-122 ,L92.901,皮下组织肉芽肿
15048,表 6-3-122 ,L92.903,皮肤肉芽肿
15049,表 6-3-122 ,L93.000,盘状红斑狼疮
15050,表 6-3-122 ,L93.001,红斑狼疮
15051,表 6-3-122 ,L93.100,亚急性皮肤红斑狼疮
15052,表 6-3-122 ,L93.200,局限性红斑狼疮，其他的
15053,表 6-3-122 ,L93.200x003,肿胀性(瘤样)狼疮
15054,表 6-3-122 ,L93.201,狼疮性脂膜炎
15055,表 6-3-122 ,L93.202,深在性红斑狼疮
15056,表 6-3-122 ,L94.000,局限性硬皮病[硬斑病]
15057,表 6-3-122 ,L94.100,线状硬皮病
15058,表 6-3-122 ,L94.200,皮肤钙质沉着症
15059,表 6-3-122 ,L94.300,指端硬化
15060,表 6-3-122 ,L94.301,趾端硬化
15061,表 6-3-122 ,L94.400,戈特龙丘疹
15062,表 6-3-122 ,L94.500,血管萎缩性皮肤异色病
15063,表 6-3-122 ,L94.600,阿洪病
15064,表 6-3-122 ,L94.800,局限性结缔组织疾患，其他特指的
15065,表 6-3-122 ,L94.900,局限性结缔组织疾患
15066,表 6-3-122 ,L95.000,青斑血管炎
15067,表 6-3-122 ,L95.100,持久性隆起性红斑
15068,表 6-3-122 ,L95.800,局限于皮肤的其他血管炎
15069,表 6-3-122 ,L95.800x004,恶性萎缩性丘疹病
15070,表 6-3-122 ,L95.801,结节性血管炎
15071,表 6-3-122 ,L95.802,皮肤变应性血管炎
15072,表 6-3-122 ,L95.900,局限于皮肤的血管炎
15073,表 6-3-122 ,L95.900x001,白细胞碎裂性血管炎
15074,表 6-3-122 ,L95.901,荨麻疹性血管炎
15075,表 6-3-122 ,L97.x00,下肢溃疡，不可归类在他处者
15076,表 6-3-122 ,L98.000,生脓性肉芽肿
15077,表 6-3-122 ,L98.001,毛细管扩张性肉芽肿
15078,表 6-3-122 ,L98.101,神经性表皮脱落
15079,表 6-3-122 ,L98.200,热性中性粒细胞皮肤病[斯威特]
15080,表 6-3-122 ,L98.300,嗜酸细胞性蜂窝织炎[韦尔斯]
15081,表 6-3-122 ,L98.400,皮肤慢性溃疡，不可归类在他处者
15082,表 6-3-122 ,L98.401,热带溃疡
15083,表 6-3-122 ,L98.500,皮肤黏蛋白沉积症
15084,表 6-3-122 ,L98.501,局部粘蛋白沉积症
15085,表 6-3-122 ,L98.502,黏液水肿性苔藓
15086,表 6-3-122 ,L98.503,网状红斑性黏蛋白沉积症
15087,表 6-3-122 ,L98.600,皮肤和皮下组织其他的浸润性疾患
15088,表 6-3-122 ,L98.700x001,获得性皮肤松弛症
15089,表 6-3-122 ,L98.701,皮肤松弛，未特指
15090,表 6-3-122 ,L98.702,皮肤松弛伴随减重(减肥手术)(饮食)
15091,表 6-3-122 ,L98.800,皮肤和皮下组织其他特指的疾患
15092,表 6-3-122 ,L98.800x001,Kimurus病(伴嗜酸性白细胞的血管增生)
15093,表 6-3-122 ,L98.800x007,月经疹
15094,表 6-3-122 ,L98.800x010,黑色萎缩
15095,表 6-3-122 ,L98.800x011,扩张孔
15096,表 6-3-122 ,L98.800x012,弥漫性皮肤肥大细胞增生病
15097,表 6-3-122 ,L98.800x013,系统性肥大细胞增生病
15098,表 6-3-122 ,L98.800x014,贫血痣
15099,表 6-3-122 ,L98.800x015,粟丘疹
15100,表 6-3-122 ,L98.800x016,女阴假性湿疣
15101,表 6-3-122 ,L98.800x017,症状性苔藓样疹
15102,表 6-3-122 ,L98.800x018,皮脂缺乏症
15103,表 6-3-122 ,L98.800x020,具脂肪瘤样痣的褶皱皮肤
15104,表 6-3-122 ,L98.800x021,丘疹性血管增生
15105,表 6-3-122 ,L98.800x022,粘蛋白性汗管化生
15106,表 6-3-122 ,L98.800x023,丘疹型血管角化瘤
15107,表 6-3-122 ,L98.800x026,发疹性假性血管瘤病
15108,表 6-3-122 ,L98.800x027,儿童不对称性曲侧周围疹
15109,表 6-3-122 ,L98.801,面颊部痣样增生
15110,表 6-3-122 ,L98.802,皮肤窦道
15111,表 6-3-122 ,L98.803,皮肤淋巴细胞瘤
15112,表 6-3-122 ,L98.804,皮肤瘘管
15113,表 6-3-122 ,L98.900x002,胶样粟丘疹
15114,表 6-3-123 ,M00.000x091,葡萄球菌性关节炎
15115,表 6-3-123 ,M00.000x092,葡萄球菌性多关节炎
15116,表 6-3-123 ,M00.001,葡萄球菌性肩关节炎
15117,表 6-3-123 ,M00.002,葡萄球菌性肘关节炎
15118,表 6-3-123 ,M00.003,葡萄球菌性腕关节炎
15119,表 6-3-123 ,M00.004,葡萄球菌性髋关节炎
15120,表 6-3-123 ,M00.005,葡萄球菌性膝关节炎
15121,表 6-3-123 ,M00.006,葡萄球菌性踝关节炎
15122,表 6-3-123 ,M00.100x001,肺炎球菌性多关节炎
15123,表 6-3-123 ,M00.100x011,肺炎球菌性肩关节炎
15124,表 6-3-123 ,M00.100x021,肺炎球菌性肘关节炎
15125,表 6-3-123 ,M00.100x031,肺炎球菌性腕关节炎
15126,表 6-3-123 ,M00.100x051,肺炎球菌性髋关节炎
15127,表 6-3-123 ,M00.100x061,肺炎球菌性膝关节炎
15128,表 6-3-123 ,M00.100x071,肺炎球菌性踝关节炎
15129,表 6-3-123 ,M00.100x091,肺炎球菌性关节炎
15130,表 6-3-123 ,M00.200x001,链球菌性多关节炎
15131,表 6-3-123 ,M00.200x011,链球菌性肩关节炎
15132,表 6-3-123 ,M00.200x021,链球菌性肘关节炎
15133,表 6-3-123 ,M00.200x031,链球菌性腕关节炎
15134,表 6-3-123 ,M00.200x051,链球菌性髋关节炎
15135,表 6-3-123 ,M00.200x061,链球菌性膝关节炎
15136,表 6-3-123 ,M00.200x071,链球菌性踝关节炎
15137,表 6-3-123 ,M00.200x091,链球菌性关节炎
15138,表 6-3-123 ,M00.800,关节炎和多关节炎，其他特指的细菌性病原体引起的
15139,表 6-3-123 ,M00.900,化脓性关节炎
15140,表 6-3-123 ,M00.900x011,感染性肩关节炎
15141,表 6-3-123 ,M00.900x021,感染性肘关节炎
15142,表 6-3-123 ,M00.900x031,感染性腕关节炎
15143,表 6-3-123 ,M00.900x051,感染性髋关节炎
15144,表 6-3-123 ,M00.900x061,感染性膝关节炎
15145,表 6-3-123 ,M00.900x071,感染性踝关节炎
15146,表 6-3-123 ,M00.901,感染性关节炎
15147,表 6-3-123 ,M02.000,肠旁路术后关节病
15148,表 6-3-123 ,M02.100,痢疾后关节病
15149,表 6-3-123 ,M02.200,免疫后关节病
15150,表 6-3-123 ,M02.201,血清性关节炎
15151,表 6-3-123 ,M02.300,赖特尔病
15152,表 6-3-123 ,M02.800,反应性关节病，其他的
15153,表 6-3-123 ,M02.900,反应性关节病
15154,表 6-3-124 ,M05.000,费尔蒂综合征
15155,表 6-3-124 ,M05.100+J99.0*,类风湿性肺病
15156,表 6-3-124 ,M05.101+J99.0*,类风湿性关节炎伴肺泡炎
15157,表 6-3-124 ,M05.102+J99.0*,类风湿性关节炎伴肺间质纤维化
15158,表 6-3-124 ,M05.103+J99.0*,类风湿尘肺
15159,表 6-3-124 ,M05.200,类风湿性脉管炎
15160,表 6-3-124 ,M05.200x092,类风湿性血管炎
15161,表 6-3-124 ,M05.301+G63.6*,类风湿性关节炎伴多神经病
15162,表 6-3-124 ,M05.302+I43.8*,类风湿性关节炎伴心肌病
15163,表 6-3-124 ,M05.303+G73.7*,类风湿性关节炎相关性肌病
15164,表 6-3-124 ,M05.304+I52.8*,类风湿性关节炎伴心炎
15165,表 6-3-124 ,M05.305+I32.8*,类风湿性关节炎伴心包炎
15166,表 6-3-124 ,M05.306+I41.8*,类风湿性关节炎伴心肌炎
15167,表 6-3-124 ,M05.307+I39.8*,类风湿性关节炎伴心内膜炎
15168,表 6-3-124 ,M05.308,累及全身类风湿性关节炎
15169,表 6-3-124 ,M05.800,"血清反应阳性的类风湿性关节炎,其他的"
15170,表 6-3-124 ,M05.900,血清反应阳性的类风湿性关节炎
15171,表 6-3-124 ,M05.900x093,累及内脏的类风湿性关节炎
15172,表 6-3-124 ,M06.000,血清反应阴性的类风湿性关节炎
15173,表 6-3-124 ,M06.001,复发性血清阴性对称性滑膜炎伴凹陷性水肿
15174,表 6-3-124 ,M06.002,缓解性血清阴性对称性滑膜炎伴凹陷性水肿综合征
15175,表 6-3-124 ,M06.003,滑膜炎-痤疮-脓疱疹-骨肥厚-骨炎综合征
15176,表 6-3-124 ,M06.100,成年型斯蒂尔病
15177,表 6-3-124 ,M06.200,类风湿性滑囊炎
15178,表 6-3-124 ,M06.300,类风湿性结节
15179,表 6-3-124 ,M06.400,炎性多关节病
15180,表 6-3-124 ,M06.800,类风湿性关节炎，其他特指的
15181,表 6-3-124 ,M06.800x051,类风湿性髋关节炎
15182,表 6-3-124 ,M06.800x071,类风湿性足关节炎
15183,表 6-3-124 ,M06.900,类风湿性关节炎
15184,表 6-3-124 ,M06.901,类风湿性肩关节关节炎
15185,表 6-3-124 ,M06.902,类风湿性肘关节关节炎
15186,表 6-3-124 ,M06.903,类风湿性腕关节关节炎
15187,表 6-3-124 ,M06.904,类风湿性手骨间关节关节炎
15188,表 6-3-124 ,M06.906,类风湿性膝关节关节炎
15189,表 6-3-124 ,M06.907,类风湿性踝关节关节炎
15190,表 6-3-124 ,M06.908,类风湿性斜颈
15191,表 6-3-124 ,M06.909,类风湿性多部位关节炎
15192,表 6-3-124 ,M08.000,幼年型类风湿性关节炎
15193,表 6-3-124 ,M08.001,幼年型类风湿因子阴性关节炎
15194,表 6-3-124 ,M08.002,幼年型类风湿因子阳性关节炎
15195,表 6-3-124 ,M08.100,幼年型关节强硬性脊椎炎
15196,表 6-3-124 ,M08.100x092,幼年型脊椎关节炎
15197,表 6-3-124 ,M08.200,幼年型关节炎伴有全身性发病
15198,表 6-3-124 ,M08.201,幼年型斯蒂尔病
15199,表 6-3-124 ,M08.300,幼年型多关节炎(血清反应阴性)
15200,表 6-3-124 ,M08.300x001,多关节型儿童类风湿病
15201,表 6-3-124 ,M08.301,慢性幼年型多关节炎
15202,表 6-3-124 ,M08.400,少关节性幼年型关节炎
15203,表 6-3-124 ,M08.800x091,幼年型特发性关节炎
15204,表 6-3-124 ,M08.900,幼年型关节炎
15205,表 6-3-124 ,M10.000,特发性痛风
15206,表 6-3-124 ,M10.000x094,原发性痛风
15207,表 6-3-124 ,M10.001+N16.8*,尿酸性肾病
15208,表 6-3-124 ,M10.002,痛风性关节炎
15209,表 6-3-124 ,M10.003,痛风性滑囊炎
15210,表 6-3-124 ,M10.004+I43.8*,心脏尿酸盐痛风石
15211,表 6-3-124 ,M10.005+N22.8*,痛风性肾结石
15212,表 6-3-124 ,M10.100,铅性痛风
15213,表 6-3-124 ,M10.200,药物性痛风
15214,表 6-3-124 ,M10.300,肾功能损害引起的痛风
15215,表 6-3-124 ,M10.400,继发性痛风，其他的
15216,表 6-3-124 ,M10.900,痛风
15217,表 6-3-124 ,M10.900x093,痛风石
15218,表 6-3-124 ,M10.901,痛风体质
15219,表 6-3-124 ,M10.902+H62.8*,耳痛风石
15220,表 6-3-124 ,M10.903,痛风结节
15221,表 6-3-124 ,M11.000,羟磷灰石沉着病
15222,表 6-3-124 ,M11.100,家族性软骨钙沉着
15223,表 6-3-124 ,M11.201,软骨钙质沉着
15224,表 6-3-124 ,M11.800x093,假性痛风性关节炎
15225,表 6-3-124 ,M11.801,焦磷酸盐结晶性关节炎(病)
15226,表 6-3-124 ,M11.802,磷酸二钙结晶性关节炎(病)
15227,表 6-3-124 ,M11.900,结晶性关节病
15228,表 6-3-124 ,M12.000,慢性风湿病后关节病[雅库综合征]
15229,表 6-3-124 ,M12.100,卡斯钦-贝克病[大骨节病]
15230,表 6-3-124 ,M12.200,绒毛结节性滑膜炎(色素沉着的)
15231,表 6-3-124 ,M12.200x011,肩关节色素沉着绒毛结节性滑膜炎
15232,表 6-3-124 ,M12.200x021,肘关节色素沉着绒毛结节性滑膜炎
15233,表 6-3-124 ,M12.200x031,腕关节色素沉着绒毛结节性滑膜炎
15234,表 6-3-124 ,M12.200x051,髋关节色素沉着绒毛结节性滑膜炎
15235,表 6-3-124 ,M12.200x061,膝色素沉着绒毛结节性滑膜炎
15236,表 6-3-124 ,M12.200x071,踝关节色素沉着绒毛结节性滑膜炎
15237,表 6-3-124 ,M12.300,复发性风湿病
15238,表 6-3-124 ,M12.400,间歇性关节积水
15239,表 6-3-124 ,M12.500,创伤性关节病
15240,表 6-3-124 ,M12.500x011,肩关节创伤性关节病
15241,表 6-3-124 ,M12.500x021,肘关节创伤性关节病
15242,表 6-3-124 ,M12.500x031,腕关节创伤性关节病
15243,表 6-3-124 ,M12.500x051,髋关节创伤性关节病
15244,表 6-3-124 ,M12.500x061,膝关节创伤性关节病
15245,表 6-3-124 ,M12.500x071,踝关节创伤性关节病
15246,表 6-3-124 ,M12.801,短暂性关节炎(病)
15247,表 6-3-124 ,M13.000,多关节炎
15248,表 6-3-124 ,M13.100,单关节炎
15249,表 6-3-124 ,M13.100x011,胸锁关节炎
15250,表 6-3-124 ,M13.800x001,变应性关节炎
15251,表 6-3-124 ,M13.802,更年期关节炎
15252,表 6-3-124 ,M13.900,关节炎
15253,表 6-3-125 ,M15.000,原发性全身性(骨)关节病
15254,表 6-3-125 ,M15.100,赫伯登结节(伴有关节病)
15255,表 6-3-125 ,M15.200,布沙尔结节(伴有关节病)
15256,表 6-3-125 ,M15.300,继发性多发性关节病
15257,表 6-3-125 ,M15.301,创伤后多关节病
15258,表 6-3-125 ,M15.400,侵蚀性(骨)关节病
15259,表 6-3-125 ,M15.401,糜烂性骨关节病
15260,表 6-3-125 ,M15.801,海加思结节
15261,表 6-3-125 ,M15.900,多关节病
15262,表 6-3-125 ,M15.900x003,重度多关节病
15263,表 6-3-125 ,M15.901,萎缩性多关节炎
15264,表 6-3-125 ,M15.902,全身性骨关节炎
15265,表 6-3-125 ,M16.000,原发性双侧髋关节病
15266,表 6-3-125 ,M16.101,原发性单侧髋关节病
15267,表 6-3-125 ,M16.200,发育异常导致的双侧髋关节病
15268,表 6-3-125 ,M16.301,发育异常性单侧髋关节病
15269,表 6-3-125 ,M16.400,创伤后双侧髋关节病
15270,表 6-3-125 ,M16.501,创伤后单侧髋关节病
15271,表 6-3-125 ,M16.600,继发性双侧髋关节病，其他的
15272,表 6-3-125 ,M16.701,继发性单侧髋关节病
15273,表 6-3-125 ,M16.900,髋关节病
15274,表 6-3-125 ,M16.900x002,双侧髋关节骨性关节病
15275,表 6-3-125 ,M16.900x011,髋关节周围炎
15276,表 6-3-125 ,M16.900x012,髋关节退行性病变
15277,表 6-3-125 ,M16.901,老年性髋关节病
15278,表 6-3-125 ,M17.000,原发性双侧膝关节病
15279,表 6-3-125 ,M17.101,原发性单侧膝关节病
15280,表 6-3-125 ,M17.200,创伤后双侧膝关节病
15281,表 6-3-125 ,M17.301,创伤后单侧膝关节病
15282,表 6-3-125 ,M17.400,继发性双侧膝关节病，其他的
15283,表 6-3-125 ,M17.500x002,独眼征(膝CYCLOPS形成)
15284,表 6-3-125 ,M17.501,继发性单侧膝关节病
15285,表 6-3-125 ,M17.900,膝关节病
15286,表 6-3-125 ,M17.900x002,膝关节退行性病变
15287,表 6-3-125 ,M17.900x003,双侧膝关节骨性关节病
15288,表 6-3-125 ,M17.900x004,单侧膝关节骨性关节病
15289,表 6-3-125 ,M18.000,双侧第一腕掌关节的原发性关节病
15290,表 6-3-125 ,M18.101,单侧第一腕掌关节原发性关节病
15291,表 6-3-125 ,M18.200,双侧第一腕掌关节的创伤后关节病
15292,表 6-3-125 ,M18.301,单侧第一腕掌关节创伤后关节病
15293,表 6-3-125 ,M18.400x001,继发性双侧第一腕掌关节病
15294,表 6-3-125 ,M18.501,单侧第一腕掌关节继发性关节病
15295,表 6-3-125 ,M18.900,第一腕掌关节的关节病
15296,表 6-3-125 ,M18.900x002,双侧腕关节骨性关节病
15297,表 6-3-125 ,M19.001,原发性关节病
15298,表 6-3-125 ,M19.101,创伤后关节病
15299,表 6-3-125 ,M19.201,继发性关节病
15300,表 6-3-125 ,M19.800,关节病，其他特指的
15301,表 6-3-125 ,M19.900,关节病
15302,表 6-3-125 ,M19.900x092,重度骨关节病
15303,表 6-3-125 ,M19.900x093,指骨关节病
15304,表 6-3-125 ,M19.900x094,趾骨关节病
15305,表 6-3-125 ,M19.900x095,跖骨关节病
15306,表 6-3-125 ,M19.900x096,距下关节骨性关节病
15307,表 6-3-125 ,M19.900x097,跖趾关节骨性关节病
15308,表 6-3-125 ,M19.901,肩关节关节病
15309,表 6-3-125 ,M19.902,肘关节关节病
15310,表 6-3-125 ,M19.903,腕关节关节病
15311,表 6-3-125 ,M19.904,手骨间关节病
15312,表 6-3-125 ,M19.905,踝关节关节病
15313,表 6-3-125 ,M19.906,足关节关节病
15314,表 6-3-125 ,M19.907,肥厚性关节炎
15315,表 6-3-125 ,M19.908,老年性关节炎
15316,表 6-3-125 ,M19.909,变形性关节炎
15317,表 6-3-125 ,M19.910,萎缩性关节炎
15318,表 6-3-126 ,M20.000,手指变形
15319,表 6-3-126 ,M20.000x004,拇外展功能障碍
15320,表 6-3-126 ,M20.000x005,后天性拇变形
15321,表 6-3-126 ,M20.000x011,后天性槌状指
15322,表 6-3-126 ,M20.002,后天性手指畸形
15323,表 6-3-126 ,M20.003,后天性手指重叠
15324,表 6-3-126 ,M20.005,手指挛缩
15325,表 6-3-126 ,M20.006,手指钮孔状变形
15326,表 6-3-126 ,M20.007,手指天鹅颈状变形
15327,表 6-3-126 ,M20.100x001,(足母)囊炎
15328,表 6-3-126 ,M20.100x002,后天性(足母)外翻
15329,表 6-3-126 ,M20.200x001,僵(足母)
15330,表 6-3-126 ,M20.301,后天性踇内翻
15331,表 6-3-126 ,M20.302,后天性槌状趾
15332,表 6-3-126 ,M20.400x001,后天性锤状趾
15333,表 6-3-126 ,M20.501,后天性仰趾畸形
15334,表 6-3-126 ,M20.502,后天性脚趾重叠
15335,表 6-3-126 ,M20.503,后天性脚趾肥大
15336,表 6-3-126 ,M20.504,后天性爪形趾
15337,表 6-3-126 ,M20.505,鸡趾
15338,表 6-3-126 ,M20.506,脚趾挛缩
15339,表 6-3-126 ,M20.507,脚趾下垂
15340,表 6-3-126 ,M20.508,竖起趾
15341,表 6-3-126 ,M20.600,趾后天性变形
15342,表 6-3-126 ,M21.000x051,后天性髋外翻
15343,表 6-3-126 ,M21.000x071,后天性马蹄外翻足
15344,表 6-3-126 ,M21.001,后天性肘外翻
15345,表 6-3-126 ,M21.002,后天性膝外翻
15346,表 6-3-126 ,M21.003,后天性足外翻
15347,表 6-3-126 ,M21.100x011,后天性肩内翻
15348,表 6-3-126 ,M21.100x051,后天性髋内翻
15349,表 6-3-126 ,M21.100x072,后天性踝内翻
15350,表 6-3-126 ,M21.101,弓形腿
15351,表 6-3-126 ,M21.102,后天性肘内翻
15352,表 6-3-126 ,M21.103,髋关节内翻变形
15353,表 6-3-126 ,M21.104,后天性膝内翻
15354,表 6-3-126 ,M21.105,后天性足内翻
15355,表 6-3-126 ,M21.200x001,后天性肢体屈曲变形
15356,表 6-3-126 ,M21.200x021,后天性肘关节屈曲变形
15357,表 6-3-126 ,M21.200x031,后天性前臂屈曲变形
15358,表 6-3-126 ,M21.200x032,后天性腕关节屈曲变形
15359,表 6-3-126 ,M21.200x041,后天性手屈曲变形
15360,表 6-3-126 ,M21.200x061,后天性膝关节屈曲变形
15361,表 6-3-126 ,M21.201,手屈曲畸形
15362,表 6-3-126 ,M21.202,膝关节屈曲畸形
15363,表 6-3-126 ,M21.301,后天性腕下垂
15364,表 6-3-126 ,M21.302,后天性足下垂
15365,表 6-3-126 ,M21.400,后天性扁平足[平足]
15366,表 6-3-126 ,M21.401,足弓下陷
15367,表 6-3-126 ,M21.402,足弓松弛
15368,表 6-3-126 ,M21.501,后天性爪形手
15369,表 6-3-126 ,M21.502,后天性手畸形
15370,表 6-3-126 ,M21.503,后天性爪形足
15371,表 6-3-126 ,M21.504,后天性足畸形
15372,表 6-3-126 ,M21.505,后天性马蹄内翻足
15373,表 6-3-126 ,M21.600x071,后天性足变形
15374,表 6-3-126 ,M21.600x072,后天性踝变形
15375,表 6-3-126 ,M21.601,后天性弓形足
15376,表 6-3-126 ,M21.602,足旋前
15377,表 6-3-126 ,M21.603,足凹陷
15378,表 6-3-126 ,M21.604,后天性踝关节畸形
15379,表 6-3-126 ,M21.605,踝旋前
15380,表 6-3-126 ,M21.700,四肢(后天性)长度不等
15381,表 6-3-126 ,M21.700x031,后天性尺骨短缩变形
15382,表 6-3-126 ,M21.700x061,后天性胫骨短缩变形
15383,表 6-3-126 ,M21.701,后天性上臂短缩畸形
15384,表 6-3-126 ,M21.702,后天性前臂短缩畸形
15385,表 6-3-126 ,M21.703,后天性股骨短缩畸形
15386,表 6-3-126 ,M21.704,后天性大腿短缩畸形
15387,表 6-3-126 ,M21.705,后天性髋短缩畸形
15388,表 6-3-126 ,M21.706,后天性小腿短缩畸形
15389,表 6-3-126 ,M21.801,后天性锁骨畸形
15390,表 6-3-126 ,M21.802,后天性肩胛骨畸形
15391,表 6-3-126 ,M21.803,翼状肩胛
15392,表 6-3-126 ,M21.804,后天性肱骨畸形
15393,表 6-3-126 ,M21.805,后天性股骨畸形
15394,表 6-3-126 ,M21.806,后天性胫骨畸形
15395,表 6-3-126 ,M21.807,后天性腓骨畸形
15396,表 6-3-126 ,M21.808,布鲁克病
15397,表 6-3-126 ,M21.900,四肢后天性变形
15398,表 6-3-126 ,M21.900x011,后天性肩关节变形
15399,表 6-3-126 ,M21.900x041,后天性腕关节变形
15400,表 6-3-126 ,M21.900x051,后天性上肢变形
15401,表 6-3-126 ,M21.901,后天性上臂畸形
15402,表 6-3-126 ,M21.902,后天性尺骨畸形
15403,表 6-3-126 ,M21.903,后天性桡骨畸形
15404,表 6-3-126 ,M21.904,后天性前臂畸形
15405,表 6-3-126 ,M21.905,后天性掌骨畸形
15406,表 6-3-126 ,M21.906,后天性髋关节畸形
15407,表 6-3-126 ,M21.907,后天性膝关节畸形
15408,表 6-3-126 ,M21.908,后天性下肢畸形
15409,表 6-3-126 ,M22.000,复发性髌骨脱位
15410,表 6-3-126 ,M22.100,复发性髌骨不全脱位
15411,表 6-3-126 ,M22.200x001,髌股关节病
15412,表 6-3-126 ,M22.201,髌骨关节病
15413,表 6-3-126 ,M22.300x001,髌骨不稳定
15414,表 6-3-126 ,M22.301,髌骨滑脱
15415,表 6-3-126 ,M22.400,髌骨软骨软化
15416,表 6-3-126 ,M22.801,髌骨外侧过度挤压综合征
15417,表 6-3-126 ,M22.802,髌骨畸形
15418,表 6-3-126 ,M22.900,髌骨疾患
15419,表 6-3-126 ,M23.000x031,膝内侧半月板囊肿
15420,表 6-3-126 ,M23.000x061,膝外侧半月板囊肿
15421,表 6-3-126 ,M23.001,膝半月板囊肿
15422,表 6-3-126 ,M23.100,盘状半月板(先天性)
15423,表 6-3-126 ,M23.200x092,陈旧性桶柄状撕裂
15424,表 6-3-126 ,M23.201,陈旧性前十字韧带损伤
15425,表 6-3-126 ,M23.202,陈旧性内侧半月板前角损伤
15426,表 6-3-126 ,M23.203,陈旧性后十字韧带损伤
15427,表 6-3-126 ,M23.204,陈旧性内侧半月板后角损伤
15428,表 6-3-126 ,M23.205,陈旧性膝内侧半月板损伤
15429,表 6-3-126 ,M23.206,陈旧性膝内侧副韧带损伤
15430,表 6-3-126 ,M23.207,陈旧性膝外侧副韧带损伤
15431,表 6-3-126 ,M23.208,陈旧性膝外侧半月板前角损伤
15432,表 6-3-126 ,M23.209,陈旧性膝外侧半月板后角损伤
15433,表 6-3-126 ,M23.210,陈旧性膝外侧半月板损伤
15434,表 6-3-126 ,M23.211,陈旧性膝关节囊韧带损伤
15435,表 6-3-126 ,M23.212,陈旧性膝半月板断裂
15436,表 6-3-126 ,M23.213,陈旧性膝半月板损伤
15437,表 6-3-126 ,M23.214,陈旧性膝韧带损伤
15438,表 6-3-126 ,M23.215,陈旧性膝内多发性损伤
15439,表 6-3-126 ,M23.300x061,膝外侧半月板紊乱
15440,表 6-3-126 ,M23.300x062,膝内侧半月板紊乱
15441,表 6-3-126 ,M23.301,内侧半月板前角损伤
15442,表 6-3-126 ,M23.302,内侧半月板后角损伤
15443,表 6-3-126 ,M23.303,内侧半月板损伤
15444,表 6-3-126 ,M23.304,外侧半月板前角损伤
15445,表 6-3-126 ,M23.305,外侧半月板后角损伤
15446,表 6-3-126 ,M23.306,外侧半月板损伤
15447,表 6-3-126 ,M23.307,半月板变性
15448,表 6-3-126 ,M23.308,半月板损伤
15449,表 6-3-126 ,M23.309,半月板运动过度
15450,表 6-3-126 ,M23.310,遗留的半月板
15451,表 6-3-126 ,M23.311,复发性半月板紊乱
15452,表 6-3-126 ,M23.400,膝关节游离体
15453,表 6-3-126 ,M23.500x091,膝前内侧旋转不稳定
15454,表 6-3-126 ,M23.501,陈旧性膝韧带破裂
15455,表 6-3-126 ,M23.601,自发性膝韧带破裂
15456,表 6-3-126 ,M23.800x001,膝后外复合体损伤
15457,表 6-3-126 ,M23.800x011,陈旧性膝前十字韧带断裂
15458,表 6-3-126 ,M23.800x021,陈旧性膝后十字韧带断裂
15459,表 6-3-126 ,M23.800x031,陈旧性膝内侧副韧带断裂
15460,表 6-3-126 ,M23.800x041,陈旧性膝外侧副韧带断裂
15461,表 6-3-126 ,M23.800x094,陈旧性膝关节韧带损伤
15462,表 6-3-126 ,M23.800x095,陈旧性膝关节软骨损伤
15463,表 6-3-126 ,M23.801,前十字韧带松弛
15464,表 6-3-126 ,M23.802,后十字韧带松弛
15465,表 6-3-126 ,M23.803,内侧副韧带松弛
15466,表 6-3-126 ,M23.804,外侧副韧带松弛
15467,表 6-3-126 ,M23.805,膝关节囊韧带松弛
15468,表 6-3-126 ,M23.806,膝韧带松弛
15469,表 6-3-126 ,M23.807,弹响膝
15470,表 6-3-126 ,M23.808,膝关节滑膜嵌顿
15471,表 6-3-126 ,M23.809,膝韧带囊肿
15472,表 6-3-126 ,M23.810,膝关节锁定
15473,表 6-3-126 ,M23.811,膝关节粘连
15474,表 6-3-126 ,M23.812,髌韧带粘连
15475,表 6-3-126 ,M23.900,膝关节内紊乱
15476,表 6-3-126 ,M24.000,关节游离体
15477,表 6-3-126 ,M24.001,肩关节游离体
15478,表 6-3-126 ,M24.002,肘关节游离体
15479,表 6-3-126 ,M24.003,腕关节游离体
15480,表 6-3-126 ,M24.004,指关节游离体
15481,表 6-3-126 ,M24.005,髋关节游离体
15482,表 6-3-126 ,M24.006,踝关节游离体
15483,表 6-3-126 ,M24.100x071,陈旧性踝距骨软骨损伤
15484,表 6-3-126 ,M24.100x072,陈旧性踝胫骨软骨损伤
15485,表 6-3-126 ,M24.100x091,陈旧性关节软骨损伤
15486,表 6-3-126 ,M24.101,关节软骨变性
15487,表 6-3-126 ,M24.102,陈旧性关节软骨撕裂
15488,表 6-3-126 ,M24.202,陈旧性踝外侧副韧带断裂
15489,表 6-3-126 ,M24.203,项韧带肥厚
15490,表 6-3-126 ,M24.204,黄韧带肥厚
15491,表 6-3-126 ,M24.205,寰枢横韧带松弛
15492,表 6-3-126 ,M24.206,韧带钙化
15493,表 6-3-126 ,M24.207,韧带后天性畸形
15494,表 6-3-126 ,M24.208,韧带挛缩
15495,表 6-3-126 ,M24.209,韧带内囊肿
15496,表 6-3-126 ,M24.210,韧带松弛
15497,表 6-3-126 ,M24.300x091,关节病理性脱位
15498,表 6-3-126 ,M24.301,自发性寰枢椎脱位
15499,表 6-3-126 ,M24.302,自发性寰枢椎半脱位
15500,表 6-3-126 ,M24.303,髋关节病理性脱位
15501,表 6-3-126 ,M24.304,髋关节病理性不全脱位
15502,表 6-3-126 ,M24.305,膝关节病理性脱位
15503,表 6-3-126 ,M24.306,膝关节病理性不全脱位
15504,表 6-3-126 ,M24.307,踝关节病理性脱位
15505,表 6-3-126 ,M24.308,踝关节病理性不全脱位
15506,表 6-3-126 ,M24.309,足关节病理性脱位
15507,表 6-3-126 ,M24.310,足关节病理性不全脱位
15508,表 6-3-126 ,M24.311,自发性关节脱位
15509,表 6-3-126 ,M24.401,复发性肩关节脱位
15510,表 6-3-126 ,M24.402,复发性肩关节不全脱位
15511,表 6-3-126 ,M24.403,复发性肘关节脱位
15512,表 6-3-126 ,M24.404,复发性肘关节不全脱位
15513,表 6-3-126 ,M24.405,复发性腕关节脱位
15514,表 6-3-126 ,M24.406,复发性腕关节不全脱位
15515,表 6-3-126 ,M24.407,复发性手骨间关节脱位
15516,表 6-3-126 ,M24.408,复发性手骨间关节不全脱位
15517,表 6-3-126 ,M24.409,复发性髋关节脱位
15518,表 6-3-126 ,M24.410,复发性髋关节不全脱位
15519,表 6-3-126 ,M24.411,复发性膝关节脱位
15520,表 6-3-126 ,M24.412,复发性膝关节不全脱位
15521,表 6-3-126 ,M24.414,复发性踝关节脱位
15522,表 6-3-126 ,M24.415,复发性踝关节不全脱位
15523,表 6-3-126 ,M24.416,关节习惯性脱位
15524,表 6-3-126 ,M24.417,关节习惯性不全脱位
15525,表 6-3-126 ,M24.500,关节挛缩
15526,表 6-3-126 ,M24.500x001,多发关节挛缩
15527,表 6-3-126 ,M24.501,髋关节挛缩
15528,表 6-3-126 ,M24.502,膝关节挛缩
15529,表 6-3-126 ,M24.503,踝关节挛缩
15530,表 6-3-126 ,M24.600,关节强硬
15531,表 6-3-126 ,M24.601,多发性关节强硬
15532,表 6-3-126 ,M24.602,肩关节强硬
15533,表 6-3-126 ,M24.603,肘关节强硬
15534,表 6-3-126 ,M24.604,腕关节强硬
15535,表 6-3-126 ,M24.605,手骨间关节强硬
15536,表 6-3-126 ,M24.606,髋关节强硬
15537,表 6-3-126 ,M24.607,膝关节强硬
15538,表 6-3-126 ,M24.608,踝关节强硬
15539,表 6-3-126 ,M24.609,关节骨性强硬
15540,表 6-3-126 ,M24.610,关节纤维变性
15541,表 6-3-126 ,M24.700,髋臼前突
15542,表 6-3-126 ,M24.701,髋关节内陷
15543,表 6-3-126 ,M24.800x052,髋关节撞击综合征
15544,表 6-3-126 ,M24.801,陈旧性肩关节脱位
15545,表 6-3-126 ,M24.802,肩关节粘连
15546,表 6-3-126 ,M24.803,陈旧性肘关节脱位
15547,表 6-3-126 ,M24.804,肘关节粘连
15548,表 6-3-126 ,M24.805,陈旧性腕关节脱位
15549,表 6-3-126 ,M24.806,陈旧性手骨间关节脱位
15550,表 6-3-126 ,M24.807,陈旧性髋关节脱位
15551,表 6-3-126 ,M24.808,陈旧性膝关节脱位
15552,表 6-3-126 ,M24.810,陈旧性踝关节脱位
15553,表 6-3-126 ,M24.811,关节粘连
15554,表 6-3-126 ,M24.812,尺骨撞击综合征
15555,表 6-3-126 ,M24.900,关节紊乱
15556,表 6-3-126 ,M24.900x052,骶髂关节紊乱
15557,表 6-3-126 ,M24.901,肩关节紊乱
15558,表 6-3-126 ,M24.902,肘关节紊乱
15559,表 6-3-126 ,M24.903,腕关节紊乱
15560,表 6-3-126 ,M24.904,手骨间关节紊乱
15561,表 6-3-126 ,M24.905,髋关节紊乱
15562,表 6-3-126 ,M24.906,踝关节紊乱
15563,表 6-3-126 ,M24.907,腰椎关节滑膜嵌顿
15564,表 6-3-126 ,M24.908,腰椎小关节紊乱
15565,表 6-3-126 ,M25.000,关节积血
15566,表 6-3-126 ,M25.001,肩关节积血
15567,表 6-3-126 ,M25.002,肘关节积血
15568,表 6-3-126 ,M25.003,腕关节积血
15569,表 6-3-126 ,M25.004,手骨间关节积血
15570,表 6-3-126 ,M25.005,髋关节积血
15571,表 6-3-126 ,M25.006,膝关节积血
15572,表 6-3-126 ,M25.007,踝关节积血
15573,表 6-3-126 ,M25.100,关节瘘
15574,表 6-3-126 ,M25.100x011,肩关节瘘
15575,表 6-3-126 ,M25.100x021,肘关节瘘
15576,表 6-3-126 ,M25.100x031,腕关节瘘
15577,表 6-3-126 ,M25.100x051,髋关节瘘
15578,表 6-3-126 ,M25.100x061,膝关节瘘
15579,表 6-3-126 ,M25.100x071,踝关节瘘
15580,表 6-3-126 ,M25.200,连枷状关节
15581,表 6-3-126 ,M25.201,关节松弛
15582,表 6-3-126 ,M25.301,关节不稳定
15583,表 6-3-126 ,M25.400,关节渗出
15584,表 6-3-126 ,M25.401,肩关节积液
15585,表 6-3-126 ,M25.402,肩关节肿胀
15586,表 6-3-126 ,M25.403,肘关节积液
15587,表 6-3-126 ,M25.404,肘关节肿胀
15588,表 6-3-126 ,M25.405,腕关节积液
15589,表 6-3-126 ,M25.406,腕关节肿胀
15590,表 6-3-126 ,M25.407,手骨间关节积液
15591,表 6-3-126 ,M25.408,手骨间关节肿胀
15592,表 6-3-126 ,M25.409,髋关节积液
15593,表 6-3-126 ,M25.410,髋关节肿胀
15594,表 6-3-126 ,M25.411,膝关节积液
15595,表 6-3-126 ,M25.412,膝关节肿胀
15596,表 6-3-126 ,M25.413,踝关节积液
15597,表 6-3-126 ,M25.414,踝关节肿胀
15598,表 6-3-126 ,M25.415,关节积液
15599,表 6-3-126 ,M25.416,关节肿胀
15600,表 6-3-126 ,M25.500,关节痛
15601,表 6-3-126 ,M25.501,肩关节痛
15602,表 6-3-126 ,M25.502,肘关节痛
15603,表 6-3-126 ,M25.503,腕关节痛
15604,表 6-3-126 ,M25.504,手骨间关节痛
15605,表 6-3-126 ,M25.505,髋关节痛
15606,表 6-3-126 ,M25.506,膝关节痛
15607,表 6-3-126 ,M25.507,踝关节痛
15608,表 6-3-126 ,M25.600x091,关节僵硬
15609,表 6-3-126 ,M25.601,肢体僵硬
15610,表 6-3-126 ,M25.602,肩关节僵硬
15611,表 6-3-126 ,M25.603,肘关节僵硬
15612,表 6-3-126 ,M25.604,腕关节僵硬
15613,表 6-3-126 ,M25.605,指关节僵硬
15614,表 6-3-126 ,M25.606,髋关节僵硬
15615,表 6-3-126 ,M25.607,膝关节僵硬
15616,表 6-3-126 ,M25.608,踝关节僵硬
15617,表 6-3-126 ,M25.700,骨赘
15618,表 6-3-126 ,M25.800x092,关节周围骨化
15619,表 6-3-126 ,M25.801,多部位关节钙化
15620,表 6-3-126 ,M25.802,肩关节钙化
15621,表 6-3-126 ,M25.803,肩关节囊肿
15622,表 6-3-126 ,M25.804,肘关节囊肿
15623,表 6-3-126 ,M25.805,腕关节囊肿
15624,表 6-3-126 ,M25.807,髋关节囊肿
15625,表 6-3-126 ,M25.808,膝关节囊肿
15626,表 6-3-126 ,M25.809,踝关节囊肿
15627,表 6-3-126 ,M25.810,关节周围异位骨化
15628,表 6-3-126 ,M25.900x031,腕关节肿物
15629,表 6-3-126 ,M25.900x061,膝关节肿物
15630,表 6-3-126 ,M25.901,关节肿物
15631,表 6-3-127 ,M30.000,结节性多动脉炎
15632,表 6-3-127 ,M30.001+G73.7*,结节性多动脉炎性肌病
15633,表 6-3-127 ,M30.002+G63.5*,结节性多动脉炎性多神经病
15634,表 6-3-127 ,M30.003+G63.5*,结节性多动脉炎性周围神经病
15635,表 6-3-127 ,M30.004,多脉管炎
15636,表 6-3-127 ,M30.005+F02.8*,结节性多动脉炎性痴呆
15637,表 6-3-127 ,M30.100,多动脉炎伴有肺受累[丘格-斯特劳斯]
15638,表 6-3-127 ,M30.100x001,嗜酸性肉芽肿性血管炎
15639,表 6-3-127 ,M30.101,变应性肉芽肿性血管炎
15640,表 6-3-127 ,M30.200,幼年型多动脉炎
15641,表 6-3-127 ,M30.300,黏膜皮肤淋巴结综合征[川崎病]
15642,表 6-3-127 ,M30.301,IVIG无应答型川崎病
15643,表 6-3-127 ,M30.801,多脉管炎重叠综合征
15644,表 6-3-127 ,M31.000,过敏性血管炎
15645,表 6-3-127 ,M31.000x002,免疫性血管炎
15646,表 6-3-127 ,M31.000x005,变应性皮肤血管炎
15647,表 6-3-127 ,M31.001,古德帕斯丘综合征
15648,表 6-3-127 ,M31.002+N08.5*,抗肾小球基底膜抗体病
15649,表 6-3-127 ,M31.003+N08.5*,肺出血肾炎综合征相关肾小球肾炎
15650,表 6-3-127 ,M31.100,血栓性微血管病
15651,表 6-3-127 ,M31.101,血栓性血小板减少性紫癜
15652,表 6-3-127 ,M31.102+N08.5*,血栓性血小板减少性紫癜相关肾小球肾炎
15653,表 6-3-127 ,M31.300,韦格纳肉芽肿病
15654,表 6-3-127 ,M31.300x002,坏死性呼吸道肉芽肿病
15655,表 6-3-127 ,M31.301,口腔黏膜韦格纳肉芽肿
15656,表 6-3-127 ,M31.302+J99.1*,韦格纳肉芽肿病累及肺
15657,表 6-3-127 ,M31.304+J99.1*,多发性血管炎性肉芽肿病累及肺
15658,表 6-3-127 ,M31.305+N08.5*,肉芽肿性血管炎相关肾小球肾炎
15659,表 6-3-127 ,M31.400,主动脉弓综合征[高安病]
15660,表 6-3-127 ,M31.500,巨细胞动脉炎伴有风湿性多肌痛
15661,表 6-3-127 ,M31.600,巨细胞动脉炎，其他的
15662,表 6-3-127 ,M31.700,显微镜下多脉管炎
15663,表 6-3-127 ,M31.701+N08.5*,ANCA相关性肾炎
15664,表 6-3-127 ,M31.702+G63.5*,显微镜下多血管炎性周围神经病
15665,表 6-3-127 ,M31.703+N08.5*,血管炎性肾小球肾炎
15666,表 6-3-127 ,M31.801,HCV感染相关血管炎
15667,表 6-3-127 ,M31.802,ANCA相关性血管炎
15668,表 6-3-127 ,M31.803,低补体血症血管炎
15669,表 6-3-127 ,M31.804,系统性血管炎
15670,表 6-3-127 ,M31.900x001,坏死性脉管炎
15671,表 6-3-127 ,M32.000,药物性系统性红斑狼疮
15672,表 6-3-127 ,M32.100x016,狼疮性关节炎
15673,表 6-3-127 ,M32.101+N08.5*,狼疮性肾炎
15674,表 6-3-127 ,M32.102+N16.4*,狼疮性肾小管间质肾炎
15675,表 6-3-127 ,M32.103+J99.1*,狼疮性肺炎
15676,表 6-3-127 ,M32.104+I43.8*,狼疮性心肌病
15677,表 6-3-127 ,M32.105+I32.8*,狼疮性心包炎
15678,表 6-3-127 ,M32.106+G63.5*,狼疮性周围神经病
15679,表 6-3-127 ,M32.107+G99.2*,狼疮性脊髓病变
15680,表 6-3-127 ,M32.108+K77.8*,狼疮性肝损害
15681,表 6-3-127 ,M32.109+I39.8*,利布曼-萨克斯病
15682,表 6-3-127 ,M32.110+G73.7*,狼疮性肌病
15683,表 6-3-127 ,M32.111+D77*,狼疮性血液系统损害
15684,表 6-3-127 ,M32.112+K93.8*,狼疮性胃肠道损害
15685,表 6-3-127 ,M32.113+H36.8*,狼疮性视网膜病变
15686,表 6-3-127 ,M32.114+G94.8*,狼疮性脑病
15687,表 6-3-127 ,M32.115+K67.8*,狼疮性浆膜炎
15688,表 6-3-127 ,M32.116+F02.8*,狼疮性痴呆
15689,表 6-3-127 ,M32.800,系统性红斑狼疮，其他形式的
15690,表 6-3-127 ,M32.900,系统性红斑狼疮
15691,表 6-3-127 ,M32.901,隐匿性系统性红斑狼疮
15692,表 6-3-127 ,M33.000,幼年型皮肌炎
15693,表 6-3-127 ,M33.001+J99.1*,幼年型皮肌炎累及肺
15694,表 6-3-127 ,M33.100x001,儿童皮肌炎
15695,表 6-3-127 ,M33.100x004,成人皮肌炎
15696,表 6-3-127 ,M33.101,皮肌炎
15697,表 6-3-127 ,M33.102+G63.5*,皮肌炎性周围神经病
15698,表 6-3-127 ,M33.103+J99.1*,皮肌炎性肺间质纤维化
15699,表 6-3-127 ,M33.104,无肌病性皮肌炎
15700,表 6-3-127 ,M33.105,异色皮肌炎
15701,表 6-3-127 ,M33.200,多肌炎
15702,表 6-3-127 ,M33.201+J99.1*,多肌炎伴肺间质纤维化
15703,表 6-3-127 ,M33.900,皮多肌炎
15704,表 6-3-127 ,M33.901+J99.1*,皮多肌炎累及肺
15705,表 6-3-127 ,M34.000,进行性全身性硬皮病
15706,表 6-3-127 ,M34.100,全身性钙质沉着综合征[CR(E)ST]
15707,表 6-3-127 ,M34.200,药物和化学物质诱发的全身性硬皮病
15708,表 6-3-127 ,M34.800x001+J99.1*,系统性硬化症性肺病变
15709,表 6-3-127 ,M34.800x002+G73.7*,系统性硬化症性肌病
15710,表 6-3-127 ,M34.800x004+N08.5*,系统性硬化症肾脏危象
15711,表 6-3-127 ,M34.800x005+G53.8*,系统性硬化症累及脑神经
15712,表 6-3-127 ,M34.800x006+K23.8*,系统性硬化症累及食管
15713,表 6-3-127 ,M34.800x007+N08.5*,系统性硬化症肾损害
15714,表 6-3-127 ,M34.800x009+I52.8*,系统性硬化症心脏损害
15715,表 6-3-127 ,M34.801+J99.1*,硬皮病性肺间质纤维化
15716,表 6-3-127 ,M34.802,布施克硬肿病
15717,表 6-3-127 ,M34.803,蒂比耶日-魏森巴赫综合征
15718,表 6-3-127 ,M34.804+G73.7*,全身性硬化性肌病
15719,表 6-3-127 ,M34.805,肢端硬肿病
15720,表 6-3-127 ,M34.806+G63.5*,全身性硬化性多神经病变
15721,表 6-3-127 ,M34.900,全身性硬皮病
15722,表 6-3-127 ,M34.900x001,系统性硬化症
15723,表 6-3-127 ,M35.000,干燥综合征[舍格伦]
15724,表 6-3-127 ,M35.001,继发性干燥综合征
15725,表 6-3-127 ,M35.002+J99.1*,干燥综合征伴肺间质纤维化
15726,表 6-3-127 ,M35.003+K77.8*,干燥综合征性肝损害
15727,表 6-3-127 ,M35.004+G73.7*,干燥综合征性肌病
15728,表 6-3-127 ,M35.005+H19.3*,干燥综合征性角膜结膜炎
15729,表 6-3-127 ,M35.006+N16.4*,干燥综合征性肾小管间质肾炎
15730,表 6-3-127 ,M35.007+N16.4*,干燥综合征性肾盂肾炎
15731,表 6-3-127 ,M35.008+G94.8*,干燥综合征性中枢神经损害
15732,表 6-3-127 ,M35.009+G63.5*,干燥综合征性周围神经病
15733,表 6-3-127 ,M35.101,混合性结缔组织病
15734,表 6-3-127 ,M35.102,混合性结缔组织病肾损害
15735,表 6-3-127 ,M35.200,贝赫切特[贝切特]病
15736,表 6-3-127 ,M35.201,贝赫切特病性关节炎
15737,表 6-3-127 ,M35.202+N77.8*,贝赫切特病性外阴溃疡
15738,表 6-3-127 ,M35.203,神经贝赫切特病
15739,表 6-3-127 ,M35.300,风湿性多肌痛
15740,表 6-3-127 ,M35.400,弥漫性(嗜酸细胞性)筋膜炎
15741,表 6-3-127 ,M35.500,多病灶性纤维硬化病
15742,表 6-3-127 ,M35.600,复发性脂膜炎[韦伯-克里斯琴]
15743,表 6-3-127 ,M35.700,过度活动综合征
15744,表 6-3-127 ,M35.701,家族性韧带松弛
15745,表 6-3-127 ,M35.800x001,抗合成酶综合征
15746,表 6-3-127 ,M35.801,嗜酸性粒细胞增多-肌痛综合征
15747,表 6-3-127 ,M35.802,近端指间关节周围胶原沉积症
15748,表 6-3-127 ,M35.900x002+G63.5*,胶原病性神经炎
15749,表 6-3-127 ,M35.900x006+G63.5*,继发于结缔组织病的周围神经病
15750,表 6-3-127 ,M35.900x007,高IgD综合征
15751,表 6-3-127 ,M35.900x011,Satoxoshi综合征
15752,表 6-3-127 ,M35.901,结缔组织病
15753,表 6-3-127 ,M35.902,胶原病
15754,表 6-3-127 ,M35.903+G63.5*,胶原血管性多神经病
15755,表 6-3-127 ,M35.904+J99.1*,结缔组织病肺间质纤维化
15756,表 6-3-127 ,M35.905,抗J0-1综合征
15757,表 6-3-127 ,M35.906,IgG4相关疾病
15758,表 6-3-127 ,M35.907,自身免疫病
15759,表 6-3-128 ,M40.000,姿势性脊柱后凸
15760,表 6-3-128 ,M40.000x091,青年型姿势性脊柱后凸
15761,表 6-3-128 ,M40.100,继发性脊柱后凸，其他的
15762,表 6-3-128 ,M40.100x051,继发性胸腰段脊柱后凸
15763,表 6-3-128 ,M40.101,强直性脊柱炎后凸畸形
15764,表 6-3-128 ,M40.200x021,颈椎后凸
15765,表 6-3-128 ,M40.200x041,胸椎后凸
15766,表 6-3-128 ,M40.200x061,腰椎后凸
15767,表 6-3-128 ,M40.201,脊柱后凸
15768,表 6-3-128 ,M40.300,直背综合征
15769,表 6-3-128 ,M40.401,后天性脊柱前凸
15770,表 6-3-128 ,M40.402,姿势性脊柱前凸
15771,表 6-3-128 ,M40.500,脊柱前凸
15772,表 6-3-128 ,M40.501,鞍状背
15773,表 6-3-128 ,M41.000,婴儿特发性脊柱侧弯
15774,表 6-3-128 ,M41.101,青少年特发性脊柱侧弯
15775,表 6-3-128 ,M41.200,特发性脊柱侧弯，其他的
15776,表 6-3-128 ,M41.300,胸源性脊柱侧弯
15777,表 6-3-128 ,M41.400,神经肌肉性脊柱侧弯
15778,表 6-3-128 ,M41.400x091,脊髓灰质炎后脊柱侧弯
15779,表 6-3-128 ,M41.401,麻痹性脊柱侧弯
15780,表 6-3-128 ,M41.500,继发性脊柱侧弯，其他的
15781,表 6-3-128 ,M41.501,创伤性脊柱侧弯
15782,表 6-3-128 ,M41.800,脊柱侧弯，其他形式的
15783,表 6-3-128 ,M41.900,脊柱侧弯
15784,表 6-3-128 ,M41.900x061,腰椎侧弯
15785,表 6-3-128 ,M41.901,脊柱后侧凸
15786,表 6-3-128 ,M42.000x091,卡尔韦病
15787,表 6-3-128 ,M42.002,幼年椎骨骺骨软骨病
15788,表 6-3-128 ,M42.100,成年脊柱骨软骨病
15789,表 6-3-128 ,M42.900,脊柱骨软骨病
15790,表 6-3-128 ,M43.001,枕寰枢椎滑脱
15791,表 6-3-128 ,M43.002,颈椎滑脱
15792,表 6-3-128 ,M43.003,颈椎胸椎滑脱
15793,表 6-3-128 ,M43.004,胸椎滑脱
15794,表 6-3-128 ,M43.005,胸椎腰椎滑脱
15795,表 6-3-128 ,M43.006,腰椎滑脱
15796,表 6-3-128 ,M43.007,腰骶部脊椎滑脱
15797,表 6-3-128 ,M43.008,骶尾部滑脱
15798,表 6-3-128 ,M43.009,腰椎峡部裂
15799,表 6-3-128 ,M43.100x011,后天性寰枢椎滑脱
15800,表 6-3-128 ,M43.100x021,颈椎前移
15801,表 6-3-128 ,M43.100x041,胸椎前移
15802,表 6-3-128 ,M43.100x061,腰椎前移
15803,表 6-3-128 ,M43.100x062,后天性腰椎滑脱
15804,表 6-3-128 ,M43.100x071,腰骶脊椎前移
15805,表 6-3-128 ,M43.100x091,后天性脊椎滑脱
15806,表 6-3-128 ,M43.101,创伤性脊椎前移
15807,表 6-3-128 ,M43.102,变性性脊椎前移
15808,表 6-3-128 ,M43.201,寰枢椎关节强硬
15809,表 6-3-128 ,M43.202,骶髂关节强硬
15810,表 6-3-128 ,M43.203,后天性脊柱关节强硬
15811,表 6-3-128 ,M43.300,复发性寰枢不完全性脱位伴有脊髓病
15812,表 6-3-128 ,M43.400,复发性寰枢不完全性脱位，其他的
15813,表 6-3-128 ,M43.501,复发性颈椎不完全性脱位
15814,表 6-3-128 ,M43.502,复发性颈椎胸椎不完全性脱位
15815,表 6-3-128 ,M43.503,复发性胸椎不完全性脱位
15816,表 6-3-128 ,M43.504,复发性胸椎腰椎不完全性脱位
15817,表 6-3-128 ,M43.505,复发性腰椎不完全性脱位
15818,表 6-3-128 ,M43.600,斜颈
15819,表 6-3-128 ,M43.601,肌性斜颈
15820,表 6-3-128 ,M43.602,僵颈
15821,表 6-3-128 ,M43.801,脊柱旋转不足
15822,表 6-3-128 ,M43.802,腰骶关节畸形
15823,表 6-3-128 ,M43.803,骶髂关节畸形
15824,表 6-3-128 ,M43.804,骶骨畸形
15825,表 6-3-128 ,M43.805,尾骨畸形
15826,表 6-3-128 ,M43.901,后天性脊柱变形
15827,表 6-3-129 ,M45.x00,强直性脊柱炎
15828,表 6-3-129 ,M45.x01,类风湿性脊椎炎
15829,表 6-3-129 ,M45.x02,萎缩性脊柱炎
15830,表 6-3-129 ,M45.x03+H22.1*,强直性脊柱炎伴虹膜睫状体炎
15831,表 6-3-129 ,M46.000,脊柱肌腱端病
15832,表 6-3-129 ,M46.000x093,棘间韧带发育不良
15833,表 6-3-129 ,M46.000x094,棘上韧带炎
15834,表 6-3-129 ,M46.001,颈椎肌腱端炎
15835,表 6-3-129 ,M46.002,胸椎肌腱端炎
15836,表 6-3-129 ,M46.003,腰椎肌腱端炎
15837,表 6-3-129 ,M46.004,颈椎棘上韧带炎
15838,表 6-3-129 ,M46.100,骶髂关节炎，不可归类在他处者
15839,表 6-3-129 ,M46.200,椎骨骨髓炎
15840,表 6-3-129 ,M46.200x021,颈椎骨髓炎
15841,表 6-3-129 ,M46.200x041,胸椎骨髓炎
15842,表 6-3-129 ,M46.200x061,腰椎骨髓炎
15843,表 6-3-129 ,M46.300,椎间盘感染(脓性)
15844,表 6-3-129 ,M46.300x021,颈椎间盘感染
15845,表 6-3-129 ,M46.300x041,胸椎间盘感染
15846,表 6-3-129 ,M46.300x061,腰椎间盘感染
15847,表 6-3-129 ,M46.301,化脓性胸椎间盘感染
15848,表 6-3-129 ,M46.302,化脓性腰椎间盘感染
15849,表 6-3-129 ,M46.400,关节盘炎
15850,表 6-3-129 ,M46.401,颈椎椎间盘炎
15851,表 6-3-129 ,M46.402,胸椎椎间盘炎
15852,表 6-3-129 ,M46.403,腰椎椎间盘炎
15853,表 6-3-129 ,M46.500x091,椎体感染
15854,表 6-3-129 ,M46.500x092,化脓性脊柱炎
15855,表 6-3-129 ,M46.501,颈椎脓肿
15856,表 6-3-129 ,M46.502,胸椎脓肿
15857,表 6-3-129 ,M46.503,腰椎脓肿
15858,表 6-3-129 ,M46.504,骶尾椎脓肿
15859,表 6-3-129 ,M46.800x091,肥大性脊柱炎
15860,表 6-3-129 ,M46.800x093,变形性脊柱炎
15861,表 6-3-129 ,M46.802,退行性脊柱炎
15862,表 6-3-129 ,M46.803,增生性脊柱炎
15863,表 6-3-129 ,M46.900,炎性脊椎病
15864,表 6-3-129 ,M47.001+G99.2*,椎动脉型颈椎病
15865,表 6-3-129 ,M47.002+G99.2*,椎动脉压迫综合征
15866,表 6-3-129 ,M47.003+G99.2*,脊髓前动脉压迫综合征
15867,表 6-3-129 ,M47.101+G99.2*,脊髓型颈椎病
15868,表 6-3-129 ,M47.102+G99.2*,胸椎关节强硬伴脊髓病
15869,表 6-3-129 ,M47.103+G99.2*,腰椎关节强硬伴脊髓病
15870,表 6-3-129 ,M47.104+G99.2*,脊椎关节强硬伴脊髓病
15871,表 6-3-129 ,M47.201,神经根型颈椎病
15872,表 6-3-129 ,M47.202,交感神经型颈椎病
15873,表 6-3-129 ,M47.203,神经根型胸椎病
15874,表 6-3-129 ,M47.204,神经根型腰椎病
15875,表 6-3-129 ,M47.205,颈-心综合征
15876,表 6-3-129 ,M47.800x024,食管型颈椎病
15877,表 6-3-129 ,M47.800x031,脊柱关节滑膜嵌顿
15878,表 6-3-129 ,M47.800x032,齿状突骨质增生
15879,表 6-3-129 ,M47.801,颈椎关节强硬
15880,表 6-3-129 ,M47.802,混合型颈椎病
15881,表 6-3-129 ,M47.803,胸椎关节强硬
15882,表 6-3-129 ,M47.804,腰椎关节强硬
15883,表 6-3-129 ,M47.806,腰骶关节强硬
15884,表 6-3-129 ,M47.900,脊椎关节强硬
15885,表 6-3-129 ,M47.900x091,脊柱骨关节病
15886,表 6-3-129 ,M47.901,肥厚性脊柱炎
15887,表 6-3-129 ,M47.902,脊柱变性
15888,表 6-3-129 ,M47.903,老年性脊柱炎
15889,表 6-3-129 ,M47.904,椎骨关节面破坏
15890,表 6-3-129 ,M48.000x081,尾部狭窄
15891,表 6-3-129 ,M48.001,枕寰枢椎管狭窄
15892,表 6-3-129 ,M48.002,颈椎椎管狭窄
15893,表 6-3-129 ,M48.003,胸椎椎管狭窄
15894,表 6-3-129 ,M48.004,胸腰椎椎管狭窄
15895,表 6-3-129 ,M48.005,腰椎椎管狭窄
15896,表 6-3-129 ,M48.006,颈腰综合征
15897,表 6-3-129 ,M48.100,强直性骨肥厚[福雷斯蒂尔]
15898,表 6-3-129 ,M48.100x091,弥漫性特发性骨肥厚[DISH病]
15899,表 6-3-129 ,M48.200,脊椎棘突吻合
15900,表 6-3-129 ,M48.200x021,颈椎棘突吻合
15901,表 6-3-129 ,M48.200x041,胸椎棘突吻合
15902,表 6-3-129 ,M48.200x061,腰椎棘突吻合
15903,表 6-3-129 ,M48.300x091,创伤后脊椎病
15904,表 6-3-129 ,M48.301,颈椎椎间盘创伤性退变
15905,表 6-3-129 ,M48.302,胸椎椎间盘创伤性退变
15906,表 6-3-129 ,M48.303,腰椎椎间盘创伤性退变
15907,表 6-3-129 ,M48.304,创伤性腰椎病
15908,表 6-3-129 ,M48.305,屈梅尔脊柱炎
15909,表 6-3-129 ,M48.401,脊椎应力性骨折
15910,表 6-3-129 ,M48.500x092,脊椎楔入
15911,表 6-3-129 ,M48.501,颈椎楔形变
15912,表 6-3-129 ,M48.502,胸椎楔形变
15913,表 6-3-129 ,M48.503,腰椎楔形变
15914,表 6-3-129 ,M48.800x022,颈前纵韧带骨化
15915,表 6-3-129 ,M48.800x091,脊椎半切综合征
15916,表 6-3-129 ,M48.801,颈椎后纵韧带骨化
15917,表 6-3-129 ,M48.802,胸椎后纵韧带骨化
15918,表 6-3-129 ,M48.803,胸腰椎后纵韧带骨化
15919,表 6-3-129 ,M48.804,腰椎后纵韧带骨化
15920,表 6-3-129 ,M48.805,骶尾椎后纵韧带骨化
15921,表 6-3-129 ,M48.806,后纵韧带骨化
15922,表 6-3-129 ,M48.808,黄韧带骨化
15923,表 6-3-129 ,M48.810,棘突间韧带综合征
15924,表 6-3-129 ,M48.811,肌性脊柱炎
15925,表 6-3-129 ,M48.812,老年性脊椎萎缩
15926,表 6-3-129 ,M48.900x002,腰椎骨质增生
15927,表 6-3-129 ,M48.901,颈椎退行性病变
15928,表 6-3-129 ,M48.902,胸椎退行性病变
15929,表 6-3-129 ,M48.903,腰椎退行性病变
15930,表 6-3-129 ,M48.904,脊椎退行性病变
15931,表 6-3-130 ,M50.000+G99.2*,颈椎间盘疾患伴有脊髓病
15932,表 6-3-130 ,M50.001+G99.2*,颈椎间盘突出伴脊髓病
15933,表 6-3-130 ,M50.100,颈椎间盘疾患伴有神经根病
15934,表 6-3-130 ,M50.101+G55.1*,颈椎间盘突出伴有神经根病
15935,表 6-3-130 ,M50.200x001,颈椎间盘脱出
15936,表 6-3-130 ,M50.201,颈椎间盘突出
15937,表 6-3-130 ,M50.202,颈椎胸椎椎间盘突出
15938,表 6-3-130 ,M50.300x001,颈椎骨质增生
15939,表 6-3-130 ,M50.301,颈椎胸椎椎间盘变性
15940,表 6-3-130 ,M50.800,颈椎间盘疾患，其他的
15941,表 6-3-130 ,M50.900,颈椎间盘疾患
15942,表 6-3-130 ,M50.901,颈椎胸椎椎间盘疾患
15943,表 6-3-130 ,M51.001+G99.2*,胸椎间盘突出伴脊髓病
15944,表 6-3-130 ,M51.002+G99.2*,胸椎腰椎椎间盘突出伴脊髓病
15945,表 6-3-130 ,M51.003+G99.2*,腰椎间盘突出伴脊髓病
15946,表 6-3-130 ,M51.004+G99.2*,腰骶椎间盘突出伴脊髓病
15947,表 6-3-130 ,M51.100x002+G55.1*,腰椎间盘突出伴神经根病
15948,表 6-3-130 ,M51.101+G55.1*,腰椎间盘脱出伴坐骨神经痛
15949,表 6-3-130 ,M51.102+G55.1*,髓核疝性神经炎
15950,表 6-3-130 ,M51.103+G55.1*,椎间盘疾患性腰痛伴坐骨神经痛
15951,表 6-3-130 ,M51.104+G55.1*,椎间盘破裂性神经炎
15952,表 6-3-130 ,M51.105+G55.1*,椎间盘移位性脊髓神经根压迫
15953,表 6-3-130 ,M51.106+G55.1*,椎间盘移位性神经炎
15954,表 6-3-130 ,M51.200x001,胸椎间盘脱出
15955,表 6-3-130 ,M51.200x004,腰骶椎间盘脱出
15956,表 6-3-130 ,M51.200x005,颈胸间盘突出
15957,表 6-3-130 ,M51.201,胸椎间盘突出
15958,表 6-3-130 ,M51.202,腰椎间盘突出
15959,表 6-3-130 ,M51.203,胸腰椎椎间盘突出
15960,表 6-3-130 ,M51.204,腰骶椎间盘突出
15961,表 6-3-130 ,M51.205,椎间盘移位性腰痛
15962,表 6-3-130 ,M51.301,胸椎间盘变性
15963,表 6-3-130 ,M51.302,胸腰椎间盘变性
15964,表 6-3-130 ,M51.303,腰椎间盘变性
15965,表 6-3-130 ,M51.304,腰骶椎间盘变性
15966,表 6-3-130 ,M51.305,椎间盘变性
15967,表 6-3-130 ,M51.400,施莫尔结
15968,表 6-3-130 ,M51.800x003,椎间盘囊肿
15969,表 6-3-130 ,M51.800x004,椎间盘突出
15970,表 6-3-130 ,M51.801,椎间盘膨隆
15971,表 6-3-130 ,M51.802,椎间盘钙化
15972,表 6-3-130 ,M51.803,椎间盘畸形
15973,表 6-3-130 ,M51.901,腰椎间盘退行性病变
15974,表 6-3-130 ,M53.000,颈颅综合征
15975,表 6-3-130 ,M53.001,颈后交感神经综合征
15976,表 6-3-130 ,M53.002,颅椎综合征
15977,表 6-3-130 ,M53.100,颈臂综合征
15978,表 6-3-130 ,M53.101,颈肩综合征
15979,表 6-3-130 ,M53.201,多发性脊柱不稳定
15980,表 6-3-130 ,M53.202,枕寰枢椎不稳定
15981,表 6-3-130 ,M53.203,颈椎不稳定
15982,表 6-3-130 ,M53.204,颈胸椎不稳定
15983,表 6-3-130 ,M53.205,胸椎不稳定
15984,表 6-3-130 ,M53.206,胸腰椎不稳定
15985,表 6-3-130 ,M53.207,腰椎不稳定
15986,表 6-3-130 ,M53.208,腰骶关节不稳定
15987,表 6-3-130 ,M53.209,骶髂关节不稳定
15988,表 6-3-130 ,M53.210,尾骨运动过度
15989,表 6-3-130 ,M53.211,背部韧带松弛
15990,表 6-3-130 ,M53.212,病理性脊柱关节脱位
15991,表 6-3-130 ,M53.301,尾骨痛
15992,表 6-3-130 ,M53.302,骶髂关节改变
15993,表 6-3-130 ,M53.303,骶髂关节僵硬
15994,表 6-3-130 ,M53.304,骶髂关节面破坏
15995,表 6-3-130 ,M53.305,骶尾部痛
15996,表 6-3-130 ,M53.306,非创伤性骶髂关节损害
15997,表 6-3-130 ,M53.801,脊柱强直
15998,表 6-3-130 ,M53.802,脊柱关节僵硬
15999,表 6-3-130 ,M53.900,背部病
16000,表 6-3-130 ,M54.001,颈部脂膜炎
16001,表 6-3-130 ,M54.002,骶部脂膜炎
16002,表 6-3-130 ,M54.003,背部脂膜炎
16003,表 6-3-130 ,M54.100,神经根病
16004,表 6-3-130 ,M54.100x021,颈神经根炎
16005,表 6-3-130 ,M54.101,臂丛神经炎
16006,表 6-3-130 ,M54.102,胸神经根炎
16007,表 6-3-130 ,M54.103,腰神经根炎
16008,表 6-3-130 ,M54.104,腰骶神经根炎
16009,表 6-3-130 ,M54.105,神经根炎
16010,表 6-3-130 ,M54.106,神经根痛
16011,表 6-3-130 ,M54.107,神经根综合征
16012,表 6-3-130 ,M54.200,颈痛
16013,表 6-3-130 ,M54.300,坐骨神经痛
16014,表 6-3-130 ,M54.400,腰痛伴有坐骨神经痛
16015,表 6-3-130 ,M54.500,下背痛
16016,表 6-3-130 ,M54.501,第三腰椎横突综合征
16017,表 6-3-130 ,M54.502,腰痛
16018,表 6-3-130 ,M54.503,腰背痛
16019,表 6-3-130 ,M54.504,腰背肌筋膜炎
16020,表 6-3-130 ,M54.505,腰肌劳损
16021,表 6-3-130 ,M54.507,低背综合征
16022,表 6-3-130 ,M54.600,胸段背痛
16023,表 6-3-130 ,M54.801,脊椎源性痛综合征
16024,表 6-3-130 ,M54.900,背痛
16025,表 6-3-131 ,M60.000,感染性肌炎
16026,表 6-3-131 ,M60.000x051,大腿感染性肌炎
16027,表 6-3-131 ,M60.000x061,小腿感染性肌炎
16028,表 6-3-131 ,M60.000x092,热带化脓性肌炎
16029,表 6-3-131 ,M60.000x093,肌肉脓肿
16030,表 6-3-131 ,M60.001,肩区感染性肌炎
16031,表 6-3-131 ,M60.002,上臂感染性肌炎
16032,表 6-3-131 ,M60.003,前臂感染性肌炎
16033,表 6-3-131 ,M60.004,手感染性肌炎
16034,表 6-3-131 ,M60.005,大腿肌间脓肿
16035,表 6-3-131 ,M60.006,膝关节肌间脓肿
16036,表 6-3-131 ,M60.007,足感染性肌炎
16037,表 6-3-131 ,M60.008,腰大肌脓肿
16038,表 6-3-131 ,M60.100,间质性肌炎
16039,表 6-3-131 ,M60.200x091,肌肉肉芽肿
16040,表 6-3-131 ,M60.201,滑石粉肉芽肿
16041,表 6-3-131 ,M60.800x061,腓肠肌炎
16042,表 6-3-131 ,M60.800x081,腹壁慢性肌炎
16043,表 6-3-131 ,M60.801,坏死性肌炎
16044,表 6-3-131 ,M60.802,陈旧性肌炎
16045,表 6-3-131 ,M60.803,腰大肌炎
16046,表 6-3-131 ,M60.804,增生性肌炎
16047,表 6-3-131 ,M60.805,姿势性肌炎
16048,表 6-3-131 ,M60.900,肌炎
16049,表 6-3-131 ,M60.901,嗜酸性肌筋膜炎
16050,表 6-3-131 ,M60.902,肌筋膜炎
16051,表 6-3-131 ,M60.903,巨噬细胞肌筋膜炎
16052,表 6-3-131 ,M61.000,外伤性骨化性肌炎
16053,表 6-3-131 ,M61.000x051,髋关节创伤后骨化性肌炎
16054,表 6-3-131 ,M61.100,进行性骨化性肌炎
16055,表 6-3-131 ,M61.101,进行性骨化性纤维发育不良
16056,表 6-3-131 ,M61.102,弥漫性进行性骨化性多肌炎
16057,表 6-3-131 ,M61.201,肌肉麻痹性骨化
16058,表 6-3-131 ,M61.301,烧伤后肌肉骨化
16059,表 6-3-131 ,M61.400,肌肉的其他钙化
16060,表 6-3-131 ,M61.501,骨化性肌炎
16061,表 6-3-131 ,M61.502,骑士骨
16062,表 6-3-131 ,M61.900,肌肉钙化和骨化
16063,表 6-3-131 ,M62.000,肌肉分离
16064,表 6-3-131 ,M62.100,肌肉的其他(非创伤性)破裂
16065,表 6-3-131 ,M62.200,肌肉缺血性梗死
16066,表 6-3-131 ,M62.200x001,骨筋膜室综合征
16067,表 6-3-131 ,M62.202,非创伤性腔隙综合征
16068,表 6-3-131 ,M62.203,肌间隙综合征
16069,表 6-3-131 ,M62.300,不动综合征(截瘫性)
16070,表 6-3-131 ,M62.400,肌肉挛缩
16071,表 6-3-131 ,M62.401,肩区肌肉挛缩
16072,表 6-3-131 ,M62.402,上臂肌肉挛缩
16073,表 6-3-131 ,M62.403,前臂肌肉挛缩
16074,表 6-3-131 ,M62.404,手部肌挛缩
16075,表 6-3-131 ,M62.405,臀肌挛缩
16076,表 6-3-131 ,M62.406,大腿肌肉挛缩
16077,表 6-3-131 ,M62.407,小腿肌肉挛缩
16078,表 6-3-131 ,M62.408,踝肌肉挛缩
16079,表 6-3-131 ,M62.409,足肌肉挛缩
16080,表 6-3-131 ,M62.410,头颈肌挛缩
16081,表 6-3-131 ,M62.411,躯干肌挛缩
16082,表 6-3-131 ,M62.501,上臂肌肉萎缩
16083,表 6-3-131 ,M62.502,前臂肌肉萎缩
16084,表 6-3-131 ,M62.503,手肌肉萎缩
16085,表 6-3-131 ,M62.504,大腿肌萎缩
16086,表 6-3-131 ,M62.505,小腿肌肉萎缩
16087,表 6-3-131 ,M62.506,咀嚼肌萎缩
16088,表 6-3-131 ,M62.507,头颈部肌萎缩
16089,表 6-3-131 ,M62.508,单侧肢体肌萎缩
16090,表 6-3-131 ,M62.509,弥漫性肌肉萎缩
16091,表 6-3-131 ,M62.510,失用性肌肉萎缩
16092,表 6-3-131 ,M62.511,原发性肌肉萎缩
16093,表 6-3-131 ,M62.512,全身性肌萎缩
16094,表 6-3-131 ,M62.513,少肌症
16095,表 6-3-131 ,M62.600,肌肉劳损
16096,表 6-3-131 ,M62.600x081,陈旧性腰肌劳损
16097,表 6-3-131 ,M62.601,上臂肌肉劳损
16098,表 6-3-131 ,M62.602,前臂肌肉劳损
16099,表 6-3-131 ,M62.603,大腿肌肉劳损
16100,表 6-3-131 ,M62.604,小腿肌肉劳损
16101,表 6-3-131 ,M62.605,头颈部肌肉劳损
16102,表 6-3-131 ,M62.606,胸肌劳损
16103,表 6-3-131 ,M62.607,躯干肌肉劳损
16104,表 6-3-131 ,M62.800x002,肌肉血肿
16105,表 6-3-131 ,M62.800x051,股四头肌内侧头囊肿
16106,表 6-3-131 ,M62.800x053,髂肌囊肿
16107,表 6-3-131 ,M62.800x061,腓骨长肌腱滑脱
16108,表 6-3-131 ,M62.800x062,腓肠肌肥大
16109,表 6-3-131 ,M62.800x081,咬肌肥大
16110,表 6-3-131 ,M62.800x095,肌肉脂肪浸润
16111,表 6-3-131 ,M62.800x096,肌肉血肿机化
16112,表 6-3-131 ,M62.800x097,肌玻璃体变性
16113,表 6-3-131 ,M62.800x101,筋膜病
16114,表 6-3-131 ,M62.800x102,发作性四肢强直
16115,表 6-3-131 ,M62.802,大腿肌肥厚
16116,表 6-3-131 ,M62.803,横纹肌溶解症
16117,表 6-3-131 ,M62.804,后天性肌强直
16118,表 6-3-131 ,M62.805,后天性肌鞘疝
16119,表 6-3-131 ,M62.806,后天性肌肉畸形
16120,表 6-3-131 ,M62.807,后天性筋膜疝
16121,表 6-3-131 ,M62.808,肌肉瘢痕
16122,表 6-3-131 ,M62.809,肌肉变性
16123,表 6-3-131 ,M62.810,肌肉肥大
16124,表 6-3-131 ,M62.811,肌肉纤颤
16125,表 6-3-131 ,M62.812,肌软化
16126,表 6-3-131 ,M62.813,肌疝
16127,表 6-3-131 ,M62.814,肌纤维变性
16128,表 6-3-131 ,M62.815,肌张力缺失
16129,表 6-3-131 ,M62.817,阔筋膜挛缩症
16130,表 6-3-131 ,M62.819,膝关节肌肥大
16131,表 6-3-131 ,M62.821,足筋膜挛缩
16132,表 6-3-131 ,M62.822,疼痛性肌痉挛综合征
16133,表 6-3-131 ,M62.901,肌肉肿物
16134,表 6-3-132 ,M65.000,腱鞘脓肿
16135,表 6-3-132 ,M65.001,肩区腱鞘脓肿
16136,表 6-3-132 ,M65.002,上臂腱鞘脓肿
16137,表 6-3-132 ,M65.003,前臂腱鞘脓肿
16138,表 6-3-132 ,M65.004,手腱鞘脓肿
16139,表 6-3-132 ,M65.005,骨盆区腱鞘脓肿
16140,表 6-3-132 ,M65.006,大腿腱鞘脓肿
16141,表 6-3-132 ,M65.007,小腿腱鞘脓肿
16142,表 6-3-132 ,M65.008,踝腱鞘脓肿
16143,表 6-3-132 ,M65.009,足腱鞘脓肿
16144,表 6-3-132 ,M65.010,特指部位腱鞘脓肿
16145,表 6-3-132 ,M65.101,感染性滑膜炎
16146,表 6-3-132 ,M65.200,钙化性肌腱炎
16147,表 6-3-132 ,M65.300,扳机指
16148,表 6-3-132 ,M65.301,结节性腱鞘病
16149,表 6-3-132 ,M65.400,桡骨茎突腱鞘炎[德奎尔万]
16150,表 6-3-132 ,M65.800x093,创伤后滑膜炎
16151,表 6-3-132 ,M65.802,指肌腱粘连
16152,表 6-3-132 ,M65.803,肌腱钙化
16153,表 6-3-132 ,M65.804,粘连性肌腱炎
16154,表 6-3-132 ,M65.805,趾肌腱粘连
16155,表 6-3-132 ,M65.806,应激性髋
16156,表 6-3-132 ,M65.900x062,膝关节滑膜皱襞综合征
16157,表 6-3-132 ,M65.900x093,狭窄性腱鞘炎
16158,表 6-3-132 ,M65.901,肩关节滑膜炎
16159,表 6-3-132 ,M65.902,肘关节滑膜炎
16160,表 6-3-132 ,M65.903,腕关节滑膜炎
16161,表 6-3-132 ,M65.904,手关节滑膜炎
16162,表 6-3-132 ,M65.905,髋关节滑膜炎
16163,表 6-3-132 ,M65.906,膝关节滑膜炎
16164,表 6-3-132 ,M65.907,踝关节滑膜炎
16165,表 6-3-132 ,M65.908,跖趾关节滑膜炎
16166,表 6-3-132 ,M65.909,滑膜炎
16167,表 6-3-132 ,M65.910,腱鞘炎
16168,表 6-3-132 ,M66.000,腘囊肿破裂
16169,表 6-3-132 ,M66.101,多关节滑膜破裂
16170,表 6-3-132 ,M66.102,肩锁关节滑膜破裂
16171,表 6-3-132 ,M66.103,盂肱关节滑膜破裂
16172,表 6-3-132 ,M66.104,胸锁关节滑膜破裂
16173,表 6-3-132 ,M66.105,肘关节滑膜破裂
16174,表 6-3-132 ,M66.106,腕关节滑膜破裂
16175,表 6-3-132 ,M66.107,手骨间关节滑膜破裂
16176,表 6-3-132 ,M66.108,髋关节滑膜破裂
16177,表 6-3-132 ,M66.109,骶髂关节滑膜破裂
16178,表 6-3-132 ,M66.110,膝关节滑膜破裂
16179,表 6-3-132 ,M66.111,踝关节滑膜破裂
16180,表 6-3-132 ,M66.112,足关节滑膜破裂
16181,表 6-3-132 ,M66.113,滑膜囊肿破裂
16182,表 6-3-132 ,M66.201,肩区伸肌腱自发性破裂
16183,表 6-3-132 ,M66.202,上臂伸肌腱自发性破裂
16184,表 6-3-132 ,M66.203,前臂伸肌腱自发性破裂
16185,表 6-3-132 ,M66.204,手伸肌腱自发性破裂
16186,表 6-3-132 ,M66.205,骨盆区伸肌腱自发性破裂
16187,表 6-3-132 ,M66.206,大腿伸肌腱自发性破裂
16188,表 6-3-132 ,M66.207,小腿伸肌腱自发性破裂
16189,表 6-3-132 ,M66.208,踝伸肌腱自发性破裂
16190,表 6-3-132 ,M66.209,足伸肌腱自发性破裂
16191,表 6-3-132 ,M66.301,肩区屈肌腱自发性破裂
16192,表 6-3-132 ,M66.302,上臂屈肌腱自发性破裂
16193,表 6-3-132 ,M66.303,前臂屈肌腱自发性破裂
16194,表 6-3-132 ,M66.304,手屈肌腱自发性破裂
16195,表 6-3-132 ,M66.305,骨盆区屈肌腱自发性破裂
16196,表 6-3-132 ,M66.306,大腿屈肌腱自发性破裂
16197,表 6-3-132 ,M66.307,小腿屈肌腱自发性破裂
16198,表 6-3-132 ,M66.308,踝屈肌腱自发性破裂
16199,表 6-3-132 ,M66.309,足屈肌腱自发性破裂
16200,表 6-3-132 ,M66.400,肌腱的自发性破裂，其他的
16201,表 6-3-132 ,M66.501,非创伤性肌腱断裂
16202,表 6-3-132 ,M66.502,非创伤性肌腱连接点断裂
16203,表 6-3-132 ,M67.001,跟腱挛缩
16204,表 6-3-132 ,M67.100x041,掌腱膜挛缩
16205,表 6-3-132 ,M67.100x051,髂胫束挛缩
16206,表 6-3-132 ,M67.101,肌腱挛缩
16207,表 6-3-132 ,M67.102,腓肠肌腱膜挛缩症
16208,表 6-3-132 ,M67.103,拇指屈肌肌腱挛缩
16209,表 6-3-132 ,M67.104,足跖腱膜挛缩
16210,表 6-3-132 ,M67.200,滑膜肥大，不可归类在他处者
16211,表 6-3-132 ,M67.300,短暂性滑膜炎
16212,表 6-3-132 ,M67.301,中毒性滑膜炎
16213,表 6-3-132 ,M67.302,暂时性髋关节滑膜炎
16214,表 6-3-132 ,M67.400,腱鞘囊肿
16215,表 6-3-132 ,M67.400x031,腕腱鞘囊肿
16216,表 6-3-132 ,M67.401,肌腱腱鞘囊肿
16217,表 6-3-132 ,M67.402,关节腱鞘囊肿
16218,表 6-3-132 ,M67.800x041,手指屈肌肌腱粘连
16219,表 6-3-132 ,M67.800x091,滑膜脂肪疝
16220,表 6-3-132 ,M67.800x092,肌腱滑脱
16221,表 6-3-132 ,M67.800x093,肌腱松弛
16222,表 6-3-132 ,M67.800x094,滑膜嵌顿
16223,表 6-3-132 ,M67.800x095,瘢痕性肌腱粘连
16224,表 6-3-132 ,M67.800x096,肌腱囊肿
16225,表 6-3-132 ,M67.803,滑膜增生
16226,表 6-3-132 ,M67.804,滑膜皱襞综合征
16227,表 6-3-132 ,M67.805,肌腱疝
16228,表 6-3-132 ,M67.806,腱鞘游离体
16229,表 6-3-132 ,M67.807,韧带骨化
16230,表 6-3-132 ,M67.901,肌腱疾患
16231,表 6-3-133 ,M70.001,腕慢性碎裂音滑膜炎
16232,表 6-3-133 ,M70.002,手慢性碎裂音滑膜炎
16233,表 6-3-133 ,M70.100,手滑囊炎
16234,表 6-3-133 ,M70.101,腕滑囊炎
16235,表 6-3-133 ,M70.102,过度打击手
16236,表 6-3-133 ,M70.200,鹰嘴囊炎
16237,表 6-3-133 ,M70.201,矿工肘
16238,表 6-3-133 ,M70.202,学生肘
16239,表 6-3-133 ,M70.301,过度打击肘
16240,表 6-3-133 ,M70.400,髌前囊炎
16241,表 6-3-133 ,M70.402,努恩膝
16242,表 6-3-133 ,M70.403,髌前水囊瘤
16243,表 6-3-133 ,M70.500x002,膝假性滑囊炎
16244,表 6-3-133 ,M70.501,鹅趾滑囊炎
16245,表 6-3-133 ,M70.502,腘滑囊炎
16246,表 6-3-133 ,M70.503,过度打击膝
16247,表 6-3-133 ,M70.504,膝半膜肌肉滑囊炎
16248,表 6-3-133 ,M70.600,转子滑囊炎
16249,表 6-3-133 ,M70.600x001,转子腱炎
16250,表 6-3-133 ,M70.700,髋的其他滑囊炎
16251,表 6-3-133 ,M70.700x002,髂耻滑囊炎
16252,表 6-3-133 ,M70.701,坐骨滑囊炎
16253,表 6-3-133 ,M70.702,大粗隆滑囊炎
16254,表 6-3-133 ,M70.800,与使用、过度使用和压迫有关的其他软组织疾患
16255,表 6-3-133 ,M70.800x001,手指滑囊炎
16256,表 6-3-133 ,M70.901,体位性劳损
16257,表 6-3-133 ,M70.902,职业性滑囊炎
16258,表 6-3-133 ,M71.000,黏液囊脓肿
16259,表 6-3-133 ,M71.001,肩区黏液囊脓肿
16260,表 6-3-133 ,M71.002,上臂黏液囊脓肿
16261,表 6-3-133 ,M71.003,前臂黏液囊脓肿
16262,表 6-3-133 ,M71.004,手黏液囊脓肿
16263,表 6-3-133 ,M71.005,骨盆区黏液囊脓肿
16264,表 6-3-133 ,M71.006,大腿黏液囊脓肿
16265,表 6-3-133 ,M71.007,小腿黏液囊脓肿
16266,表 6-3-133 ,M71.008,踝黏液囊脓肿
16267,表 6-3-133 ,M71.009,足黏液囊脓肿
16268,表 6-3-133 ,M71.100,感染性滑囊炎，其他的
16269,表 6-3-133 ,M71.101,肩区感染性滑囊炎
16270,表 6-3-133 ,M71.102,上臂感染性滑囊炎
16271,表 6-3-133 ,M71.103,前臂感染性滑囊炎
16272,表 6-3-133 ,M71.104,手感染性滑囊炎
16273,表 6-3-133 ,M71.105,骨盆区感染性滑囊炎
16274,表 6-3-133 ,M71.106,大腿感染性滑囊炎
16275,表 6-3-133 ,M71.107,小腿感染性滑囊炎
16276,表 6-3-133 ,M71.108,踝感染性滑囊炎
16277,表 6-3-133 ,M71.109,足感染性滑囊炎
16278,表 6-3-133 ,M71.200,腘间隙滑膜囊肿[贝克]
16279,表 6-3-133 ,M71.200x001,腘窝囊肿
16280,表 6-3-133 ,M71.300x021,肘窝囊肿
16281,表 6-3-133 ,M71.301,肩区滑膜囊肿
16282,表 6-3-133 ,M71.302,肘窝滑膜囊肿
16283,表 6-3-133 ,M71.303,腕关节滑膜囊肿
16284,表 6-3-133 ,M71.304,手关节滑膜囊肿
16285,表 6-3-133 ,M71.305,坐骨滑膜囊肿
16286,表 6-3-133 ,M71.306,髋关节滑膜囊肿
16287,表 6-3-133 ,M71.307,膝关节滑膜囊肿
16288,表 6-3-133 ,M71.308,踝关节滑膜囊肿
16289,表 6-3-133 ,M71.309,足滑膜囊肿
16290,表 6-3-133 ,M71.310,滑膜囊肿
16291,表 6-3-133 ,M71.400,黏液囊钙沉着
16292,表 6-3-133 ,M71.401,上臂滑膜钙化
16293,表 6-3-133 ,M71.402,前臂滑膜钙化
16294,表 6-3-133 ,M71.403,手部滑膜钙化
16295,表 6-3-133 ,M71.404,骨盆区滑膜钙化
16296,表 6-3-133 ,M71.405,大腿滑膜钙化
16297,表 6-3-133 ,M71.406,小腿滑膜钙化
16298,表 6-3-133 ,M71.407,踝关节滑膜钙化
16299,表 6-3-133 ,M71.408,足滑膜钙化
16300,表 6-3-133 ,M71.501,肘关节粘连性滑囊炎
16301,表 6-3-133 ,M71.502,腕关节粘连性滑囊炎
16302,表 6-3-133 ,M71.503,手骨间关节粘连性滑囊炎
16303,表 6-3-133 ,M71.504,髋关节粘连性滑囊炎
16304,表 6-3-133 ,M71.505,骶髂关节粘连性滑囊炎
16305,表 6-3-133 ,M71.506,膝关节粘连性滑囊炎
16306,表 6-3-133 ,M71.507,踝关节粘连性滑囊炎
16307,表 6-3-133 ,M71.508,足粘连性滑囊炎
16308,表 6-3-133 ,M71.801,异位滑囊
16309,表 6-3-133 ,M71.900,黏液囊病
16310,表 6-3-133 ,M71.900x001,肘关节粘液囊病
16311,表 6-3-133 ,M71.900x002,腕关节粘液囊病
16312,表 6-3-133 ,M71.900x003,手骨间关节粘液囊病
16313,表 6-3-133 ,M71.900x004,髋关节粘液囊病
16314,表 6-3-133 ,M71.900x005,骶髂关节粘液囊病
16315,表 6-3-133 ,M71.900x006,膝关节粘液囊病
16316,表 6-3-133 ,M71.900x007,踝关节粘液囊病
16317,表 6-3-133 ,M71.909,滑囊炎
16318,表 6-3-133 ,M72.000,掌腱膜纤维瘤病[迪皮特朗]
16319,表 6-3-133 ,M72.001,掌筋膜挛缩症
16320,表 6-3-133 ,M72.100,指节垫
16321,表 6-3-133 ,M72.200,跖筋膜纤维瘤病
16322,表 6-3-133 ,M72.201,足底筋膜纤维瘤病
16323,表 6-3-133 ,M72.202,跖筋膜炎
16324,表 6-3-133 ,M72.400,假肉瘤性纤维瘤病
16325,表 6-3-133 ,M72.401,肩区结节性筋膜炎
16326,表 6-3-133 ,M72.402,上臂结节性筋膜炎
16327,表 6-3-133 ,M72.403,前臂结节性筋膜炎
16328,表 6-3-133 ,M72.404,手结节性筋膜炎
16329,表 6-3-133 ,M72.405,骨盆区结节性筋膜炎
16330,表 6-3-133 ,M72.406,大腿结节性筋膜炎
16331,表 6-3-133 ,M72.407,小腿结节性筋膜炎
16332,表 6-3-133 ,M72.408,踝结节性筋膜炎
16333,表 6-3-133 ,M72.409,足结节性筋膜炎
16334,表 6-3-133 ,M72.410,结节性筋膜炎
16335,表 6-3-133 ,M72.600,坏死性筋膜炎
16336,表 6-3-133 ,M72.601,肩区坏死性筋膜炎
16337,表 6-3-133 ,M72.602,上臂坏死性筋膜炎
16338,表 6-3-133 ,M72.603,前臂坏死性筋膜炎
16339,表 6-3-133 ,M72.604,手坏死性筋膜炎
16340,表 6-3-133 ,M72.605,骨盆区坏死性筋膜炎
16341,表 6-3-133 ,M72.606,大腿坏死性筋膜炎
16342,表 6-3-133 ,M72.607,小腿坏死性筋膜炎
16343,表 6-3-133 ,M72.608,踝坏死性筋膜炎
16344,表 6-3-133 ,M72.609,足坏死性筋膜炎
16345,表 6-3-133 ,M72.800x091,硬化性筋膜炎
16346,表 6-3-133 ,M72.800x092,缺血性筋膜炎
16347,表 6-3-133 ,M72.801,肩关节筋膜脓肿
16348,表 6-3-133 ,M72.802,肘关节筋膜脓肿
16349,表 6-3-133 ,M72.803,腕关节筋膜脓肿
16350,表 6-3-133 ,M72.804,指纤维组织瘤样增生
16351,表 6-3-133 ,M72.805,筋膜脓肿
16352,表 6-3-133 ,M72.806,陈旧性筋膜炎
16353,表 6-3-133 ,M72.900x051,臀部纤维瘤病
16354,表 6-3-133 ,M72.900x052,臀肌筋膜炎
16355,表 6-3-133 ,M72.900x071,趾筋膜炎
16356,表 6-3-133 ,M72.900x073,掌跖纤维瘤病
16357,表 6-3-133 ,M72.900x081,腰背部筋膜炎
16358,表 6-3-133 ,M72.900x082,躯干纤维瘤病
16359,表 6-3-133 ,M72.900x083,椎管内纤维瘤病
16360,表 6-3-133 ,M72.900x084,颈部纤维瘤病
16361,表 6-3-133 ,M72.900x093,下肢纤维瘤病
16362,表 6-3-133 ,M72.901,多部位筋膜炎
16363,表 6-3-133 ,M72.903,肩区筋膜炎
16364,表 6-3-133 ,M72.904,肩区纤维瘤病
16365,表 6-3-133 ,M72.905,上臂筋膜炎
16366,表 6-3-133 ,M72.906,上臂纤维瘤病
16367,表 6-3-133 ,M72.907,前臂筋膜炎
16368,表 6-3-133 ,M72.908,前臂纤维瘤病
16369,表 6-3-133 ,M72.909,手筋膜炎
16370,表 6-3-133 ,M72.910,手纤维瘤病
16371,表 6-3-133 ,M72.911,骨盆区筋膜炎
16372,表 6-3-133 ,M72.912,骨盆区纤维瘤病
16373,表 6-3-133 ,M72.913,大腿筋膜炎
16374,表 6-3-133 ,M72.914,大腿纤维瘤病
16375,表 6-3-133 ,M72.915,小腿筋膜炎
16376,表 6-3-133 ,M72.916,小腿纤维瘤病
16377,表 6-3-133 ,M72.917,踝筋膜炎
16378,表 6-3-133 ,M72.918,踝纤维瘤病
16379,表 6-3-133 ,M72.919,足筋膜炎
16380,表 6-3-133 ,M72.920,足纤维瘤病
16381,表 6-3-133 ,M72.921,纤维瘤病
16382,表 6-3-133 ,M72.922,筋膜炎
16383,表 6-3-133 ,M75.000,粘连性肩关节囊炎
16384,表 6-3-133 ,M75.000x001,冻结肩
16385,表 6-3-133 ,M75.001,肩周炎
16386,表 6-3-133 ,M75.002,迪普莱关节周炎
16387,表 6-3-133 ,M75.003,肱肩胛关节周炎
16388,表 6-3-133 ,M75.004,肩黏性肌腱炎
16389,表 6-3-133 ,M75.100,旋转袖综合征
16390,表 6-3-133 ,M75.101,非创伤性冈上肌撕裂
16391,表 6-3-133 ,M75.102,冈上肌综合征
16392,表 6-3-133 ,M75.103,肩袖自发性破裂
16393,表 6-3-133 ,M75.200,二头肌腱炎
16394,表 6-3-133 ,M75.201,肱二头肌长头肌腱炎
16395,表 6-3-133 ,M75.300,肩钙化性肌腱炎
16396,表 6-3-133 ,M75.301,肩钙化性黏液囊
16397,表 6-3-133 ,M75.302,冈上肌肌腱钙化
16398,表 6-3-133 ,M75.400,肩撞击综合征
16399,表 6-3-133 ,M75.500,肩滑囊炎
16400,表 6-3-133 ,M75.501,肩峰下滑囊炎
16401,表 6-3-133 ,M75.502,肩胛肱骨滑囊炎
16402,表 6-3-133 ,M75.503,三角肌下滑囊炎
16403,表 6-3-133 ,M75.504,喙突下滑囊炎
16404,表 6-3-133 ,M75.600,退行性肩关节盂唇撕裂
16405,表 6-3-133 ,M75.802,肩胛肱骨肌纤维变性
16406,表 6-3-133 ,M75.803,肩胛肱骨肌纤维鞘炎
16407,表 6-3-133 ,M75.804,肩腱鞘炎
16408,表 6-3-133 ,M75.900,肩损害
16409,表 6-3-133 ,M76.000,臀肌腱炎
16410,表 6-3-133 ,M76.100,髂肌腱炎
16411,表 6-3-133 ,M76.200,髂嵴骨刺
16412,表 6-3-133 ,M76.300,髂胫带综合征
16413,表 6-3-133 ,M76.301,涉及髂胫带弹响髋
16414,表 6-3-133 ,M76.302,涉及髂胫带弹响膝
16415,表 6-3-133 ,M76.400,胫侧滑囊炎[佩莱格里尼-施蒂达]
16416,表 6-3-133 ,M76.400x001,胫骨侧粘液囊炎
16417,表 6-3-133 ,M76.500,髌肌腱炎
16418,表 6-3-133 ,M76.600,跟腱炎
16419,表 6-3-133 ,M76.602,跟腱滑囊炎
16420,表 6-3-133 ,M76.603,跟腱痛
16421,表 6-3-133 ,M76.700,腓肌腱炎
16422,表 6-3-133 ,M76.701,腓肠肌内外侧头肌腱炎
16423,表 6-3-133 ,M76.800x072,踝关节撞击综合征
16424,表 6-3-133 ,M76.801,髋部肌腱端病
16425,表 6-3-133 ,M76.802,腓骨肌腱撞击综合征
16426,表 6-3-133 ,M76.803,膝肌腱端病
16427,表 6-3-133 ,M76.804,胫前综合征
16428,表 6-3-133 ,M76.805,胫后综合征
16429,表 6-3-133 ,M76.806,胫后肌腱炎
16430,表 6-3-133 ,M76.807,踝滑囊炎
16431,表 6-3-133 ,M76.900,下肢肌腱端病
16432,表 6-3-133 ,M77.000,内上髁炎
16433,表 6-3-133 ,M77.001,肱骨内上髁炎
16434,表 6-3-133 ,M77.100,外上髁炎
16435,表 6-3-133 ,M77.101,肱骨外上髁炎
16436,表 6-3-133 ,M77.200,腕关节周围炎
16437,表 6-3-133 ,M77.300,跟骨骨刺
16438,表 6-3-133 ,M77.400,跖痛症
16439,表 6-3-133 ,M77.500,足的其他肌腱端病
16440,表 6-3-133 ,M77.501,踝肌腱端病
16441,表 6-3-133 ,M77.502,跟骨滑囊炎
16442,表 6-3-133 ,M77.503,脚趾滑囊炎
16443,表 6-3-133 ,M77.800x001,胫后肌腱失能
16444,表 6-3-133 ,M77.800x002,腓骨肌腱滑脱
16445,表 6-3-133 ,M77.801,肘肌腱端病
16446,表 6-3-133 ,M77.804,腕肌腱端病
16447,表 6-3-133 ,M77.900,肌腱端病
16448,表 6-3-133 ,M77.901,关节周围炎
16449,表 6-3-133 ,M77.902,肌腱炎
16450,表 6-3-133 ,M77.903,骨刺
16451,表 6-3-133 ,M77.905,肌腱周围炎
16452,表 6-3-133 ,M77.906,关节囊炎
16453,表 6-3-133 ,M79.000,风湿病
16454,表 6-3-133 ,M79.000x092,关节风湿病
16455,表 6-3-133 ,M79.000x093,风湿性肌痛
16456,表 6-3-133 ,M79.000x095,成纤维细胞性风湿病
16457,表 6-3-133 ,M79.002,软组织风湿
16458,表 6-3-133 ,M79.100,肌痛
16459,表 6-3-133 ,M79.101,肩区肌痛
16460,表 6-3-133 ,M79.102,上臂肌痛
16461,表 6-3-133 ,M79.103,前臂肌痛
16462,表 6-3-133 ,M79.104,手肌痛
16463,表 6-3-133 ,M79.105,骨盆区肌痛
16464,表 6-3-133 ,M79.106,大腿肌痛
16465,表 6-3-133 ,M79.107,小腿肌痛
16466,表 6-3-133 ,M79.108,踝肌痛
16467,表 6-3-133 ,M79.109,足肌痛
16468,表 6-3-133 ,M79.200x001,多部位神经炎
16469,表 6-3-133 ,M79.201,多部位神经痛
16470,表 6-3-133 ,M79.203,下肢神经痛
16471,表 6-3-133 ,M79.204,神经束膜炎
16472,表 6-3-133 ,M79.205,慢性类风湿性神经炎
16473,表 6-3-133 ,M79.206,神经肌肉痛
16474,表 6-3-133 ,M79.207,神经痛
16475,表 6-3-133 ,M79.208,神经炎
16476,表 6-3-133 ,M79.209,神经病理性疼痛
16477,表 6-3-133 ,M79.300,脂膜炎
16478,表 6-3-133 ,M79.300x051,臀部脂膜炎
16479,表 6-3-133 ,M79.301,组织细胞吞噬性脂膜炎
16480,表 6-3-133 ,M79.302,结节性非化脓性脂膜炎
16481,表 6-3-133 ,M79.303,嗜酸性脂膜炎
16482,表 6-3-133 ,M79.400,髌下脂肪垫肥大
16483,表 6-3-133 ,M79.401,膝脂肪垫肥大
16484,表 6-3-133 ,M79.403,髌前脂肪垫肥大
16485,表 6-3-133 ,M79.404,髌后脂肪垫肥大
16486,表 6-3-133 ,M79.500,软组织内残留异物
16487,表 6-3-133 ,M79.500x061,小腿软组织异物残留
16488,表 6-3-133 ,M79.500x082,躯干软组织异物残留
16489,表 6-3-133 ,M79.501,肩区软组织异物残留
16490,表 6-3-133 ,M79.502,上臂软组织异物残留
16491,表 6-3-133 ,M79.503,前臂软组织异物残留
16492,表 6-3-133 ,M79.504,手软组织异物残留
16493,表 6-3-133 ,M79.505,骨盆区软组织异物残留
16494,表 6-3-133 ,M79.506,大腿软组织异物残留
16495,表 6-3-133 ,M79.507,膝关节软组织异物残留
16496,表 6-3-133 ,M79.508,踝软组织异物残留
16497,表 6-3-133 ,M79.509,足软组织异物残留
16498,表 6-3-133 ,M79.510,头颈部软组织异物残留
16499,表 6-3-133 ,M79.511,胸壁异物
16500,表 6-3-133 ,M79.600,肢痛
16501,表 6-3-133 ,M79.600x002,跟痛症
16502,表 6-3-133 ,M79.600x011,肩痛
16503,表 6-3-133 ,M79.600x021,上臂疼痛
16504,表 6-3-133 ,M79.600x051,下肢疼痛
16505,表 6-3-133 ,M79.601,手痛
16506,表 6-3-133 ,M79.602,跗骨痛
16507,表 6-3-133 ,M79.603,脚趾痛
16508,表 6-3-133 ,M79.604,足痛
16509,表 6-3-133 ,M79.700,纤维肌痛
16510,表 6-3-133 ,M79.701,肩部纤维肌炎
16511,表 6-3-133 ,M79.702,腰纤维肌炎
16512,表 6-3-133 ,M79.703,风湿性肌纤维组织炎
16513,表 6-3-133 ,M79.704,纤维织炎
16514,表 6-3-133 ,M79.705,肌纤维鞘炎
16515,表 6-3-133 ,M79.800x001,肢体肿胀
16516,表 6-3-133 ,M79.800x081,椎旁脓肿
16517,表 6-3-133 ,M79.800x082,面部软组织下垂
16518,表 6-3-133 ,M79.800x083,面部软组织增生性病变
16519,表 6-3-133 ,M79.800x091,脂肪疝
16520,表 6-3-133 ,M79.800x096,纤维结缔组织炎
16521,表 6-3-133 ,M79.801,上肢肿胀
16522,表 6-3-133 ,M79.802,下肢肿胀
16523,表 6-3-133 ,M79.803,巨手
16524,表 6-3-133 ,M79.804,手肿胀
16525,表 6-3-133 ,M79.805,脚趾肿胀
16526,表 6-3-133 ,M79.806,足肿胀
16527,表 6-3-133 ,M79.807,筋膜腐坏
16528,表 6-3-133 ,M79.808,脂肪坏死
16529,表 6-3-133 ,M79.809,普罗菲谢病
16530,表 6-3-133 ,M79.810,结缔组织炎
16531,表 6-3-133 ,M79.811,脂肪液化
16532,表 6-3-133 ,M79.812,脂肪萎缩
16533,表 6-3-133 ,M79.900x001,肢体肿物
16534,表 6-3-133 ,M79.901,肩区软组织疾患
16535,表 6-3-133 ,M79.902,上臂软组织疾患
16536,表 6-3-133 ,M79.903,前臂软组织疾患
16537,表 6-3-133 ,M79.904,手软组织疾患
16538,表 6-3-133 ,M79.905,骨盆区软组织疾患
16539,表 6-3-133 ,M79.906,大腿软组织疾患
16540,表 6-3-133 ,M79.907,小腿软组织疾患
16541,表 6-3-133 ,M79.908,踝软组织疾患
16542,表 6-3-133 ,M79.909,足软组织疾患
16543,表 6-3-134 ,M80.000,绝经后骨质疏松伴有病理性骨折
16544,表 6-3-134 ,M80.100,卵巢切除术后骨质疏松伴有病理性骨折
16545,表 6-3-134 ,M80.200,失用性骨质疏松伴有病理性骨折
16546,表 6-3-134 ,M80.300,手术后吸收不良性骨质疏松伴有病理性骨折
16547,表 6-3-134 ,M80.400,药物性骨质疏松伴有病理性骨折
16548,表 6-3-134 ,M80.500,特发性骨质疏松伴有病理性骨折
16549,表 6-3-134 ,M80.800,骨质疏松伴有病理性骨折，其他的
16550,表 6-3-134 ,M80.801,老年性骨质疏松伴病理性骨折
16551,表 6-3-134 ,M80.900,骨质疏松伴有病理性骨折
16552,表 6-3-134 ,M81.000,绝经后骨质疏松
16553,表 6-3-134 ,M81.100,卵巢切除术后骨质疏松
16554,表 6-3-134 ,M81.200,失用性骨质疏松
16555,表 6-3-134 ,M81.300,手术后吸收不良性骨质疏松
16556,表 6-3-134 ,M81.400,药物性骨质疏松
16557,表 6-3-134 ,M81.500,特发性骨质疏松
16558,表 6-3-134 ,M81.600,局限性骨质疏松[勒凯纳]
16559,表 6-3-134 ,M81.800x091,老年性骨质疏松
16560,表 6-3-134 ,M81.801,肝性骨营养不良
16561,表 6-3-134 ,M81.900,骨质疏松
16562,表 6-3-134 ,M81.900x101,脊椎松解
16563,表 6-3-134 ,M81.903,骨脱矿质
16564,表 6-3-134 ,M81.904,骨脱钙
16565,表 6-3-134 ,M83.000,产褥期骨软化症
16566,表 6-3-134 ,M83.100,老年性骨软化症
16567,表 6-3-134 ,M83.200,吸收不良引起的成人骨软化症
16568,表 6-3-134 ,M83.200x092,成人手术后吸收障碍性骨软化症
16569,表 6-3-134 ,M83.300,营养不良引起的成人骨软化症
16570,表 6-3-134 ,M83.400,铝骨病
16571,表 6-3-134 ,M83.500,成人其他药物性骨软化症
16572,表 6-3-134 ,M83.801,麦角甾醇缺乏(维生素D2)伴成人骨软化
16573,表 6-3-134 ,M83.802,全身骨内多发性吸收
16574,表 6-3-134 ,M83.900,成人骨软化症
16575,表 6-3-134 ,M83.900x091,骨软化症
16576,表 6-3-134 ,M84.000,骨折连接不正
16577,表 6-3-134 ,M84.000x021,肱骨骨折连接不正
16578,表 6-3-134 ,M84.000x031,尺骨骨折连接不正
16579,表 6-3-134 ,M84.000x032,桡骨骨折连接不正
16580,表 6-3-134 ,M84.000x041,指骨骨折连接不正
16581,表 6-3-134 ,M84.000x042,腕舟骨骨折连接不正
16582,表 6-3-134 ,M84.000x043,掌骨骨折连接不正
16583,表 6-3-134 ,M84.000x051,股骨骨折连接不正
16584,表 6-3-134 ,M84.000x052,骨盆骨折连接不正
16585,表 6-3-134 ,M84.000x061,胫骨骨折连接不正
16586,表 6-3-134 ,M84.000x062,髌骨骨折连接不正
16587,表 6-3-134 ,M84.000x063,腓骨骨折连接不正
16588,表 6-3-134 ,M84.000x071,跟骨骨折连接不正
16589,表 6-3-134 ,M84.000x072,踝关节骨折连接不正
16590,表 6-3-134 ,M84.000x073,足舟骨连接不正
16591,表 6-3-134 ,M84.000x074,足骨骨折连接不正
16592,表 6-3-134 ,M84.000x081,下颌骨骨折连接不正
16593,表 6-3-134 ,M84.000x082,面骨骨折连接不正
16594,表 6-3-134 ,M84.100,骨折不连接[假关节]
16595,表 6-3-134 ,M84.100x011,锁骨骨折不连接
16596,表 6-3-134 ,M84.100x012,肩胛骨骨折不连接
16597,表 6-3-134 ,M84.100x021,肱骨骨折不连接
16598,表 6-3-134 ,M84.100x031,尺骨骨折不连接
16599,表 6-3-134 ,M84.100x032,桡骨骨折不连接
16600,表 6-3-134 ,M84.100x041,指骨骨折不连接
16601,表 6-3-134 ,M84.100x042,掌骨骨折不连接
16602,表 6-3-134 ,M84.100x043,舟骨骨折不连接
16603,表 6-3-134 ,M84.100x044,腕骨骨折不连接
16604,表 6-3-134 ,M84.100x051,股骨骨折不连接
16605,表 6-3-134 ,M84.100x052,髋臼骨折不连接
16606,表 6-3-134 ,M84.100x061,腓骨骨折不连接
16607,表 6-3-134 ,M84.100x062,胫骨骨折不连接
16608,表 6-3-134 ,M84.100x063,髌骨骨折不连接
16609,表 6-3-134 ,M84.100x071,跖骨骨折不连接
16610,表 6-3-134 ,M84.100x072,跟骨骨折不连接
16611,表 6-3-134 ,M84.100x073,踝关节骨折不连接
16612,表 6-3-134 ,M84.100x074,距骨骨折不连接
16613,表 6-3-134 ,M84.100x075,趾骨骨折不连接
16614,表 6-3-134 ,M84.100x081,腰椎骨折不连接
16615,表 6-3-134 ,M84.200,骨折延迟愈合
16616,表 6-3-134 ,M84.300x091,应力性骨折
16617,表 6-3-134 ,M84.301,疲劳性骨折
16618,表 6-3-134 ,M84.401,自发性骨折
16619,表 6-3-134 ,M84.801,颅骨分离
16620,表 6-3-134 ,M84.900,骨的连续性疾患
16621,表 6-3-134 ,M85.000x001,额骨纤维性结构不良
16622,表 6-3-134 ,M85.000x002,枕骨纤维性结构不良
16623,表 6-3-134 ,M85.000x004,肩胛骨纤维结构不良
16624,表 6-3-134 ,M85.000x007,尺骨纤维结构不良
16625,表 6-3-134 ,M85.000x008,掌指骨纤维性结构不良
16626,表 6-3-134 ,M85.000x011,锁骨纤维异常增殖症
16627,表 6-3-134 ,M85.000x031,桡骨纤维异常增殖症
16628,表 6-3-134 ,M85.000x051,股骨纤维结构不良
16629,表 6-3-134 ,M85.000x052,髋骨纤维异常增殖症
16630,表 6-3-134 ,M85.000x053,骨盆骨纤维结构不良
16631,表 6-3-134 ,M85.000x054,坐骨纤维异常增殖症
16632,表 6-3-134 ,M85.000x061,胫骨纤维结构不良
16633,表 6-3-134 ,M85.000x062,腓骨纤维结构不良
16634,表 6-3-134 ,M85.000x071,跟骨纤维结构不良
16635,表 6-3-134 ,M85.000x081,颅骨纤维增殖症
16636,表 6-3-134 ,M85.000x082,肋骨纤维异常增殖症
16637,表 6-3-134 ,M85.000x083,颧骨纤维异常增殖症
16638,表 6-3-134 ,M85.000x084,椎骨纤维异常增殖症
16639,表 6-3-134 ,M85.001,骨纤维异样增殖症
16640,表 6-3-134 ,M85.002,贾菲利希滕斯坦(-尤林格)综合征
16641,表 6-3-134 ,M85.003,肱骨纤维结构不良
16642,表 6-3-134 ,M85.100,氟骨症
16643,表 6-3-134 ,M85.200,颅骨肥大
16644,表 6-3-134 ,M85.201,额骨内面骨肥厚
16645,表 6-3-134 ,M85.202,狮面骨
16646,表 6-3-134 ,M85.300,致密性骨炎
16647,表 6-3-134 ,M85.400,单一性骨囊肿
16648,表 6-3-134 ,M85.500,动脉瘤性骨囊肿
16649,表 6-3-134 ,M85.600x021,肱骨骨囊肿
16650,表 6-3-134 ,M85.600x031,桡骨骨囊肿
16651,表 6-3-134 ,M85.600x032,尺骨骨囊肿
16652,表 6-3-134 ,M85.600x041,腕骨骨囊肿
16653,表 6-3-134 ,M85.600x042,指骨骨囊肿
16654,表 6-3-134 ,M85.600x043,掌骨骨囊肿
16655,表 6-3-134 ,M85.600x051,股骨骨囊肿
16656,表 6-3-134 ,M85.600x052,坐骨结节囊肿
16657,表 6-3-134 ,M85.600x053,髂骨骨囊肿
16658,表 6-3-134 ,M85.600x061,腓骨骨囊肿
16659,表 6-3-134 ,M85.600x062,胫骨骨囊肿
16660,表 6-3-134 ,M85.600x071,距骨骨囊肿
16661,表 6-3-134 ,M85.600x072,跟骨骨囊肿
16662,表 6-3-134 ,M85.600x081,颞骨囊肿
16663,表 6-3-134 ,M85.600x092,单纯性骨囊肿
16664,表 6-3-134 ,M85.600x093,孤立性骨囊肿
16665,表 6-3-134 ,M85.602,躯干骨囊肿
16666,表 6-3-134 ,M85.603,骨囊肿
16667,表 6-3-134 ,M85.801,肢骨纹状肥大
16668,表 6-3-134 ,M85.802,骨密度增加
16669,表 6-3-134 ,M85.803,骨实质丧失
16670,表 6-3-134 ,M85.900,骨密度和结构的疾患
16671,表 6-3-135 ,M86.000,急性血源性骨髓炎
16672,表 6-3-135 ,M86.100,急性骨髓炎，其他的
16673,表 6-3-135 ,M86.200,亚急性骨髓炎
16674,表 6-3-135 ,M86.300,慢性多病灶性骨髓炎
16675,表 6-3-135 ,M86.400,慢性骨髓炎伴有引流窦道
16676,表 6-3-135 ,M86.500,慢性血源性骨髓炎，其他的
16677,表 6-3-135 ,M86.600x061,小腿慢性化脓性骨髓炎
16678,表 6-3-135 ,M86.601,肘关节慢性化脓性骨髓炎
16679,表 6-3-135 ,M86.602,手慢性化脓性骨髓炎
16680,表 6-3-135 ,M86.603,骨盆区慢性化脓性骨髓炎
16681,表 6-3-135 ,M86.604,大腿慢性化脓性骨髓炎
16682,表 6-3-135 ,M86.605,膝关节慢性化脓性骨髓炎
16683,表 6-3-135 ,M86.606,踝慢性化脓性骨髓炎
16684,表 6-3-135 ,M86.607,足慢性化脓性骨髓炎
16685,表 6-3-135 ,M86.608,慢性骨髓炎
16686,表 6-3-135 ,M86.609,慢性化脓性骨髓炎
16687,表 6-3-135 ,M86.610,骨内死骨形成
16688,表 6-3-135 ,M86.800x071,跖骨籽骨形成
16689,表 6-3-135 ,M86.800x095,布罗迪脓肿
16690,表 6-3-135 ,M86.801,股骨肉芽肿
16691,表 6-3-135 ,M86.803,骨干炎
16692,表 6-3-135 ,M86.804,水肿性波特瘤
16693,表 6-3-135 ,M86.805,骨残留异物性肉芽肿
16694,表 6-3-135 ,M86.807,骨膜骨赘形成伴骨髓炎
16695,表 6-3-135 ,M86.808,骨脓肿
16696,表 6-3-135 ,M86.809,骨肉芽肿
16697,表 6-3-135 ,M86.810,加雷骨髓炎
16698,表 6-3-135 ,M86.811,硬化性骨髓炎
16699,表 6-3-135 ,M86.812,籽骨炎
16700,表 6-3-135 ,M86.900,骨髓炎
16701,表 6-3-135 ,M86.900x001,多发性骨髓炎
16702,表 6-3-135 ,M86.900x071,跗骨骨髓炎
16703,表 6-3-135 ,M86.900x073,跖骨骨髓炎
16704,表 6-3-135 ,M86.901,锁骨骨髓炎
16705,表 6-3-135 ,M86.902,肩胛骨骨髓炎
16706,表 6-3-135 ,M86.903,肱骨骨髓炎
16707,表 6-3-135 ,M86.904,桡骨骨髓炎
16708,表 6-3-135 ,M86.905,尺骨骨髓炎
16709,表 6-3-135 ,M86.906,腕骨骨髓炎
16710,表 6-3-135 ,M86.907,手指骨髓炎
16711,表 6-3-135 ,M86.908,掌骨骨髓炎
16712,表 6-3-135 ,M86.909,骨盆骨髓炎
16713,表 6-3-135 ,M86.910,股骨骨髓炎
16714,表 6-3-135 ,M86.911,膝关节骨髓炎
16715,表 6-3-135 ,M86.912,腓骨骨髓炎
16716,表 6-3-135 ,M86.913,胫骨骨髓炎
16717,表 6-3-135 ,M86.914,足部骨髓炎
16718,表 6-3-135 ,M86.915,趾骨骨髓炎
16719,表 6-3-135 ,M86.916,跟骨骨髓炎
16720,表 6-3-135 ,M86.917,颅骨骨髓炎
16721,表 6-3-135 ,M86.918,肋骨骨髓炎
16722,表 6-3-135 ,M86.919,躯干骨骨髓炎
16723,表 6-3-135 ,M86.920,胸骨骨髓炎
16724,表 6-3-135 ,M86.921,骨炎
16725,表 6-3-135 ,M86.923,骨膜炎
16726,表 6-3-135 ,M87.000,特发性无菌性骨坏死
16727,表 6-3-135 ,M87.001,肱骨头无菌性坏死
16728,表 6-3-135 ,M87.002,股骨头无菌性坏死
16729,表 6-3-135 ,M87.100,药物性骨坏死
16730,表 6-3-135 ,M87.101,药物性肱骨头坏死
16731,表 6-3-135 ,M87.102,药物性股骨头坏死
16732,表 6-3-135 ,M87.200,以前创伤引起的骨坏死
16733,表 6-3-135 ,M87.200x021,创伤后肱骨坏死
16734,表 6-3-135 ,M87.200x042,创伤后腕骨坏死
16735,表 6-3-135 ,M87.200x072,创伤后距骨坏死
16736,表 6-3-135 ,M87.200x073,创伤后足舟骨坏死
16737,表 6-3-135 ,M87.201,外伤后腕舟骨骨质疏松及萎缩
16738,表 6-3-135 ,M87.202,创伤后指骨坏死
16739,表 6-3-135 ,M87.203,创伤后股骨头坏死
16740,表 6-3-135 ,M87.204,创伤后趾骨坏死
16741,表 6-3-135 ,M87.300,继发性骨坏死，其他的
16742,表 6-3-135 ,M87.800x021,肱骨头缺血性坏死
16743,表 6-3-135 ,M87.800x041,月骨缺血性坏死
16744,表 6-3-135 ,M87.800x051,股骨头缺血性坏死
16745,表 6-3-135 ,M87.800x091,骨缺血性坏死
16746,表 6-3-135 ,M87.800x101,足舟骨坏死
16747,表 6-3-135 ,M87.900,骨坏死
16748,表 6-3-135 ,M87.900x021,肱骨骨坏死
16749,表 6-3-135 ,M87.900x061,胫骨骨坏死
16750,表 6-3-135 ,M87.900x071,距骨骨坏死
16751,表 6-3-135 ,M87.901,股骨骨坏死
16752,表 6-3-135 ,M88.000,颅骨佩吉特病
16753,表 6-3-135 ,M88.800,骨的佩吉特病，其他的
16754,表 6-3-135 ,M88.900,指骨的佩吉特病
16755,表 6-3-135 ,M89.000,痛性神经营养不良
16756,表 6-3-135 ,M89.000x093,祖德克萎缩
16757,表 6-3-135 ,M89.001,肩手综合征
16758,表 6-3-135 ,M89.002,创伤后骨质疏松
16759,表 6-3-135 ,M89.003,交感反射性营养不良
16760,表 6-3-135 ,M89.100,骨骺生长停止
16761,表 6-3-135 ,M89.101,骺横线
16762,表 6-3-135 ,M89.200x071,足舟骨过度生长
16763,表 6-3-135 ,M89.201,软骨内骨生长迟缓
16764,表 6-3-135 ,M89.202,多发性偏心性多中心骨化
16765,表 6-3-135 ,M89.300,骨肥大
16766,表 6-3-135 ,M89.301,跖骨肥大
16767,表 6-3-135 ,M89.302,跗骨肥大
16768,表 6-3-135 ,M89.303,面骨骨质增生
16769,表 6-3-135 ,M89.304,剑突骨质增生
16770,表 6-3-135 ,M89.305,颧骨肥大
16771,表 6-3-135 ,M89.306,骨过度生长
16772,表 6-3-135 ,M89.307,骨膜肥厚
16773,表 6-3-135 ,M89.308,骨皮质肥厚
16774,表 6-3-135 ,M89.309,骨质增生
16775,表 6-3-135 ,M89.310,腕背隆突综合征
16776,表 6-3-135 ,M89.401,肥大性肺性骨关节病
16777,表 6-3-135 ,M89.402,厚皮性骨膜病
16778,表 6-3-135 ,M89.403,普罗蒂斯综合征
16779,表 6-3-135 ,M89.404,继发性肥大性骨关节病
16780,表 6-3-135 ,M89.500,骨质溶解
16781,表 6-3-135 ,M89.500x091,大块溶骨病
16782,表 6-3-135 ,M89.600,脊髓灰质炎后骨病
16783,表 6-3-135 ,M89.800x501,股骨非骨化性纤维瘤
16784,表 6-3-135 ,M89.800x601,膝关节籽骨炎
16785,表 6-3-135 ,M89.800x906,蜡油样骨病
16786,表 6-3-135 ,M89.800x908,骨瘢痕
16787,表 6-3-135 ,M89.802,肩胛擦响症
16788,表 6-3-135 ,M89.803,肩胛痛
16789,表 6-3-135 ,M89.804,肱骨破坏
16790,表 6-3-135 ,M89.808,股骨头变平
16791,表 6-3-135 ,M89.810,胫骨非骨化性纤维瘤
16792,表 6-3-135 ,M89.813,足副舟骨痛
16793,表 6-3-135 ,M89.816,肋骨滑脱
16794,表 6-3-135 ,M89.817,非骨化性纤维瘤
16795,表 6-3-135 ,M89.818,骨质破坏
16796,表 6-3-135 ,M89.819,婴儿型骨皮质肥厚
16797,表 6-3-135 ,M89.820,骨外露
16798,表 6-3-135 ,M89.821,创伤后骨膜下骨化
16799,表 6-3-135 ,M89.823,骨痛
16800,表 6-3-135 ,M89.824,骨膜下出血
16801,表 6-3-135 ,M89.825,骨膜骨赘形成
16802,表 6-3-135 ,M89.900x063,膝股骨内侧骨疣
16803,表 6-3-135 ,M89.900x072,趾骨肿物
16804,表 6-3-135 ,M89.900x091,外生骨疣
16805,表 6-3-135 ,M89.900x101,桡骨病变
16806,表 6-3-135 ,M89.900x102,骶骨病变
16807,表 6-3-135 ,M89.900x103,髂骨病变
16808,表 6-3-135 ,M89.900x104,距骨病变
16809,表 6-3-135 ,M89.901,锁骨肿物
16810,表 6-3-135 ,M89.902,肩胛骨肿物
16811,表 6-3-135 ,M89.903,肱骨肿物
16812,表 6-3-135 ,M89.904,腕骨病变
16813,表 6-3-135 ,M89.905,指骨病变
16814,表 6-3-135 ,M89.906,股骨病变
16815,表 6-3-135 ,M89.907,骨盆区骨肿物
16816,表 6-3-135 ,M89.908,大腿骨肿物
16817,表 6-3-135 ,M89.909,膝关节骨肿物
16818,表 6-3-135 ,M89.910,腓骨肿物
16819,表 6-3-135 ,M89.911,胫骨肿物
16820,表 6-3-135 ,M89.912,跖骨肿物
16821,表 6-3-135 ,M89.913,踝骨肿物
16822,表 6-3-135 ,M89.914,足骨肿物
16823,表 6-3-135 ,M89.915,胸骨病变
16824,表 6-3-135 ,M89.916,头颈部骨肿物
16825,表 6-3-135 ,M89.917,椎骨病变
16826,表 6-3-135 ,M89.918,肋骨肿物
16827,表 6-3-135 ,M89.919,骨肿物
16828,表 6-3-135 ,M89.920,骨病变
16829,表 6-3-135 ,M89.921,肩胛骨骨疣
16830,表 6-3-135 ,M89.922,肱骨骨疣
16831,表 6-3-135 ,M89.923,尺骨骨疣
16832,表 6-3-135 ,M89.924,桡骨骨疣
16833,表 6-3-135 ,M89.925,股骨骨疣
16834,表 6-3-135 ,M89.926,胫骨骨疣
16835,表 6-3-135 ,M89.927,趾骨骨疣
16836,表 6-3-135 ,M89.928,额骨骨疣
16837,表 6-3-135 ,M89.929,脊柱骨疣
16838,表 6-3-136 ,M91.000,幼年型骨盆骨软骨病
16839,表 6-3-136 ,M91.000x051,耻骨联合幼年型骨软骨病
16840,表 6-3-136 ,M91.001,坐骨软骨结合
16841,表 6-3-136 ,M91.002,耻骨软骨结合
16842,表 6-3-136 ,M91.003,髂嵴软骨病
16843,表 6-3-136 ,M91.004,髋臼骨软骨病
16844,表 6-3-136 ,M91.100,幼年型股骨头骨软骨病[莱格-卡尔韦-佩尔特斯]
16845,表 6-3-136 ,M91.101,幼年型股骨骺骨软骨病
16846,表 6-3-136 ,M91.102,幼年型髋关节骨软骨病
16847,表 6-3-136 ,M91.200,扁平髋
16848,表 6-3-136 ,M91.201,幼年骨软骨病性髋关节畸形
16849,表 6-3-136 ,M91.300,假性髋关节痛
16850,表 6-3-136 ,M91.800,幼年型髋关节和骨盆骨软骨病，其他的
16851,表 6-3-136 ,M91.800x051,先天性髋关节脱位复位后幼年型骨软骨病
16852,表 6-3-136 ,M91.900,幼年型髋关节和骨盆骨软骨病
16853,表 6-3-136 ,M92.000x001,幼年型肱骨头骨软骨病
16854,表 6-3-136 ,M92.001,幼年型肱骨小头骨软骨病
16855,表 6-3-136 ,M92.101,尺骨下段幼年型骨软骨病
16856,表 6-3-136 ,M92.102,桡骨头骨软骨病
16857,表 6-3-136 ,M92.200,幼年型手部骨软骨病
16858,表 6-3-136 ,M92.201,幼年型腕骨骨软骨病
16859,表 6-3-136 ,M92.202,幼年型掌骨骨软骨病
16860,表 6-3-136 ,M92.300,上肢其他的幼年型骨软骨病
16861,表 6-3-136 ,M92.301,幼年型臂软骨病
16862,表 6-3-136 ,M92.302,幼年型锁骨骨软骨病
16863,表 6-3-136 ,M92.303,幼年型胸骨骨软骨病
16864,表 6-3-136 ,M92.400,幼年型髌骨骨软骨病
16865,表 6-3-136 ,M92.401,髌骨克勒病
16866,表 6-3-136 ,M92.402,辛丁-拉森软骨病
16867,表 6-3-136 ,M92.501,胫骨粗隆骨软骨病
16868,表 6-3-136 ,M92.502,胫骨内翻骨软骨病
16869,表 6-3-136 ,M92.503,胫骨幼年型骨软骨病
16870,表 6-3-136 ,M92.504,腓骨幼年型骨软骨病
16871,表 6-3-136 ,M92.600,幼年型跗骨骨软骨病
16872,表 6-3-136 ,M92.600x002,距骨幼年型骨软骨病
16873,表 6-3-136 ,M92.601,幼年型跟骨骨软骨病
16874,表 6-3-136 ,M92.602,幼年型跗舟骨骨软骨病
16875,表 6-3-136 ,M92.604,幼年型外胫骨软骨病
16876,表 6-3-136 ,M92.605,幼年型内侧楔骨软骨病
16877,表 6-3-136 ,M92.606,幼年型舟骨软骨病
16878,表 6-3-136 ,M92.700x003,跖骨幼年型骨软骨病
16879,表 6-3-136 ,M92.701,幼年型第二跖骨骨软骨病
16880,表 6-3-136 ,M92.702,幼年型第五跖骨骨软骨病
16881,表 6-3-136 ,M92.703,跖骨头不全骨折
16882,表 6-3-136 ,M92.801,幼年型下肢骨软骨炎
16883,表 6-3-136 ,M92.802,幼年型足骨软骨病
16884,表 6-3-136 ,M92.803,跟骨骺炎
16885,表 6-3-136 ,M92.804,跟骨骨突炎
16886,表 6-3-136 ,M92.900,幼年型骨软骨病
16887,表 6-3-136 ,M92.901,幼年型骨骺炎
16888,表 6-3-136 ,M92.902,幼年型骨软骨炎
16889,表 6-3-136 ,M92.903,幼年型骨突炎
16890,表 6-3-136 ,M93.000,股骨上端(非创伤性)骨骺滑脱
16891,表 6-3-136 ,M93.100,成人金伯克病
16892,表 6-3-136 ,M93.200x001,踝距骨剥脱性骨软骨炎
16893,表 6-3-136 ,M93.200x002,肱骨小头剥脱性骨软骨炎
16894,表 6-3-136 ,M93.200x003,分离性骨软骨炎[剥脱性骨软骨炎]
16895,表 6-3-136 ,M93.201,肩关节分离性骨软骨病
16896,表 6-3-136 ,M93.202,膝关节分离性骨软骨病
16897,表 6-3-136 ,M93.800x001,桡骨小头骨骺炎
16898,表 6-3-136 ,M93.800x002,膝关节骨软骨炎
16899,表 6-3-136 ,M93.800x003,耻骨骨软骨炎
16900,表 6-3-136 ,M93.901,骨骺炎
16901,表 6-3-136 ,M93.902,骨软骨炎
16902,表 6-3-136 ,M93.903,骺脱离
16903,表 6-3-136 ,M93.904,骨骺滑脱
16904,表 6-3-136 ,M93.905,骨突炎
16905,表 6-3-136 ,M94.000,肋骨与肋软骨连接处综合征[蒂策]
16906,表 6-3-136 ,M94.001,肋骨软骨炎
16907,表 6-3-136 ,M94.100,复发性多软骨炎
16908,表 6-3-136 ,M94.200,软骨软化
16909,表 6-3-136 ,M94.300,软骨溶解
16910,表 6-3-136 ,M94.300x051,特发性髋关节软骨溶解症
16911,表 6-3-136 ,M94.801,化脓性软骨炎
16912,表 6-3-136 ,M94.802,老年性软骨骨化
16913,表 6-3-136 ,M94.803,慢性萎缩性多软骨炎
16914,表 6-3-136 ,M94.804,软骨肥大
16915,表 6-3-136 ,M94.805,软骨脓肿
16916,表 6-3-136 ,M94.806,软骨实质丧失
16917,表 6-3-136 ,M94.807,软骨萎缩
16918,表 6-3-136 ,M94.808,软骨炎
16919,表 6-3-136 ,M94.900,软骨疾患
16920,表 6-3-137 ,M95.001,鞍鼻
16921,表 6-3-137 ,M95.002,凹陷性鼻
16922,表 6-3-137 ,M95.003,鼻萎陷
16923,表 6-3-137 ,M95.005,后天性歪鼻
16924,表 6-3-137 ,M95.006,驼峰鼻
16925,表 6-3-137 ,M95.007,压扁鼻
16926,表 6-3-137 ,M95.100,菜花状耳
16927,表 6-3-137 ,M95.201,后天性头部畸形
16928,表 6-3-137 ,M95.202,后天性颅骨畸形
16929,表 6-3-137 ,M95.203,后天性额骨畸形
16930,表 6-3-137 ,M95.204,后天性前额畸形
16931,表 6-3-137 ,M95.205,后天性面部畸形
16932,表 6-3-137 ,M95.206,后天性面骨畸形
16933,表 6-3-137 ,M95.207,茎突过长
16934,表 6-3-137 ,M95.208,后天性颊畸形
16935,表 6-3-137 ,M95.209,后天性颏畸形
16936,表 6-3-137 ,M95.210,翼钩过长
16937,表 6-3-137 ,M95.301,颈部畸形
16938,表 6-3-137 ,M95.401,后天性胸廓畸形
16939,表 6-3-137 ,M95.402,制鞋工胸
16940,表 6-3-137 ,M95.403,后天性漏斗胸
16941,表 6-3-137 ,M95.404,桶状胸
16942,表 6-3-137 ,M95.405,胸壁畸形
16943,表 6-3-137 ,M95.406,胸壁凹陷
16944,表 6-3-137 ,M95.407,胸骨凹陷
16945,表 6-3-137 ,M95.408,后天性胸骨回缩
16946,表 6-3-137 ,M95.409,后天性鸡胸
16947,表 6-3-137 ,M95.410,后天性肋骨畸形
16948,表 6-3-137 ,M95.501,扁骨盆
16949,表 6-3-137 ,M95.502,后天性骨盆畸形
16950,表 6-3-137 ,M95.503,后天性骨盆倾斜
16951,表 6-3-137 ,M95.504,后天性骨盆狭窄
16952,表 6-3-137 ,M95.505,后天性漏斗骨盆
16953,表 6-3-137 ,M95.506,内格勒骨盆
16954,表 6-3-137 ,M95.507,尖骨盆
16955,表 6-3-137 ,M95.508,婴儿型骨盆
16956,表 6-3-137 ,M95.509,后天性髂骨畸形
16957,表 6-3-137 ,M95.510,后天性坐骨畸形
16958,表 6-3-137 ,M95.801,后天性躯干畸形
16959,表 6-3-137 ,M95.802,后天性腹壁畸形
16960,表 6-3-137 ,M95.901,后天性骨畸形
16961,表 6-3-137 ,M96.001,关节固定术后假关节形成
16962,表 6-3-137 ,M96.100,椎板切除术后综合征，不可归类在他处者
16963,表 6-3-137 ,M96.200,放射后脊柱后凸
16964,表 6-3-137 ,M96.300,椎板切除术后脊柱后凸
16965,表 6-3-137 ,M96.400,手术后脊柱前凸
16966,表 6-3-137 ,M96.500,放射后脊柱侧弯
16967,表 6-3-137 ,M96.600x001,假体周围骨折
16968,表 6-3-137 ,M96.600x002,股骨假体周围骨折
16969,表 6-3-137 ,M96.601,插入矫形外科关节假体后骨折
16970,表 6-3-137 ,M96.602,插入矫形外科骨板后骨折
16971,表 6-3-137 ,M96.801,继发于关节假体取出后关节不稳定
16972,表 6-3-137 ,M96.802,手术后腰椎间盘粘连
16973,表 6-3-137 ,M96.803,腰椎间盘切除术后状态关节紊乱
16974,表 6-3-137 ,M96.900,肌肉骨骼疾患，操作后的
16975,表 6-3-137 ,M99.000,节段性和躯体性功能障碍
16976,表 6-3-137 ,M99.100x001,枕颈椎骨不全脱位
16977,表 6-3-137 ,M99.100x002,颈胸椎骨不全脱位
16978,表 6-3-137 ,M99.100x003,胸腰椎骨不全脱位
16979,表 6-3-137 ,M99.100x004,腰骶椎骨不全脱位
16980,表 6-3-137 ,M99.100x005,骶尾椎骨不全脱位
16981,表 6-3-137 ,M99.100x006,骶髂椎骨不全脱位
16982,表 6-3-137 ,M99.200x001,枕颈椎管不全脱位性狭窄
16983,表 6-3-137 ,M99.200x002,颈胸椎管不全脱位性狭窄
16984,表 6-3-137 ,M99.200x003,胸腰椎管不全脱位性狭窄
16985,表 6-3-137 ,M99.200x004,腰骶椎管不全脱位性狭窄
16986,表 6-3-137 ,M99.200x005,骶尾椎管不全脱位性狭窄
16987,表 6-3-137 ,M99.200x006,骶髂椎管不全脱位性狭窄
16988,表 6-3-137 ,M99.300x001,枕颈椎管骨性狭窄
16989,表 6-3-137 ,M99.300x002,颈胸椎管骨性狭窄
16990,表 6-3-137 ,M99.300x003,胸腰椎管骨性狭窄
16991,表 6-3-137 ,M99.300x004,腰骶椎管骨性狭窄
16992,表 6-3-137 ,M99.300x005,骶尾椎管骨性狭窄
16993,表 6-3-137 ,M99.300x006,骶髂椎管骨性狭窄
16994,表 6-3-137 ,M99.400x001,枕颈椎管结缔组织性狭窄
16995,表 6-3-137 ,M99.400x002,颈胸椎管结缔组织性狭窄
16996,表 6-3-137 ,M99.400x003,胸腰椎管结缔组织性狭窄
16997,表 6-3-137 ,M99.400x004,腰骶椎管结缔组织性狭窄
16998,表 6-3-137 ,M99.400x005,骶尾椎管结缔组织性狭窄
16999,表 6-3-137 ,M99.400x006,骶髂椎管结缔组织性狭窄
17000,表 6-3-137 ,M99.500x001,枕颈椎管椎间盘狭窄
17001,表 6-3-137 ,M99.500x002,颈胸椎管椎间盘狭窄
17002,表 6-3-137 ,M99.500x003,胸腰椎管椎间盘狭窄
17003,表 6-3-137 ,M99.500x004,腰骶椎管椎间盘狭窄
17004,表 6-3-137 ,M99.500x005,骶尾椎管椎间盘狭窄
17005,表 6-3-137 ,M99.500x006,骶髂椎管椎间盘狭窄
17006,表 6-3-137 ,M99.600,椎间孔骨性和不全脱位性狭窄
17007,表 6-3-137 ,M99.700x002,椎间孔椎间盘狭窄
17008,表 6-3-137 ,M99.800,生物力学损害，其他的
17009,表 6-3-137 ,M99.900,生物力学损害
17010,表 6-3-138 ,N00.000,急性肾炎综合征伴有轻微的肾小球异常
17011,表 6-3-138 ,N00.100x001,局灶坏死性肾小球肾炎
17012,表 6-3-138 ,N00.200,急性肾炎综合征伴有弥漫性膜性肾小球肾炎
17013,表 6-3-138 ,N00.301,急性系膜增殖性肾小球肾炎
17014,表 6-3-138 ,N00.400,急性肾炎综合征伴有弥漫性毛细血管内增生性肾小球肾炎
17015,表 6-3-138 ,N00.500,急性肾炎综合征伴有弥漫性肾小球系膜毛细血管性肾小球肾炎
17016,表 6-3-138 ,N00.600,急性肾炎综合征伴有密集沉积物病
17017,表 6-3-138 ,N00.700,急性肾炎综合征伴有弥漫性新月形肾小球肾炎
17018,表 6-3-138 ,N00.800x001,急性肾炎伴坏死性肾小球肾炎损害
17019,表 6-3-138 ,N00.801,急性肾小球肾炎，IgA肾病
17020,表 6-3-138 ,N00.802,急性增殖性肾小球肾炎
17021,表 6-3-138 ,N00.900,急性肾炎综合征
17022,表 6-3-138 ,N00.900x002,急性肾炎
17023,表 6-3-138 ,N00.900x006,急性肾小球病
17024,表 6-3-138 ,N00.900x008,急性肾病
17025,表 6-3-138 ,N00.900x009,慢性肾小球肾炎伴急进型肾小球性肾炎
17026,表 6-3-138 ,N00.901,急性链球菌感染后肾小球肾炎
17027,表 6-3-138 ,N00.902,急性肾小球肾炎
17028,表 6-3-138 ,N01.000,急进型肾炎综合征伴有轻微的肾小球异常
17029,表 6-3-138 ,N01.100x002,"急进型肾炎综合征,局灶性和节段性肾小球损害"
17030,表 6-3-138 ,N01.200x001,"急进型肾炎综合征,弥漫性膜性肾小球肾炎"
17031,表 6-3-138 ,N01.300x001,"急进型肾炎综合征,弥漫性肾小球膜性增生性肾小球肾炎"
17032,表 6-3-138 ,N01.400x001,"急进型肾炎,毛细血管内增殖性肾炎"
17033,表 6-3-138 ,N01.500x001,"急进型肾炎综合征,弥漫性肾小球膜毛细血管性肾小球肾炎"
17034,表 6-3-138 ,N01.600x001,"急进型肾炎综合征,密集沉积物病"
17035,表 6-3-138 ,N01.700x001,急进性新月体性肾小球肾炎
17036,表 6-3-138 ,N01.800,急进型肾炎综合征，其他的
17037,表 6-3-138 ,N01.900,急进型肾炎综合征
17038,表 6-3-138 ,N01.900x001,急进性肾炎
17039,表 6-3-138 ,N01.900x002,急进性肾小球病
17040,表 6-3-138 ,N01.900x003,急进性肾小球肾炎
17041,表 6-3-138 ,N02.001,血尿，肾小球轻微病变
17042,表 6-3-138 ,N02.002,IgA肾病，肾小球轻微病变
17043,表 6-3-138 ,N02.101,IgA肾病，局灶和节段性肾小球损害
17044,表 6-3-138 ,N02.102,血尿，局灶和节段性肾小球损害
17045,表 6-3-138 ,N02.201,IgA肾病，膜性肾小球损害
17046,表 6-3-138 ,N02.203,血尿，弥漫性膜性肾小球损害
17047,表 6-3-138 ,N02.301,血尿，弥漫性肾小球系膜增殖性肾小球损害
17048,表 6-3-138 ,N02.302,系膜增生性IgA肾病
17049,表 6-3-138 ,N02.401,血尿，弥漫性毛细血管内增殖性肾炎
17050,表 6-3-138 ,N02.502,血尿，膜增殖性肾小球损害
17051,表 6-3-138 ,N02.600,复发性和持续性血尿伴有密集沉积物病
17052,表 6-3-138 ,N02.701,新月体性IgA肾病
17053,表 6-3-138 ,N02.702,血尿，新月体[形]肾小球肾炎
17054,表 6-3-138 ,N02.800x003,良性家族性儿童期血尿
17055,表 6-3-138 ,N02.801,IgA肾病
17056,表 6-3-138 ,N02.802,薄基底膜肾病
17057,表 6-3-138 ,N02.900,复发性和持续性血尿
17058,表 6-3-138 ,N02.900x001,复发性血尿
17059,表 6-3-138 ,N02.900x002,持续性血尿
17060,表 6-3-138 ,N03.000,慢性肾炎综合征伴有轻微的肾小球异常
17061,表 6-3-138 ,N03.100,慢性肾炎综合征伴有局灶性和节段性肾小球损害
17062,表 6-3-138 ,N03.200x001,慢性膜性肾小球肾炎
17063,表 6-3-138 ,N03.300x001,慢性弥漫性系膜增殖性肾小球肾炎
17064,表 6-3-138 ,N03.400,慢性肾炎综合征伴有弥漫性毛细血管内增生性肾小球肾炎
17065,表 6-3-138 ,N03.500x003,慢性肾小球膜毛细血管性肾小球肾炎
17066,表 6-3-138 ,N03.501,膜增殖性肾小球肾炎Ⅰ型
17067,表 6-3-138 ,N03.502,膜增殖性肾小球肾炎Ⅲ型
17068,表 6-3-138 ,N03.503,膜性增生性肾小球肾炎
17069,表 6-3-138 ,N03.601,膜增殖性肾小球肾炎Ⅱ型
17070,表 6-3-138 ,N03.700,慢性肾炎综合征伴有弥漫性新月形肾小球肾炎
17071,表 6-3-138 ,N03.800x001,慢性弥漫性增殖性肾小球肾炎
17072,表 6-3-138 ,N03.800x003,慢性肾小球肾炎伴硬化性肾炎
17073,表 6-3-138 ,N03.800x004,慢性肾小球肾炎伴膜性增殖性肾小球肾炎
17074,表 6-3-138 ,N03.801,慢性增殖性肾小球肾炎
17075,表 6-3-138 ,N03.900,慢性肾炎综合征
17076,表 6-3-138 ,N03.900x002,慢性肾小球肾炎伴小管间质病变
17077,表 6-3-138 ,N03.900x003,慢性肾炎
17078,表 6-3-138 ,N03.900x004,隐匿型肾小球肾炎
17079,表 6-3-138 ,N03.900x005,肾小球内皮细胞病
17080,表 6-3-138 ,N03.900x006,慢性肾病
17081,表 6-3-138 ,N03.900x007,慢性肾小球病
17082,表 6-3-138 ,N03.901,慢性肾小球肾炎
17083,表 6-3-138 ,N04.001,肾病综合征伴微小病变性肾小球肾炎
17084,表 6-3-138 ,N04.101,肾病综合征伴局灶硬化性肾小球肾炎
17085,表 6-3-138 ,N04.102,肾病综合征伴节段硬化性肾小球肾炎
17086,表 6-3-138 ,N04.200x001,肾病综合征伴膜性肾小球肾炎
17087,表 6-3-138 ,N04.300x001,肾病综合征伴膜增值性肾小球肾炎
17088,表 6-3-138 ,N04.300x003,肾病综合征伴膜性增殖性IgA肾病
17089,表 6-3-138 ,N04.400x001,肾病综合征伴毛细血管增殖性肾炎
17090,表 6-3-138 ,N04.501,肾病综合征，膜增殖性肾小球肾炎Ⅰ型
17091,表 6-3-138 ,N04.502,肾病综合征，膜增殖性肾小球肾炎Ⅲ型
17092,表 6-3-138 ,N04.601,肾病综合征，膜增殖性肾小球肾炎Ⅱ型
17093,表 6-3-138 ,N04.700,肾病综合征伴有弥漫性新月形肾小球肾炎
17094,表 6-3-138 ,N04.800x002,病毒性肾炎
17095,表 6-3-138 ,N04.801,肾病综合征，增殖性肾小球肾炎
17096,表 6-3-138 ,N04.900,肾病综合征
17097,表 6-3-138 ,N04.901,脂性肾病
17098,表 6-3-138 ,N04.902,先天性肾病综合征
17099,表 6-3-138 ,N04.903,肾病型肾炎
17100,表 6-3-138 ,N05.000x001,肾小球微小病变
17101,表 6-3-138 ,N05.000x003,肥胖相关性肾小球肥大症
17102,表 6-3-138 ,N05.000x004,微小病变性肾小球肾炎
17103,表 6-3-138 ,N05.101,局灶性肾炎
17104,表 6-3-138 ,N05.201,膜性肾病
17105,表 6-3-138 ,N05.301,系膜增生性肾小球肾炎
17106,表 6-3-138 ,N05.400,肾炎综合征伴有弥漫性毛细血管内增生性肾小球肾炎
17107,表 6-3-138 ,N05.501,膜增殖性肾小球肾炎
17108,表 6-3-138 ,N05.600,肾炎综合征伴有密集沉积物病
17109,表 6-3-138 ,N05.701,新月体形肾小球肾炎
17110,表 6-3-138 ,N05.801,IgM肾病
17111,表 6-3-138 ,N05.802,增殖性肾小球肾炎
17112,表 6-3-138 ,N05.803,肾小球肾病
17113,表 6-3-138 ,N05.900,肾炎综合征
17114,表 6-3-138 ,N05.900x002,肾小球肾炎
17115,表 6-3-138 ,N05.900x003,肾炎
17116,表 6-3-138 ,N05.900x006,小血管炎肾损害
17117,表 6-3-138 ,N05.900x007,链球菌感染后肾小球肾炎
17118,表 6-3-138 ,N05.900x009,肾小球病
17119,表 6-3-138 ,N06.001,蛋白尿，肾小球轻微病变
17120,表 6-3-138 ,N06.100,孤立性蛋白尿伴有局灶性和节段性肾小球损害
17121,表 6-3-138 ,N06.200,孤立性蛋白尿伴有弥漫性膜性肾小球肾炎
17122,表 6-3-138 ,N06.300,孤立性蛋白尿伴有弥漫性肾小球系膜性增生性肾小球肾炎
17123,表 6-3-138 ,N06.400,孤立性蛋白尿伴有弥漫性毛细血管内增生性肾小球肾炎
17124,表 6-3-138 ,N06.500,孤立性蛋白尿伴有弥漫性肾小球系膜毛细血管性肾小球肾炎
17125,表 6-3-138 ,N06.600,孤立性蛋白尿伴有密集沉积物病
17126,表 6-3-138 ,N06.700,孤立性蛋白尿伴有弥漫性新月形肾小球肾炎
17127,表 6-3-138 ,N06.800,孤立性蛋白尿，其他的
17128,表 6-3-138 ,N06.900,孤立性蛋白尿伴肾小球损害
17129,表 6-3-138 ,N07.000,遗传性肾病伴有轻微的肾小球异常，不可归类在他处者
17130,表 6-3-138 ,N07.100,遗传性肾病伴有局灶性和节段性肾小球损害，不可归类在他处者
17131,表 6-3-138 ,N07.200,遗传性肾病伴有弥漫性膜性肾小球肾炎，不可归类在他处者
17132,表 6-3-138 ,N07.300,遗传性肾病伴有弥漫性肾小球系膜增生性肾小球肾炎，不可归类在他处者
17133,表 6-3-138 ,N07.400,遗传性肾病伴有弥漫性毛细血管内增生性肾小球肾炎，不可归类在他处者
17134,表 6-3-138 ,N07.500,遗传性肾病伴有弥漫性肾小球系膜毛细血管性肾小球肾炎，不可归类在他处者
17135,表 6-3-138 ,N07.600,遗传性肾病伴有密集沉积物病，不可归类在他处者
17136,表 6-3-138 ,N07.700,遗传性肾病伴有弥漫性新月形肾小球肾炎，不可归类在他处者
17137,表 6-3-138 ,N07.800,"遗传性肾病，其他的,不可归类在他处者"
17138,表 6-3-138 ,N07.900x001,遗传性肾炎
17139,表 6-3-139 ,N10.x00,急性肾小管-间质肾炎
17140,表 6-3-139 ,N10.x01,急性间质性肾炎
17141,表 6-3-139 ,N10.x02,急性肾盂肾炎
17142,表 6-3-139 ,N11.000x001,返流性肾盂肾炎
17143,表 6-3-139 ,N11.100,慢性梗阻性肾盂肾炎
17144,表 6-3-139 ,N11.800x002,免疫相关的慢性间质性肾炎
17145,表 6-3-139 ,N11.800x003,代谢异常相关的慢性间质性肾炎
17146,表 6-3-139 ,N11.801,非梗阻性慢性肾盂肾炎
17147,表 6-3-139 ,N11.802,黄色肉芽肿性肾盂肾炎
17148,表 6-3-139 ,N11.900,慢性肾小管-间质肾炎
17149,表 6-3-139 ,N11.900x001,慢性肾盂肾炎
17150,表 6-3-139 ,N11.900x003,慢性肾盂炎
17151,表 6-3-139 ,N11.901,慢性间质性肾炎
17152,表 6-3-139 ,N12.x00,肾小管-间质肾炎
17153,表 6-3-139 ,N12.x01,间质性肾炎
17154,表 6-3-139 ,N12.x02,肾盂肾炎
17155,表 6-3-139 ,N12.x03,肾小管病变
17156,表 6-3-139 ,N13.000,肾盂积水伴有输尿管肾盂连接处梗阻
17157,表 6-3-139 ,N13.100x001,肾积水伴输尿管狭窄
17158,表 6-3-139 ,N13.201,肾积水伴肾结石
17159,表 6-3-139 ,N13.202,肾积水伴输尿管结石
17160,表 6-3-139 ,N13.203,肾积水伴肾输尿管结石
17161,表 6-3-139 ,N13.204,肾积水伴结石性肾盂肾炎
17162,表 6-3-139 ,N13.300x005,肾盂囊肿
17163,表 6-3-139 ,N13.301,肾积水
17164,表 6-3-139 ,N13.302,肾盏颈部狭窄
17165,表 6-3-139 ,N13.400,输尿管积水
17166,表 6-3-139 ,N13.500x010,输尿管痉挛
17167,表 6-3-139 ,N13.501,肾盂输尿管连接处狭窄
17168,表 6-3-139 ,N13.502,手术后输尿管膀胱吻合口梗阻
17169,表 6-3-139 ,N13.503,输尿管梗阻
17170,表 6-3-139 ,N13.504,输尿管狭窄
17171,表 6-3-139 ,N13.506,腹膜后纤维化伴输尿管狭窄
17172,表 6-3-139 ,N13.600,肾积脓
17173,表 6-3-139 ,N13.600x001,肾盂脓肿
17174,表 6-3-139 ,N13.600x002,肾盂积脓
17175,表 6-3-139 ,N13.600x004,腹膜后纤维化伴感染
17176,表 6-3-139 ,N13.601,肾结石伴有积水和感染
17177,表 6-3-139 ,N13.602,输尿管结石伴有积水和感染
17178,表 6-3-139 ,N13.603,肾输尿管结石伴有积水和感染
17179,表 6-3-139 ,N13.604,输尿管肾盂连接处狭窄伴有感染
17180,表 6-3-139 ,N13.605,输尿管狭窄伴有感染
17181,表 6-3-139 ,N13.701,膀胱输尿管反流
17182,表 6-3-139 ,N13.801,梗阻性肾病
17183,表 6-3-139 ,N13.901,泌尿道梗阻
17184,表 6-3-139 ,N14.000,镇痛剂肾病
17185,表 6-3-139 ,N14.101,马兜铃酸肾病
17186,表 6-3-139 ,N14.102,造影剂肾病
17187,表 6-3-139 ,N14.201,药物性肾病
17188,表 6-3-139 ,N14.301,汞中毒性肾病
17189,表 6-3-139 ,N14.400,毒性肾病，不可归类在他处者
17190,表 6-3-139 ,N15.000,巴尔干肾病
17191,表 6-3-139 ,N15.101,肾脓肿
17192,表 6-3-139 ,N15.102,肾周脓肿
17193,表 6-3-139 ,N15.801,肾肉芽肿
17194,表 6-3-139 ,N15.900x002,肾周围感染
17195,表 6-3-139 ,N15.900x003,肾皮质化脓性感染
17196,表 6-3-139 ,N15.900x004,感染性肾炎
17197,表 6-3-139 ,N15.901,肾感染
17198,表 6-3-140 ,N17.000,急性肾衰竭伴有肾小管坏死
17199,表 6-3-140 ,N17.001,急性肾小管坏死
17200,表 6-3-140 ,N17.002,缺血性肾病
17201,表 6-3-140 ,N17.100,急性肾衰竭伴有急性肾皮质坏死
17202,表 6-3-140 ,N17.101,急性肾皮质坏死
17203,表 6-3-140 ,N17.200,急性肾衰竭伴有肾髓质坏死
17204,表 6-3-140 ,N17.200x002,急性髓质乳头状坏死
17205,表 6-3-140 ,N17.200x003,肾乳头坏死
17206,表 6-3-140 ,N17.800,急性肾衰竭，其他的
17207,表 6-3-140 ,N17.900,急性肾衰竭
17208,表 6-3-140 ,N17.900x002,急性肾功能不全尿毒症期
17209,表 6-3-140 ,N17.900x003,急性肾功能不全
17210,表 6-3-140 ,N17.900x004,急性肾功能不全氮质血症期
17211,表 6-3-140 ,N17.901,急性肾损害
17212,表 6-3-140 ,N18.100,慢性肾脏病1期
17213,表 6-3-140 ,N18.200,慢性肾脏病2期
17214,表 6-3-140 ,N18.300,慢性肾脏病3期
17215,表 6-3-140 ,N18.300x001+D63.8*,慢性肾脏病3期相关性贫血
17216,表 6-3-140 ,N18.400,慢性肾脏病4期
17217,表 6-3-140 ,N18.400x001+D63.8*,慢性肾脏病4期相关性贫血
17218,表 6-3-140 ,N18.500,慢性肾脏病5期
17219,表 6-3-140 ,N18.500x001+D63.8*,慢性肾脏病5期相关性贫血
17220,表 6-3-140 ,N18.501,肾终末期疾病
17221,表 6-3-140 ,N18.502+F02.8*,尿毒症性痴呆
17222,表 6-3-140 ,N18.503+G63.8*,尿毒症性神经病变
17223,表 6-3-140 ,N18.504+H32.8*,肾性视网膜炎
17224,表 6-3-140 ,N18.505+I68.8*,尿毒症性脑血管病
17225,表 6-3-140 ,N18.506+I32.8*,尿毒症性心包炎
17226,表 6-3-140 ,N18.507+G99.8*,尿毒症性偏瘫
17227,表 6-3-140 ,N18.508+H32.8*,蛋白尿性视网膜炎
17228,表 6-3-140 ,N18.900x011,慢性肾损害
17229,表 6-3-140 ,N18.900x012+D63.8*,肾性贫血
17230,表 6-3-140 ,N18.901,弥漫性硬化性肾小球肾炎
17231,表 6-3-140 ,N18.902,慢性肾衰竭
17232,表 6-3-140 ,N18.904,慢性肾功能不全
17233,表 6-3-140 ,N19.x00,肾衰竭
17234,表 6-3-140 ,N19.x01,尿毒症
17235,表 6-3-140 ,N19.x02,肾无功能
17236,表 6-3-140 ,N19.x03,肾功能不全
17237,表 6-3-141 ,N25.001,肾性佝偻病
17238,表 6-3-141 ,N25.002+M90.8*,肾性骨病
17239,表 6-3-141 ,N25.003+M90.8*,肾性骨软化
17240,表 6-3-141 ,N25.004,肾性矮小症
17241,表 6-3-141 ,N25.100,肾性尿崩症
17242,表 6-3-141 ,N25.800x006,莱特伍德-奥尔布赖特综合征[Lightwood-Albright综合征]
17243,表 6-3-141 ,N25.801,继发性肾源性甲状旁腺功能亢进
17244,表 6-3-141 ,N25.802,肾小管酸中毒
17245,表 6-3-141 ,N25.803,肾小管酸中毒Ⅰ型
17246,表 6-3-141 ,N25.804,肾小管酸中毒Ⅱ型
17247,表 6-3-141 ,N25.805,肾小管酸中毒Ⅲ型
17248,表 6-3-141 ,N25.806,肾小管酸中毒Ⅳ型
17249,表 6-3-141 ,N25.900,肾小管功能损害所致的疾患
17250,表 6-3-141 ,N26.x00,肾挛缩
17251,表 6-3-141 ,N26.x01,肾小球硬化
17252,表 6-3-141 ,N26.x02,肾硬化
17253,表 6-3-141 ,N27.000,单侧小肾
17254,表 6-3-141 ,N27.100,双侧小肾
17255,表 6-3-141 ,N27.900,小肾
17256,表 6-3-141 ,N28.001,肾梗死
17257,表 6-3-141 ,N28.002,肾缺血
17258,表 6-3-141 ,N28.003,肾动脉闭塞
17259,表 6-3-141 ,N28.004,肾动脉栓塞
17260,表 6-3-141 ,N28.005,肾动脉血栓形成
17261,表 6-3-141 ,N28.100,肾囊肿
17262,表 6-3-141 ,N28.101,单纯性肾囊肿
17263,表 6-3-141 ,N28.102,获得性肾囊肿
17264,表 6-3-141 ,N28.800x001,脂蛋白肾病
17265,表 6-3-141 ,N28.801,囊性肾盂炎
17266,表 6-3-141 ,N28.802,肾盂扩张
17267,表 6-3-141 ,N28.803,肾盂息肉
17268,表 6-3-141 ,N28.804,肾盂瘘
17269,表 6-3-141 ,N28.805,肾包膜下积液
17270,表 6-3-141 ,N28.806,肾出血
17271,表 6-3-141 ,N28.807,肾肥大
17272,表 6-3-141 ,N28.808,肾钙化
17273,表 6-3-141 ,N28.809,肾瘘
17274,表 6-3-141 ,N28.810,肾憩室
17275,表 6-3-141 ,N28.811,肾危象
17276,表 6-3-141 ,N28.812,肾下垂
17277,表 6-3-141 ,N28.813,肾炎性肿物
17278,表 6-3-141 ,N28.814,肾盏憩室
17279,表 6-3-141 ,N28.815,肾肿物
17280,表 6-3-141 ,N28.816,肾周积液
17281,表 6-3-141 ,N28.817,失盐综合征
17282,表 6-3-141 ,N28.818,游走肾
17283,表 6-3-141 ,N28.819,自发性肾破裂
17284,表 6-3-141 ,N28.820,囊性肾盂输尿管炎
17285,表 6-3-141 ,N28.821,巨输尿管
17286,表 6-3-141 ,N28.822,手术后输尿管瘘
17287,表 6-3-141 ,N28.823,手术后输尿管粘连
17288,表 6-3-141 ,N28.824,输尿管腹壁瘘
17289,表 6-3-141 ,N28.825,输尿管坏死
17290,表 6-3-141 ,N28.826,输尿管扩张
17291,表 6-3-141 ,N28.827,输尿管瘘
17292,表 6-3-141 ,N28.828,输尿管囊肿
17293,表 6-3-141 ,N28.829,输尿管膨出
17294,表 6-3-141 ,N28.830,输尿管破裂
17295,表 6-3-141 ,N28.831,输尿管憩室
17296,表 6-3-141 ,N28.832,输尿管疝
17297,表 6-3-141 ,N28.833,输尿管息肉
17298,表 6-3-141 ,N28.834,输尿管炎
17299,表 6-3-141 ,N28.835,输尿管直肠瘘
17300,表 6-3-141 ,N28.836,囊性输尿管炎
17301,表 6-3-141 ,N28.837,被动性肾充血
17302,表 6-3-141 ,N28.838,输尿管周围炎
17303,表 6-3-141 ,N28.839,肾周围炎
17304,表 6-3-141 ,N28.900x004,非传染性肝炎相关性肾病
17305,表 6-3-141 ,N28.900x010,肾炎性假瘤
17306,表 6-3-141 ,N28.900x013,继发性肾损害
17307,表 6-3-141 ,N28.900x017,高血压肾损害
17308,表 6-3-141 ,N28.900x026,IgG相关性肾病
17309,表 6-3-141 ,N28.901,肾病
17310,表 6-3-141 ,N28.902,输尿管肿物
17311,表 6-3-142 ,N30.000,急性膀胱炎
17312,表 6-3-142 ,N30.100,间质性膀胱炎(慢性)
17313,表 6-3-142 ,N30.201,慢性膀胱炎
17314,表 6-3-142 ,N30.300,膀胱三角区炎
17315,表 6-3-142 ,N30.400,放射性膀胱炎
17316,表 6-3-142 ,N30.800x004,膀胱炎性病变
17317,表 6-3-142 ,N30.801,膀胱脓肿
17318,表 6-3-142 ,N30.802,钙化性膀胱炎
17319,表 6-3-142 ,N30.803,化学性膀胱炎
17320,表 6-3-142 ,N30.804,黄色肉芽肿性膀胱炎
17321,表 6-3-142 ,N30.805,滤泡性膀胱炎
17322,表 6-3-142 ,N30.806,囊性膀胱炎
17323,表 6-3-142 ,N30.807,嗜酸细胞性膀胱炎
17324,表 6-3-142 ,N30.808,息肉样膀胱炎
17325,表 6-3-142 ,N30.809,腺性膀胱炎
17326,表 6-3-142 ,N30.810,增生性膀胱炎
17327,表 6-3-142 ,N30.900,膀胱炎
17328,表 6-3-142 ,N30.901,膀胱周围炎
17329,表 6-3-142 ,N30.902,出血性膀胱炎
17330,表 6-3-142 ,N31.000x001,无抑制神经病性膀胱
17331,表 6-3-142 ,N31.100x001,反射性神经病性膀胱
17332,表 6-3-142 ,N31.200x001,迟缓性神经病性膀胱
17333,表 6-3-142 ,N31.200x002,迟缓性运动神经病性膀胱
17334,表 6-3-142 ,N31.200x003,迟缓性感觉神经病性膀胱
17335,表 6-3-142 ,N31.200x006,自主性神经病性膀胱
17336,表 6-3-142 ,N31.200x007,非反射性神经病性膀胱
17337,表 6-3-142 ,N31.201,膀胱逼尿肌无力
17338,表 6-3-142 ,N31.202,膀胱松弛
17339,表 6-3-142 ,N31.203,低顺应性膀胱
17340,表 6-3-142 ,N31.800,膀胱其他的神经肌肉功能不良
17341,表 6-3-142 ,N31.901,神经源性膀胱
17342,表 6-3-142 ,N32.000,膀胱颈梗阻
17343,表 6-3-142 ,N32.001,膀胱颈挛缩
17344,表 6-3-142 ,N32.002,膀胱颈狭窄
17345,表 6-3-142 ,N32.004,女性前列腺病
17346,表 6-3-142 ,N32.100,膀胱肠瘘
17347,表 6-3-142 ,N32.101,膀胱小肠瘘
17348,表 6-3-142 ,N32.102,膀胱结肠瘘
17349,表 6-3-142 ,N32.103,膀胱乙状结肠瘘
17350,表 6-3-142 ,N32.104,膀胱直肠瘘
17351,表 6-3-142 ,N32.200,膀胱瘘，不可归类在他处者
17352,表 6-3-142 ,N32.201,膀胱腹壁瘘
17353,表 6-3-142 ,N32.202,膀胱输尿管瘘
17354,表 6-3-142 ,N32.203,膀胱尿道瘘
17355,表 6-3-142 ,N32.204,膀胱会阴瘘
17356,表 6-3-142 ,N32.300,膀胱憩室
17357,表 6-3-142 ,N32.301,膀胱憩室炎
17358,表 6-3-142 ,N32.400,非创伤性膀胱破裂
17359,表 6-3-142 ,N32.800x003,膀胱假憩室
17360,表 6-3-142 ,N32.800x008,膀胱颈部充血
17361,表 6-3-142 ,N32.800x009,膀胱痉挛
17362,表 6-3-142 ,N32.800x012,膀胱无菌性坏死
17363,表 6-3-142 ,N32.800x014,膀胱粘膜脱垂
17364,表 6-3-142 ,N32.800x019,后天性膀胱外翻
17365,表 6-3-142 ,N32.801,膀胱白斑
17366,表 6-3-142 ,N32.802,膀胱瘢痕
17367,表 6-3-142 ,N32.803,膀胱出血
17368,表 6-3-142 ,N32.804,膀胱钙化
17369,表 6-3-142 ,N32.805,膀胱过度活动症
17370,表 6-3-142 ,N32.806,膀胱溃疡
17371,表 6-3-142 ,N32.807,膀胱扩张
17372,表 6-3-142 ,N32.808,膀胱挛缩
17373,表 6-3-142 ,N32.809,膀胱囊肿
17374,表 6-3-142 ,N32.810,膀胱软斑病
17375,表 6-3-142 ,N32.811,膀胱纤维化
17376,表 6-3-142 ,N32.812,膀胱小梁形成
17377,表 6-3-142 ,N32.813,膀胱硬化
17378,表 6-3-142 ,N32.814,膀胱黏膜不典型增生
17379,表 6-3-142 ,N32.815,男性膀胱疝
17380,表 6-3-142 ,N32.900x002,膀胱颈肿物
17381,表 6-3-142 ,N32.901,膀胱肿物
17382,表 6-3-142 ,N34.000,尿道脓肿
17383,表 6-3-142 ,N34.000x005,尿道腺脓肿
17384,表 6-3-142 ,N34.001,尿道旁腺脓肿
17385,表 6-3-142 ,N34.002,尿道球腺脓肿
17386,表 6-3-142 ,N34.100,非特异性尿道炎
17387,表 6-3-142 ,N34.101,非淋球菌性尿道炎
17388,表 6-3-142 ,N34.102,非性病性尿道炎
17389,表 6-3-142 ,N34.200x003,尿道溃疡
17390,表 6-3-142 ,N34.200x004,尿道口溃疡
17391,表 6-3-142 ,N34.200x006,尿路软斑症
17392,表 6-3-142 ,N34.201,绝经后尿道炎
17393,表 6-3-142 ,N34.202,尿道口炎
17394,表 6-3-142 ,N34.203,尿道球腺炎
17395,表 6-3-142 ,N34.204,急性尿道炎
17396,表 6-3-142 ,N34.205,慢性尿道炎
17397,表 6-3-142 ,N34.300,尿道综合征
17398,表 6-3-142 ,N35.000,创伤后尿道狭窄
17399,表 6-3-142 ,N35.000x001,分娩后尿道狭窄
17400,表 6-3-142 ,N35.100x001,感染后尿道狭窄
17401,表 6-3-142 ,N35.800,尿道狭窄，其他的
17402,表 6-3-142 ,N35.900,尿道狭窄
17403,表 6-3-142 ,N35.901,针孔状尿道口
17404,表 6-3-142 ,N36.000,尿道瘘
17405,表 6-3-142 ,N36.000x007,假尿道通道
17406,表 6-3-142 ,N36.001,尿道直肠瘘
17407,表 6-3-142 ,N36.002,尿道会阴瘘
17408,表 6-3-142 ,N36.003,创伤后尿道瘘
17409,表 6-3-142 ,N36.004,手术后尿道会阴瘘
17410,表 6-3-142 ,N36.005,手术后尿道直肠瘘
17411,表 6-3-142 ,N36.100,尿道憩室
17412,表 6-3-142 ,N36.200,尿道肉阜
17413,表 6-3-142 ,N36.201,尿道息肉
17414,表 6-3-142 ,N36.300,尿道黏膜脱垂
17415,表 6-3-142 ,N36.301,男性尿道膨出
17416,表 6-3-142 ,N36.302,尿道脱垂
17417,表 6-3-142 ,N36.801,精阜肥大
17418,表 6-3-142 ,N36.802,尿道白斑
17419,表 6-3-142 ,N36.803,尿道瘢痕
17420,表 6-3-142 ,N36.804,尿道出血
17421,表 6-3-142 ,N36.805,尿道梗阻
17422,表 6-3-142 ,N36.806,尿道囊肿
17423,表 6-3-142 ,N36.807,尿道旁管囊肿
17424,表 6-3-142 ,N36.808,尿道旁腺囊肿
17425,表 6-3-142 ,N36.809,尿道肉芽肿
17426,表 6-3-142 ,N36.901,尿道肿物
17427,表 6-3-142 ,N39.000,泌尿道感染
17428,表 6-3-142 ,N39.001,无症状性菌尿
17429,表 6-3-142 ,N39.100,持续性蛋白尿
17430,表 6-3-142 ,N39.200,直立性蛋白尿
17431,表 6-3-142 ,N39.300,压力性尿失禁
17432,表 6-3-142 ,N39.300x002,女性压力性尿失禁
17433,表 6-3-142 ,N39.400,尿失禁，其他特指的
17434,表 6-3-142 ,N39.401,充盈性尿失禁
17435,表 6-3-142 ,N39.402,创伤后尿失禁
17436,表 6-3-142 ,N39.403,混合性尿失禁
17437,表 6-3-142 ,N39.404,解剖性尿失禁
17438,表 6-3-142 ,N39.405,紧迫性尿失禁
17439,表 6-3-142 ,N39.800,泌尿系统其他特指的疾患
17440,表 6-3-142 ,N39.800x001,心肾综合征
17441,表 6-3-142 ,N39.900,泌尿系统疾患
17442,表 6-3-143 ,N40.x00,前列腺增生
17443,表 6-3-143 ,N40.x01,前列腺结节
17444,表 6-3-143 ,N41.000,急性前列腺炎
17445,表 6-3-143 ,N41.100,慢性前列腺炎
17446,表 6-3-143 ,N41.101,肉芽肿性前列腺炎
17447,表 6-3-143 ,N41.200,前列腺脓肿
17448,表 6-3-143 ,N41.300,前列腺膀胱炎
17449,表 6-3-143 ,N41.800,"前列腺炎性疾病,其他的"
17450,表 6-3-143 ,N41.900x001,前列腺炎
17451,表 6-3-143 ,N41.900x002,化脓性前列腺炎
17452,表 6-3-143 ,N42.000,前列腺结石
17453,表 6-3-143 ,N42.101,前列腺充血
17454,表 6-3-143 ,N42.102,前列腺出血
17455,表 6-3-143 ,N42.200,前列腺萎缩
17456,表 6-3-143 ,N42.300,前列腺不典型增生
17457,表 6-3-143 ,N42.301,前列腺低级别不典型增生
17458,表 6-3-143 ,N42.801,前列腺瘢痕
17459,表 6-3-143 ,N42.802,前列腺囊肿
17460,表 6-3-143 ,N42.901,前列腺肿物
17461,表 6-3-143 ,N43.000,包绕性鞘膜积液
17462,表 6-3-143 ,N43.001,包绕性睾丸鞘膜积液
17463,表 6-3-143 ,N43.100,感染性鞘膜积液
17464,表 6-3-143 ,N43.101,感染性睾丸鞘膜积液
17465,表 6-3-143 ,N43.201,创伤后睾丸鞘膜积液
17466,表 6-3-143 ,N43.300,鞘膜积液
17467,表 6-3-143 ,N43.301,睾丸鞘膜积液
17468,表 6-3-143 ,N43.302,精索鞘膜积液
17469,表 6-3-143 ,N43.400,精子囊肿
17470,表 6-3-143 ,N44.x00,睾丸扭转
17471,表 6-3-143 ,N44.x01,附睾扭转
17472,表 6-3-143 ,N44.x02,精索扭转
17473,表 6-3-143 ,N45.000,睾丸炎、附睾炎和附睾-睾丸炎，伴有脓肿
17474,表 6-3-143 ,N45.001,附睾脓肿
17475,表 6-3-143 ,N45.002,睾丸脓肿
17476,表 6-3-143 ,N45.901,附睾精子肉芽肿
17477,表 6-3-143 ,N45.902,附睾肉芽肿
17478,表 6-3-143 ,N45.903,附睾炎
17479,表 6-3-143 ,N45.904,附睾炎性包块
17480,表 6-3-143 ,N45.905,睾丸肉芽肿
17481,表 6-3-143 ,N45.906,睾丸炎
17482,表 6-3-143 ,N45.907,急性附睾炎
17483,表 6-3-143 ,N45.908,附睾-睾丸炎
17484,表 6-3-143 ,N46.x00,男性不育症
17485,表 6-3-143 ,N46.x00x007,畸形精子症
17486,表 6-3-143 ,N46.x01,无精症
17487,表 6-3-143 ,N46.x02,少精症
17488,表 6-3-143 ,N47.x00x001,包茎
17489,表 6-3-143 ,N47.x01,包皮过长
17490,表 6-3-143 ,N47.x02,包皮嵌顿
17491,表 6-3-143 ,N47.x03,包皮粘连
17492,表 6-3-143 ,N48.000,阴茎白斑
17493,表 6-3-143 ,N48.000x003,阴茎干皱症
17494,表 6-3-143 ,N48.001,干燥闭塞性龟头炎
17495,表 6-3-143 ,N48.100,龟头包皮炎
17496,表 6-3-143 ,N48.101,包皮溃疡
17497,表 6-3-143 ,N48.102,龟头炎
17498,表 6-3-143 ,N48.201,阴茎蜂窝织炎
17499,表 6-3-143 ,N48.202,阴茎海绵体炎
17500,表 6-3-143 ,N48.203,阴茎脓肿
17501,表 6-3-143 ,N48.204,阴茎炎
17502,表 6-3-143 ,N48.300,阴茎异常勃起
17503,表 6-3-143 ,N48.301,阴茎痛性勃起
17504,表 6-3-143 ,N48.400,器质性原因的阳痿
17505,表 6-3-143 ,N48.400x005,神经源性勃起功能障碍
17506,表 6-3-143 ,N48.400x006,糖尿病性勃起功能障碍
17507,表 6-3-143 ,N48.400x007,1型糖尿病性勃起功能障碍
17508,表 6-3-143 ,N48.400x008,2型糖尿病性勃起功能障碍
17509,表 6-3-143 ,N48.401,静脉性阳痿
17510,表 6-3-143 ,N48.402,外伤后阳痿
17511,表 6-3-143 ,N48.403,血管瘘性阳痿
17512,表 6-3-143 ,N48.500,阴茎溃疡
17513,表 6-3-143 ,N48.600,阴茎海绵体硬结症
17514,表 6-3-143 ,N48.800x005,包皮脓肿
17515,表 6-3-143 ,N48.800x009,阴茎水肿
17516,表 6-3-143 ,N48.801,包皮瘢痕
17517,表 6-3-143 ,N48.802,包皮囊肿
17518,表 6-3-143 ,N48.803,包皮血肿
17519,表 6-3-143 ,N48.804,非感染性阴茎海绵体坏疽
17520,表 6-3-143 ,N48.805,后天性阴茎畸形
17521,表 6-3-143 ,N48.806,后天性阴茎隐匿
17522,表 6-3-143 ,N48.807,泰森腺囊肿
17523,表 6-3-143 ,N48.808,阴茎瘢痕
17524,表 6-3-143 ,N48.809,阴茎海绵体静脉瘘
17525,表 6-3-143 ,N48.810,阴茎瘘
17526,表 6-3-143 ,N48.811,阴茎囊肿
17527,表 6-3-143 ,N48.812,阴茎萎缩
17528,表 6-3-143 ,N48.813,阴茎血栓形成
17529,表 6-3-143 ,N48.901,阴茎肿物
17530,表 6-3-143 ,N49.001,精囊炎
17531,表 6-3-143 ,N49.002,精囊周围炎
17532,表 6-3-143 ,N49.101,精索炎
17533,表 6-3-143 ,N49.102,鞘膜脓肿
17534,表 6-3-143 ,N49.103,鞘膜炎
17535,表 6-3-143 ,N49.104,输精管炎
17536,表 6-3-143 ,N49.201,阴囊蜂窝织炎
17537,表 6-3-143 ,N49.202,阴囊坏疽
17538,表 6-3-143 ,N49.203,阴囊疖肿
17539,表 6-3-143 ,N49.204,阴囊脓肿
17540,表 6-3-143 ,N49.205,阴囊炎
17541,表 6-3-143 ,N49.800,男性生殖器官其他特指的炎性疾患
17542,表 6-3-143 ,N49.900,男性生殖器官的炎性疾患
17543,表 6-3-143 ,N50.000,睾丸萎缩
17544,表 6-3-143 ,N50.100x001,精索血肿
17545,表 6-3-143 ,N50.101,睾丸血肿
17546,表 6-3-143 ,N50.102,血精
17547,表 6-3-143 ,N50.103,阴囊血肿
17548,表 6-3-143 ,N50.800,男性生殖器官其他特指的疾患
17549,表 6-3-143 ,N50.800x001,精索狭窄
17550,表 6-3-143 ,N50.800x002,鞘膜狭窄
17551,表 6-3-143 ,N50.800x012,外生殖器发育异常
17552,表 6-3-143 ,N50.800x014,睾丸间质细胞增生
17553,表 6-3-143 ,N50.800x016,非丝虫性睾丸鞘膜乳糜囊肿
17554,表 6-3-143 ,N50.800x023,阴囊水肿
17555,表 6-3-143 ,N50.800x024,睾丸自发破裂
17556,表 6-3-143 ,N50.800x025,男性生殖器皮脂腺囊肿
17557,表 6-3-143 ,N50.800x027,精囊结石
17558,表 6-3-143 ,N50.800x028,射精管狭窄
17559,表 6-3-143 ,N50.800x038,男性更年期综合征
17560,表 6-3-143 ,N50.800x041,精液肉芽肿
17561,表 6-3-143 ,N50.800x042,小肠阴囊瘘
17562,表 6-3-143 ,N50.801,膀胱输精管阴囊瘘
17563,表 6-3-143 ,N50.802,附睾管扩张
17564,表 6-3-143 ,N50.803,附睾囊肿
17565,表 6-3-143 ,N50.804,附睾阴囊瘘
17566,表 6-3-143 ,N50.805,附睾淤积症
17567,表 6-3-143 ,N50.806,附睾肿大
17568,表 6-3-143 ,N50.807,睾丸坏死
17569,表 6-3-143 ,N50.808,睾丸结节
17570,表 6-3-143 ,N50.809,睾丸结石
17571,表 6-3-143 ,N50.810,睾丸囊肿
17572,表 6-3-143 ,N50.811,睾丸疼痛
17573,表 6-3-143 ,N50.812,睾丸纤维化
17574,表 6-3-143 ,N50.813,精阜囊肿
17575,表 6-3-143 ,N50.814,精囊瘢痕
17576,表 6-3-143 ,N50.815,精囊囊肿
17577,表 6-3-143 ,N50.816,精索囊肿
17578,表 6-3-143 ,N50.817,尿道阴囊瘘
17579,表 6-3-143 ,N50.818,鞘膜结石
17580,表 6-3-143 ,N50.819,鞘膜囊肿
17581,表 6-3-143 ,N50.820,射精管梗阻
17582,表 6-3-143 ,N50.821,射精管囊肿
17583,表 6-3-143 ,N50.822,输精管梗阻
17584,表 6-3-143 ,N50.823,输精管囊肿
17585,表 6-3-143 ,N50.824,输精管狭窄
17586,表 6-3-143 ,N50.825,阴囊窦道
17587,表 6-3-143 ,N50.826,阴囊溃疡
17588,表 6-3-143 ,N50.827,阴囊肿大
17589,表 6-3-143 ,N50.900x005,冠状沟肿物
17590,表 6-3-143 ,N50.900x006,神经源性射精功能障碍
17591,表 6-3-143 ,N50.900x007,神经源性生育功能障碍
17592,表 6-3-143 ,N50.900x008,逆向射精症
17593,表 6-3-143 ,N50.901,睾丸肿物
17594,表 6-3-143 ,N50.902,阴囊肿物
17595,表 6-3-143 ,N50.903,附睾肿物
17596,表 6-3-144 ,N60.000,乳房孤立囊肿
17597,表 6-3-144 ,N60.000x001,乳腺囊肿
17598,表 6-3-144 ,N60.000x002,乳腺单发囊肿
17599,表 6-3-144 ,N60.100,弥漫性囊性乳腺病
17600,表 6-3-144 ,N60.100x002,慢性囊性乳腺病
17601,表 6-3-144 ,N60.100x003,乳腺囊性增生病
17602,表 6-3-144 ,N60.101,男性乳腺囊性增生
17603,表 6-3-144 ,N60.200,乳房纤维囊性乳腺病
17604,表 6-3-144 ,N60.201,乳腺腺病
17605,表 6-3-144 ,N60.202,乳腺纤维囊性增生
17606,表 6-3-144 ,N60.300,乳房纤维硬化
17607,表 6-3-144 ,N60.400,乳管扩张症
17608,表 6-3-144 ,N60.801,乳腺不典型增生
17609,表 6-3-144 ,N60.900,良性乳腺发育不良
17610,表 6-3-144 ,N61.x00x004,乳头炎
17611,表 6-3-144 ,N61.x00x013,乳腺窦道
17612,表 6-3-144 ,N61.x00x014,慢性乳腺炎
17613,表 6-3-144 ,N61.x01,乳房炎性肉芽肿
17614,表 6-3-144 ,N61.x02,乳腺导管瘘
17615,表 6-3-144 ,N61.x03,乳腺脓肿
17616,表 6-3-144 ,N61.x04,乳腺炎
17617,表 6-3-144 ,N61.x05,急性乳腺炎
17618,表 6-3-144 ,N61.x06,浆细胞性乳腺炎
17619,表 6-3-144 ,N61.x07,乳房炎性肿物
17620,表 6-3-144 ,N62.x00,乳房肥大
17621,表 6-3-144 ,N62.x00x001,巨乳症
17622,表 6-3-144 ,N62.x00x004,乳腺增生
17623,表 6-3-144 ,N62.x00x007,乳头肥大
17624,表 6-3-144 ,N62.x01,青春期乳房肥大
17625,表 6-3-144 ,N62.x02,男性乳房发育
17626,表 6-3-144 ,N63.x00,乳房肿块
17627,表 6-3-144 ,N63.x01,乳房结节
17628,表 6-3-144 ,N64.001,乳头皲裂
17629,表 6-3-144 ,N64.002,乳头瘘
17630,表 6-3-144 ,N64.100,乳房脂肪坏死
17631,表 6-3-144 ,N64.200,乳房萎缩
17632,表 6-3-144 ,N64.200x001,乳房松弛症
17633,表 6-3-144 ,N64.300x001,非哺乳期溢乳
17634,表 6-3-144 ,N64.400,乳痛症
17635,表 6-3-144 ,N64.501,乳房硬结
17636,表 6-3-144 ,N64.502,乳头凹陷
17637,表 6-3-144 ,N64.503,乳头溢血
17638,表 6-3-144 ,N64.504,乳头溢液
17639,表 6-3-144 ,N64.801,乳房复旧不全
17640,表 6-3-144 ,N64.802,乳房下垂
17641,表 6-3-144 ,N64.803,乳房血肿
17642,表 6-3-144 ,N64.804,乳头变性
17643,表 6-3-144 ,N64.805,乳液囊肿
17644,表 6-3-144 ,N64.900,乳房疾患
17645,表 6-3-145 ,N70.000,急性输卵管炎和卵巢炎
17646,表 6-3-145 ,N70.001,急性输卵管炎
17647,表 6-3-145 ,N70.002,急性卵巢炎
17648,表 6-3-145 ,N70.100,慢性输卵管炎和卵巢炎
17649,表 6-3-145 ,N70.101,慢性输卵管炎
17650,表 6-3-145 ,N70.102,慢性卵巢炎
17651,表 6-3-145 ,N70.103,输卵管积水
17652,表 6-3-145 ,N70.104,卵巢积水
17653,表 6-3-145 ,N70.900,输卵管炎和卵巢炎
17654,表 6-3-145 ,N70.900x003,输卵管积脓
17655,表 6-3-145 ,N70.900x007,输卵管脓肿
17656,表 6-3-145 ,N70.901,卵巢坏死
17657,表 6-3-145 ,N70.902,卵巢脓肿
17658,表 6-3-145 ,N70.903,卵巢炎
17659,表 6-3-145 ,N70.904,输卵管炎
17660,表 6-3-145 ,N70.905,输卵管卵巢脓肿
17661,表 6-3-145 ,N70.906,输卵管周围炎
17662,表 6-3-145 ,N71.001,急性子宫内膜炎
17663,表 6-3-145 ,N71.002,急性子宫炎
17664,表 6-3-145 ,N71.101,慢性子宫内膜炎
17665,表 6-3-145 ,N71.102,慢性子宫炎
17666,表 6-3-145 ,N71.900x001,子宫肌炎
17667,表 6-3-145 ,N71.901,子宫积脓
17668,表 6-3-145 ,N71.902,子宫内膜炎
17669,表 6-3-145 ,N72.x00x003,慢性子宫颈炎
17670,表 6-3-145 ,N72.x00x006,子宫颈潴留囊肿
17671,表 6-3-145 ,N72.x01,宫颈外膜炎
17672,表 6-3-145 ,N72.x02,宫颈内膜炎
17673,表 6-3-145 ,N72.x03,宫颈积脓
17674,表 6-3-145 ,N73.001,急性阔韧带脓肿
17675,表 6-3-145 ,N73.002,急性女性盆腔蜂窝织炎
17676,表 6-3-145 ,N73.003,急性女性盆腔炎
17677,表 6-3-145 ,N73.101,慢性女性盆腔炎
17678,表 6-3-145 ,N73.102,慢性盆腔蜂窝织炎
17679,表 6-3-145 ,N73.103,慢性子宫韧带脓肿
17680,表 6-3-145 ,N73.104,慢性子宫韧带炎
17681,表 6-3-145 ,N73.201,盆腔蜂窝织炎
17682,表 6-3-145 ,N73.202,子宫韧带炎
17683,表 6-3-145 ,N73.203,子宫周围炎
17684,表 6-3-145 ,N73.300,女性急性盆腔腹膜炎
17685,表 6-3-145 ,N73.400,女性慢性盆腔腹膜炎
17686,表 6-3-145 ,N73.500,女性盆腔腹膜炎
17687,表 6-3-145 ,N73.501,子宫直肠陷凹脓肿
17688,表 6-3-145 ,N73.600,女性盆腔腹膜粘连
17689,表 6-3-145 ,N73.600x006,子宫粘连闭锁综合征
17690,表 6-3-145 ,N73.601,卵巢粘连
17691,表 6-3-145 ,N73.602,女性盆腔粘连
17692,表 6-3-145 ,N73.603,输卵管粘连
17693,表 6-3-145 ,N73.604,子宫粘连
17694,表 6-3-145 ,N73.605,子宫周围粘连
17695,表 6-3-145 ,N73.606,卵巢-输卵管粘连
17696,表 6-3-145 ,N73.800x002,盆腔感染综合征
17697,表 6-3-145 ,N73.801,盆腔炎性肿物
17698,表 6-3-145 ,N73.902,女性盆腔炎
17699,表 6-3-145 ,N73.903,女性盆腔脓肿
17700,表 6-3-145 ,N75.000,前庭大腺囊肿
17701,表 6-3-145 ,N75.100,前庭大腺脓肿
17702,表 6-3-145 ,N75.801,前庭大腺肥大
17703,表 6-3-145 ,N75.802,前庭大腺炎
17704,表 6-3-145 ,N75.900,前庭大腺疾病
17705,表 6-3-145 ,N76.000,急性阴道炎
17706,表 6-3-145 ,N76.000x001,阴道炎
17707,表 6-3-145 ,N76.000x003,细菌性阴道炎
17708,表 6-3-145 ,N76.000x004,急性外阴阴道炎
17709,表 6-3-145 ,N76.000x006,阴道壁脓肿
17710,表 6-3-145 ,N76.001,阴道脓肿
17711,表 6-3-145 ,N76.100x001,慢性外阴阴道炎
17712,表 6-3-145 ,N76.100x002,亚急性外阴阴道炎
17713,表 6-3-145 ,N76.101,慢性阴道炎
17714,表 6-3-145 ,N76.200,急性外阴炎
17715,表 6-3-145 ,N76.201,外阴蜂窝织炎
17716,表 6-3-145 ,N76.300x001,亚急性外阴炎
17717,表 6-3-145 ,N76.301,慢性外阴炎
17718,表 6-3-145 ,N76.400,外阴肿脓
17719,表 6-3-145 ,N76.401,外阴疖
17720,表 6-3-145 ,N76.500,阴道溃疡
17721,表 6-3-145 ,N76.600,外阴溃疡
17722,表 6-3-145 ,N76.601,复发性阿弗他女性生殖器官溃疡
17723,表 6-3-145 ,N76.801,外阴炎性肿块
17724,表 6-3-145 ,N76.802,阴道肉芽肿
17725,表 6-3-146 ,N80.000,子宫的子宫内膜异位症
17726,表 6-3-146 ,N80.001,子宫腺肌病
17727,表 6-3-146 ,N80.100,卵巢的子宫内膜异位症
17728,表 6-3-146 ,N80.100x001,卵巢巧克力样囊肿
17729,表 6-3-146 ,N80.200,输卵管的子宫内膜异位症
17730,表 6-3-146 ,N80.200x001,输卵管子宫内膜异位症
17731,表 6-3-146 ,N80.300,盆腔腹膜的子宫内膜异位症
17732,表 6-3-146 ,N80.301,腹膜子宫内膜异位症
17733,表 6-3-146 ,N80.302,盆腔子宫内膜异位症
17734,表 6-3-146 ,N80.303,子宫直肠凹子宫内膜异位症
17735,表 6-3-146 ,N80.401,直肠阴道隔子宫内膜异位症
17736,表 6-3-146 ,N80.500,肠的子宫内膜异位症
17737,表 6-3-146 ,N80.501,直肠子宫内膜异位症
17738,表 6-3-146 ,N80.600,皮肤瘢痕的子宫内膜异位症
17739,表 6-3-146 ,N80.601,腹壁瘢痕子宫内膜异位症
17740,表 6-3-146 ,N80.602,会阴子宫内膜异位症
17741,表 6-3-146 ,N80.603,外阴子宫内膜异位症
17742,表 6-3-146 ,N80.800x007,鼻腔子宫内膜异位症
17743,表 6-3-146 ,N80.800x010,腹壁子宫内膜异位
17744,表 6-3-146 ,N80.800x011,胸子宫内膜异位症
17745,表 6-3-146 ,N80.801,外耳道子宫内膜异位症
17746,表 6-3-146 ,N80.802,肺子宫内膜异位症
17747,表 6-3-146 ,N80.803,肝子宫内膜异位症
17748,表 6-3-146 ,N80.804,输尿管子宫内膜异位症
17749,表 6-3-146 ,N80.805,膀胱子宫内膜异位症
17750,表 6-3-146 ,N80.806,子宫韧带子宫内膜异位症
17751,表 6-3-146 ,N80.807,腹膜后子宫内膜异位症
17752,表 6-3-146 ,N80.808,骶前子宫内膜异位症
17753,表 6-3-146 ,N80.809,胸腔子宫内膜异位症
17754,表 6-3-146 ,N80.900,子宫内膜异位症
17755,表 6-3-146 ,N81.000,女性尿道膨出
17756,表 6-3-146 ,N81.100,膀胱膨出
17757,表 6-3-146 ,N81.101,阴道前壁脱垂
17758,表 6-3-146 ,N81.102,女性膀胱脱垂
17759,表 6-3-146 ,N81.200,子宫阴道不完全性脱垂
17760,表 6-3-146 ,N81.201,Ⅰ度子宫脱垂
17761,表 6-3-146 ,N81.202,Ⅱ度子宫脱垂
17762,表 6-3-146 ,N81.203,宫颈脱垂
17763,表 6-3-146 ,N81.300,完全性子宫阴道脱垂
17764,表 6-3-146 ,N81.301,Ⅲ度子宫脱垂
17765,表 6-3-146 ,N81.400,子宫阴道脱垂
17766,表 6-3-146 ,N81.500,阴道小肠膨出
17767,表 6-3-146 ,N81.500x002,小肠阴道疝
17768,表 6-3-146 ,N81.500x003,阴道后疝
17769,表 6-3-146 ,N81.600,直肠膨出
17770,表 6-3-146 ,N81.601,阴道后壁脱垂
17771,表 6-3-146 ,N81.602,阴道后壁脱垂伴直肠膨出
17772,表 6-3-146 ,N81.800x004,会阴缺陷
17773,表 6-3-146 ,N81.800x005,盆底肌肉陈旧性裂伤
17774,表 6-3-146 ,N81.800x006,陈旧性会阴损伤
17775,表 6-3-146 ,N81.801,陈旧性会阴裂伤
17776,表 6-3-146 ,N81.802,阴道前后壁脱垂
17777,表 6-3-146 ,N81.803,阴道松弛
17778,表 6-3-146 ,N81.900,女性生殖器脱垂
17779,表 6-3-146 ,N82.000,膀胱阴道瘘
17780,表 6-3-146 ,N82.100x001,子宫输尿管瘘
17781,表 6-3-146 ,N82.101,尿道阴道瘘
17782,表 6-3-146 ,N82.102,输尿管阴道瘘
17783,表 6-3-146 ,N82.103,子宫膀胱瘘
17784,表 6-3-146 ,N82.200,阴道小肠瘘
17785,表 6-3-146 ,N82.201,手术后小肠阴道瘘
17786,表 6-3-146 ,N82.300,阴道大肠瘘
17787,表 6-3-146 ,N82.301,直肠膀胱阴道瘘
17788,表 6-3-146 ,N82.302,直肠舟状窝瘘
17789,表 6-3-146 ,N82.303,直肠阴道瘘
17790,表 6-3-146 ,N82.401,子宫直肠瘘
17791,表 6-3-146 ,N82.500,女性生殖道-皮肤瘘
17792,表 6-3-146 ,N82.501,子宫腹壁瘘
17793,表 6-3-146 ,N82.502,阴道会阴瘘
17794,表 6-3-146 ,N82.801,子宫阴道瘘
17795,表 6-3-146 ,N82.900,女性生殖道瘘
17796,表 6-3-146 ,N82.900x003,子宫颈窦道
17797,表 6-3-146 ,N82.901,阴道瘘
17798,表 6-3-146 ,N82.902,子宫瘘
17799,表 6-3-146 ,N83.000,卵巢滤泡囊肿
17800,表 6-3-146 ,N83.000x002,格拉夫卵泡囊肿
17801,表 6-3-146 ,N83.001,出血性卵巢滤泡囊肿
17802,表 6-3-146 ,N83.100,黄体囊肿
17803,表 6-3-146 ,N83.100x002,卵巢黄体破裂
17804,表 6-3-146 ,N83.100x003,卵巢黄体血肿
17805,表 6-3-146 ,N83.101,出血性卵巢黄体囊肿
17806,表 6-3-146 ,N83.102,卵巢黄素化囊肿
17807,表 6-3-146 ,N83.201,卵巢囊肿
17808,表 6-3-146 ,N83.202,卵巢白体囊肿
17809,表 6-3-146 ,N83.203,卵巢包涵囊肿
17810,表 6-3-146 ,N83.204,卵巢浆液性囊肿
17811,表 6-3-146 ,N83.205,卵巢黏液性囊肿
17812,表 6-3-146 ,N83.206,卵巢潴留囊肿
17813,表 6-3-146 ,N83.207,副卵巢囊肿
17814,表 6-3-146 ,N83.300x001,卵巢萎缩
17815,表 6-3-146 ,N83.300x002,输卵管萎缩
17816,表 6-3-146 ,N83.401,输卵管脱垂
17817,表 6-3-146 ,N83.500x004,卵巢子宫内膜异位囊肿伴扭转
17818,表 6-3-146 ,N83.500x007,副卵管扭转
17819,表 6-3-146 ,N83.501,卵巢蒂扭转
17820,表 6-3-146 ,N83.502,卵巢扭转
17821,表 6-3-146 ,N83.503,输卵管扭转
17822,表 6-3-146 ,N83.504,莫尔加尼囊状附件扭转
17823,表 6-3-146 ,N83.600,输卵管血肿
17824,表 6-3-146 ,N83.601,输卵管出血
17825,表 6-3-146 ,N83.700,阔韧带血肿
17826,表 6-3-146 ,N83.800x012,泡状附件
17827,表 6-3-146 ,N83.800x013,输卵管上皮增生
17828,表 6-3-146 ,N83.800x015,阔韧带息肉
17829,表 6-3-146 ,N83.800x016,输卵管憩室
17830,表 6-3-146 ,N83.800x017,卵巢冠囊肿
17831,表 6-3-146 ,N83.800x021,输卵管嵌顿
17832,表 6-3-146 ,N83.801,阔韧带囊肿
17833,表 6-3-146 ,N83.802,阔韧带撕裂综合征
17834,表 6-3-146 ,N83.803,卵巢出血
17835,表 6-3-146 ,N83.804,卵巢钙化
17836,表 6-3-146 ,N83.805,卵巢破裂
17837,表 6-3-146 ,N83.806,卵巢增生
17838,表 6-3-146 ,N83.807,卵巢脂肪坏死
17839,表 6-3-146 ,N83.808,输卵管坏死
17840,表 6-3-146 ,N83.809,输卵管囊肿
17841,表 6-3-146 ,N83.810,输卵管旁囊肿
17842,表 6-3-146 ,N83.811,圆韧带囊肿
17843,表 6-3-146 ,N83.812,子宫韧带囊肿
17844,表 6-3-146 ,N83.901,卵巢肿物
17845,表 6-3-146 ,N83.902,输卵管肿物
17846,表 6-3-146 ,N83.903,阔韧带肿物
17847,表 6-3-146 ,N84.000,子宫体息肉
17848,表 6-3-146 ,N84.001,子宫内膜息肉
17849,表 6-3-146 ,N84.100,宫颈息肉
17850,表 6-3-146 ,N84.200,阴道息肉
17851,表 6-3-146 ,N84.300,外阴息肉
17852,表 6-3-146 ,N84.301,处女膜息肉
17853,表 6-3-146 ,N84.302,阴唇息肉
17854,表 6-3-146 ,N84.800x002,输卵管息肉
17855,表 6-3-146 ,N84.900,女性生殖道息肉
17856,表 6-3-146 ,N85.000,子宫内膜腺性增生
17857,表 6-3-146 ,N85.000x002,子宫内膜囊性增生
17858,表 6-3-146 ,N85.000x004,子宫内膜腺性囊性增生
17859,表 6-3-146 ,N85.001,子宫内膜单纯性增生
17860,表 6-3-146 ,N85.002,子宫内膜复杂性增生
17861,表 6-3-146 ,N85.003,子宫内膜息肉样增生
17862,表 6-3-146 ,N85.100,子宫内膜腺瘤性增生
17863,表 6-3-146 ,N85.101,子宫内膜非典型增生
17864,表 6-3-146 ,N85.200,子宫肥大
17865,表 6-3-146 ,N85.300,子宫复旧不全
17866,表 6-3-146 ,N85.300x001,慢性子宫复旧不全
17867,表 6-3-146 ,N85.400,子宫错位
17868,表 6-3-146 ,N85.401,子宫侧倾
17869,表 6-3-146 ,N85.402,子宫后倾
17870,表 6-3-146 ,N85.403,子宫前倾
17871,表 6-3-146 ,N85.404,子宫移位
17872,表 6-3-146 ,N85.500,子宫内翻
17873,表 6-3-146 ,N85.600,子宫内粘连
17874,表 6-3-146 ,N85.600x001,阿谢曼综合征
17875,表 6-3-146 ,N85.700,子宫积血
17876,表 6-3-146 ,N85.800x003,后天性子宫萎缩
17877,表 6-3-146 ,N85.801,瘢痕子宫
17878,表 6-3-146 ,N85.802,子宫破裂
17879,表 6-3-146 ,N85.803,子宫白斑
17880,表 6-3-146 ,N85.804,子宫穿孔
17881,表 6-3-146 ,N85.805,子宫钙化
17882,表 6-3-146 ,N85.806,子宫肌层囊肿
17883,表 6-3-146 ,N85.807,子宫积水
17884,表 6-3-146 ,N85.808,子宫溃疡
17885,表 6-3-146 ,N85.809,子宫糜烂
17886,表 6-3-146 ,N85.810,子宫内膜发育不全
17887,表 6-3-146 ,N85.811,子宫内膜囊肿
17888,表 6-3-146 ,N85.812,子宫内膜萎缩
17889,表 6-3-146 ,N85.813,子宫囊肿
17890,表 6-3-146 ,N85.814,子宫憩室
17891,表 6-3-146 ,N85.815,子宫萎缩
17892,表 6-3-146 ,N85.816,子宫纤维化
17893,表 6-3-146 ,N85.901,子宫肿物
17894,表 6-3-146 ,N86.x00x004,子宫颈糜烂
17895,表 6-3-146 ,N86.x01,宫颈外翻
17896,表 6-3-146 ,N86.x02,宫颈溃疡
17897,表 6-3-146 ,N87.000,轻度宫颈发育不良
17898,表 6-3-146 ,N87.001,宫颈上皮内肿瘤，Ⅰ级
17899,表 6-3-146 ,N87.002,低级别鳞状上皮内病变
17900,表 6-3-146 ,N87.100,中度宫颈发育不良
17901,表 6-3-146 ,N87.101,宫颈上皮内肿瘤，Ⅱ级
17902,表 6-3-146 ,N87.200x001,重度宫颈发育不良
17903,表 6-3-146 ,N87.900,宫颈发育不良
17904,表 6-3-146 ,N87.901,宫颈上皮内肿瘤
17905,表 6-3-146 ,N88.000,宫颈白斑
17906,表 6-3-146 ,N88.100,宫颈陈旧性裂伤
17907,表 6-3-146 ,N88.101,宫颈阴道粘连
17908,表 6-3-146 ,N88.102,宫颈粘连
17909,表 6-3-146 ,N88.200x001,子宫颈狭窄
17910,表 6-3-146 ,N88.201,宫颈闭锁
17911,表 6-3-146 ,N88.300,宫颈功能不全
17912,表 6-3-146 ,N88.400,宫颈肥厚性延长
17913,表 6-3-146 ,N88.800x010,子宫颈钙化
17914,表 6-3-146 ,N88.801,宫颈残端出血
17915,表 6-3-146 ,N88.802,宫颈肥大
17916,表 6-3-146 ,N88.803,宫颈囊肿
17917,表 6-3-146 ,N88.804,宫颈水肿
17918,表 6-3-146 ,N88.805,宫颈萎缩
17919,表 6-3-146 ,N88.806,宫颈腺囊肿
17920,表 6-3-146 ,N88.807,宫颈赘生物
17921,表 6-3-146 ,N88.808,子宫颈鳞状上皮增生
17922,表 6-3-146 ,N88.900,宫颈非炎性疾患
17923,表 6-3-146 ,N89.000,轻度阴道发育不良
17924,表 6-3-146 ,N89.001,"阴道上皮内肿瘤,Ⅰ级"
17925,表 6-3-146 ,N89.100,中度阴道发育不良
17926,表 6-3-146 ,N89.101,"阴道上皮内肿瘤,Ⅱ级"
17927,表 6-3-146 ,N89.200,重度阴道发育不良，不可归类在他处者
17928,表 6-3-146 ,N89.300,阴道发育不良
17929,表 6-3-146 ,N89.400,阴道白斑
17930,表 6-3-146 ,N89.501,阴道闭锁
17931,表 6-3-146 ,N89.502,阴道狭窄
17932,表 6-3-146 ,N89.503,阴道粘连
17933,表 6-3-146 ,N89.600,处女膜环过紧
17934,表 6-3-146 ,N89.600x001,强直性处女膜
17935,表 6-3-146 ,N89.600x002,阴道入口过紧
17936,表 6-3-146 ,N89.601,处女膜伞
17937,表 6-3-146 ,N89.700,阴道积血
17938,表 6-3-146 ,N89.800x009,阴道排液
17939,表 6-3-146 ,N89.801,处女膜囊肿
17940,表 6-3-146 ,N89.802,非创伤性处女膜破裂
17941,表 6-3-146 ,N89.803,阴道瘢痕
17942,表 6-3-146 ,N89.804,阴道结石
17943,表 6-3-146 ,N89.805,阴道裂伤
17944,表 6-3-146 ,N89.806,阴道囊肿
17945,表 6-3-146 ,N89.807,阴道皮赘
17946,表 6-3-146 ,N89.808,阴道血肿
17947,表 6-3-146 ,N89.809,阴道赘生物
17948,表 6-3-146 ,N89.810,阴道子宫托溃疡
17949,表 6-3-146 ,N89.811,陈旧性阴道裂伤
17950,表 6-3-146 ,N89.901,阴道肿物
17951,表 6-3-146 ,N90.000,轻度外阴发育不良
17952,表 6-3-146 ,N90.001,外阴上皮内肿瘤Ⅰ级
17953,表 6-3-146 ,N90.100,中度外阴发育不良
17954,表 6-3-146 ,N90.101,外阴上皮内肿瘤Ⅱ级
17955,表 6-3-146 ,N90.200,重度外阴发育不良，不可归类在他处者
17956,表 6-3-146 ,N90.300,外阴发育不良
17957,表 6-3-146 ,N90.301,外阴鳞状上皮增生
17958,表 6-3-146 ,N90.302,外阴上皮内肿瘤
17959,表 6-3-146 ,N90.400,外阴白斑
17960,表 6-3-146 ,N90.401,外阴干皱症
17961,表 6-3-146 ,N90.402,外阴角化症
17962,表 6-3-146 ,N90.403,外阴营养不良
17963,表 6-3-146 ,N90.404,外阴硬化性苔藓
17964,表 6-3-146 ,N90.500,外阴萎缩
17965,表 6-3-146 ,N90.501,外阴狭窄
17966,表 6-3-146 ,N90.600,外阴肥大
17967,表 6-3-146 ,N90.601,阴唇肥大
17968,表 6-3-146 ,N90.700,外阴囊肿
17969,表 6-3-146 ,N90.701,阴蒂囊肿
17970,表 6-3-146 ,N90.800x009,外阴粘连
17971,表 6-3-146 ,N90.800x010,外阴非典型增生
17972,表 6-3-146 ,N90.800x011,会阴囊肿
17973,表 6-3-146 ,N90.800x012,会阴切口疝
17974,表 6-3-146 ,N90.800x024,大阴唇瘢痕
17975,表 6-3-146 ,N90.800x025,小阴唇瘢痕
17976,表 6-3-146 ,N90.801,会阴瘢痕
17977,表 6-3-146 ,N90.802,外阴瘢痕
17978,表 6-3-146 ,N90.803,外阴陈旧性裂伤
17979,表 6-3-146 ,N90.804,外阴假性湿疣
17980,表 6-3-146 ,N90.805,外阴皮赘
17981,表 6-3-146 ,N90.806,外阴水肿
17982,表 6-3-146 ,N90.807,外阴血肿
17983,表 6-3-146 ,N90.808,阴唇粘连
17984,表 6-3-146 ,N90.809,阴蒂肥大
17985,表 6-3-146 ,N90.810,外阴象皮病
17986,表 6-3-146 ,N90.811,外阴白癜风
17987,表 6-3-146 ,N90.901,会阴非炎性疾病
17988,表 6-3-146 ,N90.902,外阴肿物
17989,表 6-3-146 ,N91.000,原发闭经
17990,表 6-3-146 ,N91.100,继发闭经
17991,表 6-3-146 ,N91.200,闭经
17992,表 6-3-146 ,N91.200x002,下丘脑性闭经
17993,表 6-3-146 ,N91.300,原发性月经稀少
17994,表 6-3-146 ,N91.400,继发性月经稀少
17995,表 6-3-146 ,N91.500,月经稀少
17996,表 6-3-146 ,N92.000x001,月经过多
17997,表 6-3-146 ,N92.000x002,月经频繁
17998,表 6-3-146 ,N92.100x001,月经频多
17999,表 6-3-146 ,N92.101,子宫不规则出血
18000,表 6-3-146 ,N92.200,青春期月经过多
18001,表 6-3-146 ,N92.300,排卵期出血
18002,表 6-3-146 ,N92.400,绝经前期出血过多
18003,表 6-3-146 ,N92.400x001,更年期月经过多
18004,表 6-3-146 ,N92.400x003,绝经期子宫不规则出血
18005,表 6-3-146 ,N92.400x004,更年前期月经过多
18006,表 6-3-146 ,N92.401,绝经期出血
18007,表 6-3-146 ,N92.500,月经不规则，其他特指的
18008,表 6-3-146 ,N92.600,月经不规则
18009,表 6-3-146 ,N92.601,经期延长
18010,表 6-3-146 ,N93.000x001,性交后出血
18011,表 6-3-146 ,N93.801,功能障碍性子宫出血
18012,表 6-3-146 ,N93.900,异常的子宫和阴道出血
18013,表 6-3-146 ,N93.901,异常子宫出血
18014,表 6-3-146 ,N94.000,经间痛
18015,表 6-3-146 ,N94.100,性交疼痛
18016,表 6-3-146 ,N94.200,阴道痉挛
18017,表 6-3-146 ,N94.300,经前紧张征
18018,表 6-3-146 ,N94.400,原发性痛经
18019,表 6-3-146 ,N94.500,继发性痛经
18020,表 6-3-146 ,N94.600,痛经
18021,表 6-3-146 ,N94.800x009,女性生殖器皮脂腺囊肿
18022,表 6-3-146 ,N94.802,女性盆腔血肿
18023,表 6-3-146 ,N94.803,女性盆腔静脉充血综合征
18024,表 6-3-146 ,N94.804,交通性腹膜鞘突管积液
18025,表 6-3-146 ,N94.805,经血潴留
18026,表 6-3-146 ,N94.806,盆腔积液
18027,表 6-3-146 ,N94.807,盆腔囊肿
18028,表 6-3-146 ,N94.808,盆腔假囊肿
18029,表 6-3-146 ,N94.900,与女性生殖器官和月经周期有关的情况
18030,表 6-3-146 ,N95.000,绝经后出血
18031,表 6-3-146 ,N95.100,绝经期和女性更年期状态
18032,表 6-3-146 ,N95.101,女性更年期综合征
18033,表 6-3-146 ,N95.200,绝经后萎缩性阴道炎
18034,表 6-3-146 ,N95.201,老年性阴道炎
18035,表 6-3-146 ,N95.300x001,人工绝经后综合征
18036,表 6-3-146 ,N95.800,绝经期和围绝经期的疾患，其他特指的
18037,表 6-3-146 ,N95.900x001,绝经后卵巢可扪及综合征
18038,表 6-3-146 ,N96.x00,习惯性流产
18039,表 6-3-146 ,N96.x00x002,早期习惯性流产
18040,表 6-3-146 ,N96.x00x003,晚期习惯性流产
18041,表 6-3-146 ,N97.000x001,不排卵性不孕
18042,表 6-3-146 ,N97.100x001,输卵管阻塞性不孕
18043,表 6-3-146 ,N97.100x003,输卵管狭窄性不孕
18044,表 6-3-146 ,N97.101,后天性输卵管闭锁
18045,表 6-3-146 ,N97.200x001,子宫粘连性不孕
18046,表 6-3-146 ,N97.200x002,卵子不植入
18047,表 6-3-146 ,N97.300,宫颈起因的女性不孕症
18048,表 6-3-146 ,N97.400x001,男方无精性不孕
18049,表 6-3-146 ,N97.400x002,男方少精性不孕
18050,表 6-3-146 ,N97.800x004,女性生殖器官血囊肿性不孕
18051,表 6-3-146 ,N97.801,不育由于阴道畸形
18052,表 6-3-146 ,N97.900,女性不孕症
18053,表 6-3-146 ,N97.901,女性原发性不育
18054,表 6-3-146 ,N97.902,女性继发性不育
18055,表 6-3-146 ,N98.000,与人工授精有关的感染
18056,表 6-3-146 ,N98.100,卵巢过度刺激
18057,表 6-3-146 ,N98.200,试管内授精后企图植入受精卵的并发症
18058,表 6-3-146 ,N98.300,在胚胎转移中企图植入胚胎的并发症
18059,表 6-3-146 ,N98.800,与人工授精有关的其他并发症
18060,表 6-3-146 ,N98.900,与人工授精有关的并发症
18061,表 6-3-147 ,N99.000,操作后肾衰竭
18062,表 6-3-147 ,N99.001,手术后肾衰竭
18063,表 6-3-147 ,N99.100,操作后尿道狭窄
18064,表 6-3-147 ,N99.100x003,手术后瘢痕性尿道闭锁
18065,表 6-3-147 ,N99.100x005,手术后尿道口畸形
18066,表 6-3-147 ,N99.101,手术后尿道狭窄
18067,表 6-3-147 ,N99.200,阴道手术后粘连
18068,表 6-3-147 ,N99.201,手术后阴道狭窄
18069,表 6-3-147 ,N99.300,子宫切除术后阴道穹隆脱垂
18070,表 6-3-147 ,N99.400,操作后盆腔腹膜粘连
18071,表 6-3-147 ,N99.401,手术后盆腔腹膜粘连
18072,表 6-3-147 ,N99.500,泌尿道外口功能不良
18073,表 6-3-147 ,N99.800x003,绝育后腹痛
18074,表 6-3-147 ,N99.800x005,阴道成形术后阴道短小
18075,表 6-3-147 ,N99.800x006,手术后尿道瘘
18076,表 6-3-147 ,N99.800x007,手术后会阴瘘
18077,表 6-3-147 ,N99.800x010,子宫切口憩室
18078,表 6-3-147 ,N99.800x011,膀胱造瘘口狭窄
18079,表 6-3-147 ,N99.801,残余卵巢综合征
18080,表 6-3-147 ,N99.803,手术后尿潴留
18081,表 6-3-147 ,N99.805,输尿管膀胱吻合口狭窄
18082,表 6-3-147 ,N99.806,输尿管造口狭窄
18083,表 6-3-147 ,N99.807,阴道残端出血
18084,表 6-3-147 ,N99.808,手术后尿道综合征
18085,表 6-3-147 ,N99.900,泌尿生殖系统的操作后疾患
18086,表 6-3-148 ,O00.000,腹腔妊娠
18087,表 6-3-148 ,O00.001,大网膜妊娠
18088,表 6-3-148 ,O00.100,输卵管妊娠
18089,表 6-3-148 ,O00.101,输卵管妊娠流产
18090,表 6-3-148 ,O00.102,输卵管妊娠破裂
18091,表 6-3-148 ,O00.103,输卵管残端妊娠破裂
18092,表 6-3-148 ,O00.104,输卵管壶腹部妊娠
18093,表 6-3-148 ,O00.105,输卵管壶腹部妊娠流产
18094,表 6-3-148 ,O00.106,输卵管壶腹部妊娠破裂
18095,表 6-3-148 ,O00.107,输卵管间质部妊娠
18096,表 6-3-148 ,O00.108,输卵管间质部妊娠流产
18097,表 6-3-148 ,O00.109,输卵管间质部妊娠破裂
18098,表 6-3-148 ,O00.110,输卵管伞部妊娠
18099,表 6-3-148 ,O00.111,输卵管伞部妊娠流产
18100,表 6-3-148 ,O00.112,输卵管伞端妊娠破裂
18101,表 6-3-148 ,O00.113,输卵管峡部妊娠
18102,表 6-3-148 ,O00.114,输卵管峡部妊娠流产
18103,表 6-3-148 ,O00.115,输卵管峡部妊娠破裂
18104,表 6-3-148 ,O00.116,陈旧性输卵管妊娠
18105,表 6-3-148 ,O00.117,输卵管复合妊娠
18106,表 6-3-148 ,O00.200,卵巢妊娠
18107,表 6-3-148 ,O00.201,卵巢妊娠破裂
18108,表 6-3-148 ,O00.800x006,子宫下段妊娠
18109,表 6-3-148 ,O00.801,残角子宫妊娠
18110,表 6-3-148 ,O00.802,残角子宫妊娠破裂
18111,表 6-3-148 ,O00.803,宫颈妊娠
18112,表 6-3-148 ,O00.804,宫内外复合妊娠
18113,表 6-3-148 ,O00.805,阔韧带妊娠
18114,表 6-3-148 ,O00.807,子宫瘢痕处妊娠
18115,表 6-3-148 ,O00.808,子宫壁妊娠
18116,表 6-3-148 ,O00.809,子宫角妊娠
18117,表 6-3-148 ,O00.900,异位妊娠
18118,表 6-3-148 ,O00.901,持续性异位妊娠
18119,表 6-3-148 ,O00.902,陈旧性异位妊娠
18120,表 6-3-148 ,O01.001,完全性葡萄胎
18121,表 6-3-148 ,O01.101,部分性葡萄胎
18122,表 6-3-148 ,O01.102,不完全葡萄胎
18123,表 6-3-148 ,O01.901,妊娠滋养细胞病
18124,表 6-3-148 ,O01.902,异位葡萄胎
18125,表 6-3-148 ,O02.000x001,胎停育
18126,表 6-3-148 ,O02.001,萎缩卵
18127,表 6-3-148 ,O02.002,子宫内胎块
18128,表 6-3-148 ,O02.100,稽留流产
18129,表 6-3-148 ,O02.100x002,石胎(胎儿石化)
18130,表 6-3-148 ,O02.800,受孕的其他特指的异常产物
18131,表 6-3-148 ,O02.800x001,绒毛膜血管瘤
18132,表 6-3-148 ,O02.900,受孕的异常产物
18133,表 6-3-148 ,O03.001,不完全性自然流产并发盆腔感染
18134,表 6-3-148 ,O03.002,不完全自然流产并发生殖道感染
18135,表 6-3-148 ,O03.100x001,不完全自然流产并发播散性血管内凝血
18136,表 6-3-148 ,O03.101,不完全性自然流产并发过度出血
18137,表 6-3-148 ,O03.102,不完全性自然流产并发延迟出血
18138,表 6-3-148 ,O03.200x001,不完全自然流产并发栓塞
18139,表 6-3-148 ,O03.300,不完全性自然流产，伴有其他和未特指的并发症
18140,表 6-3-148 ,O03.300x031,不完全自然流产并发休克
18141,表 6-3-148 ,O03.300x041,不完全自然流产并发肾衰竭
18142,表 6-3-148 ,O03.300x061,不完全自然流产并发盆腔器官损伤
18143,表 6-3-148 ,O03.400x001,不完全自然流产
18144,表 6-3-148 ,O03.501,完全性自然流产并发盆腔感染
18145,表 6-3-148 ,O03.502,完全性自然流产并发子宫内感染
18146,表 6-3-148 ,O03.503,自然流产并发盆腔感染
18147,表 6-3-148 ,O03.504,自然流产并发生殖道感染
18148,表 6-3-148 ,O03.600x001,完全自然流产并发播散性血管内凝血
18149,表 6-3-148 ,O03.601,完全性自然流产并发出血
18150,表 6-3-148 ,O03.602,完全性自然流产并发延迟出血
18151,表 6-3-148 ,O03.603,自然流产并发出血
18152,表 6-3-148 ,O03.604,自然流产并发延迟出血
18153,表 6-3-148 ,O03.701,完全性自然流产并发栓塞
18154,表 6-3-148 ,O03.702,自然流产并发栓塞
18155,表 6-3-148 ,O03.800,完全性或未特指的自然流产，伴有其他的并发症
18156,表 6-3-148 ,O03.800x031,自然流产并发休克
18157,表 6-3-148 ,O03.800x041,自然流产并发肾衰竭
18158,表 6-3-148 ,O03.800x061,自然流产并发盆腔器官损伤
18159,表 6-3-148 ,O03.801,完全性自然流产伴有并发症
18160,表 6-3-148 ,O03.802,自然流产伴有并发症
18161,表 6-3-148 ,O03.900x001,生化妊娠
18162,表 6-3-148 ,O03.900x002,自然流产
18163,表 6-3-148 ,O03.901,难免性流产
18164,表 6-3-148 ,O03.902,习惯性流产伴近期流产
18165,表 6-3-148 ,O03.903,孕晚期自然流产
18166,表 6-3-148 ,O03.904,孕早期自然流产
18167,表 6-3-148 ,O04.000x003,不完全医疗性流产并发生殖道感染
18168,表 6-3-148 ,O04.001,不完全性医疗性流产并发盆腔感染
18169,表 6-3-148 ,O04.100x002,不完全医疗性流产并发播散性血管内凝血
18170,表 6-3-148 ,O04.101,不完全性医疗性流产并发过度出血
18171,表 6-3-148 ,O04.200x001,不完全医疗性流产并发栓塞
18172,表 6-3-148 ,O04.300,不完全性医疗性流产，伴有其他并发症
18173,表 6-3-148 ,O04.300x031,不完全医疗性流产并发休克
18174,表 6-3-148 ,O04.300x041,不完全医疗性流产并发子宫颈裂伤
18175,表 6-3-148 ,O04.300x081,不完全医疗性流产并发心率缓慢
18176,表 6-3-148 ,O04.400,不完全性医疗性流产，无并发症
18177,表 6-3-148 ,O04.401,不完全性药物流产
18178,表 6-3-148 ,O04.402,早期不完全性医疗性流产
18179,表 6-3-148 ,O04.500x001,医疗性流产并发生殖道感染
18180,表 6-3-148 ,O04.500x002,医疗性流产并发盆腔感染
18181,表 6-3-148 ,O04.502,晚期医疗性流产并发盆腔感染
18182,表 6-3-148 ,O04.503,早期医疗性流产并发盆腔感染
18183,表 6-3-148 ,O04.600x001,医疗性流产并发出血
18184,表 6-3-148 ,O04.601,医疗性流产并发播散性血管内凝血
18185,表 6-3-148 ,O04.602,早期医疗性流产并发过度出血
18186,表 6-3-148 ,O04.700x001,医疗性流产并发栓塞
18187,表 6-3-148 ,O04.701,医疗性流产并发羊水栓塞
18188,表 6-3-148 ,O04.800,完全性或未特指的医疗性流产，伴有其他并发症
18189,表 6-3-148 ,O04.800x031,医疗性流产并发休克
18190,表 6-3-148 ,O04.800x041,医疗性流产并发肾衰竭
18191,表 6-3-148 ,O04.800x061,医疗性流产并发子宫颈裂伤
18192,表 6-3-148 ,O04.801,医疗性流产并发会阴裂伤
18193,表 6-3-148 ,O04.802,医疗性流产并发阴道壁血肿
18194,表 6-3-148 ,O04.900x001,医疗性流产
18195,表 6-3-148 ,O04.901,中期人工流产
18196,表 6-3-148 ,O04.902,晚期人工流产
18197,表 6-3-148 ,O04.905,早期人工流产
18198,表 6-3-148 ,O05.000,"不完全性流产，其他的,并发生殖道和盆腔感染"
18199,表 6-3-148 ,O05.100,"不完全性流产，其他的,并发延迟或过度出血"
18200,表 6-3-148 ,O05.200,"不完全性流产，其他的,并发栓塞"
18201,表 6-3-148 ,O05.301,其他不完全性流产伴有并发症
18202,表 6-3-148 ,O05.400,"不完全性流产，其他的,无并发症"
18203,表 6-3-148 ,O05.500,完全性流产，其他的，并发生殖道和盆腔感染
18204,表 6-3-148 ,O05.600,完全性流产，其他的，并发延迟或过度出血
18205,表 6-3-148 ,O05.700,完全性流产，其他的，并发栓塞
18206,表 6-3-148 ,O05.801,其他完全性流产伴有并发症
18207,表 6-3-148 ,O05.900,完全性流产，其他的，无并发症
18208,表 6-3-148 ,O06.000,不完全性流产，并发生殖道和盆腔感染
18209,表 6-3-148 ,O06.100,不完全性流产，并发延迟或过度出血
18210,表 6-3-148 ,O06.200,不完全性流产，并发栓塞
18211,表 6-3-148 ,O06.301,未特指的不完全性流产伴有并发症
18212,表 6-3-148 ,O06.400,不完全性流产，无并发症
18213,表 6-3-148 ,O06.500,完全性流产，并发生殖道和盆腔感染
18214,表 6-3-148 ,O06.600,完全性流产，并发延迟或过度出血
18215,表 6-3-148 ,O06.700,完全性流产，并发栓塞
18216,表 6-3-148 ,O06.801,未特指的流产伴有并发症
18217,表 6-3-148 ,O06.900,完全性流产，无并发症
18218,表 6-3-148 ,O07.000,医疗性流产失败，并发生殖道和盆腔感染
18219,表 6-3-148 ,O07.000x001,医疗性流产失败并发盆腔感染
18220,表 6-3-148 ,O07.000x002,医疗性流产失败并发生殖道感染
18221,表 6-3-148 ,O07.100x001,医疗性流产失败并发出血
18222,表 6-3-148 ,O07.200x001,医疗性流产失败并发栓塞
18223,表 6-3-148 ,O07.300,医疗性流产失败，伴有其他的并发症
18224,表 6-3-148 ,O07.300x001,医疗性流产失败并发代谢紊乱
18225,表 6-3-148 ,O07.300x002,医疗性流产失败并发休克
18226,表 6-3-148 ,O07.401,人工流产失败
18227,表 6-3-148 ,O07.402,药物流产失败
18228,表 6-3-148 ,O07.500,"企图流产失败,其他或未特指的，并发生殖道和盆腔感染"
18229,表 6-3-148 ,O07.600,企图流产失败，其他的，并发延迟或过度出血
18230,表 6-3-148 ,O07.700,企图流产失败，其他的，并发栓塞
18231,表 6-3-148 ,O07.800,企图流产失败，其他的，伴有其他的并发症
18232,表 6-3-148 ,O07.900x001,企图流产失败
18233,表 6-3-148 ,O08.000,流产、异位妊娠和葡萄胎妊娠后生殖道和盆腔感染
18234,表 6-3-148 ,O08.000x002,流产后卵巢炎
18235,表 6-3-148 ,O08.000x004,流产后输卵管炎
18236,表 6-3-148 ,O08.000x005,流产后输卵管卵巢炎
18237,表 6-3-148 ,O08.000x006,流产后脓毒症
18238,表 6-3-148 ,O08.000x007,葡萄胎妊娠后盆腔感染
18239,表 6-3-148 ,O08.000x009,异位妊娠后生殖道感染
18240,表 6-3-148 ,O08.000x010,葡萄胎妊娠后生殖道感染
18241,表 6-3-148 ,O08.000x011,流产后发热
18242,表 6-3-148 ,O08.002,流产后腹膜炎
18243,表 6-3-148 ,O08.004,流产后盆腔感染
18244,表 6-3-148 ,O08.005,流产后子宫内膜炎
18245,表 6-3-148 ,O08.006,异位妊娠后盆腔感染
18246,表 6-3-148 ,O08.100x002,流产后出血
18247,表 6-3-148 ,O08.100x003,异位妊娠后出血
18248,表 6-3-148 ,O08.100x004,葡萄胎妊娠后出血
18249,表 6-3-148 ,O08.101,流产后播散性血管内凝血
18250,表 6-3-148 ,O08.102,流产后过度出血
18251,表 6-3-148 ,O08.103,葡萄胎妊娠后过度出血
18252,表 6-3-148 ,O08.104,异位妊娠后播散性血管内凝血
18253,表 6-3-148 ,O08.105,异位妊娠后腹腔内出血
18254,表 6-3-148 ,O08.106,异位妊娠后过度出血
18255,表 6-3-148 ,O08.200x001,流产后栓塞
18256,表 6-3-148 ,O08.200x002,异位妊娠后栓塞
18257,表 6-3-148 ,O08.200x003,葡萄胎妊娠后栓塞
18258,表 6-3-148 ,O08.202,流产后羊水栓塞
18259,表 6-3-148 ,O08.203,流产后空气栓塞
18260,表 6-3-148 ,O08.204,流产后肺栓塞
18261,表 6-3-148 ,O08.300x003,流产后循环性虚脱
18262,表 6-3-148 ,O08.300x004,葡萄胎妊娠后休克
18263,表 6-3-148 ,O08.301,流产后休克
18264,表 6-3-148 ,O08.302,异位妊娠后休克
18265,表 6-3-148 ,O08.400x003,流产后肾小管坏死
18266,表 6-3-148 ,O08.400x004,异位妊娠后肾衰竭
18267,表 6-3-148 ,O08.400x005,葡萄胎妊娠后肾衰竭
18268,表 6-3-148 ,O08.401,流产后肾衰竭
18269,表 6-3-148 ,O08.500,流产、异位妊娠和葡萄胎妊娠后的代谢疾患
18270,表 6-3-148 ,O08.600x004,流产后子宫颈裂伤
18271,表 6-3-148 ,O08.600x005,异位妊娠后子宫破裂
18272,表 6-3-148 ,O08.600x006,流产后盆腔器官损伤
18273,表 6-3-148 ,O08.601,人工流产后肠穿孔
18274,表 6-3-148 ,O08.602,人工流产后子宫穿孔
18275,表 6-3-148 ,O08.603,人工流产后子宫韧带血肿
18276,表 6-3-148 ,O08.604,人工流产并发穹隆穿孔
18277,表 6-3-148 ,O08.700,流产、异位妊娠和葡萄胎妊娠后的其他静脉并发症
18278,表 6-3-148 ,O08.800x006,腹腔妊娠后胎盘残留
18279,表 6-3-148 ,O08.800x007,流产后失血性贫血
18280,表 6-3-148 ,O08.801,流产后腹痛
18281,表 6-3-148 ,O08.802,流产后宫颈粘连
18282,表 6-3-148 ,O08.803,流产后宫腔粘连
18283,表 6-3-148 ,O08.805,流产后心脏停搏
18284,表 6-3-148 ,O08.806,异位妊娠后宫颈粘连
18285,表 6-3-148 ,O08.900,流产、异位妊娠和葡萄胎妊娠后的并发症
18286,表 6-3-149 ,O10.001,妊娠合并原有特发性高血压
18287,表 6-3-149 ,O10.101,妊娠合并原有高血压性心脏病
18288,表 6-3-149 ,O10.201,妊娠合并原有高血压性肾病
18289,表 6-3-149 ,O10.301,妊娠合并原有高血压性心脏病和肾病
18290,表 6-3-149 ,O10.401,妊娠合并原有继发性高血压
18291,表 6-3-149 ,O10.900x001,妊娠合并原有高血压
18292,表 6-3-149 ,O11.x01,慢性高血压并发子痫前期
18293,表 6-3-149 ,O12.000,妊娠水肿
18294,表 6-3-149 ,O12.100,妊娠蛋白尿
18295,表 6-3-149 ,O12.200,妊娠水肿伴有蛋白尿
18296,表 6-3-149 ,O13.x00,妊娠[妊娠引起的]高血压
18297,表 6-3-149 ,O13.x01,妊娠期短暂性高血压
18298,表 6-3-149 ,O14.000x001,轻度先兆子痫
18299,表 6-3-149 ,O14.000x002,中度先兆子痫
18300,表 6-3-149 ,O14.100x002,重度子痫前期
18301,表 6-3-149 ,O14.200,HELLP综合征
18302,表 6-3-149 ,O14.900,子痫前期
18303,表 6-3-149 ,O15.001,产前子痫
18304,表 6-3-149 ,O15.101,产时子痫
18305,表 6-3-149 ,O15.201,产后子痫
18306,表 6-3-149 ,O15.900,子痫
18307,表 6-3-149 ,O16.x00,孕产妇高血压
18308,表 6-3-150 ,O20.000,先兆流产
18309,表 6-3-150 ,O20.800,妊娠早期的其他出血
18310,表 6-3-150 ,O20.900,妊娠早期出血
18311,表 6-3-150 ,O21.000,轻度妊娠剧吐
18312,表 6-3-150 ,O21.001,早期轻度妊娠剧吐
18313,表 6-3-150 ,O21.100,妊娠剧吐伴有代谢紊乱
18314,表 6-3-150 ,O21.100x002,妊娠剧吐伴酸中毒
18315,表 6-3-150 ,O21.100x003,妊娠剧吐伴脱水
18316,表 6-3-150 ,O21.100x004,妊娠剧吐伴碳水化合物缺失
18317,表 6-3-150 ,O21.100x005,妊娠剧吐伴电解质失衡
18318,表 6-3-150 ,O21.100x006,妊娠剧吐伴酮症
18319,表 6-3-150 ,O21.200,妊娠晚期呕吐
18320,表 6-3-150 ,O21.800,并发于妊娠的其他呕吐
18321,表 6-3-150 ,O21.900,妊娠呕吐
18322,表 6-3-150 ,O22.000,妊娠期下肢静脉曲张
18323,表 6-3-150 ,O22.101,妊娠期会阴静脉曲张
18324,表 6-3-150 ,O22.102,妊娠期外阴静脉曲张
18325,表 6-3-150 ,O22.103,妊娠期阴道静脉曲张
18326,表 6-3-150 ,O22.200,妊娠期血栓性浅静脉炎
18327,表 6-3-150 ,O22.300,妊娠期深静脉血栓形成
18328,表 6-3-150 ,O22.400,妊娠期痔
18329,表 6-3-150 ,O22.500,妊娠期大脑静脉血栓形成
18330,表 6-3-150 ,O22.801,妊娠期子宫旁静脉曲张
18331,表 6-3-150 ,O22.900,妊娠期静脉并发症
18332,表 6-3-150 ,O22.901,妊娠期静脉炎
18333,表 6-3-150 ,O22.902,妊娠期静脉血栓形成
18334,表 6-3-150 ,O23.000x001,妊娠期肾炎
18335,表 6-3-150 ,O23.001,妊娠期肾盂肾炎
18336,表 6-3-150 ,O23.101,妊娠期膀胱炎
18337,表 6-3-150 ,O23.200,妊娠期尿道感染
18338,表 6-3-150 ,O23.300,妊娠期泌尿道其他部位感染
18339,表 6-3-150 ,O23.400,妊娠期泌尿道感染
18340,表 6-3-150 ,O23.500,妊娠期生殖道感染
18341,表 6-3-150 ,O23.500x001,妊娠期宫腔感染
18342,表 6-3-150 ,O23.500x002,妊娠期输卵管炎
18343,表 6-3-150 ,O23.500x007,妊娠期细菌性阴道病
18344,表 6-3-150 ,O23.500x009,妊娠期前庭大腺脓肿
18345,表 6-3-150 ,O23.500x010,妊娠期输卵管卵巢炎
18346,表 6-3-150 ,O23.501,妊娠合并盆腔炎
18347,表 6-3-150 ,O23.502,妊娠合并盆腔粘连
18348,表 6-3-150 ,O23.503,妊娠合并输卵管坏死
18349,表 6-3-150 ,O23.504,妊娠期宫颈炎
18350,表 6-3-150 ,O23.505,妊娠期外阴炎
18351,表 6-3-150 ,O23.506,妊娠期阴道炎
18352,表 6-3-150 ,O23.901,妊娠期泌尿生殖道感染
18353,表 6-3-150 ,O24.000,妊娠期伴原有的1型糖尿病
18354,表 6-3-150 ,O24.000x021,妊娠合并原有1型糖尿病(胰岛素治疗)
18355,表 6-3-150 ,O24.100,妊娠期伴原有的2型糖尿病
18356,表 6-3-150 ,O24.100x011,妊娠合并原有2型糖尿病(非胰岛素治疗)
18357,表 6-3-150 ,O24.100x021,妊娠合并原有2型糖尿病(胰岛素治疗)
18358,表 6-3-150 ,O24.200x001,妊娠合并原有营养不良性糖尿病
18359,表 6-3-150 ,O24.300x001,妊娠合并原有糖尿病
18360,表 6-3-150 ,O24.301,妊娠期伴原有糖尿病性酮症
18361,表 6-3-150 ,O24.400,妊娠期发生的糖尿病
18362,表 6-3-150 ,O24.900,妊娠糖尿病
18363,表 6-3-150 ,O25.x00,妊娠期营养不良
18364,表 6-3-150 ,O25.x01,产褥期营养不良
18365,表 6-3-150 ,O26.000,妊娠期体重增加过度
18366,表 6-3-150 ,O26.100,妊娠期体重增加过低
18367,表 6-3-150 ,O26.200,习惯性流产者的妊娠医疗
18368,表 6-3-150 ,O26.300,具有子宫内避孕装置的妊娠
18369,表 6-3-150 ,O26.400,妊娠疱疹
18370,表 6-3-150 ,O26.501,妊娠期并发低血压综合征
18371,表 6-3-150 ,O26.600x010,妊娠合并肝脓肿
18372,表 6-3-150 ,O26.600x011,妊娠合并肝炎
18373,表 6-3-150 ,O26.601,妊娠合并肝病
18374,表 6-3-150 ,O26.602,妊娠合并肝功能衰竭
18375,表 6-3-150 ,O26.603,妊娠合并肝损害
18376,表 6-3-150 ,O26.604,妊娠合并肝硬化
18377,表 6-3-150 ,O26.605,妊娠合并脂肪肝
18378,表 6-3-150 ,O26.606,妊娠期肝内胆汁淤积症
18379,表 6-3-150 ,O26.607,妊娠期急性脂肪肝
18380,表 6-3-150 ,O26.608,妊娠合并自身免疫性肝炎
18381,表 6-3-150 ,O26.609,妊娠合并肝囊肿
18382,表 6-3-150 ,O26.701,妊娠合并耻骨联合分离
18383,表 6-3-150 ,O26.800,与妊娠有关的情况，其他特指的
18384,表 6-3-150 ,O26.800x011,妊娠合并肾病
18385,表 6-3-150 ,O26.800x013,妊娠合并慢性肾功能不全
18386,表 6-3-150 ,O26.800x015,妊娠合并急性肾功能不全
18387,表 6-3-150 ,O26.800x016,妊娠合并输尿管积水
18388,表 6-3-150 ,O26.801,妊娠合并肾病综合征
18389,表 6-3-150 ,O26.802,妊娠合并肾衰竭
18390,表 6-3-150 ,O26.803,妊娠合并肾积水
18391,表 6-3-150 ,O26.804,妊娠合并肾小球肾炎
18392,表 6-3-150 ,O26.806,妊娠合并周围神经炎
18393,表 6-3-150 ,O28.000,孕产妇产前筛查的血液学异常所见
18394,表 6-3-150 ,O28.100,孕产妇产前筛查的生物化学异常所见
18395,表 6-3-150 ,O28.200,孕产妇产前筛查的细胞学异常所见
18396,表 6-3-150 ,O28.300,孕产妇产前筛查的超声波异常所见
18397,表 6-3-150 ,O28.300x001,脐动脉血流比值升高
18398,表 6-3-150 ,O28.400,孕产妇产前筛查的放射学异常所见
18399,表 6-3-150 ,O28.501,产前染色体筛查异常
18400,表 6-3-150 ,O28.502,唐氏筛查高风险
18401,表 6-3-150 ,O28.800,孕产妇产前筛查的其他异常所见
18402,表 6-3-150 ,O28.900,孕产妇产前筛查异常所见
18403,表 6-3-150 ,O29.000x001,妊娠期麻醉相关的吸入性肺炎
18404,表 6-3-150 ,O29.000x002,妊娠期麻醉相关的胃内容物吸入
18405,表 6-3-150 ,O29.000x003,妊娠期麻醉相关的门德尔松综合征
18406,表 6-3-150 ,O29.000x004,妊娠期麻醉相关的肺压迫性萎陷
18407,表 6-3-150 ,O29.000x005,妊娠期麻醉相关的分泌物吸入
18408,表 6-3-150 ,O29.100x001,妊娠期麻醉相关的心脏停搏
18409,表 6-3-150 ,O29.100x002,妊娠期麻醉相关的心力衰竭
18410,表 6-3-150 ,O29.200,妊娠期间麻醉的中枢神经系统并发症
18411,表 6-3-150 ,O29.300,妊娠期间局部麻醉的中毒反应
18412,表 6-3-150 ,O29.400,妊娠期间脊髓和硬膜外麻醉诱发的头痛
18413,表 6-3-150 ,O29.500,妊娠期间脊髓和硬膜外麻醉的其他并发症
18414,表 6-3-150 ,O29.600,妊娠期间插管失败或困难
18415,表 6-3-150 ,O29.800,妊娠期间麻醉的其他并发症
18416,表 6-3-150 ,O29.900,妊娠期间麻醉并发症
18417,表 6-3-151 ,O30.000,双胎妊娠
18418,表 6-3-151 ,O30.100,三胎妊娠
18419,表 6-3-151 ,O30.200,四胎妊娠
18420,表 6-3-151 ,O30.800,多胎妊娠，其他的
18421,表 6-3-151 ,O30.801,五胎妊娠
18422,表 6-3-151 ,O30.900,多胎妊娠
18423,表 6-3-151 ,O31.000,纸样胎
18424,表 6-3-151 ,O31.000x001,压扁胎
18425,表 6-3-151 ,O31.100,一个或多个胎儿流产后的继续妊娠
18426,表 6-3-151 ,O31.200,一个或多个胎儿宫内死亡后的继续妊娠
18427,表 6-3-151 ,O31.201,双胎妊娠一胎宫内死亡
18428,表 6-3-151 ,O31.800,特发于多胎妊娠的其他并发症
18429,表 6-3-151 ,O31.800x003,无心双胎
18430,表 6-3-151 ,O31.800x004,双胎交锁
18431,表 6-3-151 ,O31.800x005,选择性宫内生长受限
18432,表 6-3-151 ,O31.800x007,双胎选择性生长不一致
18433,表 6-3-151 ,O32.000x001,不稳定产式
18434,表 6-3-151 ,O32.100x004,膝先露
18435,表 6-3-151 ,O32.101,臀先露
18436,表 6-3-151 ,O32.102,足先露
18437,表 6-3-151 ,O32.201,肩先露
18438,表 6-3-151 ,O32.202,斜位
18439,表 6-3-151 ,O32.301,额先露
18440,表 6-3-151 ,O32.302,颏先露
18441,表 6-3-151 ,O32.303,面先露
18442,表 6-3-151 ,O32.401,初产头浮
18443,表 6-3-151 ,O32.500,为多胎妊娠伴有一个或多个胎儿先露异常给予的孕产妇医疗
18444,表 6-3-151 ,O32.601,复合先露
18445,表 6-3-151 ,O32.801,后不均倾
18446,表 6-3-151 ,O32.802,前不均倾
18447,表 6-3-151 ,O32.803,枕后位
18448,表 6-3-151 ,O32.900,为胎儿先露异常给予的孕产妇医疗
18449,表 6-3-151 ,O33.000x002,骨盆倾斜
18450,表 6-3-151 ,O33.000x003,扁平骨盆
18451,表 6-3-151 ,O33.002,畸形骨盆
18452,表 6-3-151 ,O33.101,骨盆狭窄
18453,表 6-3-151 ,O33.102,均小骨盆
18454,表 6-3-151 ,O33.201,骨盆入口狭窄
18455,表 6-3-151 ,O33.300x003,横径狭窄型骨盆
18456,表 6-3-151 ,O33.300x004,中骨盆狭窄
18457,表 6-3-151 ,O33.300x005,男性骨盆
18458,表 6-3-151 ,O33.301,骨盆出口狭窄
18459,表 6-3-151 ,O33.400,为母体和胎儿混合性原因的胎盆不称给予的孕产妇医疗
18460,表 6-3-151 ,O33.501,巨大儿伴头盆不称
18461,表 6-3-151 ,O33.600,为脑积水胎儿引起的胎盆不称给予的孕产妇医疗
18462,表 6-3-151 ,O33.700,为其他胎儿变形引起的胎盆不称给予的孕产妇医疗
18463,表 6-3-151 ,O33.700x004,胎儿脊髓脊膜膨出引起胎盆不称
18464,表 6-3-151 ,O33.700x005,胎儿骶部畸胎瘤引起胎盆不称
18465,表 6-3-151 ,O33.700x006,胎儿肿瘤引起胎盆不称
18466,表 6-3-151 ,O33.800,为其他原因的胎盆不称给予的孕产妇医疗
18467,表 6-3-151 ,O33.900,为胎盆不称给予的孕产妇医疗
18468,表 6-3-151 ,O34.000x003,妊娠合并残角子宫
18469,表 6-3-151 ,O34.000x006,妊娠合并双子宫双子宫颈双阴道
18470,表 6-3-151 ,O34.000x007,妊娠合并双子宫双子宫颈
18471,表 6-3-151 ,O34.000x008,妊娠合并双子宫双阴道
18472,表 6-3-151 ,O34.000x009,妊娠合并子宫不全纵隔
18473,表 6-3-151 ,O34.000x011,妊娠合并鞍状子宫
18474,表 6-3-151 ,O34.000x012,妊娠合并双子宫颈
18475,表 6-3-151 ,O34.000x013,妊娠合并双子宫颈双阴道
18476,表 6-3-151 ,O34.001,妊娠合并单角子宫
18477,表 6-3-151 ,O34.002,妊娠合并双角子宫
18478,表 6-3-151 ,O34.003,妊娠合并双子宫
18479,表 6-3-151 ,O34.004,妊娠合并子宫畸形
18480,表 6-3-151 ,O34.005,妊娠合并子宫纵隔
18481,表 6-3-151 ,O34.100x001,妊娠合并子宫肌瘤
18482,表 6-3-151 ,O34.100x003,妊娠合并子宫内膜息肉
18483,表 6-3-151 ,O34.100x011,妊娠合并子宫肿瘤
18484,表 6-3-151 ,O34.101,妊娠合并子宫韧带良性肿瘤
18485,表 6-3-151 ,O34.102,妊娠合并子宫体肿瘤
18486,表 6-3-151 ,O34.200x002,剖宫产史的妊娠
18487,表 6-3-151 ,O34.201,妊娠合并子宫瘢痕
18488,表 6-3-151 ,O34.301,妊娠合并宫颈功能不全
18489,表 6-3-151 ,O34.400x005,妊娠合并子宫颈幼稚
18490,表 6-3-151 ,O34.400x009,妊娠合并子宫颈水肿
18491,表 6-3-151 ,O34.400x010,妊娠合并子宫颈术后宫颈异常
18492,表 6-3-151 ,O34.400x011,妊娠合并子宫颈环扎后
18493,表 6-3-151 ,O34.400x013,妊娠合并子宫颈肌瘤
18494,表 6-3-151 ,O34.400x014,妊娠合并子宫颈高度病变
18495,表 6-3-151 ,O34.401,妊娠合并宫颈瘢痕
18496,表 6-3-151 ,O34.402,妊娠合并宫颈非典型性增生
18497,表 6-3-151 ,O34.403,妊娠合并宫颈糜烂
18498,表 6-3-151 ,O34.404,妊娠合并宫颈息肉
18499,表 6-3-151 ,O34.405,妊娠合并宫颈狭窄
18500,表 6-3-151 ,O34.406,妊娠合并宫颈肿瘤
18501,表 6-3-151 ,O34.500x001,妊娠合并子宫扭转
18502,表 6-3-151 ,O34.500x002,妊娠合并子宫嵌顿
18503,表 6-3-151 ,O34.500x005,妊娠合并子宫腺肌病
18504,表 6-3-151 ,O34.500x007,妊娠合并腹壁子宫内膜异位症
18505,表 6-3-151 ,O34.501,妊娠合并子宫后倾
18506,表 6-3-151 ,O34.502,妊娠合并子宫脱垂
18507,表 6-3-151 ,O34.503,妊娠合并子宫内膜异位症
18508,表 6-3-151 ,O34.600x004,妊娠合并阴道肿瘤
18509,表 6-3-151 ,O34.600x005,妊娠合并阴道囊肿
18510,表 6-3-151 ,O34.600x006,妊娠合并阴道斜隔
18511,表 6-3-151 ,O34.601,妊娠合并双阴道畸形
18512,表 6-3-151 ,O34.602,妊娠合并阴道横隔
18513,表 6-3-151 ,O34.603,妊娠合并阴道狭窄
18514,表 6-3-151 ,O34.604,妊娠合并阴道纵隔
18515,表 6-3-151 ,O34.700,为外阴和会阴异常给予的孕产妇医疗
18516,表 6-3-151 ,O34.700x002,妊娠合并外阴水肿
18517,表 6-3-151 ,O34.700x004,妊娠合并会阴瘢痕
18518,表 6-3-151 ,O34.700x005,妊娠合并外阴瘢痕
18519,表 6-3-151 ,O34.701,妊娠伴外阴畸形
18520,表 6-3-151 ,O34.800,为盆腔器官其他异常给予的孕产妇医疗
18521,表 6-3-151 ,O34.800x004,妊娠合并输卵管扭转
18522,表 6-3-151 ,O34.800x005,妊娠合并输卵管系膜囊肿
18523,表 6-3-151 ,O34.800x006,妊娠合并卵巢肿瘤
18524,表 6-3-151 ,O34.800x010,妊娠合并泡状附件
18525,表 6-3-151 ,O34.800x011,妊娠合并附件肿物
18526,表 6-3-151 ,O34.800x012,妊娠合并盆腔子宫内膜异位
18527,表 6-3-151 ,O34.800x013,妊娠合并输卵管肿瘤
18528,表 6-3-151 ,O34.800x014,妊娠合并卵巢囊肿蒂扭转
18529,表 6-3-151 ,O34.800x015,妊娠合并卵巢肿瘤蒂扭转
18530,表 6-3-151 ,O34.800x017,妊娠合并输卵管积水
18531,表 6-3-151 ,O34.800x018,妊娠合并卵巢黄体囊肿破裂
18532,表 6-3-151 ,O34.800x019,妊娠合并附件扭转
18533,表 6-3-151 ,O34.800x021,妊娠合并输卵管囊肿
18534,表 6-3-151 ,O34.800x022,妊娠合并输卵管卵巢囊肿
18535,表 6-3-151 ,O34.801,妊娠合并膀胱膨出
18536,表 6-3-151 ,O34.802,妊娠合并卵巢囊肿
18537,表 6-3-151 ,O34.803,妊娠合并盆底僵直
18538,表 6-3-151 ,O34.804,妊娠合并悬垂腹
18539,表 6-3-151 ,O34.805,妊娠合并直肠膨出
18540,表 6-3-151 ,O34.806,妊娠合并卵巢扭转
18541,表 6-3-151 ,O34.807,妊娠合并卵巢子宫内膜异位症
18542,表 6-3-151 ,O34.900,为盆腔器官异常给予的孕产妇医疗
18543,表 6-3-151 ,O35.002,胎儿侧脑室增宽
18544,表 6-3-151 ,O35.003,胎儿脊柱裂
18545,表 6-3-151 ,O35.004,胎儿脑发育异常
18546,表 6-3-151 ,O35.005,胎儿脑积水
18547,表 6-3-151 ,O35.006,胎儿脑脊膜膨出
18548,表 6-3-151 ,O35.007,胎儿脑囊肿
18549,表 6-3-151 ,O35.008,胎儿神经管缺陷
18550,表 6-3-151 ,O35.009,胎儿无脑畸形
18551,表 6-3-151 ,O35.010,胎儿Dandy-walker综合征
18552,表 6-3-151 ,O35.101,胎儿染色体异常
18553,表 6-3-151 ,O35.102,胎儿先天愚型
18554,表 6-3-151 ,O35.200x002,胎儿基因异常
18555,表 6-3-151 ,O35.200x003,胎儿单基因病
18556,表 6-3-151 ,O35.200x004,胎儿遗传代谢病
18557,表 6-3-151 ,O35.201,胎儿α地中海贫血
18558,表 6-3-151 ,O35.202,胎儿β地中海贫血
18559,表 6-3-151 ,O35.203,胎儿亨廷顿舞蹈病
18560,表 6-3-151 ,O35.204,胎儿克拉伯病
18561,表 6-3-151 ,O35.205,胎儿血友病
18562,表 6-3-151 ,O35.206,胎儿遗传性疾病
18563,表 6-3-151 ,O35.300x002,为妊娠合并风疹病毒感染所致胎儿的(可疑)损害给予的孕产妇医疗
18564,表 6-3-151 ,O35.300x003,为妊娠合并巨细胞病毒感染所致胎儿的(可疑)损害给予的孕产妇医疗
18565,表 6-3-151 ,O35.400,为酒精所致胎儿的(可疑)损害给予的孕产妇医疗
18566,表 6-3-151 ,O35.500,为药物所致胎儿的(可疑)损害给予的孕产妇医疗
18567,表 6-3-151 ,O35.600x001,放射后的孕产妇医疗
18568,表 6-3-151 ,O35.700x001,羊膜穿刺后的孕产妇医疗
18569,表 6-3-151 ,O35.700x002,活组织检查后的孕产妇医疗
18570,表 6-3-151 ,O35.700x003,侵入性胎儿手术后的孕产妇医疗
18571,表 6-3-151 ,O35.700x006,手术对胎儿损害的孕产妇医疗
18572,表 6-3-151 ,O35.701,胎儿损害由于子宫内避孕器妊娠
18573,表 6-3-151 ,O35.800x001,胎儿多发畸形
18574,表 6-3-151 ,O35.800x002,为妊娠合并李斯特菌所致胎儿的(可疑)损害给予的孕产妇医疗
18575,表 6-3-151 ,O35.800x003,胎儿畸形
18576,表 6-3-151 ,O35.800x005,寄生胎
18577,表 6-3-151 ,O35.800x006,胎儿结构畸形
18578,表 6-3-151 ,O35.800x007,胎儿食管闭锁
18579,表 6-3-151 ,O35.800x009,胎儿肾盂积水
18580,表 6-3-151 ,O35.800x010,胎儿轻度肾盂积水
18581,表 6-3-151 ,O35.800x011,胎儿腭裂
18582,表 6-3-151 ,O35.800x012,胎儿唇裂
18583,表 6-3-151 ,O35.800x015,胎儿肛门闭锁
18584,表 6-3-151 ,O35.800x017,胎儿膀胱外翻
18585,表 6-3-151 ,O35.800x018,胎儿马蹄内翻足
18586,表 6-3-151 ,O35.800x019,胎儿多指
18587,表 6-3-151 ,O35.800x020,胎儿多趾
18588,表 6-3-151 ,O35.800x023,胎儿重度肾盂积水
18589,表 6-3-151 ,O35.800x025,胎儿缺指
18590,表 6-3-151 ,O35.800x026,胎儿缺趾
18591,表 6-3-151 ,O35.800x027,胎儿心包积液
18592,表 6-3-151 ,O35.800x028,为妊娠合并阴道溶血性链球菌感染所致胎儿的(可疑)损害给予的孕产妇医疗
18593,表 6-3-151 ,O35.800x029,为妊娠合并弓形虫病所致胎儿的(可疑)损害给予的孕产妇医疗
18594,表 6-3-151 ,O35.800x030,胎儿单脐动脉
18595,表 6-3-151 ,O35.801,胎儿唇腭裂
18596,表 6-3-151 ,O35.803,胎儿耳畸形
18597,表 6-3-151 ,O35.804,胎儿肺畸形
18598,表 6-3-151 ,O35.805,胎儿腹裂
18599,表 6-3-151 ,O35.806,胎儿腹腔囊肿
18600,表 6-3-151 ,O35.807,胎儿腹水
18601,表 6-3-151 ,O35.808,胎儿肝占位
18602,表 6-3-151 ,O35.809,胎儿膈疝
18603,表 6-3-151 ,O35.810,胎儿颈部囊性淋巴管瘤
18604,表 6-3-151 ,O35.811,胎儿联体双胎畸形
18605,表 6-3-151 ,O35.812,胎儿尿道下裂
18606,表 6-3-151 ,O35.813,胎儿皮下组织增厚
18607,表 6-3-151 ,O35.814,胎儿脐膨出
18608,表 6-3-151 ,O35.816,胎儿软骨畸形
18609,表 6-3-151 ,O35.817,胎儿肾畸形
18610,表 6-3-151 ,O35.818,胎儿消化道闭锁
18611,表 6-3-151 ,O35.819,胎儿心脏畸形
18612,表 6-3-151 ,O35.820,胎儿胸腔积液
18613,表 6-3-151 ,O35.821,胎儿眼附器畸形
18614,表 6-3-151 ,O35.822,胎儿幽门梗阻
18615,表 6-3-151 ,O35.823,胎儿肢体畸形
18616,表 6-3-151 ,O35.900,为(可疑)胎儿异常和损害给予的孕产妇医疗
18617,表 6-3-151 ,O36.001,Rh血型不合
18618,表 6-3-151 ,O36.002,Rh阴性抗D抗体异常
18619,表 6-3-151 ,O36.100,为其他同种免疫给予的孕产妇医疗
18620,表 6-3-151 ,O36.100x002,同种免疫伴胎儿水肿
18621,表 6-3-151 ,O36.101,ABO血型不合
18622,表 6-3-151 ,O36.201,妊娠伴胎儿水肿
18623,表 6-3-151 ,O36.202,镜像综合征
18624,表 6-3-151 ,O36.203,双胎镜像综合征
18625,表 6-3-151 ,O36.300x007,胎动频繁
18626,表 6-3-151 ,O36.300x008,胎动消失
18627,表 6-3-151 ,O36.300x009,胎动减少
18628,表 6-3-151 ,O36.301,慢性混合型胎儿宫内窘迫
18629,表 6-3-151 ,O36.302,慢性胎儿宫内窘迫
18630,表 6-3-151 ,O36.303,胎儿心律异常
18631,表 6-3-151 ,O36.304,慢性胎心型胎儿宫内窘迫
18632,表 6-3-151 ,O36.305,慢性羊水型胎儿宫内窘迫
18633,表 6-3-151 ,O36.401,胎死宫内
18634,表 6-3-151 ,O36.501,妊娠合并低体重儿
18635,表 6-3-151 ,O36.502,妊娠合并胎盘功能不全
18636,表 6-3-151 ,O36.503,胎儿生长发育迟缓
18637,表 6-3-151 ,O36.504,妊娠合并小样儿
18638,表 6-3-151 ,O36.601,妊娠合并巨大儿
18639,表 6-3-151 ,O36.700x001,腹腔妊娠活胎
18640,表 6-3-151 ,O36.800,为其他特指的胎儿问题给予的孕产妇医疗
18641,表 6-3-151 ,O36.900,为胎儿问题给予的孕产妇医疗
18642,表 6-3-151 ,O40.x00,羊水过多
18643,表 6-3-151 ,O41.000,羊水过少
18644,表 6-3-151 ,O41.000x002,无羊水
18645,表 6-3-151 ,O41.100,羊膜囊和胎膜的感染
18646,表 6-3-151 ,O41.101,胎膜炎
18647,表 6-3-151 ,O41.102,胎盘炎
18648,表 6-3-151 ,O41.103,蜕膜炎
18649,表 6-3-151 ,O41.104,羊膜炎
18650,表 6-3-151 ,O41.800,羊水和胎膜其他特指的疾患
18651,表 6-3-151 ,O41.800x001,羊膜带综合征
18652,表 6-3-151 ,O41.800x004,绒毛膜下血肿
18653,表 6-3-151 ,O41.801,羊膜囊肿
18654,表 6-3-151 ,O41.803,羊膜粘连
18655,表 6-3-151 ,O41.900,羊水和胎膜疾患
18656,表 6-3-151 ,O42.000x001,足月胎膜早破(在24小时之内产程开始)
18657,表 6-3-151 ,O42.000x002,早产胎膜早破(在24小时之内产程开始)
18658,表 6-3-151 ,O42.100x011,足月胎膜早破(在1-7天内产程开始)
18659,表 6-3-151 ,O42.100x012,早产胎膜早破(在1-7天内产程开始)
18660,表 6-3-151 ,O42.200x001,由于治疗而使产程延迟的胎膜早破
18661,表 6-3-151 ,O42.900,胎膜早破
18662,表 6-3-151 ,O43.001,双胎输血综合征
18663,表 6-3-151 ,O43.002,胎儿母体输血综合征
18664,表 6-3-151 ,O43.003,双胎脐动脉返流序列征
18665,表 6-3-151 ,O43.004,双胎动脉反向灌注综合征
18666,表 6-3-151 ,O43.005,双胎贫血-红细胞增多序列症
18667,表 6-3-151 ,O43.100,胎盘畸形
18668,表 6-3-151 ,O43.101,帆状胎盘
18669,表 6-3-151 ,O43.102,副胎盘
18670,表 6-3-151 ,O43.103,巨大胎盘
18671,表 6-3-151 ,O43.104,轮状胎盘
18672,表 6-3-151 ,O43.105,球拍状胎盘
18673,表 6-3-151 ,O43.106,三叶胎盘
18674,表 6-3-151 ,O43.107,双叶胎盘
18675,表 6-3-151 ,O43.110,胎盘血管瘤
18676,表 6-3-151 ,O43.111,异常胎盘
18677,表 6-3-151 ,O43.112,有缘胎盘
18678,表 6-3-151 ,O43.200,病态胎盘粘连
18679,表 6-3-151 ,O43.200x001,胎盘植入
18680,表 6-3-151 ,O43.200x002,胎盘植入（穿透型）
18681,表 6-3-151 ,O43.800,胎盘疾患，其他的
18682,表 6-3-151 ,O43.800x007,胎盘血窦
18683,表 6-3-151 ,O43.801,胎盘梗死
18684,表 6-3-151 ,O43.802,胎盘坏死
18685,表 6-3-151 ,O43.803,胎盘功能障碍
18686,表 6-3-151 ,O43.804,胎盘纤维化
18687,表 6-3-151 ,O43.805,胎盘血肿
18688,表 6-3-151 ,O43.806,胎盘老化
18689,表 6-3-151 ,O43.807,胎盘囊肿
18690,表 6-3-151 ,O43.900,胎盘疾患
18691,表 6-3-151 ,O44.000x001,低置胎盘
18692,表 6-3-151 ,O44.000x002,凶险性前置胎盘
18693,表 6-3-151 ,O44.000x003,前置胎盘
18694,表 6-3-151 ,O44.001,边缘性前置胎盘
18695,表 6-3-151 ,O44.002,部分性前置胎盘
18696,表 6-3-151 ,O44.003,完全性前置胎盘
18697,表 6-3-151 ,O44.100,前置胎盘伴有出血
18698,表 6-3-151 ,O44.100x001,低置胎盘伴出血
18699,表 6-3-151 ,O44.100x002,凶险性前置胎盘伴出血
18700,表 6-3-151 ,O44.101,边缘性前置胎盘伴出血
18701,表 6-3-151 ,O44.102,部分性前置胎盘伴出血
18702,表 6-3-151 ,O44.103,完全性前置胎盘伴出血
18703,表 6-3-151 ,O45.000,胎盘早期剥离伴有凝血缺陷
18704,表 6-3-151 ,O45.000x001,胎盘早期剥离伴纤维蛋白原缺乏血症
18705,表 6-3-151 ,O45.000x003,胎盘早期剥离伴纤维蛋白溶解亢进
18706,表 6-3-151 ,O45.000x004,胎盘早期剥离伴低纤维蛋白原血症
18707,表 6-3-151 ,O45.001,胎盘早剥伴播散性血管内凝血
18708,表 6-3-151 ,O45.801,子宫胎盘卒中
18709,表 6-3-151 ,O45.900,胎盘早期剥离
18710,表 6-3-151 ,O46.000,产前出血伴有凝血缺陷
18711,表 6-3-151 ,O46.000x001,产前出血伴纤维蛋白原缺乏血症
18712,表 6-3-151 ,O46.000x003,产前出血伴纤维蛋白溶解亢进
18713,表 6-3-151 ,O46.000x004,产前出血伴低纤维蛋白原血症
18714,表 6-3-151 ,O46.001,产前播散性血管内凝血
18715,表 6-3-151 ,O46.801,胎盘边缘血窦破裂
18716,表 6-3-151 ,O46.900,产前出血
18717,表 6-3-151 ,O47.000,妊娠37整周之前的假临产
18718,表 6-3-151 ,O47.100,妊娠37整周或以后的假临产
18719,表 6-3-151 ,O47.900,假临产
18720,表 6-3-151 ,O47.900x002,先兆临产
18721,表 6-3-151 ,O48.x00,过期妊娠
18722,表 6-3-152 ,O60.001,先兆早产不伴分娩
18723,表 6-3-152 ,O60.100x001,早产伴分娩
18724,表 6-3-152 ,O60.100x002,早产伴自然临产经剖宫产
18725,表 6-3-152 ,O60.200,提前自然临产伴有足月产
18726,表 6-3-152 ,O60.300x001,早产经剖宫产
18727,表 6-3-152 ,O60.300x002,早产经引产
18728,表 6-3-152 ,O61.000x001,后叶催产素引产失败
18729,表 6-3-152 ,O61.000x002,前列腺素引产失败
18730,表 6-3-152 ,O61.100,器械引产失败
18731,表 6-3-152 ,O61.800,引产失败，其他的
18732,表 6-3-152 ,O61.900,引产失败
18733,表 6-3-152 ,O62.000,原发性宫缩乏力
18734,表 6-3-152 ,O62.001,宫颈扩张失败
18735,表 6-3-152 ,O62.100,继发性宫缩乏力
18736,表 6-3-152 ,O62.101,产程活跃期受阻
18737,表 6-3-152 ,O62.201,宫缩乏力
18738,表 6-3-152 ,O62.202,子宫松弛
18739,表 6-3-152 ,O62.300,急产
18740,表 6-3-152 ,O62.400x005,协调性子宫收缩过强
18741,表 6-3-152 ,O62.400x006,子宫痉挛性狭窄环
18742,表 6-3-152 ,O62.400x007,不协调性子宫收缩过强
18743,表 6-3-152 ,O62.401,高张力子宫功能不良
18744,表 6-3-152 ,O62.402,宫颈痉挛
18745,表 6-3-152 ,O62.403,子宫病理性收缩环
18746,表 6-3-152 ,O62.404,子宫难产
18747,表 6-3-152 ,O62.405,子宫强直性收缩
18748,表 6-3-152 ,O62.406,先兆子宫破裂
18749,表 6-3-152 ,O62.800,产力异常，其他的
18750,表 6-3-152 ,O62.900,产力异常
18751,表 6-3-152 ,O63.000,第一期(产程)延长
18752,表 6-3-152 ,O63.001,活跃期停滞
18753,表 6-3-152 ,O63.002,活跃期延长
18754,表 6-3-152 ,O63.003,潜伏期延长
18755,表 6-3-152 ,O63.100,第二期(产程)延长
18756,表 6-3-152 ,O63.201,多胎延迟性分娩
18757,表 6-3-152 ,O63.901,产程延长
18758,表 6-3-152 ,O64.001,持续性枕横位难产
18759,表 6-3-152 ,O64.002,持续性枕后位难产
18760,表 6-3-152 ,O64.100x002,足先露引起的梗阻性分娩
18761,表 6-3-152 ,O64.100x003,膝先露难产
18762,表 6-3-152 ,O64.101,臀先露难产
18763,表 6-3-152 ,O64.200,面先露引起的梗阻性分娩
18764,表 6-3-152 ,O64.200x002,颏先露引起的梗阻性分娩
18765,表 6-3-152 ,O64.301,额先露难产
18766,表 6-3-152 ,O64.401,肩先露难产
18767,表 6-3-152 ,O64.501,复合先露难产
18768,表 6-3-152 ,O64.800,"胎位不正和先露异常引起的梗阻性分娩,其他的"
18769,表 6-3-152 ,O64.801,高直后位难产
18770,表 6-3-152 ,O64.802,高直前位难产
18771,表 6-3-152 ,O64.803,高直位难产
18772,表 6-3-152 ,O64.900,胎位不正和先露异常引起的梗阻性分娩
18773,表 6-3-152 ,O65.000x001,扁平骨盆难产
18774,表 6-3-152 ,O65.000x002,类人猿骨盆难产
18775,表 6-3-152 ,O65.001,变形骨盆难产
18776,表 6-3-152 ,O65.101,均小骨盆难产
18777,表 6-3-152 ,O65.201,骨盆入口狭窄难产
18778,表 6-3-152 ,O65.300x002,男性骨盆难产
18779,表 6-3-152 ,O65.301,漏斗骨盆难产
18780,表 6-3-152 ,O65.401,头盆不称难产
18781,表 6-3-152 ,O65.500x002,子宫瘢痕引起的梗阻性分娩
18782,表 6-3-152 ,O65.501,宫颈水肿难产
18783,表 6-3-152 ,O65.800,母体骨盆异常引起的梗阻性分娩，其他的
18784,表 6-3-152 ,O65.900,母体骨盆异常引起的梗阻性分娩
18785,表 6-3-152 ,O66.001,肩位难产
18786,表 6-3-152 ,O66.101,双胎交锁难产
18787,表 6-3-152 ,O66.201,巨大儿难产
18788,表 6-3-152 ,O66.300x001,联体双胎引起的梗阻性分娩
18789,表 6-3-152 ,O66.300x002,胎儿水肿引起的梗阻性分娩
18790,表 6-3-152 ,O66.300x003,胎儿骶部畸胎瘤引起的梗阻性分娩
18791,表 6-3-152 ,O66.300x004,胎儿脊髓脊膜膨出引起的梗阻性分娩
18792,表 6-3-152 ,O66.300x005,胎儿肿瘤引起的梗阻性分娩
18793,表 6-3-152 ,O66.300x006,胎儿腹水引起的梗阻性分娩
18794,表 6-3-152 ,O66.300x007,胎儿脑积水引起的梗阻性分娩
18795,表 6-3-152 ,O66.401,试产失败后剖宫产
18796,表 6-3-152 ,O66.500x001,真空吸引器应用失败
18797,表 6-3-152 ,O66.500x002,产钳应用失败
18798,表 6-3-152 ,O66.800,梗阻性分娩，其他特指的
18799,表 6-3-152 ,O66.901,难产
18800,表 6-3-152 ,O67.000,产时出血伴有凝血缺陷
18801,表 6-3-152 ,O67.000x002,分娩期弥散性血管内凝血
18802,表 6-3-152 ,O67.800,产时出血，其他的
18803,表 6-3-152 ,O67.900,产时出血
18804,表 6-3-152 ,O68.001,分娩并发胎儿心动过速
18805,表 6-3-152 ,O68.002,分娩并发胎儿心率异常
18806,表 6-3-152 ,O68.003,急性胎心型胎儿宫内窘迫
18807,表 6-3-152 ,O68.101,急性羊水型胎儿宫内窘迫
18808,表 6-3-152 ,O68.201,急性混合型胎儿宫内窘迫
18809,表 6-3-152 ,O68.300x001,分娩伴胎儿酸碱平衡紊乱
18810,表 6-3-152 ,O68.800,产程和分娩并发胎儿应激反应的其他证据
18811,表 6-3-152 ,O68.901,急性胎儿宫内窘迫
18812,表 6-3-152 ,O69.001,脐带脱垂
18813,表 6-3-152 ,O69.002,脐带先露
18814,表 6-3-152 ,O69.101,脐带绕颈
18815,表 6-3-152 ,O69.200,产程和分娩并发其他脐带缠绕
18816,表 6-3-152 ,O69.200x006,脐带狭窄
18817,表 6-3-152 ,O69.200x007,脐带扭转
18818,表 6-3-152 ,O69.201,脐带过长
18819,表 6-3-152 ,O69.202,脐带绕臂
18820,表 6-3-152 ,O69.203,脐带绕踝
18821,表 6-3-152 ,O69.204,脐带绕肩
18822,表 6-3-152 ,O69.205,脐带绕身
18823,表 6-3-152 ,O69.206,脐带绕手
18824,表 6-3-152 ,O69.207,脐带绕腿
18825,表 6-3-152 ,O69.208,脐带真结
18826,表 6-3-152 ,O69.209,双胎脐带缠绕
18827,表 6-3-152 ,O69.210,脐带假结
18828,表 6-3-152 ,O69.301,脐带过短
18829,表 6-3-152 ,O69.400,产程和分娩并发前置血管
18830,表 6-3-152 ,O69.401,脐带血管前置
18831,表 6-3-152 ,O69.500x003,脐带血栓形成
18832,表 6-3-152 ,O69.500x004,脐带静脉曲张
18833,表 6-3-152 ,O69.501,脐带挫伤
18834,表 6-3-152 ,O69.503,脐带血肿
18835,表 6-3-152 ,O69.800x004,脐带水肿
18836,表 6-3-152 ,O69.800x005,脐带绕颈不伴受压
18837,表 6-3-152 ,O69.802,脐带囊肿
18838,表 6-3-152 ,O69.804,脐带帆状附着
18839,表 6-3-152 ,O69.900x001,分娩伴脐带并发症
18840,表 6-3-152 ,O70.000,分娩时Ⅰ度会阴裂伤
18841,表 6-3-152 ,O70.000x002,分娩时会阴裂伤累及阴唇系带
18842,表 6-3-152 ,O70.000x003,分娩时会阴裂伤累及皮肤
18843,表 6-3-152 ,O70.000x005,分娩时会阴裂伤累及阴道
18844,表 6-3-152 ,O70.100,分娩时Ⅱ度会阴裂伤
18845,表 6-3-152 ,O70.100x002,分娩时会阴裂伤累及盆底
18846,表 6-3-152 ,O70.100x003,分娩时会阴裂伤累及会阴肌肉
18847,表 6-3-152 ,O70.100x004,分娩时会阴裂伤累及阴道肌肉
18848,表 6-3-152 ,O70.100x005,分娩时会阴-阴道复杂裂伤
18849,表 6-3-152 ,O70.200,分娩时Ⅲ度会阴裂伤
18850,表 6-3-152 ,O70.200x001,分娩时会阴裂伤累及阴道直肠隔
18851,表 6-3-152 ,O70.200x003,分娩时会阴裂伤累及肛门括约肌
18852,表 6-3-152 ,O70.300,分娩时Ⅳ度会阴裂伤
18853,表 6-3-152 ,O70.300x001,分娩时会阴裂伤累及肛门粘膜
18854,表 6-3-152 ,O70.300x002,分娩时会阴裂伤累及直肠粘膜
18855,表 6-3-152 ,O70.900,分娩时会阴裂伤
18856,表 6-3-152 ,O71.001,分娩前子宫破裂
18857,表 6-3-152 ,O71.100x001,分娩期子宫破裂
18858,表 6-3-152 ,O71.101,分娩中不完性子宫破裂
18859,表 6-3-152 ,O71.200,产后子宫内翻
18860,表 6-3-152 ,O71.201,产后子宫外翻
18861,表 6-3-152 ,O71.202,分娩并发子宫内翻
18862,表 6-3-152 ,O71.301,产伤性宫颈裂伤
18863,表 6-3-152 ,O71.400,产科高位阴道裂伤
18864,表 6-3-152 ,O71.401,产伤性中上三分之一阴道裂伤
18865,表 6-3-152 ,O71.402,产伤性阴道后穹隆裂伤
18866,表 6-3-152 ,O71.403,分娩伴阴道沟裂伤
18867,表 6-3-152 ,O71.500,伤及盆腔器官的其他产科损伤
18868,表 6-3-152 ,O71.500x004,分娩伴盆腔器官损伤
18869,表 6-3-152 ,O71.501,产伤性膀胱损伤
18870,表 6-3-152 ,O71.502,产伤性尿道裂伤
18871,表 6-3-152 ,O71.600,伤及骨盆关节和韧带的产科损害
18872,表 6-3-152 ,O71.601,产伤性耻骨联合分离
18873,表 6-3-152 ,O71.700x001,分娩伴阔韧带血肿
18874,表 6-3-152 ,O71.700x002,分娩伴子宫壁血肿
18875,表 6-3-152 ,O71.701,产伤性会阴血肿
18876,表 6-3-152 ,O71.702,产伤性盆腔血肿
18877,表 6-3-152 ,O71.703,产伤性外阴血肿
18878,表 6-3-152 ,O71.704,产伤性阴道血肿
18879,表 6-3-152 ,O71.801,产伤性腹直肌分离
18880,表 6-3-152 ,O71.802,产伤性腰骶神经根损害
18881,表 6-3-152 ,O71.900,产科创伤
18882,表 6-3-152 ,O72.000,第三产程出血
18883,表 6-3-152 ,O72.000x003,胎盘嵌顿伴出血
18884,表 6-3-152 ,O72.001,胎盘粘连伴出血
18885,表 6-3-152 ,O72.002,胎盘滞留伴出血
18886,表 6-3-152 ,O72.003,胎盘植入伴出血
18887,表 6-3-152 ,O72.100,即刻产后出血，其他的
18888,表 6-3-152 ,O72.101,产后即时出血
18889,表 6-3-152 ,O72.201,胎膜滞留伴出血
18890,表 6-3-152 ,O72.202,延迟性产后出血
18891,表 6-3-152 ,O72.300,产后凝血缺陷
18892,表 6-3-152 ,O72.300x002,产后纤维蛋白原缺乏血症
18893,表 6-3-152 ,O72.300x003,产后纤维蛋白溶解
18894,表 6-3-152 ,O72.301,产后播散性血管内凝血
18895,表 6-3-152 ,O73.000,胎盘滞留不伴有出血
18896,表 6-3-152 ,O73.001,胎盘粘连不伴出血
18897,表 6-3-152 ,O73.002,胎盘植入不伴出血
18898,表 6-3-152 ,O73.101,胎膜滞留不伴出血
18899,表 6-3-152 ,O73.102,胎盘部分滞留不伴出血
18900,表 6-3-152 ,O74.000x001,分娩期麻醉引起的吸入性肺炎
18901,表 6-3-152 ,O74.000x002,分娩期麻醉相关的门德尔松综合征
18902,表 6-3-152 ,O74.100,产程和分娩期间麻醉的其他肺部并发症
18903,表 6-3-152 ,O74.200x001,分娩期麻醉相关的心脏停搏
18904,表 6-3-152 ,O74.200x002,分娩期麻醉相关的心力衰竭
18905,表 6-3-152 ,O74.300,产程和分娩期间麻醉的中枢神经系统并发症
18906,表 6-3-152 ,O74.400,产程和分娩期间局部麻醉的毒性反应
18907,表 6-3-152 ,O74.500,产程和分娩期间脊髓和硬膜外麻醉诱发的头痛
18908,表 6-3-152 ,O74.600,产程和分娩期间脊髓和硬膜外麻醉的其他并发症
18909,表 6-3-152 ,O74.700,产程和分娩期间插管失败或困难
18910,表 6-3-152 ,O74.800,产程和分娩期间麻醉的其他并发症
18911,表 6-3-152 ,O74.900x001,分娩期麻醉并发症
18912,表 6-3-152 ,O75.000,产程和分娩期间母体窘迫
18913,表 6-3-152 ,O75.101,产科休克
18914,表 6-3-152 ,O75.200,产程期间发热，不可归类在他处者
18915,表 6-3-152 ,O75.300x001,分娩期脓毒症
18916,表 6-3-152 ,O75.300x002,分娩期宫内感染
18917,表 6-3-152 ,O75.401,产科术后心脏停搏
18918,表 6-3-152 ,O75.402,产科术中心脏停搏
18919,表 6-3-152 ,O75.403,分娩伴心力衰竭
18920,表 6-3-152 ,O75.500,人工破膜后分娩延迟
18921,表 6-3-152 ,O75.600,自发或未特指的破膜后分娩延迟
18922,表 6-3-152 ,O75.700x001,剖宫产后阴道分娩
18923,表 6-3-152 ,O75.800x002,分娩期血尿
18924,表 6-3-152 ,O75.800x004,分娩期子宫颈水肿
18925,表 6-3-152 ,O75.801,产后尿潴留
18926,表 6-3-152 ,O75.900,产程和分娩并发症
18927,表 6-3-153 ,O80.000,头位顺产
18928,表 6-3-153 ,O80.100,臀位顺产
18929,表 6-3-153 ,O80.800,单胎顺产，其他的
18930,表 6-3-153 ,O80.900,单胎顺产
18931,表 6-3-153 ,O81.000,低位产钳术
18932,表 6-3-153 ,O81.100,中位产钳术
18933,表 6-3-153 ,O81.200,中位产钳术伴有旋转
18934,表 6-3-153 ,O81.301,产钳助产
18935,表 6-3-153 ,O81.401,吸引器助产分娩
18936,表 6-3-153 ,O81.500,同时借助产钳和真空吸引器分娩
18937,表 6-3-153 ,O82.000,经选择性剖宫产术的分娩
18938,表 6-3-153 ,O82.100,经急症剖宫产术的分娩
18939,表 6-3-153 ,O82.201,经剖宫产子宫切除术的单胎分娩
18940,表 6-3-153 ,O82.800,经其他剖宫产术的单胎分娩
18941,表 6-3-153 ,O82.900,经剖宫产术分娩
18942,表 6-3-153 ,O83.000,胎臀牵引术
18943,表 6-3-153 ,O83.101,臀位助产的单胎分娩
18944,表 6-3-153 ,O83.200,"手法助产的分娩,其他的"
18945,表 6-3-153 ,O83.300,腹腔妊娠中能活胎儿的分娩
18946,表 6-3-153 ,O83.400,毁胎手术分娩
18947,表 6-3-153 ,O83.800,助产的单胎分娩，其他特指的
18948,表 6-3-153 ,O83.900,助产的单胎分娩
18949,表 6-3-153 ,O84.000,多胎分娩均为顺产
18950,表 6-3-153 ,O84.100,多胎分娩均借助产钳和真空吸引器
18951,表 6-3-153 ,O84.200,多胎分娩均经剖宫产术
18952,表 6-3-153 ,O84.800,多胎分娩，其他的
18953,表 6-3-153 ,O84.900,多胎分娩
18954,表 6-3-154 ,O85.x00,产褥期脓毒病
18955,表 6-3-154 ,O85.x00x006,产褥期菌血症
18956,表 6-3-154 ,O85.x01,产褥期腹膜炎
18957,表 6-3-154 ,O85.x03,产褥期子宫内膜炎
18958,表 6-3-154 ,O86.000,产科手术伤口的感染
18959,表 6-3-154 ,O86.001,分娩后会阴切口感染
18960,表 6-3-154 ,O86.002,剖宫产后伤口感染
18961,表 6-3-154 ,O86.100x002,产褥期子宫颈炎
18962,表 6-3-154 ,O86.101,产褥期输卵管-卵巢炎
18963,表 6-3-154 ,O86.102,产褥期阴道炎
18964,表 6-3-154 ,O86.201,产褥期泌尿系感染
18965,表 6-3-154 ,O86.300x001,产褥期泌尿生殖道感染
18966,表 6-3-154 ,O86.400x001,产褥病率
18967,表 6-3-154 ,O86.401,产褥期不明原因发热
18968,表 6-3-154 ,O86.402,产褥期未特指的感染
18969,表 6-3-154 ,O86.800x001,剖宫产后腹内感染
18970,表 6-3-154 ,O86.801,产褥期丹毒
18971,表 6-3-154 ,O86.802,产褥期盆腔炎
18972,表 6-3-154 ,O87.000,产褥期血栓性浅静脉炎
18973,表 6-3-154 ,O87.100,产褥期深静脉血栓形成
18974,表 6-3-154 ,O87.200,产褥期痔
18975,表 6-3-154 ,O87.300,产褥期大脑静脉血栓形成
18976,表 6-3-154 ,O87.301,产褥期大脑静脉窦血栓形成
18977,表 6-3-154 ,O87.801,产褥期外阴静脉曲张
18978,表 6-3-154 ,O87.802,产褥期下肢静脉曲张
18979,表 6-3-154 ,O87.900,产褥期的静脉并发症
18980,表 6-3-154 ,O87.900x003,产褥期血栓形成
18981,表 6-3-154 ,O87.901,产褥期静脉炎
18982,表 6-3-154 ,O88.000,产科空气栓塞
18983,表 6-3-154 ,O88.100,羊水栓塞
18984,表 6-3-154 ,O88.101,妊娠过敏样综合征
18985,表 6-3-154 ,O88.200,产科血凝块栓塞
18986,表 6-3-154 ,O88.201,产科肺栓塞
18987,表 6-3-154 ,O88.300x001,产科脓血性栓塞
18988,表 6-3-154 ,O88.300x002,产科脓毒性栓塞
18989,表 6-3-154 ,O88.800x001,产科脂肪栓塞
18990,表 6-3-154 ,O89.000x001,产褥期麻醉相关的吸入性肺炎
18991,表 6-3-154 ,O89.000x002,产褥期麻醉相关的胃内容物或分泌物吸入
18992,表 6-3-154 ,O89.000x003,产褥期麻醉相关的门德尔松综合征
18993,表 6-3-154 ,O89.000x004,产褥期麻醉相关的肺压力性萎陷
18994,表 6-3-154 ,O89.100x001,产褥期麻醉相关的心脏停搏
18995,表 6-3-154 ,O89.100x002,产褥期麻醉相关的心力衰竭
18996,表 6-3-154 ,O89.200,产褥期中麻醉的中枢神经系统并发症
18997,表 6-3-154 ,O89.300,产褥期中局部麻醉的中毒反应
18998,表 6-3-154 ,O89.400,产褥期中脊髓和硬膜外麻醉诱发的头痛
18999,表 6-3-154 ,O89.500,产褥期中脊髓和硬膜外麻醉的其他并发症
19000,表 6-3-154 ,O89.600,产褥期中插管失败或困难
19001,表 6-3-154 ,O89.800,产褥期中麻醉的其他并发症
19002,表 6-3-154 ,O89.900,产褥期中麻醉并发症
19003,表 6-3-154 ,O90.000,剖宫产术的伤口破裂
19004,表 6-3-154 ,O90.101,产褥期继发性会阴撕裂
19005,表 6-3-154 ,O90.102,会阴切开伤口裂开
19006,表 6-3-154 ,O90.201,产后会阴伤口血肿
19007,表 6-3-154 ,O90.202,产后阴道伤口血肿
19008,表 6-3-154 ,O90.300,产褥期心肌病
19009,表 6-3-154 ,O90.400,产后急性肾衰竭
19010,表 6-3-154 ,O90.400x002,产褥期肝肾综合征
19011,表 6-3-154 ,O90.500,产后甲状腺炎
19012,表 6-3-154 ,O90.800x004,产褥期尿潴留
19013,表 6-3-154 ,O90.800x005,产褥期肾炎
19014,表 6-3-154 ,O90.800x006,产褥期胎盘息肉
19015,表 6-3-154 ,O90.800x007,剖宫产后子宫切口愈合不良
19016,表 6-3-154 ,O90.800x008,会阴侧切伤口愈合不良
19017,表 6-3-154 ,O90.800x009,会阴裂伤伤口愈合不良
19018,表 6-3-154 ,O90.801,产后子宫复旧不良
19019,表 6-3-154 ,O90.802,剖宫产后伤口愈合不良
19020,表 6-3-154 ,O90.900,产褥期并发症
19021,表 6-3-154 ,O91.000,与分娩有关的乳头感染
19022,表 6-3-154 ,O91.001,产褥期乳头感染
19023,表 6-3-154 ,O91.100x001,妊娠期化脓性乳腺炎
19024,表 6-3-154 ,O91.101,产褥期乳腺脓肿
19025,表 6-3-154 ,O91.102,产褥期化脓性乳腺炎
19026,表 6-3-154 ,O91.200x001,妊娠期实质性乳腺炎
19027,表 6-3-154 ,O91.200x003,妊娠期间质性乳腺炎
19028,表 6-3-154 ,O91.200x004,妊娠期乳房淋巴管炎
19029,表 6-3-154 ,O91.200x005,产褥期实质性乳腺炎
19030,表 6-3-154 ,O91.200x007,产褥期间质性乳腺炎
19031,表 6-3-154 ,O91.200x008,产褥期乳房淋巴管炎
19032,表 6-3-154 ,O91.201,产褥期乳腺炎
19033,表 6-3-154 ,O91.202,妊娠期乳腺炎
19034,表 6-3-154 ,O92.000,与分娩有关的乳头内缩
19035,表 6-3-154 ,O92.100,与分娩有关的乳头皲裂
19036,表 6-3-154 ,O92.100x001,产褥期乳头皲裂
19037,表 6-3-154 ,O92.200,与分娩有关的乳房其他和未特指的疾患
19038,表 6-3-154 ,O92.300,无乳
19039,表 6-3-154 ,O92.400,乳汁过少
19040,表 6-3-154 ,O92.500x001,治疗性无乳
19041,表 6-3-154 ,O92.500x002,继发性无乳
19042,表 6-3-154 ,O92.600,乳溢
19043,表 6-3-154 ,O92.700,哺乳的其他和未特指的疾患
19044,表 6-3-154 ,O92.700x002,产褥期乳汁淤积
19045,表 6-3-154 ,O92.701,产褥期积乳囊肿
19046,表 6-3-155 ,O94.x00,妊娠、分娩和产褥期并发症的后遗症
19047,表 6-3-155 ,O95.x00,产科死亡
19048,表 6-3-155 ,O96.000,直接产科原因的死亡，发生于分娩后42天以上一年以内
19049,表 6-3-155 ,O96.100,间接产科原因的死亡，发生于分娩后42天以上一年以内
19050,表 6-3-155 ,O96.900,未特指产科原因的死亡，发生于分娩后42天以上一年以内
19051,表 6-3-155 ,O97.000,直接产科原因后遗症的死亡
19052,表 6-3-155 ,O97.100,间接产科原因后遗症的死亡
19053,表 6-3-155 ,O97.900,产科原因后遗症的死亡
19054,表 6-3-155 ,O98.000,结核并发于妊娠、分娩和产褥期
19055,表 6-3-155 ,O98.000x021,分娩合并结核病
19056,表 6-3-155 ,O98.000x031,产褥期结核病
19057,表 6-3-155 ,O98.001,妊娠合并结核病
19058,表 6-3-155 ,O98.100,梅毒并发于妊娠、分娩和产褥期
19059,表 6-3-155 ,O98.100x021,分娩合并梅毒
19060,表 6-3-155 ,O98.100x031,产褥期梅毒
19061,表 6-3-155 ,O98.101,妊娠合并梅毒
19062,表 6-3-155 ,O98.200,淋病并发于妊娠、分娩和产褥期
19063,表 6-3-155 ,O98.200x021,分娩合并淋病
19064,表 6-3-155 ,O98.200x031,产褥期淋病
19065,表 6-3-155 ,O98.201,妊娠合并淋病
19066,表 6-3-155 ,O98.300,主要为性传播模式的其他感染并发于妊娠、分娩和产褥期
19067,表 6-3-155 ,O98.300x013,妊娠合并生殖道沙眼衣原体感染
19068,表 6-3-155 ,O98.300x014,妊娠合并泌尿生殖道支原体感染
19069,表 6-3-155 ,O98.301,妊娠合并滴虫性阴道炎
19070,表 6-3-155 ,O98.302,妊娠合并尖锐湿疣
19071,表 6-3-155 ,O98.400x005,妊娠合并乙型丁型病毒性肝炎
19072,表 6-3-155 ,O98.400x011,妊娠合并病毒性肝炎
19073,表 6-3-155 ,O98.400x021,分娩合并病毒性肝炎
19074,表 6-3-155 ,O98.400x031,产褥期病毒性肝炎
19075,表 6-3-155 ,O98.401,妊娠合并甲型肝炎
19076,表 6-3-155 ,O98.402,妊娠合并乙型肝炎
19077,表 6-3-155 ,O98.403,妊娠合并丙型肝炎
19078,表 6-3-155 ,O98.404,妊娠合并戊型肝炎
19079,表 6-3-155 ,O98.406,妊娠合并重症病毒性肝炎
19080,表 6-3-155 ,O98.500,其他病毒性疾病，并发于妊娠、分娩和产褥期
19081,表 6-3-155 ,O98.501,妊娠合并病毒性脑炎
19082,表 6-3-155 ,O98.502,妊娠合并风疹
19083,表 6-3-155 ,O98.503,妊娠合并巨细胞病毒感染
19084,表 6-3-155 ,O98.506,妊娠合并水痘
19085,表 6-3-155 ,O98.600,原虫性疾病并发于妊娠、分娩和产褥期
19086,表 6-3-155 ,O98.600x001,孕妇疟疾
19087,表 6-3-155 ,O98.601,妊娠合并弓形虫病
19088,表 6-3-155 ,O98.700,HIV并发于妊娠、分娩和产褥期
19089,表 6-3-155 ,O98.800,孕产妇其他的传染病和寄生虫病并发于妊娠、分娩和产褥期
19090,表 6-3-155 ,O98.800x002,妊娠合并真菌性阴道炎
19091,表 6-3-155 ,O98.800x007,妊娠合并菌痢
19092,表 6-3-155 ,O98.800x009,妊娠合并沙眼衣原体感染
19093,表 6-3-155 ,O98.800x013,妊娠合并真菌性外阴炎
19094,表 6-3-155 ,O98.800x032,产褥期寄生虫病
19095,表 6-3-155 ,O98.800x033,妊娠合并肺毛霉菌病
19096,表 6-3-155 ,O98.800x035,妊娠合并急性胃肠炎
19097,表 6-3-155 ,O98.800x036,妊娠合并肠炎
19098,表 6-3-155 ,O98.800x037,妊娠合并腹泻
19099,表 6-3-155 ,O98.801,妊娠合并脓毒症
19100,表 6-3-155 ,O98.802,妊娠合并花斑癣
19101,表 6-3-155 ,O98.803,妊娠合并脊髓灰质炎后遗症
19102,表 6-3-155 ,O98.804,妊娠合并菌血症
19103,表 6-3-155 ,O98.805,妊娠合并利斯特菌病
19104,表 6-3-155 ,O98.806,妊娠合并霉菌性阴道炎
19105,表 6-3-155 ,O98.808,妊娠合并阴道溶血性链球菌感染
19106,表 6-3-155 ,O98.809,妊娠合并阴虱
19107,表 6-3-155 ,O98.810,妊娠合并急性传染性肠胃炎
19108,表 6-3-155 ,O98.811,妊娠合并传染性肠炎
19109,表 6-3-155 ,O98.900,孕产妇的传染病或寄生虫病并发于妊娠、分娩和产褥期
19110,表 6-3-155 ,O99.000x021,分娩合并贫血
19111,表 6-3-155 ,O99.000x031,产褥期贫血
19112,表 6-3-155 ,O99.002,妊娠合并全血细胞减少
19113,表 6-3-155 ,O99.003,妊娠合并再生障碍性贫血
19114,表 6-3-155 ,O99.004,妊娠合并地中海贫血
19115,表 6-3-155 ,O99.005,妊娠合并轻度贫血
19116,表 6-3-155 ,O99.006,妊娠合并中度贫血
19117,表 6-3-155 ,O99.007,妊娠合并重度贫血
19118,表 6-3-155 ,O99.008,妊娠合并贫血
19119,表 6-3-155 ,O99.100x005,妊娠合并白细胞减少
19120,表 6-3-155 ,O99.100x012,妊娠合并血液和造血器官疾病
19121,表 6-3-155 ,O99.100x013,妊娠合并涉及免疫机制疾患
19122,表 6-3-155 ,O99.100x022,分娩合并血液和造血器官疾病
19123,表 6-3-155 ,O99.100x023,分娩合并涉及免疫机制疾患
19124,表 6-3-155 ,O99.100x032,产褥期血液和造血器官疾病
19125,表 6-3-155 ,O99.100x033,产褥期涉及免疫机制疾患
19126,表 6-3-155 ,O99.101,妊娠合并血小板减少
19127,表 6-3-155 ,O99.102,妊娠合并血小板减少性紫癜
19128,表 6-3-155 ,O99.103,妊娠合并过敏性紫癜
19129,表 6-3-155 ,O99.104,妊娠合并血友病
19130,表 6-3-155 ,O99.105,妊娠合并凝血功能异常
19131,表 6-3-155 ,O99.106,妊娠合并脾功能亢进
19132,表 6-3-155 ,O99.107,妊娠合并家族性红细胞增多症
19133,表 6-3-155 ,O99.108,妊娠合并类白血病反应
19134,表 6-3-155 ,O99.109,妊娠合并抗磷脂抗体综合征
19135,表 6-3-155 ,O99.200x002,妊娠合并多囊卵巢
19136,表 6-3-155 ,O99.200x011,妊娠合并内分泌、营养和代谢疾病
19137,表 6-3-155 ,O99.200x014,产褥期低蛋白血症
19138,表 6-3-155 ,O99.200x017,妊娠合并低钠血症
19139,表 6-3-155 ,O99.200x018,妊娠合并单纯性肥胖
19140,表 6-3-155 ,O99.200x021,分娩合并内分泌、营养和代谢疾病
19141,表 6-3-155 ,O99.200x031,产褥期内分泌、营养和代谢疾病
19142,表 6-3-155 ,O99.201,妊娠合并21-羟化酶缺乏症
19143,表 6-3-155 ,O99.202,妊娠合并垂体侏儒
19144,表 6-3-155 ,O99.203,妊娠合并代谢性酸中毒
19145,表 6-3-155 ,O99.204,妊娠合并低蛋白血症
19146,表 6-3-155 ,O99.205,妊娠合并低钾血症
19147,表 6-3-155 ,O99.206,妊娠合并杜宾-约翰逊综合征
19148,表 6-3-155 ,O99.207,妊娠合并肥胖症
19149,表 6-3-155 ,O99.208,妊娠合并肝豆状核变性
19150,表 6-3-155 ,O99.209,妊娠合并高胆红素血症
19151,表 6-3-155 ,O99.210,妊娠合并高泌乳素血症
19152,表 6-3-155 ,O99.211,妊娠合并高雄激素血症
19153,表 6-3-155 ,O99.212,妊娠合并高脂血症
19154,表 6-3-155 ,O99.213,妊娠合并饥饿性酮症
19155,表 6-3-155 ,O99.214,妊娠合并甲状旁腺功能减退
19156,表 6-3-155 ,O99.215,妊娠合并甲状腺功能减退
19157,表 6-3-155 ,O99.216,妊娠合并甲状腺功能亢进
19158,表 6-3-155 ,O99.217,妊娠合并甲状腺功能障碍
19159,表 6-3-155 ,O99.218,妊娠合并甲状腺炎
19160,表 6-3-155 ,O99.219,妊娠合并甲状腺肿
19161,表 6-3-155 ,O99.220,妊娠合并库欣综合征
19162,表 6-3-155 ,O99.221,妊娠合并尿崩症
19163,表 6-3-155 ,O99.222,妊娠合并肾上腺皮质功能减退
19164,表 6-3-155 ,O99.223,妊娠合并肾上腺肿物
19165,表 6-3-155 ,O99.224,妊娠合并先天性肾上腺皮质增生
19166,表 6-3-155 ,O99.225,妊娠合并原发性醛固酮增多症
19167,表 6-3-155 ,O99.300x012,妊娠合并神经系统疾病
19168,表 6-3-155 ,O99.300x016,妊娠合并颅内动脉瘤
19169,表 6-3-155 ,O99.300x021,分娩合并精神和行为障碍
19170,表 6-3-155 ,O99.300x022,分娩合并神经系统疾病
19171,表 6-3-155 ,O99.300x031,产褥期合并精神障碍
19172,表 6-3-155 ,O99.300x032,产褥期神经系统疾病
19173,表 6-3-155 ,O99.301,妊娠合并多发性脑神经疾病
19174,表 6-3-155 ,O99.302,妊娠合并脑白质病
19175,表 6-3-155 ,O99.303,妊娠合并脊髓病
19176,表 6-3-155 ,O99.304,妊娠合并面神经麻痹
19177,表 6-3-155 ,O99.305,妊娠合并面神经炎
19178,表 6-3-155 ,O99.306,妊娠合并癫痫
19179,表 6-3-155 ,O99.307,妊娠合并焦虑症
19180,表 6-3-155 ,O99.308,妊娠合并截瘫
19181,表 6-3-155 ,O99.309,妊娠合并脑瘫
19182,表 6-3-155 ,O99.310,妊娠合并重症肌无力
19183,表 6-3-155 ,O99.311,妊娠合并精神病
19184,表 6-3-155 ,O99.312,妊娠合并精神障碍
19185,表 6-3-155 ,O99.313,妊娠合并强迫症
19186,表 6-3-155 ,O99.314,妊娠合并智力障碍
19187,表 6-3-155 ,O99.315,妊娠合并多发性硬化
19188,表 6-3-155 ,O99.400x004,妊娠合并肺动脉高压
19189,表 6-3-155 ,O99.400x008,妊娠合并心力衰竭
19190,表 6-3-155 ,O99.400x010,妊娠合并大动脉炎
19191,表 6-3-155 ,O99.400x011,妊娠合并循环系统疾病
19192,表 6-3-155 ,O99.400x021,分娩合并循环系统疾病
19193,表 6-3-155 ,O99.400x022,妊娠合并交界性心动过速
19194,表 6-3-155 ,O99.400x023,妊娠合并左心衰竭
19195,表 6-3-155 ,O99.400x027,妊娠合并心房颤动(心房纤颤)
19196,表 6-3-155 ,O99.400x030,妊娠合并心室肥厚
19197,表 6-3-155 ,O99.400x031,妊娠合并感染性心包炎
19198,表 6-3-155 ,O99.400x032,产褥期肺动脉高压
19199,表 6-3-155 ,O99.400x033,妊娠合并急性心肌梗死
19200,表 6-3-155 ,O99.400x034,产褥期循环系统疾病
19201,表 6-3-155 ,O99.401,产褥期脑血管病
19202,表 6-3-155 ,O99.402,产褥期心功能不全
19203,表 6-3-155 ,O99.403,妊娠合并窦性心动过速
19204,表 6-3-155 ,O99.404,妊娠合并二尖瓣关闭不全
19205,表 6-3-155 ,O99.405,妊娠合并二尖瓣脱垂
19206,表 6-3-155 ,O99.406,妊娠合并房性期前收缩
19207,表 6-3-155 ,O99.407,妊娠合并频发室性期前收缩
19208,表 6-3-155 ,O99.408,妊娠合并风湿性心脏病
19209,表 6-3-155 ,O99.409,妊娠合并冠状动脉供血不足
19210,表 6-3-155 ,O99.410,妊娠合并室上性心动过速
19211,表 6-3-155 ,O99.411,妊娠合并室性心动过速
19212,表 6-3-155 ,O99.412,妊娠合并室性期前收缩
19213,表 6-3-155 ,O99.413,妊娠合并心包积液
19214,表 6-3-155 ,O99.414,妊娠合并心功能不全
19215,表 6-3-155 ,O99.415,妊娠合并心肌病
19216,表 6-3-155 ,O99.416,妊娠合并心肌炎后遗症
19217,表 6-3-155 ,O99.418,妊娠合并心律失常
19218,表 6-3-155 ,O99.419,妊娠合并心血管病
19219,表 6-3-155 ,O99.420,妊娠合并心脏病
19220,表 6-3-155 ,O99.421,妊娠合并心脏扩大
19221,表 6-3-155 ,O99.422,妊娠合并右束支传导阻滞
19222,表 6-3-155 ,O99.423,妊娠合并预激综合征
19223,表 6-3-155 ,O99.424,妊娠合并左束支传导阻滞
19224,表 6-3-155 ,O99.425,妊娠合并风湿性关节炎
19225,表 6-3-155 ,O99.426,妊娠合并肾下腔静脉压迫
19226,表 6-3-155 ,O99.427,妊娠合并血栓形成
19227,表 6-3-155 ,O99.428,妊娠合并原发性肺动脉高压
19228,表 6-3-155 ,O99.429,妊娠合并颈动脉狭窄
19229,表 6-3-155 ,O99.430,妊娠合并脑出血
19230,表 6-3-155 ,O99.431,妊娠合并脑梗死
19231,表 6-3-155 ,O99.432,妊娠合并脑血管病
19232,表 6-3-155 ,O99.433,妊娠合并烟雾病
19233,表 6-3-155 ,O99.434,妊娠合并子宫动静脉瘘
19234,表 6-3-155 ,O99.500x008,产后并发急性肺水肿
19235,表 6-3-155 ,O99.500x011,妊娠合并呼吸系统疾病
19236,表 6-3-155 ,O99.500x021,分娩合并呼吸系统疾病
19237,表 6-3-155 ,O99.500x031,产褥期呼吸系统疾病
19238,表 6-3-155 ,O99.501,妊娠合并慢性气管炎
19239,表 6-3-155 ,O99.502,妊娠合并支气管扩张
19240,表 6-3-155 ,O99.503,妊娠合并支气管炎
19241,表 6-3-155 ,O99.504,妊娠期合并支气管哮喘
19242,表 6-3-155 ,O99.505,妊娠合并肺不张
19243,表 6-3-155 ,O99.506,妊娠合并肺部感染
19244,表 6-3-155 ,O99.507,妊娠合并肺水肿
19245,表 6-3-155 ,O99.508,妊娠合并过敏性哮喘
19246,表 6-3-155 ,O99.509,妊娠合并呼吸衰竭
19247,表 6-3-155 ,O99.510,妊娠合并上呼吸道感染
19248,表 6-3-155 ,O99.511,妊娠合并胸水
19249,表 6-3-155 ,O99.512,妊娠合并急性呼吸窘迫综合征
19250,表 6-3-155 ,O99.600x001,妊娠合并急性阑尾炎
19251,表 6-3-155 ,O99.600x011,妊娠合并消化系统疾病
19252,表 6-3-155 ,O99.600x012,妊娠合并胃痉挛
19253,表 6-3-155 ,O99.600x014,妊娠合并牙髓炎
19254,表 6-3-155 ,O99.600x016,产褥期肠梗阻
19255,表 6-3-155 ,O99.600x017,产褥期不完全性肠梗阻
19256,表 6-3-155 ,O99.600x018,妊娠合并非感染性腹泻
19257,表 6-3-155 ,O99.600x021,分娩合并消化系统疾病
19258,表 6-3-155 ,O99.600x031,产褥期消化系统疾病
19259,表 6-3-155 ,O99.601,妊娠合并上消化道出血
19260,表 6-3-155 ,O99.602,妊娠合并牙周炎
19261,表 6-3-155 ,O99.603,妊娠合并急性胃炎
19262,表 6-3-155 ,O99.604,妊娠合并胃炎
19263,表 6-3-155 ,O99.605,妊娠合并出血性胃炎
19264,表 6-3-155 ,O99.607,妊娠合并肠梗阻
19265,表 6-3-155 ,O99.609,妊娠合并小肠疝
19266,表 6-3-155 ,O99.610,妊娠合并阑尾穿孔
19267,表 6-3-155 ,O99.611,妊娠合并阑尾炎
19268,表 6-3-155 ,O99.614,妊娠合并门脉高压
19269,表 6-3-155 ,O99.615,妊娠合并胆囊结石
19270,表 6-3-155 ,O99.616,妊娠合并胆囊息肉
19271,表 6-3-155 ,O99.617,妊娠合并胆囊炎
19272,表 6-3-155 ,O99.618,妊娠合并硬化性胆管炎
19273,表 6-3-155 ,O99.619,妊娠合并急性胰腺炎
19274,表 6-3-155 ,O99.620,妊娠合并腹膜囊肿
19275,表 6-3-155 ,O99.621,妊娠合并腹膜炎
19276,表 6-3-155 ,O99.622,妊娠合并肛瘘
19277,表 6-3-155 ,O99.623,妊娠合并腹股沟疝
19278,表 6-3-155 ,O99.624,妊娠合并胃穿孔
19279,表 6-3-155 ,O99.700x006,妊娠合并颈部脓肿
19280,表 6-3-155 ,O99.700x008,妊娠合并瘙痒性毛囊炎
19281,表 6-3-155 ,O99.700x009,妊娠合并瘙痒性荨麻疹性丘疹
19282,表 6-3-155 ,O99.700x010,妊娠合并线状IgM皮病
19283,表 6-3-155 ,O99.700x011,妊娠合并丘疹性皮炎
19284,表 6-3-155 ,O99.700x012,妊娠合并瘙痒性荨麻疹性斑块
19285,表 6-3-155 ,O99.700x013,妊娠合并皮肤和皮下组织的疾病
19286,表 6-3-155 ,O99.700x021,分娩合并皮肤和皮下组织的疾病
19287,表 6-3-155 ,O99.700x031,产褥期皮肤和皮下组织的疾病
19288,表 6-3-155 ,O99.701,妊娠合并过敏性皮炎
19289,表 6-3-155 ,O99.702,妊娠合并黑棘皮病
19290,表 6-3-155 ,O99.703,妊娠合并红皮病
19291,表 6-3-155 ,O99.704,妊娠合并疖肿
19292,表 6-3-155 ,O99.705,妊娠合并结节性红斑
19293,表 6-3-155 ,O99.706,妊娠合并玫瑰糠疹
19294,表 6-3-155 ,O99.707,妊娠合并银屑病
19295,表 6-3-155 ,O99.708,妊娠合并皮炎
19296,表 6-3-155 ,O99.709,妊娠合并荨麻疹
19297,表 6-3-155 ,O99.710,妊娠合并湿疹
19298,表 6-3-155 ,O99.711,妊娠合并痒疹
19299,表 6-3-155 ,O99.800,"疾病和情况，其他特指的,并发于妊娠、分娩和产褥期"
19300,表 6-3-155 ,O99.800x012,妊娠合并原位肿瘤
19301,表 6-3-155 ,O99.800x014,妊娠合并交界性肿瘤
19302,表 6-3-155 ,O99.800x016,妊娠合并垂体瘤
19303,表 6-3-155 ,O99.800x017,妊娠合并骨髓异常增生综合征
19304,表 6-3-155 ,O99.800x018,妊娠合并脑肿瘤
19305,表 6-3-155 ,O99.800x019,妊娠合并血管瘤
19306,表 6-3-155 ,O99.800x021,分娩合并恶性肿瘤
19307,表 6-3-155 ,O99.800x022,分娩合并原位肿瘤
19308,表 6-3-155 ,O99.800x023,分娩合并良性肿瘤
19309,表 6-3-155 ,O99.800x024,分娩合并交界性肿瘤
19310,表 6-3-155 ,O99.800x031,产褥期恶性肿瘤
19311,表 6-3-155 ,O99.800x032,产褥期原位肿瘤
19312,表 6-3-155 ,O99.800x033,产褥期良性肿瘤
19313,表 6-3-155 ,O99.800x034,产褥期交界性肿瘤
19314,表 6-3-155 ,O99.800x111,妊娠合并眼和附器疾病
19315,表 6-3-155 ,O99.800x112,妊娠合并耳和乳突疾病
19316,表 6-3-155 ,O99.800x113,妊娠合并高度近视
19317,表 6-3-155 ,O99.800x114,妊娠合并视网膜病
19318,表 6-3-155 ,O99.800x115,妊娠合并黄斑区囊肿
19319,表 6-3-155 ,O99.800x116,妊娠合并视野缺损
19320,表 6-3-155 ,O99.800x121,分娩合并眼和附器疾病
19321,表 6-3-155 ,O99.800x122,分娩合并耳和乳突疾病
19322,表 6-3-155 ,O99.800x131,产褥期眼和附器疾病
19323,表 6-3-155 ,O99.800x132,产褥期耳和乳突疾病
19324,表 6-3-155 ,O99.800x211,妊娠合并肌肉骨骼系统和结缔组织疾病
19325,表 6-3-155 ,O99.800x213,妊娠合并硬皮病
19326,表 6-3-155 ,O99.800x215,妊娠合并腰椎间盘突出
19327,表 6-3-155 ,O99.800x216,妊娠合并强直性脊柱炎
19328,表 6-3-155 ,O99.800x217,产褥期股内收肌腱炎
19329,表 6-3-155 ,O99.800x221,分娩合并肌肉骨骼系统和结缔组织疾病
19330,表 6-3-155 ,O99.800x231,产褥期肌肉骨骼系统和结缔组织疾病
19331,表 6-3-155 ,O99.800x312,妊娠合并外阴白斑
19332,表 6-3-155 ,O99.800x314,妊娠合并尿道结石
19333,表 6-3-155 ,O99.800x315,妊娠合并肾小管酸中毒
19334,表 6-3-155 ,O99.800x316,妊娠合并输尿管结石
19335,表 6-3-155 ,O99.800x317,妊娠合并外阴营养不良
19336,表 6-3-155 ,O99.800x318,妊娠合并卵巢过度刺激综合征
19337,表 6-3-155 ,O99.800x319,妊娠期前庭大腺囊肿
19338,表 6-3-155 ,O99.800x321,分娩合并泌尿生殖系统疾病
19339,表 6-3-155 ,O99.800x331,产褥期泌尿生殖系统疾病
19340,表 6-3-155 ,O99.800x411,妊娠合并先天性畸形、变形和染色体异常
19341,表 6-3-155 ,O99.800x412,妊娠合并先天性心脏病
19342,表 6-3-155 ,O99.800x413,妊娠合并先天性脑血管畸形
19343,表 6-3-155 ,O99.800x414,妊娠合并先天性房间隔缺损
19344,表 6-3-155 ,O99.800x415,妊娠合并肾畸形
19345,表 6-3-155 ,O99.800x416,妊娠合并先天性脊柱畸形
19346,表 6-3-155 ,O99.800x417,妊娠合并先天性肾缺失
19347,表 6-3-155 ,O99.800x421,分娩合并先天性畸形、变形和染色体异常
19348,表 6-3-155 ,O99.800x431,产褥期先天性畸形、变形和染色体异常
19349,表 6-3-155 ,O99.800x511,妊娠合并糖耐量异常
19350,表 6-3-155 ,O99.801,妊娠合并良性肿瘤
19351,表 6-3-155 ,O99.802,妊娠合并恶性肿瘤
19352,表 6-3-155 ,O99.803,妊娠合并眼疾病
19353,表 6-3-155 ,O99.804,妊娠合并肌肉骨骼疾病
19354,表 6-3-155 ,O99.805,妊娠合并结缔组织疾病
19355,表 6-3-155 ,O99.806,妊娠合并泌尿生殖系统疾病
19356,表 6-3-155 ,O99.807,妊娠合并先天性畸形
19357,表 6-3-155 ,O99.808,妊娠合并染色体异常
19358,表 6-3-155 ,O99.809,妊娠合并白血病
19359,表 6-3-155 ,O99.810,妊娠合并肾结石
19360,表 6-3-155 ,O99.811,妊娠合并系统性红斑狼疮
19361,表 6-3-155 ,O99.812,妊娠合并干燥综合征
19362,表 6-3-155 ,O99.813,妊娠合并风湿病
19363,表 6-3-155 ,O99.814,妊娠合并视网膜剥离
19364,表 6-3-156 ,P00.807,母体系统性红斑狼疮新生儿
19365,表 6-3-157 ,P05.001,低体重儿
19366,表 6-3-157 ,P05.100,小于胎龄
19367,表 6-3-157 ,P05.102,足月小样低体重儿
19368,表 6-3-157 ,P05.200,胎儿营养不良
19369,表 6-3-157 ,P05.900,胎儿生长缓慢
19370,表 6-3-157 ,P05.900x001,胎儿宫内生长迟缓
19371,表 6-3-157 ,P07.000,极低出生体重（小于999克）
19372,表 6-3-157 ,P07.001,极低出生体重儿(500-999克)
19373,表 6-3-157 ,P07.002,极低出生体重儿（小于499克）
19374,表 6-3-157 ,P07.100,其他低出生体重（1000-2499克）
19375,表 6-3-157 ,P07.101,低出生体重儿（1500-2499克）
19376,表 6-3-157 ,P07.102,低出生体重儿（1000-1499克）
19377,表 6-3-157 ,P07.200,极度不成熟
19378,表 6-3-157 ,P07.200x011,未成熟儿(孕期小于24整周)
19379,表 6-3-157 ,P07.200x021,"未成熟儿(孕期等于或大于24整周以上,但小于28整周)"
19380,表 6-3-157 ,P07.300,早产婴儿，其他的
19381,表 6-3-157 ,P07.300x001,早产儿
19382,表 6-3-157 ,P07.300x011,"早产儿(孕期等于或大于28整周,但小于32整周)"
19383,表 6-3-157 ,P07.300x021,"早产儿(孕期等于或大于32整周,但小于37整周)"
19384,表 6-3-157 ,P08.000,特大婴儿
19385,表 6-3-157 ,P08.100x001,大于胎龄儿
19386,表 6-3-157 ,P08.100x002,巨大儿
19387,表 6-3-157 ,P08.200x002,过期产儿
19388,表 6-3-158 ,P10.000,产伤引起的硬膜下出血
19389,表 6-3-158 ,P10.100,产伤引起的大脑出血
19390,表 6-3-158 ,P10.200,产伤引起的脑室内出血
19391,表 6-3-158 ,P10.300,产伤引起的蛛网膜下隙出血
19392,表 6-3-158 ,P10.400,产伤引起的脑幕撕裂
19393,表 6-3-158 ,P10.800,产伤引起的其他颅内撕裂和出血
19394,表 6-3-158 ,P10.901,产伤致新生儿颅内出血
19395,表 6-3-158 ,P11.000,产伤引起的脑水肿
19396,表 6-3-158 ,P11.100,产伤引起的其他特指的脑损害
19397,表 6-3-158 ,P11.101,产伤致新生儿脑白质损伤
19398,表 6-3-158 ,P11.200,产伤引起的脑损害
19399,表 6-3-158 ,P11.300,面神经产伤
19400,表 6-3-158 ,P11.400,脑神经的产伤，其他的
19401,表 6-3-158 ,P11.500x002,新生儿脊髓损伤
19402,表 6-3-158 ,P11.500x003,新生儿脊柱损伤
19403,表 6-3-158 ,P11.900x001,新生儿中枢神经系统损伤
19404,表 6-3-158 ,P12.000x001,新生儿头颅血肿
19405,表 6-3-158 ,P12.100,产伤引起的热带毛孢子菌病
19406,表 6-3-158 ,P12.201,产伤引起的帽状腱膜下血肿
19407,表 6-3-158 ,P12.300,产伤引起的头皮挫伤
19408,表 6-3-158 ,P12.400,新生儿头皮监测性损伤
19409,表 6-3-158 ,P12.801,产伤致新生儿头皮水肿
19410,表 6-3-158 ,P12.900,头皮产伤
19411,表 6-3-158 ,P13.000,产伤引起的颅骨骨折
19412,表 6-3-158 ,P13.100,颅骨的其他产伤
19413,表 6-3-158 ,P13.200,股骨产伤
19414,表 6-3-158 ,P13.300,长骨的产伤，其他的
19415,表 6-3-158 ,P13.301,产伤致新生儿肱骨骨折
19416,表 6-3-158 ,P13.400,产伤引起的锁骨骨折
19417,表 6-3-158 ,P13.800,骨骼其他部位的产伤
19418,表 6-3-158 ,P13.801,产伤致新生儿肋骨骨折
19419,表 6-3-158 ,P13.900,骨骼产伤
19420,表 6-3-158 ,P14.000,产伤引起的埃尔布麻痹
19421,表 6-3-158 ,P14.100,产伤引起的克隆普克麻痹
19422,表 6-3-158 ,P14.200,产伤引起的膈神经麻痹
19423,表 6-3-158 ,P14.300,臂丛神经的产伤，其他的
19424,表 6-3-158 ,P14.800x001,新生儿喉返神经麻痹
19425,表 6-3-158 ,P14.800x002,新生儿桡神经麻痹
19426,表 6-3-158 ,P14.900,周围神经系统的产伤
19427,表 6-3-158 ,P15.000,肝的产伤
19428,表 6-3-158 ,P15.100,脾的产伤
19429,表 6-3-158 ,P15.201,产伤致新生儿斜颈
19430,表 6-3-158 ,P15.300,眼的产伤
19431,表 6-3-158 ,P15.400,面部产伤
19432,表 6-3-158 ,P15.500,外生殖器产伤
19433,表 6-3-158 ,P15.600,产伤引起的皮下脂肪坏死
19434,表 6-3-158 ,P15.800x004,新生儿软组织挤压伤
19435,表 6-3-158 ,P15.801,产伤致新生儿咽部损伤
19436,表 6-3-158 ,P15.802,产伤致新生儿肛门裂伤
19437,表 6-3-158 ,P15.803,产伤致新生儿足挫伤
19438,表 6-3-158 ,P15.804,产伤致新生儿皮肤损伤
19439,表 6-3-158 ,P15.900,产伤
19440,表 6-3-158 ,P15.901,新生儿挤压综合征
19441,表 6-3-159 ,P20.000,在产程开始前首先察觉到的子宫内低氧症
19442,表 6-3-159 ,P20.100,在产程和分娩中首先察觉到的子宫内低氧症
19443,表 6-3-159 ,P20.900,子宫内低氧症
19444,表 6-3-159 ,P20.901,新生儿子宫内低氧酸中毒
19445,表 6-3-159 ,P21.000,严重的出生窒息
19446,表 6-3-159 ,P21.101,新生儿中度出生窒息
19447,表 6-3-159 ,P21.102,新生儿轻度出生窒息
19448,表 6-3-159 ,P21.900,出生窒息
19449,表 6-3-159 ,P21.900x002,新生儿低氧血症
19450,表 6-3-159 ,P22.000,新生儿呼吸窘迫综合征
19451,表 6-3-159 ,P22.000x001,新生儿肺透明膜病
19452,表 6-3-159 ,P22.100x003,新生儿肺水肿
19453,表 6-3-159 ,P22.101,新生儿湿肺
19454,表 6-3-159 ,P22.801,新生儿呼吸困难
19455,表 6-3-159 ,P22.900,新生儿的呼吸窘迫
19456,表 6-3-159 ,P23.000x001,新生儿病毒性肺炎
19457,表 6-3-159 ,P23.100,衣原体性先天性肺炎
19458,表 6-3-159 ,P23.200,葡萄球菌性先天性肺炎
19459,表 6-3-159 ,P23.300,B族链球菌性先天性肺炎
19460,表 6-3-159 ,P23.400,大肠杆菌性先天性肺炎
19461,表 6-3-159 ,P23.500,假单胞菌性先天性肺炎
19462,表 6-3-159 ,P23.600,先天性肺炎，其他细菌性病原体引起的
19463,表 6-3-159 ,P23.600x001,新生儿支原体肺炎
19464,表 6-3-159 ,P23.600x002,新生儿流感嗜血杆菌肺炎
19465,表 6-3-159 ,P23.600x003,新生儿肺炎杆菌肺炎
19466,表 6-3-159 ,P23.600x004,新生儿链球菌肺炎（非B族）
19467,表 6-3-159 ,P23.800,先天性肺炎，其他病原体引起的
19468,表 6-3-159 ,P23.900,先天性肺炎
19469,表 6-3-159 ,P24.001,新生儿胎粪吸入综合征
19470,表 6-3-159 ,P24.002,新生儿胎粪吸入性肺炎
19471,表 6-3-159 ,P24.101,新生儿羊水吸入性肺炎
19472,表 6-3-159 ,P24.102,新生儿羊水吸入综合征
19473,表 6-3-159 ,P24.200,新生儿吸入血液
19474,表 6-3-159 ,P24.300,新生儿吸入奶和反流食物
19475,表 6-3-159 ,P24.800,新生儿吸入综合征，其他的
19476,表 6-3-159 ,P24.900,新生儿吸入综合征
19477,表 6-3-159 ,P24.901,新生儿吸入性肺炎
19478,表 6-3-159 ,P25.000,起源于围生期的间质肺气肿
19479,表 6-3-159 ,P25.100,起源于围生期的气胸
19480,表 6-3-159 ,P25.200,起源于围生期的纵隔气肿
19481,表 6-3-159 ,P25.300,起源于围生期的心包积气
19482,表 6-3-159 ,P25.801,新生儿肺大疱
19483,表 6-3-159 ,P26.000,起源于围生期的气管支气管出血
19484,表 6-3-159 ,P26.100,起源于围生期的大量肺出血
19485,表 6-3-159 ,P26.800,起源于围生期的其他肺出血
19486,表 6-3-159 ,P26.900,起源于围生期的肺出血
19487,表 6-3-159 ,P27.000,威尔逊-米基迪综合征
19488,表 6-3-159 ,P27.000x001,肺发育未成熟
19489,表 6-3-159 ,P27.100,起源于围生期的支气管肺发育不良
19490,表 6-3-159 ,P27.801,新生儿通气机肺
19491,表 6-3-159 ,P27.802,先天性肺纤维化
19492,表 6-3-159 ,P27.900,起源于围生期的慢性呼吸性疾病
19493,表 6-3-159 ,P28.000,新生儿原发性肺不张
19494,表 6-3-159 ,P28.102,新生儿肺不张
19495,表 6-3-159 ,P28.200,新生儿青紫发作
19496,表 6-3-159 ,P28.300,新生儿原发性睡眠呼吸暂停
19497,表 6-3-159 ,P28.301,中枢性新生儿睡眠呼吸暂停
19498,表 6-3-159 ,P28.302,阻塞性新生儿睡眠呼吸暂停
19499,表 6-3-159 ,P28.303,未特指新生儿睡眠呼吸暂停
19500,表 6-3-159 ,P28.400,新生儿的其他呼吸暂停
19501,表 6-3-159 ,P28.401,阻塞性新生儿呼吸暂停
19502,表 6-3-159 ,P28.402,早产儿呼吸暂停
19503,表 6-3-159 ,P28.500,新生儿呼吸衰竭
19504,表 6-3-159 ,P28.800x101,新生儿鼻塞
19505,表 6-3-159 ,P28.800x201,新生儿插管后声门下狭窄
19506,表 6-3-159 ,P28.800x202,新生儿后天性声门下狭窄
19507,表 6-3-159 ,P28.800x901,新生儿周期性呼吸
19508,表 6-3-159 ,P28.800x903,新生儿上呼吸道感染
19509,表 6-3-159 ,P28.801,先天性喉喘鸣
19510,表 6-3-159 ,P28.900,新生儿的呼吸性情况
19511,表 6-3-159 ,P29.000,新生儿心力衰竭
19512,表 6-3-159 ,P29.100,新生儿心律失常
19513,表 6-3-159 ,P29.200,新生儿高血压
19514,表 6-3-159 ,P29.300,持久的胎儿循环
19515,表 6-3-159 ,P29.301,新生儿持续性肺动脉高压
19516,表 6-3-159 ,P29.400,新生儿短暂性心肌缺血
19517,表 6-3-159 ,P29.401,新生儿缺血缺氧性心肌损害
19518,表 6-3-159 ,P29.800x201,新生儿心脏生理性杂音
19519,表 6-3-159 ,P29.800x901,新生儿循环衰竭
19520,表 6-3-159 ,P29.800x902,新生儿心包积液
19521,表 6-3-159 ,P29.802,新生儿低血压
19522,表 6-3-159 ,P29.900,起源于围生期心血管疾患
19523,表 6-3-160 ,P35.000,先天性风疹综合征
19524,表 6-3-160 ,P35.000x001,先天性风疹肺炎
19525,表 6-3-160 ,P35.100,先天性巨细胞病毒感染
19526,表 6-3-160 ,P35.200,先天性疱疹病毒[单纯疱疹]感染
19527,表 6-3-160 ,P35.300,先天性病毒性肝炎
19528,表 6-3-160 ,P35.400,先天性寨卡病毒病
19529,表 6-3-160 ,P35.401,先天性寨卡病毒病引起的小头畸形
19530,表 6-3-160 ,P35.800x001,先天性水痘
19531,表 6-3-160 ,P35.900,先天性病毒性疾病
19532,表 6-3-160 ,P35.900x001,新生儿病毒血症
19533,表 6-3-160 ,P36.000,B族链球菌性新生儿脓毒症
19534,表 6-3-160 ,P36.101,链球菌性新生儿脓毒症
19535,表 6-3-160 ,P36.200,金黄色酿脓葡萄球菌性新生儿脓毒症
19536,表 6-3-160 ,P36.301,葡萄球菌性新生儿脓毒症
19537,表 6-3-160 ,P36.400,大肠杆菌性新生儿脓毒症
19538,表 6-3-160 ,P36.500,厌氧菌性新生儿脓毒症
19539,表 6-3-160 ,P36.800x001,新生儿铜绿假单胞菌脓毒症
19540,表 6-3-160 ,P36.800x002,新生儿肺炎克雷伯菌脓毒症
19541,表 6-3-160 ,P36.800x003,新生儿阴沟肠杆菌脓毒症
19542,表 6-3-160 ,P36.800x004,新生儿不动杆菌脓毒症
19543,表 6-3-160 ,P36.800x005,新生儿枸橼酸杆菌脓毒症
19544,表 6-3-160 ,P36.900,新生儿的细菌性脓毒症
19545,表 6-3-160 ,P36.901,新生儿脓毒症
19546,表 6-3-160 ,P36.902,新生儿菌血症
19547,表 6-3-160 ,P37.000,先天性结核病
19548,表 6-3-160 ,P37.100,先天性弓形虫病
19549,表 6-3-160 ,P37.200,新生儿(播散性)利斯特菌病
19550,表 6-3-160 ,P37.300,先天性恶性疟
19551,表 6-3-160 ,P37.400,先天性疟疾，其他的
19552,表 6-3-160 ,P37.500,新生儿念珠菌病
19553,表 6-3-160 ,P37.800x001,新生儿真菌性脑膜炎
19554,表 6-3-160 ,P37.800x002,新生儿真菌性脓毒症
19555,表 6-3-160 ,P37.900,先天性传染病和寄生虫病
19556,表 6-3-160 ,P37.901,先天性寄生虫病
19557,表 6-3-160 ,P38.x00x001,新生儿脐炎伴有出血
19558,表 6-3-160 ,P38.x01,新生儿脐炎
19559,表 6-3-160 ,P39.000,新生儿感染性乳腺炎
19560,表 6-3-160 ,P39.100x003,新生儿眼炎
19561,表 6-3-160 ,P39.100x004,新生儿结膜炎
19562,表 6-3-160 ,P39.101,新生儿泪囊炎
19563,表 6-3-160 ,P39.102,新生儿衣原体性结膜炎
19564,表 6-3-160 ,P39.200,胎儿羊膜腔内感染，不可归类在他处者
19565,表 6-3-160 ,P39.300,新生儿泌尿道感染
19566,表 6-3-160 ,P39.401,新生儿脓皮病
19567,表 6-3-160 ,P39.402,新生儿皮肤霉菌感染
19568,表 6-3-160 ,P39.403,新生儿臀炎
19569,表 6-3-160 ,P39.800x004,新生儿沙门菌感染
19570,表 6-3-160 ,P39.800x005,新生儿鼠伤寒沙门菌感染
19571,表 6-3-160 ,P39.800x006,新生儿猪霍乱沙门菌感染
19572,表 6-3-160 ,P39.800x007,新生儿梭状芽胞杆菌感染
19573,表 6-3-160 ,P39.800x008,新生儿大肠杆菌感染
19574,表 6-3-160 ,P39.801,新生儿颅内感染
19575,表 6-3-160 ,P39.900,特发于围生期的感染
19576,表 6-3-161 ,P50.000,前置血管所致的胎儿失血
19577,表 6-3-161 ,P50.100,脐带破裂所致的胎儿失血
19578,表 6-3-161 ,P50.200,胎盘所致的胎儿失血
19579,表 6-3-161 ,P50.300,出血流入双胎之另一胎儿
19580,表 6-3-161 ,P50.400,出血流入母体循环
19581,表 6-3-161 ,P50.500,双胎之另一胎儿的脐带断端所致的胎儿失血
19582,表 6-3-161 ,P50.800,胎儿失血，其他的
19583,表 6-3-161 ,P50.900,胎儿失血
19584,表 6-3-161 ,P51.000,新生儿脐带大量出血
19585,表 6-3-161 ,P51.801,新生儿脐带结扎滑脱
19586,表 6-3-161 ,P51.900,新生儿的脐带出血
19587,表 6-3-161 ,P52.000,胎儿和新生儿脑室内(非创伤性)出血，Ⅰ度
19588,表 6-3-161 ,P52.100,胎儿和新生儿脑室内(非创伤性)出血，Ⅱ度
19589,表 6-3-161 ,P52.200x001,新生儿脑室内出血Ⅲ度(非创伤性)
19590,表 6-3-161 ,P52.200x002,新生儿脑室内出血Ⅳ度(非创伤性)
19591,表 6-3-161 ,P52.300,胎儿和新生儿的脑室内(非创伤性)出血
19592,表 6-3-161 ,P52.400,胎儿和新生儿大脑内(非创伤性)出血
19593,表 6-3-161 ,P52.500,胎儿和新生儿蛛网膜下(非创伤性)出血
19594,表 6-3-161 ,P52.600x001,新生儿小脑出血(非创伤性)
19595,表 6-3-161 ,P52.600x002,新生儿后颅凹出血(非创伤性)
19596,表 6-3-161 ,P52.801,非创伤性新生儿硬膜外出血
19597,表 6-3-161 ,P52.802,非创伤性新生儿硬膜下出血
19598,表 6-3-161 ,P52.900,胎儿和新生儿的颅内(非创伤性)出血
19599,表 6-3-161 ,P53.x00x001,新生儿出血病
19600,表 6-3-161 ,P53.x00x002,新生儿维生素K缺乏性出血症
19601,表 6-3-161 ,P54.000,新生儿呕血
19602,表 6-3-161 ,P54.100,新生儿黑粪症
19603,表 6-3-161 ,P54.200,新生儿直肠出血
19604,表 6-3-161 ,P54.300x001,新生儿胃肠道出血
19605,表 6-3-161 ,P54.300x002,新生儿胃出血
19606,表 6-3-161 ,P54.300x003,新生儿肠出血
19607,表 6-3-161 ,P54.400,新生儿肾上腺出血
19608,表 6-3-161 ,P54.500,新生儿皮肤出血
19609,表 6-3-161 ,P54.600,新生儿阴道出血
19610,表 6-3-161 ,P54.800x002,新生儿结膜出血
19611,表 6-3-161 ,P54.800x003,新生儿心包积血
19612,表 6-3-161 ,P54.801,新生儿视网膜出血
19613,表 6-3-161 ,P54.802,新生儿鼻出血
19614,表 6-3-161 ,P54.900,新生儿出血
19615,表 6-3-161 ,P55.000x002,新生儿Rh血型不合溶血性贫血
19616,表 6-3-161 ,P55.001,新生儿抗D抗体增高
19617,表 6-3-161 ,P55.002,新生儿RH溶血症
19618,表 6-3-161 ,P55.101,新生儿ABO溶血性黄疸
19619,表 6-3-161 ,P55.102,新生儿ABO溶血性贫血
19620,表 6-3-161 ,P55.800x002,新生儿血型不合溶血病（Duffy系统）
19621,表 6-3-161 ,P55.801,新生儿MN溶血症
19622,表 6-3-161 ,P55.900,胎儿和新生儿的溶血性疾病
19623,表 6-3-161 ,P56.000,同种免疫引起的胎儿水肿
19624,表 6-3-161 ,P56.900,溶血性疾病引起的胎儿水肿，其他和未特指的
19625,表 6-3-161 ,P57.000,同种免疫引起的核黄疸
19626,表 6-3-161 ,P57.800,核黄疸，其他特指的
19627,表 6-3-161 ,P57.900,核黄疸
19628,表 6-3-161 ,P57.901,新生儿胆红素脑病
19629,表 6-3-161 ,P58.000,挫伤引起的新生儿黄疸
19630,表 6-3-161 ,P58.100,出血引起的新生儿黄疸
19631,表 6-3-161 ,P58.200,感染引起的新生儿黄疸
19632,表 6-3-161 ,P58.300,红细胞增多引起的新生儿黄疸
19633,表 6-3-161 ,P58.401,母体传新生儿黄疸
19634,表 6-3-161 ,P58.402,服用药物致新生儿黄疸
19635,表 6-3-161 ,P58.403,毒素致新生儿黄疸
19636,表 6-3-161 ,P58.500,吞咽母血引起的新生儿黄疸
19637,表 6-3-161 ,P58.800,过度溶血引起的新生儿黄疸，其他特指的
19638,表 6-3-161 ,P58.800x001,新生儿葡萄糖-6-磷酸脱氢酶[G6PD]缺乏性溶血性贫血
19639,表 6-3-161 ,P58.900,过度溶血引起的新生儿黄疸
19640,表 6-3-161 ,P59.000,与早产有关的新生儿黄疸
19641,表 6-3-161 ,P59.100,胆汁浓缩综合征
19642,表 6-3-161 ,P59.201,新生儿肝炎
19643,表 6-3-161 ,P59.202,婴儿肝炎综合征
19644,表 6-3-161 ,P59.203,胎儿或新生儿巨细胞肝炎
19645,表 6-3-161 ,P59.301,新生儿母乳性黄疸
19646,表 6-3-161 ,P59.801,新生儿病理性黄疸
19647,表 6-3-161 ,P59.901,新生儿高胆红素血症
19648,表 6-3-161 ,P59.902,新生儿生理性黄疸
19649,表 6-3-161 ,P60.x00,胎儿和新生儿播散性血管内凝血
19650,表 6-3-161 ,P61.000,短暂性新生儿血小板减少
19651,表 6-3-161 ,P61.001,新生儿血小板减少性紫癜
19652,表 6-3-161 ,P61.100,新生儿红细胞增多症
19653,表 6-3-161 ,P61.200,早产性贫血
19654,表 6-3-161 ,P61.300,胎儿失血所致的先天性贫血
19655,表 6-3-161 ,P61.401,新生儿贫血
19656,表 6-3-161 ,P61.500,短暂性新生儿中性粒细胞减少
19657,表 6-3-161 ,P61.601,新生儿低凝血酶原血症
19658,表 6-3-161 ,P61.800,围生期血液疾患，其他特指的
19659,表 6-3-161 ,P61.900,围生期血液疾患
19660,表 6-3-162 ,P70.000,母亲伴有妊娠糖尿病的婴儿综合征
19661,表 6-3-162 ,P70.100,糖尿病母亲的婴儿综合征
19662,表 6-3-162 ,P70.200,新生儿糖尿病
19663,表 6-3-162 ,P70.300,医源性新生儿低血糖症
19664,表 6-3-162 ,P70.400x001,新生儿低血糖症
19665,表 6-3-162 ,P70.400x002,新生儿短暂性低血糖症
19666,表 6-3-162 ,P70.401,新生儿顽固性低血糖
19667,表 6-3-162 ,P70.801,新生儿高血糖症
19668,表 6-3-162 ,P70.900,胎儿和新生儿的暂时性碳水化合物代谢疾患
19669,表 6-3-162 ,P71.000,新生儿牛乳性低钙血症
19670,表 6-3-162 ,P71.100,新生儿低钙血症，其他的
19671,表 6-3-162 ,P71.100x001,新生儿低钙血症
19672,表 6-3-162 ,P71.200,新生儿低镁血症
19673,表 6-3-162 ,P71.300x001,新生儿手足搐搦
19674,表 6-3-162 ,P71.400,暂时性新生儿甲状旁腺功能减退症
19675,表 6-3-162 ,P71.800,暂时性新生儿钙和镁代谢紊乱，其他的
19676,表 6-3-162 ,P71.901,新生儿暂时性镁代谢紊乱
19677,表 6-3-162 ,P71.902,新生儿暂时性钙代谢紊乱
19678,表 6-3-162 ,P72.000,新生儿甲状腺肿，不可归类在他处者
19679,表 6-3-162 ,P72.100,新生儿暂时性甲状腺功能亢进症
19680,表 6-3-162 ,P72.200x001,新生儿甲状腺功能减退症
19681,表 6-3-162 ,P72.800,新生儿其他特指的暂时性内分泌疾患
19682,表 6-3-162 ,P72.900,新生儿暂时性内分泌疾患
19683,表 6-3-162 ,P74.001,新生儿短暂性代谢性酸中毒
19684,表 6-3-162 ,P74.002,新生儿呼吸性酸中毒
19685,表 6-3-162 ,P74.100,新生儿脱水
19686,表 6-3-162 ,P74.201,新生儿低钠血症
19687,表 6-3-162 ,P74.202,新生儿高钠血症
19688,表 6-3-162 ,P74.301,新生儿高钾血症
19689,表 6-3-162 ,P74.302,新生儿低钾血症
19690,表 6-3-162 ,P74.400,新生儿其他的暂时性电解质失调
19691,表 6-3-162 ,P74.401,新生儿低氯血症
19692,表 6-3-162 ,P74.402,新生儿代谢性碱中毒
19693,表 6-3-162 ,P74.403,新生儿呼吸性碱中毒
19694,表 6-3-162 ,P74.501,新生儿高酪氨酸血症
19695,表 6-3-162 ,P74.800x003,新生儿乳糖代谢紊乱
19696,表 6-3-162 ,P74.801,新生儿低磷血症
19697,表 6-3-162 ,P74.802,新生儿低蛋白血症
19698,表 6-3-162 ,P74.900,新生儿暂时性代谢紊乱
19699,表 6-3-163 ,P76.000,胎粪堵塞综合征
19700,表 6-3-163 ,P76.100,新生儿暂时性肠梗阻
19701,表 6-3-163 ,P76.200,浓缩乳汁引起的肠梗阻
19702,表 6-3-163 ,P76.801,新生儿肠麻痹
19703,表 6-3-163 ,P76.900,新生儿肠梗阻
19704,表 6-3-163 ,P77.x01,新生儿坏死性小肠结肠炎
19705,表 6-3-163 ,P78.000x003,新生儿空肠穿孔
19706,表 6-3-163 ,P78.000x004,新生儿回肠穿孔
19707,表 6-3-163 ,P78.000x005,新生儿结肠穿孔
19708,表 6-3-163 ,P78.000x006,新生儿乙状结肠穿孔
19709,表 6-3-163 ,P78.000x007,新生儿直肠穿孔
19710,表 6-3-163 ,P78.001,新生儿肠穿孔
19711,表 6-3-163 ,P78.002,胎粪性腹膜炎
19712,表 6-3-163 ,P78.100x001,新生儿腹膜炎
19713,表 6-3-163 ,P78.200x001,新生儿咽下综合征
19714,表 6-3-163 ,P78.300x001,新生儿非感染性腹泻
19715,表 6-3-163 ,P78.300x002,非感染新生儿性肠炎
19716,表 6-3-163 ,P78.300x003,新生儿生理性腹泻
19717,表 6-3-163 ,P78.300x005,非感染性新生儿结肠炎
19718,表 6-3-163 ,P78.800x004,新生儿贲门失弛缓
19719,表 6-3-163 ,P78.800x005,新生儿幽门痉挛
19720,表 6-3-163 ,P78.800x006,新生儿便秘
19721,表 6-3-163 ,P78.800x007,新生儿阑尾炎
19722,表 6-3-163 ,P78.800x008,新生儿胆汁淤积症
19723,表 6-3-163 ,P78.800x009,新生儿胃穿孔
19724,表 6-3-163 ,P78.800x010,新生儿气胀
19725,表 6-3-163 ,P78.800x012,新生儿吞咽动作不协调
19726,表 6-3-163 ,P78.801,新生儿胆囊结石
19727,表 6-3-163 ,P78.802,新生儿腹胀
19728,表 6-3-163 ,P78.803,先天性肝硬化
19729,表 6-3-163 ,P78.804,新生儿消化性溃疡
19730,表 6-3-163 ,P78.805,新生儿暂时性胃扭转
19731,表 6-3-163 ,P78.806,新生儿食管反流
19732,表 6-3-163 ,P78.807,新生儿胃肠功能紊乱
19733,表 6-3-163 ,P78.900,围生期消化系统疾患
19734,表 6-3-163 ,P78.901,新生儿胎粪延迟排出
19735,表 6-3-164 ,P80.000,冷伤综合征
19736,表 6-3-164 ,P80.800x001,新生儿轻度低体温
19737,表 6-3-164 ,P80.801,新生儿环境性低体温
19738,表 6-3-164 ,P80.900,新生儿低温症
19739,表 6-3-164 ,P81.000,新生儿环境性高温
19740,表 6-3-164 ,P81.001,新生儿捂热综合征
19741,表 6-3-164 ,P81.800,新生儿其他特指的体温调节障碍
19742,表 6-3-164 ,P81.901,新生儿脱水热
19743,表 6-3-164 ,P81.902,新生儿发热
19744,表 6-3-164 ,P83.000,新生儿硬化病[硬肿症]
19745,表 6-3-164 ,P83.100,新生儿中毒性红斑
19746,表 6-3-164 ,P83.200,非溶血性疾病引起的胎儿水肿
19747,表 6-3-164 ,P83.301,新生儿水肿
19748,表 6-3-164 ,P83.302,胎儿水肿
19749,表 6-3-164 ,P83.400,新生儿乳房肿胀
19750,表 6-3-164 ,P83.401,新生儿非感染性乳腺炎
19751,表 6-3-164 ,P83.500,先天性鞘膜积液
19752,表 6-3-164 ,P83.500x002,先天性睾丸鞘膜积液
19753,表 6-3-164 ,P83.500x003,先天性精索鞘膜积液
19754,表 6-3-164 ,P83.600,新生儿脐息肉
19755,表 6-3-164 ,P83.800x004,新生儿硬皮病
19756,表 6-3-164 ,P83.800x005,青铜症[婴儿青铜综合征]
19757,表 6-3-164 ,P83.800x006,蓝莓松饼状婴儿
19758,表 6-3-164 ,P83.800x007,新生儿皮肤附属器息肉
19759,表 6-3-164 ,P83.801,新生儿红斑
19760,表 6-3-164 ,P83.802,新生儿皮下脂肪坏疽
19761,表 6-3-164 ,P83.803,新生儿荨麻疹
19762,表 6-3-164 ,P83.901,新生儿骶尾肿物
19763,表 6-3-165 ,P90.x00,新生儿惊厥
19764,表 6-3-165 ,P91.000x002,新生儿脑梗死
19765,表 6-3-165 ,P91.100,新生儿后天性脑室周围囊肿
19766,表 6-3-165 ,P91.200,新生儿脑白质软化
19767,表 6-3-165 ,P91.300,新生儿大脑兴奋增盛
19768,表 6-3-165 ,P91.400,新生儿大脑抑制
19769,表 6-3-165 ,P91.500,新生儿昏迷
19770,表 6-3-165 ,P91.600,新生儿缺氧缺血性脑病
19771,表 6-3-165 ,P91.700,后天性新生儿脑积水
19772,表 6-3-165 ,P91.800x001,新生儿脑病
19773,表 6-3-165 ,P91.801,新生儿颅内静脉窦血栓形成
19774,表 6-3-165 ,P91.802,新生儿中毒性脑病
19775,表 6-3-165 ,P91.900,新生儿大脑障碍
19776,表 6-3-165 ,P91.900x001,围生期脑损伤
19777,表 6-3-165 ,P92.000,新生儿呕吐
19778,表 6-3-165 ,P92.001,新生儿贲门松弛
19779,表 6-3-165 ,P92.100x001,新生儿胃食管反流
19780,表 6-3-165 ,P92.200,新生儿进食缓慢
19781,表 6-3-165 ,P92.300,新生儿喂养不足
19782,表 6-3-165 ,P92.400,新生儿喂养过量
19783,表 6-3-165 ,P92.500,新生儿母乳喂养困难
19784,表 6-3-165 ,P92.800x001,新生儿喂养不当
19785,表 6-3-165 ,P92.800x003,新生儿喂养不耐受
19786,表 6-3-165 ,P92.900,新生儿喂养问题
19787,表 6-3-165 ,P93.x00,胎儿和新生儿用药引起的反应和中毒
19788,表 6-3-165 ,P93.x01,新生儿用药中毒
19789,表 6-3-165 ,P93.x02,新生儿灰白综合征
19790,表 6-3-165 ,P94.000,短暂性新生儿重症肌无力
19791,表 6-3-165 ,P94.100x001,先天性肌张力增高
19792,表 6-3-165 ,P94.200x001,先天性肌张力减退
19793,表 6-3-165 ,P94.200x002,先天性肌弛缓综合征[松软儿]
19794,表 6-3-165 ,P94.800,新生儿其他的肌张力疾患
19795,表 6-3-165 ,P94.900,新生儿肌张力疾患
19796,表 6-3-165 ,P95.x00,胎儿死亡
19797,表 6-3-165 ,P96.000x001,先天性肾功能衰竭
19798,表 6-3-165 ,P96.000x002,新生儿尿毒症
19799,表 6-3-165 ,P96.100x001,新生儿撤药综合征（母亲药瘾）
19800,表 6-3-165 ,P96.100x002,新生儿药物戒断综合征（母亲药瘾）
19801,表 6-3-165 ,P96.200,新生儿使用治疗性药物所致的脱瘾性症状
19802,表 6-3-165 ,P96.300,新生儿宽颅缝
19803,表 6-3-165 ,P96.301,新生儿颅骨软化
19804,表 6-3-165 ,P96.400,妊娠终止，影响到胎儿和新生儿
19805,表 6-3-165 ,P96.500,子宫内操作的并发症，不可归类在他处者
19806,表 6-3-165 ,P96.800x101,新生儿颤抖
19807,表 6-3-165 ,P96.800x904,高危儿
19808,表 6-3-165 ,P96.801,新生儿多器官功能损害
19809,表 6-3-165 ,P96.802,新生儿缺血缺氧性肾损害
19810,表 6-3-165 ,P96.803,新生儿死亡
19811,表 6-3-165 ,P96.804,新生儿休克
19812,表 6-3-165 ,P96.900x001,新生儿反应低下
19813,表 6-3-166 ,Q00.000,无脑儿
19814,表 6-3-166 ,Q00.000x001,无脑畸形
19815,表 6-3-166 ,Q00.100,颅脊柱裂
19816,表 6-3-166 ,Q00.200x101,开放性枕骨裂脑露畸形
19817,表 6-3-166 ,Q00.200x201,闭合性枕骨裂脑露畸形
19818,表 6-3-166 ,Q01.000,额部脑膨出
19819,表 6-3-166 ,Q01.100,鼻根部脑膨出
19820,表 6-3-166 ,Q01.200,枕部脑膨出
19821,表 6-3-166 ,Q01.800x101,顶骨脑膨出
19822,表 6-3-166 ,Q01.800x201,眶部脑膨出
19823,表 6-3-166 ,Q01.800x301,鼻部脑膨出
19824,表 6-3-166 ,Q01.800x401,鼻咽脑膨出
19825,表 6-3-166 ,Q01.801,先天性枕骨大孔疝
19826,表 6-3-166 ,Q01.900,脑膨出
19827,表 6-3-166 ,Q01.900x001,脑膜脑膨出
19828,表 6-3-166 ,Q01.900x003,积水性脑膨出
19829,表 6-3-166 ,Q01.901,先天性脑疝
19830,表 6-3-166 ,Q02.x00,小头畸形
19831,表 6-3-166 ,Q03.001,西尔维于斯导水管狭窄
19832,表 6-3-166 ,Q03.002,西尔维于斯导水管梗阻
19833,表 6-3-166 ,Q03.101,第四脑室外侧孔闭锁
19834,表 6-3-166 ,Q03.102,第四脑室孔闭塞综合征
19835,表 6-3-166 ,Q03.103,第四脑室正中孔闭锁
19836,表 6-3-166 ,Q03.800,先天性脑积水，其他的
19837,表 6-3-166 ,Q03.900,先天性脑积水
19838,表 6-3-166 ,Q04.000,胼胝体先天性畸形
19839,表 6-3-166 ,Q04.000x011,胼胝体发育不全
19840,表 6-3-166 ,Q04.100,无嗅脑畸形
19841,表 6-3-166 ,Q04.200,前脑无裂畸形
19842,表 6-3-166 ,Q04.300x011,先天性大脑萎缩
19843,表 6-3-166 ,Q04.300x021,先天性下丘脑萎缩
19844,表 6-3-166 ,Q04.300x031,先天性小脑萎缩
19845,表 6-3-166 ,Q04.300x502,先天性双侧外侧裂综合征
19846,表 6-3-166 ,Q04.301,大脑皮层发育不全
19847,表 6-3-166 ,Q04.302,巨脑回
19848,表 6-3-166 ,Q04.303,脑发育不全
19849,表 6-3-166 ,Q04.304,脑回小
19850,表 6-3-166 ,Q04.305,无脑回
19851,表 6-3-166 ,Q04.306,朱伯特综合征
19852,表 6-3-166 ,Q04.307,先天性脑萎缩
19853,表 6-3-166 ,Q04.400,视(神经)中隔发育不良
19854,表 6-3-166 ,Q04.500,巨脑
19855,表 6-3-166 ,Q04.600,先天性大脑囊肿
19856,表 6-3-166 ,Q04.600x202,先天性硬膜下囊肿
19857,表 6-3-166 ,Q04.601,脑穿通畸形
19858,表 6-3-166 ,Q04.602,脑裂畸形
19859,表 6-3-166 ,Q04.603,先天性第三脑室囊肿
19860,表 6-3-166 ,Q04.604,先天性蛛网膜囊肿
19861,表 6-3-166 ,Q04.800x002,先天性低脊髓畸形
19862,表 6-3-166 ,Q04.800x003,先天性胡桃脑
19863,表 6-3-166 ,Q04.800x005,先天性第五六脑室
19864,表 6-3-166 ,Q04.801,先天性巨大硬脊膜囊
19865,表 6-3-166 ,Q04.802,先天性脑灰质异位症
19866,表 6-3-166 ,Q04.803,先天性脑透明隔异常
19867,表 6-3-166 ,Q04.900,脑先天性畸形
19868,表 6-3-166 ,Q04.902,先天性脑发育异常
19869,表 6-3-166 ,Q05.000,颈段脊柱裂伴有脑积水
19870,表 6-3-166 ,Q05.000x002,颈段脊髓脊膜膨出伴脑积水
19871,表 6-3-166 ,Q05.100,胸段脊柱裂伴有脑积水
19872,表 6-3-166 ,Q05.100x002,胸段脊髓脊膜膨出伴脑积水
19873,表 6-3-166 ,Q05.200,腰段脊柱裂伴有脑积水
19874,表 6-3-166 ,Q05.200x002,腰段脊髓脊膜膨出伴脑积水
19875,表 6-3-166 ,Q05.300,骶段脊柱裂伴有脑积水
19876,表 6-3-166 ,Q05.300x002,骶段脊髓脊膜膨出伴脑积水
19877,表 6-3-166 ,Q05.400,脊柱裂伴有脑积水
19878,表 6-3-166 ,Q05.400x001,脊髓脊膜膨出伴脑积水
19879,表 6-3-166 ,Q05.500,颈段脊柱裂不伴有脑积水
19880,表 6-3-166 ,Q05.500x002,颈段脊髓脊膜膨出
19881,表 6-3-166 ,Q05.600,胸段脊柱裂不伴有脑积水
19882,表 6-3-166 ,Q05.600x002,胸段脊髓脊膜膨出
19883,表 6-3-166 ,Q05.700,腰段脊柱裂不伴有脑积水
19884,表 6-3-166 ,Q05.700x002,腰骶段脊柱裂
19885,表 6-3-166 ,Q05.700x003,腰段脊髓脊膜膨出
19886,表 6-3-166 ,Q05.700x004,腰骶段脊髓脊膜膨出
19887,表 6-3-166 ,Q05.700x005,人类尾巴
19888,表 6-3-166 ,Q05.800,骶段脊柱裂不伴有脑积水
19889,表 6-3-166 ,Q05.801,骶椎椎板裂
19890,表 6-3-166 ,Q05.900,脊柱裂
19891,表 6-3-166 ,Q05.900x002,脊柱裂伴脊膜膨出
19892,表 6-3-166 ,Q05.900x006,特发性脊髓疝
19893,表 6-3-166 ,Q05.900x007,脊膜膨出
19894,表 6-3-166 ,Q05.901,脑脊膜膨出
19895,表 6-3-166 ,Q05.902,脊膜脊髓膨出
19896,表 6-3-166 ,Q06.000,无脊髓畸形
19897,表 6-3-166 ,Q06.100,脊髓发育不全和发育异常
19898,表 6-3-166 ,Q06.101,脊髓发育异常
19899,表 6-3-166 ,Q06.200,脊髓纵裂
19900,表 6-3-166 ,Q06.300,先天性马尾畸形，其他的
19901,表 6-3-166 ,Q06.400,脊髓积水
19902,表 6-3-166 ,Q06.400x002,先天性椎管积水
19903,表 6-3-166 ,Q06.800x002,双脊髓畸形
19904,表 6-3-166 ,Q06.800x003,先天性脊髓低位
19905,表 6-3-166 ,Q06.800x005,椎管内肠源性囊肿
19906,表 6-3-166 ,Q06.801,先天性脊髓栓系综合征
19907,表 6-3-166 ,Q06.900,脊髓先天性畸形
19908,表 6-3-166 ,Q06.901,腰骶神经根囊肿
19909,表 6-3-166 ,Q07.000,阿-基综合征
19910,表 6-3-166 ,Q07.800,神经系统其他特指的先天性畸形
19911,表 6-3-166 ,Q07.800x202,先天性视神经萎缩
19912,表 6-3-166 ,Q07.800x901,先天性臂丛神经移位
19913,表 6-3-166 ,Q07.800x902,先天性面瘫
19914,表 6-3-166 ,Q07.800x903,先天性脑神经异常支配性疾病
19915,表 6-3-166 ,Q07.800x904,神经胶质异位
19916,表 6-3-166 ,Q07.801,下颌瞬目综合征[MarcusGunn综合征]
19917,表 6-3-166 ,Q07.900,神经系统先天性畸形
19918,表 6-3-167 ,Q10.000,先天性上睑下垂
19919,表 6-3-167 ,Q10.100,先天性睑外翻
19920,表 6-3-167 ,Q10.200,先天性睑内翻
19921,表 6-3-167 ,Q10.300,眼睑的其他先天性畸形
19922,表 6-3-167 ,Q10.300x008,先天性眼眦畸形
19923,表 6-3-167 ,Q10.300x011,先天性外眦赘皮
19924,表 6-3-167 ,Q10.300x012,先天性重睑不对称
19925,表 6-3-167 ,Q10.301,眼睑发育不全
19926,表 6-3-167 ,Q10.302,先天性睫毛倾斜度异常综合征
19927,表 6-3-167 ,Q10.303,先天性内眦赘皮
19928,表 6-3-167 ,Q10.304,先天性双行睫
19929,表 6-3-167 ,Q10.306,先天性小睑裂综合征
19930,表 6-3-167 ,Q10.307,先天性眼睑缺如
19931,表 6-3-167 ,Q10.400,泪器缺如或发育不全
19932,表 6-3-167 ,Q10.401,先天性泪器发育不全
19933,表 6-3-167 ,Q10.402,先天性泪点缺失
19934,表 6-3-167 ,Q10.403,先天性泪小点闭锁
19935,表 6-3-167 ,Q10.404,先天性鼻泪管缺如
19936,表 6-3-167 ,Q10.500,先天性泪管狭窄
19937,表 6-3-167 ,Q10.500x003,先天性鼻泪管闭锁
19938,表 6-3-167 ,Q10.500x004,先天性泪道阻塞
19939,表 6-3-167 ,Q10.600,泪器其他的先天性畸形
19940,表 6-3-167 ,Q10.600x002,先天性副泪腺
19941,表 6-3-167 ,Q10.601,先天性泪道畸形
19942,表 6-3-167 ,Q10.602,先天性泪小阜畸形
19943,表 6-3-167 ,Q10.700,眼眶先天性畸形
19944,表 6-3-167 ,Q10.701,先天性眶距增宽症
19945,表 6-3-167 ,Q11.000,囊状眼球
19946,表 6-3-167 ,Q11.100,无眼畸形，其他的
19947,表 6-3-167 ,Q11.200,小眼畸形
19948,表 6-3-167 ,Q11.200x001,先天性小眼球
19949,表 6-3-167 ,Q11.201,眼发育不全
19950,表 6-3-167 ,Q11.202,隐眼
19951,表 6-3-167 ,Q11.203,真性小眼球
19952,表 6-3-167 ,Q11.300,巨眼畸形
19953,表 6-3-167 ,Q12.000,先天性白内障
19954,表 6-3-167 ,Q12.001,绕核性白内障
19955,表 6-3-167 ,Q12.002,先天性核性白内障
19956,表 6-3-167 ,Q12.100,先天性晶状体移位
19957,表 6-3-167 ,Q12.200,晶状体缺损
19958,表 6-3-167 ,Q12.300,先天性无晶状体
19959,表 6-3-167 ,Q12.400,球形晶状体
19960,表 6-3-167 ,Q12.800,先天性晶状体畸形，其他的
19961,表 6-3-167 ,Q12.801,先天性圆锥形晶状体
19962,表 6-3-167 ,Q12.900,先天性晶状体畸形
19963,表 6-3-167 ,Q13.000,虹膜缺损
19964,表 6-3-167 ,Q13.100,虹膜缺如
19965,表 6-3-167 ,Q13.101+H42.8*,无虹膜青光眼
19966,表 6-3-167 ,Q13.201,先天性瞳孔闭锁
19967,表 6-3-167 ,Q13.202,先天性瞳孔大小不等
19968,表 6-3-167 ,Q13.203,先天性瞳孔异位
19969,表 6-3-167 ,Q13.300,先天性角膜混浊
19970,表 6-3-167 ,Q13.301,先天性角膜白斑
19971,表 6-3-167 ,Q13.400x001,先天性扁平角膜
19972,表 6-3-167 ,Q13.400x004,先天性角膜异常
19973,表 6-3-167 ,Q13.400x006,先天性角膜巩膜化
19974,表 6-3-167 ,Q13.401,先天性角膜畸形
19975,表 6-3-167 ,Q13.405,彼得异常
19976,表 6-3-167 ,Q13.500,蓝色巩膜
19977,表 6-3-167 ,Q13.500x002,巩膜色素斑
19978,表 6-3-167 ,Q13.801,里格尔异常
19979,表 6-3-167 ,Q13.802,永存瞳孔膜
19980,表 6-3-167 ,Q13.803,阿克森费尔德-里格尔综合征
19981,表 6-3-167 ,Q13.900,眼前段先天性畸形
19982,表 6-3-167 ,Q14.000,玻璃体先天性畸形
19983,表 6-3-167 ,Q14.000x006,眼永存胚胎血管膜
19984,表 6-3-167 ,Q14.001,先天性玻璃体发育异常
19985,表 6-3-167 ,Q14.002,先天性玻璃体混浊
19986,表 6-3-167 ,Q14.003,永存原发性玻璃体增生症
19987,表 6-3-167 ,Q14.100,视网膜先天性畸形
19988,表 6-3-167 ,Q14.100x003,晶状体血管膜
19989,表 6-3-167 ,Q14.101,视网膜发育不良
19990,表 6-3-167 ,Q14.102,先天性视网膜色素异常
19991,表 6-3-167 ,Q14.103,先天性视网膜动脉瘤
19992,表 6-3-167 ,Q14.104,先天性视网膜劈裂症
19993,表 6-3-167 ,Q14.200,视神经盘先天性畸形
19994,表 6-3-167 ,Q14.200x001,先天性视神经乳头缺损
19995,表 6-3-167 ,Q14.200x002,先天性视神经乳头小凹
19996,表 6-3-167 ,Q14.200x004,先天性视神经乳头发育不全
19997,表 6-3-167 ,Q14.200x005,有髓鞘视神经纤维
19998,表 6-3-167 ,Q14.201,牵牛花综合征
19999,表 6-3-167 ,Q14.202,视盘发育不良
20000,表 6-3-167 ,Q14.203,视盘小凹
20001,表 6-3-167 ,Q14.300x001,先天性脉络膜畸形
20002,表 6-3-167 ,Q14.301,先天性脉络膜缺损
20003,表 6-3-167 ,Q14.801,眼底缺损
20004,表 6-3-167 ,Q14.900,眼后段先天性畸形
20005,表 6-3-167 ,Q15.000,先天性青光眼
20006,表 6-3-167 ,Q15.000x001,先天性水眼[眼积水]
20007,表 6-3-167 ,Q15.002,先天性球形角膜伴青光眼
20008,表 6-3-167 ,Q15.003,新生儿青光眼
20009,表 6-3-167 ,Q15.004,婴幼儿型青光眼
20010,表 6-3-167 ,Q15.005,青少年型青光眼
20011,表 6-3-167 ,Q15.801,先天性大角膜
20012,表 6-3-167 ,Q15.802,先天性小角膜
20013,表 6-3-167 ,Q15.803,先天性球形角膜
20014,表 6-3-167 ,Q15.900,眼先天性畸形
20015,表 6-3-167 ,Q16.000,先天性无(耳)郭
20016,表 6-3-167 ,Q16.101,先天性外耳道缺如
20017,表 6-3-167 ,Q16.102,先天性外耳道闭锁
20018,表 6-3-167 ,Q16.103,先天性外耳道狭窄
20019,表 6-3-167 ,Q16.200,无咽鼓管
20020,表 6-3-167 ,Q16.300,听小骨先天性畸形
20021,表 6-3-167 ,Q16.301,砧镫关节异常
20022,表 6-3-167 ,Q16.400,中耳其他的先天性畸形
20023,表 6-3-167 ,Q16.401,中耳缺失
20024,表 6-3-167 ,Q16.500,内耳先天性畸形
20025,表 6-3-167 ,Q16.501,大前庭导水管综合征
20026,表 6-3-167 ,Q16.900,引起听力缺陷的耳先天性畸形
20027,表 6-3-167 ,Q16.901,先天性无耳
20028,表 6-3-167 ,Q17.000,副耳廓
20029,表 6-3-167 ,Q17.000x003,先天性副耳垂
20030,表 6-3-167 ,Q17.000x005,先天性颊部副耳
20031,表 6-3-167 ,Q17.001,多耳畸形
20032,表 6-3-167 ,Q17.002,先天性耳赘
20033,表 6-3-167 ,Q17.003,先天性耳前附件
20034,表 6-3-167 ,Q17.100,巨耳畸形
20035,表 6-3-167 ,Q17.200,小耳畸形
20036,表 6-3-167 ,Q17.300x002,先天性尖耳
20037,表 6-3-167 ,Q17.300x004,先天性卷曲耳
20038,表 6-3-167 ,Q17.300x005,先天性扁平耳
20039,表 6-3-167 ,Q17.300x006,先天性猿耳
20040,表 6-3-167 ,Q17.301,杯状耳
20041,表 6-3-167 ,Q17.302,先天性耳廓畸形
20042,表 6-3-167 ,Q17.303,先天性耳垂畸形
20043,表 6-3-167 ,Q17.400,移位耳
20044,表 6-3-167 ,Q17.400x002,先天性低位耳
20045,表 6-3-167 ,Q17.500,凸耳
20046,表 6-3-167 ,Q17.501,招风耳
20047,表 6-3-167 ,Q17.800x004,先天性隐耳
20048,表 6-3-167 ,Q17.801,先天性耳垂裂
20049,表 6-3-167 ,Q17.802,先天性耳垂缺如
20050,表 6-3-167 ,Q17.803,咽鼓管异常
20051,表 6-3-167 ,Q17.900,耳先天性畸形
20052,表 6-3-167 ,Q18.001,先天性鳃裂瘘管
20053,表 6-3-167 ,Q18.002,先天性鳃裂囊肿
20054,表 6-3-167 ,Q18.003,梨状窝瘘
20055,表 6-3-167 ,Q18.100x003,先天性颈前瘘管
20056,表 6-3-167 ,Q18.100x006,先天性耳后瘘
20057,表 6-3-167 ,Q18.100x008,先天性颈外侧瘘
20058,表 6-3-167 ,Q18.100x009,先天性颈外侧囊肿
20059,表 6-3-167 ,Q18.101,先天性耳廓瘘
20060,表 6-3-167 ,Q18.102,先天性耳前瘘管
20061,表 6-3-167 ,Q18.103,先天性耳前囊肿
20062,表 6-3-167 ,Q18.104,先天性外耳囊肿
20063,表 6-3-167 ,Q18.200,鳃裂畸形，其他的
20064,表 6-3-167 ,Q18.200x003,无下颌并耳畸形
20065,表 6-3-167 ,Q18.200x004,颈部副耳
20066,表 6-3-167 ,Q18.300,颈蹼
20067,表 6-3-167 ,Q18.301,翼状颈皮综合征
20068,表 6-3-167 ,Q18.400,大口畸形
20069,表 6-3-167 ,Q18.400x004,面中裂
20070,表 6-3-167 ,Q18.500,小口畸形
20071,表 6-3-167 ,Q18.600,巨唇
20072,表 6-3-167 ,Q18.700,小唇
20073,表 6-3-167 ,Q18.800x001,先天性颈部囊肿
20074,表 6-3-167 ,Q18.800x002,先天性面部瘘
20075,表 6-3-167 ,Q18.800x003,先天性面部囊肿
20076,表 6-3-167 ,Q18.800x004,先天性颈部瘘
20077,表 6-3-167 ,Q18.801,先天性半面短小症
20078,表 6-3-167 ,Q18.802,面横裂
20079,表 6-3-167 ,Q18.803,眼-耳廓发育不全
20080,表 6-3-167 ,Q18.804,面和颈近中囊肿
20081,表 6-3-167 ,Q18.805,面部先天性畸形，其他的
20082,表 6-3-167 ,Q18.806,颈部先天性畸形，其他的
20083,表 6-3-167 ,Q18.807,面斜裂
20084,表 6-3-167 ,Q18.900x002,先天性鼻唇沟畸形
20085,表 6-3-167 ,Q18.902,先天性颜面畸形
20086,表 6-3-167 ,Q18.903,颈部先天性畸形
20087,表 6-3-168 ,Q20.000,共同动脉干
20088,表 6-3-168 ,Q20.100,右心室双出口
20089,表 6-3-168 ,Q20.101,陶-宾综合征
20090,表 6-3-168 ,Q20.200,左心室双出口
20091,表 6-3-168 ,Q20.200x002,先天性左心室瘘
20092,表 6-3-168 ,Q20.300,心室动脉连接不协调
20093,表 6-3-168 ,Q20.300x002,主动脉右转位
20094,表 6-3-168 ,Q20.301,纠正性大动脉转位
20095,表 6-3-168 ,Q20.302,完全性大动脉转位
20096,表 6-3-168 ,Q20.400,双入口心室
20097,表 6-3-168 ,Q20.500,房室连接不协调
20098,表 6-3-168 ,Q20.500x001,心室反位
20099,表 6-3-168 ,Q20.600,心耳异构
20100,表 6-3-168 ,Q20.600x001,心房异构
20101,表 6-3-168 ,Q20.601,先天性心耳畸形
20102,表 6-3-168 ,Q20.800x003,先天性小心室
20103,表 6-3-168 ,Q20.801,单房心脏
20104,表 6-3-168 ,Q20.802,双腔心
20105,表 6-3-168 ,Q20.900,心腔和心连接的先天性畸形
20106,表 6-3-168 ,Q21.000,室间隔缺损
20107,表 6-3-168 ,Q21.100,房间隔缺损
20108,表 6-3-168 ,Q21.100x001,共同心房
20109,表 6-3-168 ,Q21.101,中央型房间隔缺损(卵圆孔型)
20110,表 6-3-168 ,Q21.102,房间隔缺损(继发孔型)
20111,表 6-3-168 ,Q21.103,上腔型房间隔缺损(高位缺损或静脉窦缺损)
20112,表 6-3-168 ,Q21.104,混合型房间隔缺损
20113,表 6-3-168 ,Q21.105,下腔型房间隔缺损(低位缺损)
20114,表 6-3-168 ,Q21.106,鲁登巴赫综合征
20115,表 6-3-168 ,Q21.200,房室间隔缺损
20116,表 6-3-168 ,Q21.201,Ⅰ型房间隔缺损
20117,表 6-3-168 ,Q21.202,房室管型室间隔缺损
20118,表 6-3-168 ,Q21.203,部分性房室隔缺损
20119,表 6-3-168 ,Q21.204,过渡性房室隔缺损
20120,表 6-3-168 ,Q21.205,完全性房室隔缺损
20121,表 6-3-168 ,Q21.206,单心房
20122,表 6-3-168 ,Q21.300x001,法洛四联症
20123,表 6-3-168 ,Q21.300x002,"法洛四联症,肺动脉瓣缺如"
20124,表 6-3-168 ,Q21.300x003,"法洛四联症,心内膜垫缺损"
20125,表 6-3-168 ,Q21.400x001,主肺动脉窗
20126,表 6-3-168 ,Q21.800,心间隔的其他先天性畸形
20127,表 6-3-168 ,Q21.800x003,室间隔膜部瘤
20128,表 6-3-168 ,Q21.802,室间隔膨胀瘤
20129,表 6-3-168 ,Q21.804,法洛五联症
20130,表 6-3-168 ,Q21.805,法洛三联症
20131,表 6-3-168 ,Q21.900,心间隔先天性畸形
20132,表 6-3-168 ,Q22.000,肺动脉瓣闭锁
20133,表 6-3-168 ,Q22.100,先天性肺动脉瓣狭窄
20134,表 6-3-168 ,Q22.102,右室流出道狭窄
20135,表 6-3-168 ,Q22.200,先天性肺动脉瓣关闭不全
20136,表 6-3-168 ,Q22.301,先天性肺动脉瓣畸形
20137,表 6-3-168 ,Q22.302,先天性肺动脉瓣缺如
20138,表 6-3-168 ,Q22.400,先天性三尖瓣狭窄
20139,表 6-3-168 ,Q22.400x003,先天性三尖瓣闭锁
20140,表 6-3-168 ,Q22.500,埃布斯坦异常
20141,表 6-3-168 ,Q22.600,右心发育不全综合征
20142,表 6-3-168 ,Q22.800x004,先天性三尖瓣乳头肌起源异常
20143,表 6-3-168 ,Q22.800x005,先天性三尖瓣骑跨
20144,表 6-3-168 ,Q22.800x007,先天性三尖瓣裂
20145,表 6-3-168 ,Q22.801,先天性三尖瓣关闭不全
20146,表 6-3-168 ,Q22.802,先天性三尖瓣缺如
20147,表 6-3-168 ,Q22.900,三尖瓣先天性畸形
20148,表 6-3-168 ,Q23.000,先天性主动脉瓣狭窄
20149,表 6-3-168 ,Q23.001,左室流出道狭窄
20150,表 6-3-168 ,Q23.100,先天性主动脉瓣关闭不全
20151,表 6-3-168 ,Q23.101,先天性主动脉瓣二叶瓣畸形
20152,表 6-3-168 ,Q23.200,先天性二尖瓣狭窄
20153,表 6-3-168 ,Q23.200x002,先天性二尖瓣闭锁
20154,表 6-3-168 ,Q23.200x003,"先天性二尖瓣狭窄,二尖瓣上环"
20155,表 6-3-168 ,Q23.200x004,"先天性二尖瓣狭窄,瓣下,降落伞型"
20156,表 6-3-168 ,Q23.300,先天性二尖瓣关闭不全
20157,表 6-3-168 ,Q23.300x002,先天性二尖瓣关闭不全并狭窄
20158,表 6-3-168 ,Q23.400,左心发育不全综合征
20159,表 6-3-168 ,Q23.401,先天性升主动脉发育不良
20160,表 6-3-168 ,Q23.800,主动脉瓣和二尖瓣的其他先天性畸形
20161,表 6-3-168 ,Q23.800x004,先天性主动脉瓣穿孔
20162,表 6-3-168 ,Q23.800x008,先天性二尖瓣穿孔
20163,表 6-3-168 ,Q23.801,先天性主动脉瓣脱垂
20164,表 6-3-168 ,Q23.802,先天性二尖瓣脱垂
20165,表 6-3-168 ,Q23.803,先天性二尖瓣腱索过长
20166,表 6-3-168 ,Q23.804,先天性主动脉瓣瓣上隔膜
20167,表 6-3-168 ,Q23.805,先天性二尖瓣裂
20168,表 6-3-168 ,Q23.900x001,先天性主动脉瓣畸形
20169,表 6-3-168 ,Q23.901,先天性二尖瓣畸形
20170,表 6-3-168 ,Q24.000x002,镜面右位心
20171,表 6-3-168 ,Q24.000x003,单发右位心
20172,表 6-3-168 ,Q24.100,左位心
20173,表 6-3-168 ,Q24.200,三房心
20174,表 6-3-168 ,Q24.300,肺动脉漏斗部狭窄
20175,表 6-3-168 ,Q24.300x002,"肺动脉瓣狭窄,瓣下"
20176,表 6-3-168 ,Q24.400,先天性主动脉下狭窄
20177,表 6-3-168 ,Q24.400x003,先天性主动脉瓣下隔膜
20178,表 6-3-168 ,Q24.501,冠状动脉肌桥
20179,表 6-3-168 ,Q24.502,冠状动脉起源异常
20180,表 6-3-168 ,Q24.503,冠状动脉-右心房瘘
20181,表 6-3-168 ,Q24.504,冠状动脉-右心室瘘
20182,表 6-3-168 ,Q24.505,先天性冠状动脉动脉瘤
20183,表 6-3-168 ,Q24.506,先天性冠状动脉发育不良
20184,表 6-3-168 ,Q24.507,先天性冠状动脉肺动脉瘘
20185,表 6-3-168 ,Q24.508,先天性冠状动脉畸形
20186,表 6-3-168 ,Q24.509,先天性冠状动静脉瘘
20187,表 6-3-168 ,Q24.510,无顶冠状静脉窦综合征
20188,表 6-3-168 ,Q24.511,冠状动脉-左心室瘘
20189,表 6-3-168 ,Q24.512,冠状动脉单冠畸形
20190,表 6-3-168 ,Q24.513,冠状动脉-左心房瘘
20191,表 6-3-168 ,Q24.600x002,先天性长QT间期综合征
20192,表 6-3-168 ,Q24.601,先天性一度房室阻滞
20193,表 6-3-168 ,Q24.602,先天性二度房室阻滞
20194,表 6-3-168 ,Q24.603,先天性三度房室阻滞
20195,表 6-3-168 ,Q24.800,心脏其他特指的先天性畸形
20196,表 6-3-168 ,Q24.800x010,单组房室瓣
20197,表 6-3-168 ,Q24.800x011,先天性房室瓣骑跨
20198,表 6-3-168 ,Q24.800x012,先天性房室瓣关闭不全
20199,表 6-3-168 ,Q24.800x014,先天性右心室憩室
20200,表 6-3-168 ,Q24.800x017,先天性心脏憩室
20201,表 6-3-168 ,Q24.800x018,先天性心包憩室
20202,表 6-3-168 ,Q24.800x025,右旋心
20203,表 6-3-168 ,Q24.800x026,左旋心
20204,表 6-3-168 ,Q24.800x027,心脏转位不全
20205,表 6-3-168 ,Q24.800x028,心房畸形
20206,表 6-3-168 ,Q24.800x030,心室憩室
20207,表 6-3-168 ,Q24.803,假腱索
20208,表 6-3-168 ,Q24.804,十字交叉心
20209,表 6-3-168 ,Q24.805,左室流出道肌束肥厚
20210,表 6-3-168 ,Q24.806,心室肌致密化不全
20211,表 6-3-168 ,Q24.807,先天性心包囊肿
20212,表 6-3-168 ,Q24.808,先天性心包缺损
20213,表 6-3-168 ,Q24.809,先天性心室肥厚
20214,表 6-3-168 ,Q24.810,先天性心脏肥大
20215,表 6-3-168 ,Q24.811,先天性右心房憩室
20216,表 6-3-168 ,Q24.812,左室憩室
20217,表 6-3-168 ,Q24.813,中位心
20218,表 6-3-168 ,Q24.814,心室异常肌束
20219,表 6-3-168 ,Q24.815,心脏缺如
20220,表 6-3-168 ,Q24.900,先天性心脏畸形
20221,表 6-3-168 ,Q24.901,小心脏
20222,表 6-3-168 ,Q25.000,动脉导管未闭
20223,表 6-3-168 ,Q25.100,主动脉缩窄
20224,表 6-3-168 ,Q25.200,主动脉闭锁
20225,表 6-3-168 ,Q25.300,主动脉狭窄
20226,表 6-3-168 ,Q25.301,先天性主动脉瓣上狭窄
20227,表 6-3-168 ,Q25.302,先天性降主动脉狭窄
20228,表 6-3-168 ,Q25.303,左室流出道梗阻
20229,表 6-3-168 ,Q25.400x009,先天性主动脉憩室
20230,表 6-3-168 ,Q25.400x010,先天性主动脉骑跨
20231,表 6-3-168 ,Q25.400x012,先天性主动脉窦畸形
20232,表 6-3-168 ,Q25.400x013,先天性主动脉左房分流
20233,表 6-3-168 ,Q25.401,先天性高主动脉弓
20234,表 6-3-168 ,Q25.402,先天性双主动脉弓
20235,表 6-3-168 ,Q25.403,先天性主动脉窦动脉瘤破裂
20236,表 6-3-168 ,Q25.404,先天性主动脉弓断离
20237,表 6-3-168 ,Q25.405,先天性主动脉弓发育不良
20238,表 6-3-168 ,Q25.406,先天性主动脉扩张
20239,表 6-3-168 ,Q25.407,先天性主动脉右位
20240,表 6-3-168 ,Q25.408,主动脉窦动脉瘤
20241,表 6-3-168 ,Q25.500,肺动脉闭锁
20242,表 6-3-168 ,Q25.600,肺动脉狭窄
20243,表 6-3-168 ,Q25.601,先天性肺动脉瓣上狭窄
20244,表 6-3-168 ,Q25.700x006,先天性肺动脉瘤
20245,表 6-3-168 ,Q25.700x007,先天性肺动脉起源于升主动脉
20246,表 6-3-168 ,Q25.700x008,先天性肺动脉扩张
20247,表 6-3-168 ,Q25.700x011,先天性支气管动脉肺动脉瘘
20248,表 6-3-168 ,Q25.700x012,肺体动脉间异常侧支
20249,表 6-3-168 ,Q25.701,先天性肺动静脉瘘
20250,表 6-3-168 ,Q25.702,先天性肺动脉发育不全
20251,表 6-3-168 ,Q25.703,先天性肺动脉缺如
20252,表 6-3-168 ,Q25.704,先天性肺动脉异常
20253,表 6-3-168 ,Q25.705,肺动脉吊带
20254,表 6-3-168 ,Q25.800x002,先天性头臂动脉畸形
20255,表 6-3-168 ,Q25.800x003,先天性颈总动脉狭窄
20256,表 6-3-168 ,Q25.800x004,先天性左锁骨下动脉畸形
20257,表 6-3-168 ,Q25.900,大动脉先天性畸形
20258,表 6-3-168 ,Q26.000x001,先天性上下腔静脉狭窄
20259,表 6-3-168 ,Q26.000x002,先天性上腔静脉狭窄
20260,表 6-3-168 ,Q26.000x003,先天性下腔静脉狭窄
20261,表 6-3-168 ,Q26.000x004,先天性下腔静脉闭锁
20262,表 6-3-168 ,Q26.100,永存左上腔静脉
20263,表 6-3-168 ,Q26.200x001,完全型肺静脉异位引流
20264,表 6-3-168 ,Q26.200x002,"完全性肺静脉异位引流,混合型"
20265,表 6-3-168 ,Q26.200x003,"完全性肺静脉异位引流,心内型"
20266,表 6-3-168 ,Q26.200x004,"完全性肺静脉异位引流,心上型"
20267,表 6-3-168 ,Q26.200x005,"完全性肺静脉异位引流,心下型"
20268,表 6-3-168 ,Q26.300,肺静脉连接部分异常
20269,表 6-3-168 ,Q26.301,肺静脉闭锁
20270,表 6-3-168 ,Q26.302,肺体静脉间异常侧支静脉
20271,表 6-3-168 ,Q26.400,肺静脉连接异常
20272,表 6-3-168 ,Q26.500,门静脉连接异常
20273,表 6-3-168 ,Q26.500x001,先天性门静脉畸形
20274,表 6-3-168 ,Q26.600,门静脉-肝动脉瘘
20275,表 6-3-168 ,Q26.800x001,"部分型肺静脉异位引流,镰刀综合征"
20276,表 6-3-168 ,Q26.800x002,先天性下腔静脉入左房
20277,表 6-3-168 ,Q26.800x003,先天性下腔静脉肝段缺如
20278,表 6-3-168 ,Q26.800x004,先天性左上腔静脉入左房
20279,表 6-3-168 ,Q26.800x005,先天性双下腔静脉
20280,表 6-3-168 ,Q26.800x006,先天性右上腔静脉缺如
20281,表 6-3-168 ,Q26.800x007,先天性无名静脉异常走行
20282,表 6-3-168 ,Q26.800x008,先天性下腔静脉缺如
20283,表 6-3-168 ,Q26.800x010,先天性双上腔静脉
20284,表 6-3-168 ,Q26.801,先天性肺静脉狭窄
20285,表 6-3-168 ,Q26.901,上腔静脉畸形
20286,表 6-3-168 ,Q26.902,下腔静脉畸形
20287,表 6-3-168 ,Q27.000,先天性脐动脉缺如和发育不全
20288,表 6-3-168 ,Q27.001,先天性脐动脉缺如
20289,表 6-3-168 ,Q27.100,先天性肾动脉狭窄
20290,表 6-3-168 ,Q27.200x002,先天性肾动脉畸形
20291,表 6-3-168 ,Q27.200x003,多肾动脉
20292,表 6-3-168 ,Q27.300x006,先天性脊髓动静脉瘘
20293,表 6-3-168 ,Q27.300x007,腮腺动静脉畸形
20294,表 6-3-168 ,Q27.300x008,硬膜外动静脉畸形
20295,表 6-3-168 ,Q27.300x009,子宫动静脉畸形
20296,表 6-3-168 ,Q27.300x010,颌骨动静脉畸形
20297,表 6-3-168 ,Q27.301,先天性动静脉瘘
20298,表 6-3-168 ,Q27.302,先天性头颈部动静脉瘘
20299,表 6-3-168 ,Q27.303,先天性腋动静脉瘘
20300,表 6-3-168 ,Q27.304,先天性肝动静脉瘘
20301,表 6-3-168 ,Q27.305,先天性肾动静脉瘘
20302,表 6-3-168 ,Q27.306,先天性躯干部动静脉瘘
20303,表 6-3-168 ,Q27.307,先天性上肢动静脉瘘
20304,表 6-3-168 ,Q27.308,先天性下肢动静脉瘘
20305,表 6-3-168 ,Q27.309,先天性周围血管动静脉瘤
20306,表 6-3-168 ,Q27.400,先天性静脉扩张
20307,表 6-3-168 ,Q27.800x004,肝门血管畸形
20308,表 6-3-168 ,Q27.800x007,髂动脉畸形
20309,表 6-3-168 ,Q27.800x008,躯干血管畸形
20310,表 6-3-168 ,Q27.800x018,迷走锁骨下动脉畸形
20311,表 6-3-168 ,Q27.800x020,永久性右脐静脉
20312,表 6-3-168 ,Q27.800x021,唇血管畸形
20313,表 6-3-168 ,Q27.800x024,口腔血管畸形
20314,表 6-3-168 ,Q27.800x025,颅骨血管畸形
20315,表 6-3-168 ,Q27.800x026,腮腺血管畸形
20316,表 6-3-168 ,Q27.800x027,上颌骨血管畸形
20317,表 6-3-168 ,Q27.800x028,唾液腺血管畸形
20318,表 6-3-168 ,Q27.800x030,头面血管畸形
20319,表 6-3-168 ,Q27.800x031,先天性静脉缺如
20320,表 6-3-168 ,Q27.800x032,颈静脉球异位症
20321,表 6-3-168 ,Q27.800x033,支气管黏膜血管畸形
20322,表 6-3-168 ,Q27.800x034,腹壁血管畸形
20323,表 6-3-168 ,Q27.800x035,肛周血管畸形
20324,表 6-3-168 ,Q27.800x036,咽后壁血管畸形
20325,表 6-3-168 ,Q27.800x037,腹膜后血管畸形
20326,表 6-3-168 ,Q27.800x039,肾球门血管病
20327,表 6-3-168 ,Q27.800x040,面部血管畸形
20328,表 6-3-168 ,Q27.800x041,周围动脉畸形
20329,表 6-3-168 ,Q27.800x042,周围静脉畸形
20330,表 6-3-168 ,Q27.801,先天性脊髓血管畸形
20331,表 6-3-168 ,Q27.802,先天性舌血管畸形
20332,表 6-3-168 ,Q27.803,先天性胃血管畸形
20333,表 6-3-168 ,Q27.804,先天性胆囊血管畸形
20334,表 6-3-168 ,Q27.805,先天性肝血管畸形
20335,表 6-3-168 ,Q27.806,先天性肾血管畸形
20336,表 6-3-168 ,Q27.807,先天性脾血管畸形
20337,表 6-3-168 ,Q27.808,先天性脐动脉畸形
20338,表 6-3-168 ,Q27.809,先天性小肠血管畸形
20339,表 6-3-168 ,Q27.810,先天性大肠血管畸形
20340,表 6-3-168 ,Q27.811,先天性肠系膜血管畸形
20341,表 6-3-168 ,Q27.812,先天性腹腔动脉畸形
20342,表 6-3-168 ,Q27.813,先天性子宫血管畸形
20343,表 6-3-168 ,Q27.814,先天性卵巢血管畸形
20344,表 6-3-168 ,Q27.815,先天性睾丸血管畸形
20345,表 6-3-168 ,Q27.816,先天性盆腔血管畸形
20346,表 6-3-168 ,Q27.817,先天性上肢血管畸形
20347,表 6-3-168 ,Q27.818,先天性下肢血管畸形
20348,表 6-3-168 ,Q27.819,先天性头颈部血管畸形
20349,表 6-3-168 ,Q27.900,周围血管系统先天性畸形
20350,表 6-3-168 ,Q28.000,入脑前血管动静脉畸形
20351,表 6-3-168 ,Q28.001,先天性入脑前动静脉瘤
20352,表 6-3-168 ,Q28.100,入脑前血管的其他畸形
20353,表 6-3-168 ,Q28.103,先天性椎动脉畸形
20354,表 6-3-168 ,Q28.104,先天性颈内动脉动脉瘤
20355,表 6-3-168 ,Q28.105,先天性基底动脉畸形
20356,表 6-3-168 ,Q28.106,先天性入脑前动脉瘤
20357,表 6-3-168 ,Q28.200,大脑血管动静脉畸形
20358,表 6-3-168 ,Q28.200x006,颅内巨大动静脉畸形
20359,表 6-3-168 ,Q28.200x007,涉及功能区的动静脉畸形（Spetzler-Martin3级及以下）
20360,表 6-3-168 ,Q28.200x008,涉及功能区的动静脉畸形（Spetzler-Martin3级以上）
20361,表 6-3-168 ,Q28.201,先天性大脑动静脉瘤
20362,表 6-3-168 ,Q28.202,先天性硬脑膜动静脉瘘
20363,表 6-3-168 ,Q28.203,先天性脑动静脉瘘
20364,表 6-3-168 ,Q28.300x001,脑血管畸形
20365,表 6-3-168 ,Q28.300x005,基底动脉畸形
20366,表 6-3-168 ,Q28.300x007,脑静脉畸形
20367,表 6-3-168 ,Q28.301,先天性大脑动静脉畸形
20368,表 6-3-168 ,Q28.302,先天性大脑动脉瘤
20369,表 6-3-168 ,Q28.303,先天性大脑后动脉缺失
20370,表 6-3-168 ,Q28.304,先天性大脑中动脉动脉瘤
20371,表 6-3-168 ,Q28.305,先天性小脑动静脉畸形
20372,表 6-3-168 ,Q28.800x003,髓内动静脉畸形
20373,表 6-3-168 ,Q28.800x004,髓内血管畸形
20374,表 6-3-168 ,Q28.800x005,椎体海绵状血管畸形
20375,表 6-3-168 ,Q28.800x006,颅骨膜窦
20376,表 6-3-168 ,Q28.800x007,支气管动脉畸形
20377,表 6-3-168 ,Q28.801,肺血管畸形
20378,表 6-3-168 ,Q28.900,循环系统先天性畸形
20379,表 6-3-168 ,Q28.900x001,血管畸形
20380,表 6-3-169 ,Q30.000,鼻后孔闭锁
20381,表 6-3-169 ,Q30.001,先天性前鼻孔狭窄
20382,表 6-3-169 ,Q30.100x001,先天性鼻缺如
20383,表 6-3-169 ,Q30.101,鼻发育不良
20384,表 6-3-169 ,Q30.200x001,鼻裂
20385,表 6-3-169 ,Q30.201,鼻切迹
20386,表 6-3-169 ,Q30.300,先天性鼻中隔穿孔
20387,表 6-3-169 ,Q30.800x003,先天性鼻头肥大
20388,表 6-3-169 ,Q30.800x004,上颌梨状孔发育不良
20389,表 6-3-169 ,Q30.800x005,先天性副鼻
20390,表 6-3-169 ,Q30.800x006,先天性鼻正中瘘
20391,表 6-3-169 ,Q30.800x007,先天性鼻瘘
20392,表 6-3-169 ,Q30.800x008,鼻神经胶质瘤
20393,表 6-3-169 ,Q30.801,鼻窦发育异常
20394,表 6-3-169 ,Q30.802,鼻窦异常骨间隔
20395,表 6-3-169 ,Q30.804,鼻中隔气化
20396,表 6-3-169 ,Q30.805,鼻翼畸形
20397,表 6-3-169 ,Q30.900,鼻先天性畸形
20398,表 6-3-169 ,Q31.000,喉蹼
20399,表 6-3-169 ,Q31.100,先天性声门下狭窄
20400,表 6-3-169 ,Q31.200,喉发育不全
20401,表 6-3-169 ,Q31.301,先天性喉囊肿
20402,表 6-3-169 ,Q31.500,先天性喉软骨软化病
20403,表 6-3-169 ,Q31.800x003,先天性环状软骨后裂
20404,表 6-3-169 ,Q31.800x004,先天性喉节突出
20405,表 6-3-169 ,Q31.800x005,先天性声门闭合不良
20406,表 6-3-169 ,Q31.801,先天性会厌裂
20407,表 6-3-169 ,Q31.802,先天性声门关闭不全
20408,表 6-3-169 ,Q31.803,先天性声带沟
20409,表 6-3-169 ,Q31.804,先天性喉闭锁
20410,表 6-3-169 ,Q31.805,先天性喉隔
20411,表 6-3-169 ,Q31.806,先天性喉狭窄
20412,表 6-3-169 ,Q31.900,喉先天性畸形
20413,表 6-3-169 ,Q32.000,先天性气管软化
20414,表 6-3-169 ,Q32.100,气管的其他先天性畸形
20415,表 6-3-169 ,Q32.101,先天性气管发育异常
20416,表 6-3-169 ,Q32.102,先天性气管狭窄
20417,表 6-3-169 ,Q32.200,先天性支气管软化
20418,表 6-3-169 ,Q32.300,先天性支气管狭窄
20419,表 6-3-169 ,Q32.400x002,先天性支气管发育不全
20420,表 6-3-169 ,Q32.400x004,先天性支气管憩室
20421,表 6-3-169 ,Q32.400x005,气管支气管巨大症
20422,表 6-3-169 ,Q32.401,先天性支气管畸形
20423,表 6-3-169 ,Q32.402,先天性支气管闭锁
20424,表 6-3-169 ,Q33.000,先天性囊性肺
20425,表 6-3-169 ,Q33.002,先天性肺囊状腺样畸形
20426,表 6-3-169 ,Q33.003,先天性支气管囊肿
20427,表 6-3-169 ,Q33.100,副肺叶
20428,表 6-3-169 ,Q33.200,肺分离
20429,表 6-3-169 ,Q33.301,先天性肺叶缺如
20430,表 6-3-169 ,Q33.400,先天性支气管扩张
20431,表 6-3-169 ,Q33.500,肺的异位组织
20432,表 6-3-169 ,Q33.600,肺发育不全和发育异常
20433,表 6-3-169 ,Q33.800x001,肺奇静脉裂
20434,表 6-3-169 ,Q33.800x002,先天性肺大泡
20435,表 6-3-169 ,Q33.900,肺先天性畸形
20436,表 6-3-169 ,Q34.000,胸膜异常
20437,表 6-3-169 ,Q34.100,纵隔先天性囊肿
20438,表 6-3-169 ,Q34.801,先天性鼻咽闭锁
20439,表 6-3-169 ,Q34.900,呼吸系统先天性畸形
20440,表 6-3-170 ,Q35.100,硬腭裂
20441,表 6-3-170 ,Q35.101,双侧部分硬腭裂
20442,表 6-3-170 ,Q35.300,软腭裂
20443,表 6-3-170 ,Q35.301,软腭穿孔
20444,表 6-3-170 ,Q35.302,隐性腭裂
20445,表 6-3-170 ,Q35.500,硬腭裂伴有软腭裂
20446,表 6-3-170 ,Q35.500x004,先天性双侧三度腭裂
20447,表 6-3-170 ,Q35.501,单侧硬腭裂伴软腭裂
20448,表 6-3-170 ,Q35.502,单侧硬腭裂伴软腭裂和齿槽裂
20449,表 6-3-170 ,Q35.700,腭垂裂
20450,表 6-3-170 ,Q35.900,腭裂
20451,表 6-3-170 ,Q35.901,双侧完全性腭裂
20452,表 6-3-170 ,Q35.902,单侧完全性腭裂
20453,表 6-3-170 ,Q35.903,不完全性腭裂
20454,表 6-3-170 ,Q35.907,口鼻瘘
20455,表 6-3-170 ,Q36.000,双侧唇裂
20456,表 6-3-170 ,Q36.001,双侧完全唇裂
20457,表 6-3-170 ,Q36.002,双侧混合型唇裂
20458,表 6-3-170 ,Q36.003,双侧不完全唇裂
20459,表 6-3-170 ,Q36.004,双侧Ⅰ度唇裂
20460,表 6-3-170 ,Q36.005,双侧Ⅱ度唇裂
20461,表 6-3-170 ,Q36.006,双侧Ⅲ度唇裂
20462,表 6-3-170 ,Q36.100,正中唇裂
20463,表 6-3-170 ,Q36.900,单侧唇裂
20464,表 6-3-170 ,Q36.900x003,先天性唇裂术后继发畸形
20465,表 6-3-170 ,Q36.901,单侧完全唇裂
20466,表 6-3-170 ,Q36.902,单侧不完全唇裂
20467,表 6-3-170 ,Q36.903,隐性单侧唇裂
20468,表 6-3-170 ,Q36.904,单侧Ⅰ度唇裂
20469,表 6-3-170 ,Q36.905,单侧Ⅱ度唇裂
20470,表 6-3-170 ,Q36.906,单侧Ⅲ度唇裂
20471,表 6-3-170 ,Q37.000,硬腭裂伴有双侧唇裂
20472,表 6-3-170 ,Q37.100,硬腭裂伴有单侧唇裂
20473,表 6-3-170 ,Q37.200,软腭裂伴有双侧唇裂
20474,表 6-3-170 ,Q37.300,软腭裂伴有单侧唇裂
20475,表 6-3-170 ,Q37.400,硬腭和软腭裂伴有双侧唇裂
20476,表 6-3-170 ,Q37.500,硬腭和软腭裂伴有单侧唇裂
20477,表 6-3-170 ,Q37.800,腭裂伴有双侧唇裂
20478,表 6-3-170 ,Q37.900,腭裂伴有单侧唇裂
20479,表 6-3-171 ,Q38.000x003,先天性唇畸形
20480,表 6-3-171 ,Q38.000x005,先天性厚唇
20481,表 6-3-171 ,Q38.000x006,先天性薄唇
20482,表 6-3-171 ,Q38.000x007,先天性红唇缺如
20483,表 6-3-171 ,Q38.001,唇系带短缩
20484,表 6-3-171 ,Q38.002,范德沃德综合征
20485,表 6-3-171 ,Q38.003,先天性重唇
20486,表 6-3-171 ,Q38.004,先天性唇瘘
20487,表 6-3-171 ,Q38.100,舌系带过短
20488,表 6-3-171 ,Q38.200,巨舌
20489,表 6-3-171 ,Q38.300,舌的其他先天性畸形
20490,表 6-3-171 ,Q38.300x003,先天性小舌
20491,表 6-3-171 ,Q38.300x005,皱襞舌
20492,表 6-3-171 ,Q38.300x007,先天性舌粘连
20493,表 6-3-171 ,Q38.301,先天性舌发育不全
20494,表 6-3-171 ,Q38.303,无舌症
20495,表 6-3-171 ,Q38.304,舌裂
20496,表 6-3-171 ,Q38.305,舌系带过长
20497,表 6-3-171 ,Q38.400,涎腺和导管先天性畸形
20498,表 6-3-171 ,Q38.400x001,先天性唾液腺瘘
20499,表 6-3-171 ,Q38.400x002,先天性唾液腺畸形
20500,表 6-3-171 ,Q38.500x002,先天性无悬雍垂
20501,表 6-3-171 ,Q38.500x003,先天性腭畸形
20502,表 6-3-171 ,Q38.500x005,悬雍垂过长
20503,表 6-3-171 ,Q38.500x006,高腭弓
20504,表 6-3-171 ,Q38.500x007,先天性软腭缺如
20505,表 6-3-171 ,Q38.500x009,先天性腭咽闭合过度
20506,表 6-3-171 ,Q38.501,软腭发育不全
20507,表 6-3-171 ,Q38.502,先天性腭瘘
20508,表 6-3-171 ,Q38.600x001,颊系带附着异常
20509,表 6-3-171 ,Q38.600x002,先天性齿龈畸形
20510,表 6-3-171 ,Q38.600x004,先天性颊沟过浅
20511,表 6-3-171 ,Q38.600x006,先天性牙槽嵴裂
20512,表 6-3-171 ,Q38.601,先天性口畸形
20513,表 6-3-171 ,Q38.700,咽囊
20514,表 6-3-171 ,Q38.701,先天性咽憩室
20515,表 6-3-171 ,Q38.801,先天性腭咽闭合不全
20516,表 6-3-171 ,Q38.802,咽部畸形
20517,表 6-3-171 ,Q39.000x001,先天性食管闭锁
20518,表 6-3-171 ,Q39.100,食管闭锁伴有气管食管瘘
20519,表 6-3-171 ,Q39.100x011,先天性食管闭锁伴气管和食管上段瘘
20520,表 6-3-171 ,Q39.100x021,先天性食管闭锁伴气管和食管下段瘘
20521,表 6-3-171 ,Q39.200x011,先天性气管食管瘘
20522,表 6-3-171 ,Q39.300,先天性食管狭窄
20523,表 6-3-171 ,Q39.400,先天性食管蹼
20524,表 6-3-171 ,Q39.501,先天性食管失弛缓症
20525,表 6-3-171 ,Q39.600,食管憩室
20526,表 6-3-171 ,Q39.601,先天性咽食管憩室
20527,表 6-3-171 ,Q39.602,先天性食管中段憩室
20528,表 6-3-171 ,Q39.800x201,先天性食管假梗阻
20529,表 6-3-171 ,Q39.800x903,先天性食管缺如
20530,表 6-3-171 ,Q39.800x904,先天性食管移位
20531,表 6-3-171 ,Q39.800x905,食管异位组织
20532,表 6-3-171 ,Q39.801,食管重复畸形
20533,表 6-3-171 ,Q39.802,先天性短食管
20534,表 6-3-171 ,Q39.803,先天性食管囊肿
20535,表 6-3-171 ,Q39.900,食管先天性畸形
20536,表 6-3-171 ,Q40.000,先天性肥大性幽门狭窄
20537,表 6-3-171 ,Q40.002,先天性幽门闭锁
20538,表 6-3-171 ,Q40.003,先天性幽门痉挛
20539,表 6-3-171 ,Q40.100,先天性食管裂孔疝
20540,表 6-3-171 ,Q40.200x004,先天性贲门痉挛
20541,表 6-3-171 ,Q40.200x005,先天性沙漏状胃
20542,表 6-3-171 ,Q40.200x010,十二指肠隔膜
20543,表 6-3-171 ,Q40.201,胃重复畸形
20544,表 6-3-171 ,Q40.202,先天性小胃畸形
20545,表 6-3-171 ,Q40.203,先天性巨胃
20546,表 6-3-171 ,Q40.204,先天性胃壁肌层缺损
20547,表 6-3-171 ,Q40.205,先天性胃黏膜异位
20548,表 6-3-171 ,Q40.206,先天性胃扭转
20549,表 6-3-171 ,Q40.207,先天性胃憩室
20550,表 6-3-171 ,Q40.208,先天性胃移位
20551,表 6-3-171 ,Q40.209,食管胃黏膜异位
20552,表 6-3-171 ,Q40.300,胃先天性畸形
20553,表 6-3-171 ,Q40.800,上消化道其他特指的先天性畸形
20554,表 6-3-171 ,Q40.900,上消化道先天性畸形
20555,表 6-3-171 ,Q41.001,先天性十二指肠缺如
20556,表 6-3-171 ,Q41.002,先天性十二指肠狭窄
20557,表 6-3-171 ,Q41.003,先天性十二指肠闭锁
20558,表 6-3-171 ,Q41.101,先天性空肠狭窄
20559,表 6-3-171 ,Q41.102,先天性空肠闭锁
20560,表 6-3-171 ,Q41.103,苹果皮综合征
20561,表 6-3-171 ,Q41.104,先天性空肠缺如
20562,表 6-3-171 ,Q41.201,先天性回肠缺如
20563,表 6-3-171 ,Q41.202,先天性回肠狭窄
20564,表 6-3-171 ,Q41.203,先天性回肠闭锁
20565,表 6-3-171 ,Q41.800,小肠其他特指部位的先天性缺如、闭锁和狭窄
20566,表 6-3-171 ,Q41.901,先天性小肠狭窄
20567,表 6-3-171 ,Q41.902,先天性小肠缺如
20568,表 6-3-171 ,Q41.903,先天性小肠闭锁
20569,表 6-3-171 ,Q42.000x101,先天性直肠闭锁伴直肠尿道瘘
20570,表 6-3-171 ,Q42.000x201,先天性直肠闭锁伴直肠膀胱瘘
20571,表 6-3-171 ,Q42.000x301,先天性直肠闭锁伴直肠外阴瘘
20572,表 6-3-171 ,Q42.000x401,先天性直肠闭锁伴直肠皮肤瘘
20573,表 6-3-171 ,Q42.000x501,先天性直肠闭锁伴直肠结肠瘘
20574,表 6-3-171 ,Q42.001,直肠先天性狭窄，伴有瘘
20575,表 6-3-171 ,Q42.002,直肠先天性闭锁，伴有瘘
20576,表 6-3-171 ,Q42.101,直肠先天性狭窄，不伴有瘘
20577,表 6-3-171 ,Q42.102,直肠先天性闭锁，不伴有瘘
20578,表 6-3-171 ,Q42.200x201,先天性肛门闭锁伴直肠膀胱瘘
20579,表 6-3-171 ,Q42.200x901,先天性肛门闭锁伴直肠尿道瘘
20580,表 6-3-171 ,Q42.200x902,先天性肛门闭锁伴直肠阴道瘘
20581,表 6-3-171 ,Q42.200x903,先天性肛门闭锁伴直肠外阴瘘
20582,表 6-3-171 ,Q42.200x904,先天性肛门闭锁伴直肠前庭瘘
20583,表 6-3-171 ,Q42.200x905,先天性肛门闭锁伴直肠皮肤瘘
20584,表 6-3-171 ,Q42.201,肛门先天性狭窄，伴有瘘
20585,表 6-3-171 ,Q42.202,肛门先天性闭锁，伴有瘘
20586,表 6-3-171 ,Q42.301,肛门先天性狭窄，不伴有瘘
20587,表 6-3-171 ,Q42.302,肛门先天性闭锁，不伴有瘘
20588,表 6-3-171 ,Q42.800x002,先天性结肠缺如
20589,表 6-3-171 ,Q42.800x003,先天性结肠狭窄
20590,表 6-3-171 ,Q42.801,阑尾闭锁
20591,表 6-3-171 ,Q42.802,阑尾缺如
20592,表 6-3-171 ,Q42.803,先天性结肠闭锁
20593,表 6-3-171 ,Q42.901,先天性大肠闭锁
20594,表 6-3-171 ,Q42.902,先天性大肠狭窄
20595,表 6-3-171 ,Q42.903,先天性大肠缺如
20596,表 6-3-171 ,Q43.000,麦克尔憩室
20597,表 6-3-171 ,Q43.001,先天性卵黄管囊肿
20598,表 6-3-171 ,Q43.002,先天性脐窦
20599,表 6-3-171 ,Q43.003,先天性脐瘘
20600,表 6-3-171 ,Q43.004,先天性脐茸
20601,表 6-3-171 ,Q43.100,先天无神经节性巨结肠[赫希施斯普龙病]
20602,表 6-3-171 ,Q43.101,先天性短段型巨结肠
20603,表 6-3-171 ,Q43.102,先天性长段型巨结肠
20604,表 6-3-171 ,Q43.103,先天性普通型巨结肠
20605,表 6-3-171 ,Q43.104,先天性超短段型巨结肠
20606,表 6-3-171 ,Q43.105,先天性巨结肠类源病
20607,表 6-3-171 ,Q43.106,先天性全结肠型巨结肠
20608,表 6-3-171 ,Q43.200,结肠的其他先天性功能性疾患
20609,表 6-3-171 ,Q43.200x002,巨结肠类缘病
20610,表 6-3-171 ,Q43.200x003,巨膀胱-小结肠-肠蠕动不良综合征
20611,表 6-3-171 ,Q43.201,先天性结肠扩张
20612,表 6-3-171 ,Q43.300x201,先天性肠粘连
20613,表 6-3-171 ,Q43.300x901,先天性杰克逊膜
20614,表 6-3-171 ,Q43.301,先天性肠旋转不良
20615,表 6-3-171 ,Q43.401,结肠重复畸形
20616,表 6-3-171 ,Q43.402,双阑尾
20617,表 6-3-171 ,Q43.403,小肠重复畸形
20618,表 6-3-171 ,Q43.404,直肠重复畸形
20619,表 6-3-171 ,Q43.500,异位肛门
20620,表 6-3-171 ,Q43.601,先天性肛瘘
20621,表 6-3-171 ,Q43.602,先天性直肠瘘
20622,表 6-3-171 ,Q43.700,永存泄殖腔
20623,表 6-3-171 ,Q43.800x006,先天性小结肠
20624,表 6-3-171 ,Q43.800x008,先天性游离盲肠
20625,表 6-3-171 ,Q43.800x009,先天性空肠异位
20626,表 6-3-171 ,Q43.800x012,先天性小肠发育异常
20627,表 6-3-171 ,Q43.800x014,先天性十二指肠憩室
20628,表 6-3-171 ,Q43.800x015,先天性小肠憩室
20629,表 6-3-171 ,Q43.800x017,先天性盲肠憩室
20630,表 6-3-171 ,Q43.800x018,先天性乙状结肠憩室
20631,表 6-3-171 ,Q43.800x019,先天性直肠憩室
20632,表 6-3-171 ,Q43.801,肠源性囊肿
20633,表 6-3-171 ,Q43.802,先天性小肠黏膜异位
20634,表 6-3-171 ,Q43.803,小左结肠综合征
20635,表 6-3-171 ,Q43.804,先天性巨十二指肠
20636,表 6-3-171 ,Q43.805,先天性十二指肠瓣膜
20637,表 6-3-171 ,Q43.806,盲肠异位
20638,表 6-3-171 ,Q43.807,先天性盲袢综合征
20639,表 6-3-171 ,Q43.808,先天性巨阑尾
20640,表 6-3-171 ,Q43.809,间位结肠
20641,表 6-3-171 ,Q43.810,先天性短结肠
20642,表 6-3-171 ,Q43.811,先天性结肠憩室
20643,表 6-3-171 ,Q43.812,先天性长结肠
20644,表 6-3-171 ,Q43.900,肠先天性畸形
20645,表 6-3-171 ,Q43.901,先天性肛门畸形
20646,表 6-3-171 ,Q44.001,先天性胆囊不发育
20647,表 6-3-171 ,Q44.002,先天性胆囊发育不全
20648,表 6-3-171 ,Q44.003,胆囊分隔
20649,表 6-3-171 ,Q44.004,先天性无胆囊
20650,表 6-3-171 ,Q44.100x002,先天性肝内胆囊
20651,表 6-3-171 ,Q44.100x003,胆囊重复畸形
20652,表 6-3-171 ,Q44.101,先天性胆囊闭锁
20653,表 6-3-171 ,Q44.102,胆囊憩室
20654,表 6-3-171 ,Q44.200,胆管闭锁
20655,表 6-3-171 ,Q44.200x003,先天性胆总管下端闭锁
20656,表 6-3-171 ,Q44.201,先天性胆总管闭锁
20657,表 6-3-171 ,Q44.300,先天性胆管狭窄
20658,表 6-3-171 ,Q44.301,先天性胆管闭塞性黄疸
20659,表 6-3-171 ,Q44.400,先天性胆总管囊肿
20660,表 6-3-171 ,Q44.500x005,先天性胆总管狭窄
20661,表 6-3-171 ,Q44.500x006,胆管重复畸形
20662,表 6-3-171 ,Q44.500x007,先天性肝内胆管囊状扩张症[Caroli病]
20663,表 6-3-171 ,Q44.500x008,先天性胃内胆管异位
20664,表 6-3-171 ,Q44.501,先天性胆总管畸形
20665,表 6-3-171 ,Q44.502,先天性胆管畸形
20666,表 6-3-171 ,Q44.503,先天性胆总管扩张
20667,表 6-3-171 ,Q44.504,先天性胆管扩张症
20668,表 6-3-171 ,Q44.505,卡罗莱综合征
20669,表 6-3-171 ,Q44.600,肝囊性病
20670,表 6-3-171 ,Q44.601,多囊肝
20671,表 6-3-171 ,Q44.700x002,阿拉杰里综合征[Alagille综合征]
20672,表 6-3-171 ,Q44.700x003,肝异位
20673,表 6-3-171 ,Q44.700x004,先天性多囊肝
20674,表 6-3-171 ,Q44.701,先天性肝内胆管发育不良征
20675,表 6-3-171 ,Q44.702,先天性肝脏畸形
20676,表 6-3-171 ,Q44.703,先天性肝纤维化
20677,表 6-3-171 ,Q44.704,肝发育不良
20678,表 6-3-171 ,Q44.705,先天性肝囊肿
20679,表 6-3-171 ,Q45.001,胰腺不发育
20680,表 6-3-171 ,Q45.002,胰腺发育不全
20681,表 6-3-171 ,Q45.003,胰腺缺如
20682,表 6-3-171 ,Q45.100,环状胰腺
20683,表 6-3-171 ,Q45.200,胰腺先天性囊肿
20684,表 6-3-171 ,Q45.300x102,食道异位胰腺
20685,表 6-3-171 ,Q45.300x103,十二指肠异位胰腺
20686,表 6-3-171 ,Q45.300x104,胃内异位胰腺
20687,表 6-3-171 ,Q45.300x105,空肠异位胰腺
20688,表 6-3-171 ,Q45.300x901,先天性多囊胰
20689,表 6-3-171 ,Q45.300x902,胰腺分裂症
20690,表 6-3-171 ,Q45.300x904,迷走胰腺
20691,表 6-3-171 ,Q45.301,异位胰腺
20692,表 6-3-171 ,Q45.801,肝脾异位
20693,表 6-3-171 ,Q45.802,胰胆管合流异常
20694,表 6-3-171 ,Q45.900,消化系统先天性畸形
20695,表 6-3-172 ,Q50.000,先天性无卵巢
20696,表 6-3-172 ,Q50.000x011,先天性单侧卵巢缺如
20697,表 6-3-172 ,Q50.000x021,先天性双侧卵巢缺如
20698,表 6-3-172 ,Q50.100,发育性卵巢囊肿
20699,表 6-3-172 ,Q50.200,卵巢先天性扭转
20700,表 6-3-172 ,Q50.300x101,先天性卵巢条索状
20701,表 6-3-172 ,Q50.301,副卵巢
20702,表 6-3-172 ,Q50.302,卵巢异位
20703,表 6-3-172 ,Q50.303,小卵巢
20704,表 6-3-172 ,Q50.400,输卵管胚胎性囊肿
20705,表 6-3-172 ,Q50.401,苗勒管囊肿
20706,表 6-3-172 ,Q50.501,先天性卵巢旁囊肿
20707,表 6-3-172 ,Q50.502,加特纳管囊肿
20708,表 6-3-172 ,Q50.503,先天性卵巢冠囊肿
20709,表 6-3-172 ,Q50.504,女性莫尔加尼囊肿
20710,表 6-3-172 ,Q50.600,输卵管和阔韧带的其他先天性畸形
20711,表 6-3-172 ,Q50.600x903,输卵管异位
20712,表 6-3-172 ,Q50.600x904,先天性阔韧带缺如
20713,表 6-3-172 ,Q50.601,先天性输卵管缺失
20714,表 6-3-172 ,Q50.602,先天性阔韧带缺失
20715,表 6-3-172 ,Q50.603,先天性输卵管闭锁
20716,表 6-3-172 ,Q51.000,子宫缺如和不发育
20717,表 6-3-172 ,Q51.000x001,始基子宫
20718,表 6-3-172 ,Q51.001,先天性子宫缺失
20719,表 6-3-172 ,Q51.100,双子宫伴有双宫颈和双阴道
20720,表 6-3-172 ,Q51.100x001,双子宫颈
20721,表 6-3-172 ,Q51.201,先天性双子宫单宫颈
20722,表 6-3-172 ,Q51.202,子宫纵隔
20723,表 6-3-172 ,Q51.203,子宫不全纵隔
20724,表 6-3-172 ,Q51.300,双角子宫
20725,表 6-3-172 ,Q51.400,单角子宫
20726,表 6-3-172 ,Q51.501,先天性宫颈缺如
20727,表 6-3-172 ,Q51.502,先天性宫颈不发育
20728,表 6-3-172 ,Q51.600,宫颈胚胎性囊肿
20729,表 6-3-172 ,Q51.701,先天性子宫尿道瘘
20730,表 6-3-172 ,Q51.702,先天性子宫直肠瘘
20731,表 6-3-172 ,Q51.800x007,先天性子宫内膜缺如
20732,表 6-3-172 ,Q51.800x011,子宫横隔
20733,表 6-3-172 ,Q51.800x012,子宫斜隔
20734,表 6-3-172 ,Q51.801,先天性宫颈发育不良
20735,表 6-3-172 ,Q51.802,弓形子宫
20736,表 6-3-172 ,Q51.803,先天性残角子宫
20737,表 6-3-172 ,Q51.804,先天性宫颈闭锁
20738,表 6-3-172 ,Q51.805,先天性宫颈隔
20739,表 6-3-172 ,Q51.806,先天性宫颈狭窄
20740,表 6-3-172 ,Q51.808,子宫发育不全
20741,表 6-3-172 ,Q51.900,子宫和宫颈先天性畸形
20742,表 6-3-172 ,Q51.901,先天性宫颈畸形
20743,表 6-3-172 ,Q52.000,先天性无阴道
20744,表 6-3-172 ,Q52.101,阴道斜隔
20745,表 6-3-172 ,Q52.103,阴道纵隔
20746,表 6-3-172 ,Q52.104,阴道横膈
20747,表 6-3-172 ,Q52.200,先天性直肠阴道瘘
20748,表 6-3-172 ,Q52.300,处女膜闭锁
20749,表 6-3-172 ,Q52.400x006,阴道苗勒管囊肿
20750,表 6-3-172 ,Q52.400x007,阴道加特纳囊肿
20751,表 6-3-172 ,Q52.401,阴道腺病
20752,表 6-3-172 ,Q52.402,先天性阴道闭锁
20753,表 6-3-172 ,Q52.403,先天性阴道狭窄
20754,表 6-3-172 ,Q52.404,先天性阴道努克管囊肿
20755,表 6-3-172 ,Q52.405,处女膜过长
20756,表 6-3-172 ,Q52.406,尿道口处女膜病
20757,表 6-3-172 ,Q52.407,伞状尿道口处女膜病
20758,表 6-3-172 ,Q52.408,先天性处女膜增厚
20759,表 6-3-172 ,Q52.500x001,先天性小阴唇粘连
20760,表 6-3-172 ,Q52.601,先天性阴蒂肥大
20761,表 6-3-172 ,Q52.700x003,先天性阴唇肥厚
20762,表 6-3-172 ,Q52.700x004,先天性外阴缺如
20763,表 6-3-172 ,Q52.700x005,先天性直肠会阴瘘
20764,表 6-3-172 ,Q52.701,女性会阴发育异常
20765,表 6-3-172 ,Q52.702,女性外阴发育异常
20766,表 6-3-172 ,Q52.703,先天性外阴囊肿
20767,表 6-3-172 ,Q52.800x004,女性中肾管囊肿
20768,表 6-3-172 ,Q52.901,女性生殖道畸形综合征
20769,表 6-3-172 ,Q53.000,异位睾丸
20770,表 6-3-172 ,Q53.000x002,单侧睾丸异位
20771,表 6-3-172 ,Q53.000x003,双侧睾丸异位
20772,表 6-3-172 ,Q53.100,单侧睾丸未降
20773,表 6-3-172 ,Q53.100x001,单侧睾丸下降不全
20774,表 6-3-172 ,Q53.101,单侧腹股沟型隐睾
20775,表 6-3-172 ,Q53.102,单侧腹腔型隐睾
20776,表 6-3-172 ,Q53.200,双侧睾丸未降
20777,表 6-3-172 ,Q53.200x001,双侧睾丸下降不全
20778,表 6-3-172 ,Q53.201,双侧腹腔型隐睾
20779,表 6-3-172 ,Q53.202,双侧腹股沟型隐睾
20780,表 6-3-172 ,Q53.900,睾丸未降
20781,表 6-3-172 ,Q53.901,睾丸下降不全
20782,表 6-3-172 ,Q53.902,隐睾
20783,表 6-3-172 ,Q54.000,尿道下裂，龟头的
20784,表 6-3-172 ,Q54.001,先天性尿道冠状沟下裂
20785,表 6-3-172 ,Q54.100,阴茎部尿道下裂
20786,表 6-3-172 ,Q54.200,阴茎阴囊部尿道下裂
20787,表 6-3-172 ,Q54.300,会阴部尿道下裂
20788,表 6-3-172 ,Q54.400,先天性痛性阴茎勃起
20789,表 6-3-172 ,Q54.800,尿道下裂，其他的
20790,表 6-3-172 ,Q54.900,尿道下裂
20791,表 6-3-172 ,Q54.901,尿道旁裂
20792,表 6-3-172 ,Q55.001,睾丸不发育
20793,表 6-3-172 ,Q55.002,睾丸退化
20794,表 6-3-172 ,Q55.003,先天性单睾丸
20795,表 6-3-172 ,Q55.004,睾丸缺如
20796,表 6-3-172 ,Q55.100x002,先天性睾丸发育不良
20797,表 6-3-172 ,Q55.101,睾丸融合
20798,表 6-3-172 ,Q55.200x901,多睾畸形
20799,表 6-3-172 ,Q55.201,先天性男性中肾管囊肿
20800,表 6-3-172 ,Q55.202,移行睾丸
20801,表 6-3-172 ,Q55.203,先天性可回缩睾丸
20802,表 6-3-172 ,Q55.300,输精管闭锁
20803,表 6-3-172 ,Q55.400x006,先天性附睾缺如
20804,表 6-3-172 ,Q55.400x008,前列腺膀胱内异位
20805,表 6-3-172 ,Q55.401,先天性输精管缺失
20806,表 6-3-172 ,Q55.402,先天性附睾分离
20807,表 6-3-172 ,Q55.403,输精管发育不良
20808,表 6-3-172 ,Q55.404,男性莫尔加尼囊肿
20809,表 6-3-172 ,Q55.405,前列腺缺如
20810,表 6-3-172 ,Q55.501,阴茎不发育
20811,表 6-3-172 ,Q55.502,阴茎缺如
20812,表 6-3-172 ,Q55.600x007,重复阴茎
20813,表 6-3-172 ,Q55.600x008,双阴茎头畸形
20814,表 6-3-172 ,Q55.600x009,阴茎系带短缩
20815,表 6-3-172 ,Q55.601,阴茎发育不全
20816,表 6-3-172 ,Q55.602,小阴茎
20817,表 6-3-172 ,Q55.603,先天性阴茎屈曲畸形
20818,表 6-3-172 ,Q55.604,先天性阴茎下弯
20819,表 6-3-172 ,Q55.605,先天性包皮囊肿
20820,表 6-3-172 ,Q55.606,隐匿性阴茎
20821,表 6-3-172 ,Q55.800,男性生殖器官其他特指的先天性畸形
20822,表 6-3-172 ,Q55.800x001,前列腺囊
20823,表 6-3-172 ,Q55.801,先天性阴茎阴囊融合
20824,表 6-3-172 ,Q55.802,阴茎阴囊转位
20825,表 6-3-172 ,Q55.900,男性生殖器官先天性畸形
20826,表 6-3-172 ,Q55.901,男性生殖器官发育不全
20827,表 6-3-172 ,Q56.000,两性畸形，不可归类在他处者
20828,表 6-3-172 ,Q56.001,女性男性化
20829,表 6-3-172 ,Q56.002,卵睾体
20830,表 6-3-172 ,Q56.100,男性假两性畸形，不可归类在他处者
20831,表 6-3-172 ,Q56.200,女性假两性畸形，不可归类在他处者
20832,表 6-3-172 ,Q56.300,假两性畸形
20833,表 6-3-172 ,Q56.400,性别不清
20834,表 6-3-173 ,Q60.000,单侧肾缺如
20835,表 6-3-173 ,Q60.100,双侧肾缺如
20836,表 6-3-173 ,Q60.200,肾缺如
20837,表 6-3-173 ,Q60.300,单侧肾发育不全
20838,表 6-3-173 ,Q60.400,双侧肾发育不全
20839,表 6-3-173 ,Q60.400x001,双侧肾不发育
20840,表 6-3-173 ,Q60.500,肾发育不全
20841,表 6-3-173 ,Q60.501,先天性肾萎缩
20842,表 6-3-173 ,Q60.600,波特综合征
20843,表 6-3-173 ,Q61.000,先天性单个肾囊肿
20844,表 6-3-173 ,Q61.100,多囊肾，常染色体隐性
20845,表 6-3-173 ,Q61.200,多囊肾，常染色体显性
20846,表 6-3-173 ,Q61.300,多囊肾
20847,表 6-3-173 ,Q61.400,肾发育不良
20848,表 6-3-173 ,Q61.401,肾多囊性发育不良
20849,表 6-3-173 ,Q61.402,多囊肾（进展型）
20850,表 6-3-173 ,Q61.403,多囊性肾病
20851,表 6-3-173 ,Q61.404,多囊肾发育不良
20852,表 6-3-173 ,Q61.500,髓部囊性肾
20853,表 6-3-173 ,Q61.800,囊性肾病，其他的
20854,表 6-3-173 ,Q61.801,先天性纤维囊性肾
20855,表 6-3-173 ,Q61.900,囊性肾病
20856,表 6-3-173 ,Q61.901,麦克尔-格鲁贝尔综合征
20857,表 6-3-173 ,Q62.000,先天性肾盂积水
20858,表 6-3-173 ,Q62.100,输尿管闭锁和狭窄
20859,表 6-3-173 ,Q62.100x802,先天性单侧输尿管闭锁
20860,表 6-3-173 ,Q62.100x902,先天性双侧输尿管闭锁
20861,表 6-3-173 ,Q62.101,先天性肾盂输尿管连接部梗阻
20862,表 6-3-173 ,Q62.103,先天性输尿管膀胱开口处狭窄
20863,表 6-3-173 ,Q62.104,先天性输尿管狭窄
20864,表 6-3-173 ,Q62.200,先天性巨输尿管
20865,表 6-3-173 ,Q62.201,先天性输尿管扩张
20866,表 6-3-173 ,Q62.202,单纯性输尿管膨出
20867,表 6-3-173 ,Q62.300x101,异位输尿管疝
20868,表 6-3-173 ,Q62.300x301,先天性输尿管息肉
20869,表 6-3-173 ,Q62.300x901,先天性输尿管疝
20870,表 6-3-173 ,Q62.300x902,先天性梗阻性肾病
20871,表 6-3-173 ,Q62.300x903,先天性泌尿道梗阻
20872,表 6-3-173 ,Q62.300x904,肾盂输尿管连接部瓣膜
20873,表 6-3-173 ,Q62.300x905,输尿管瓣膜
20874,表 6-3-173 ,Q62.301,先天性输尿管积水
20875,表 6-3-173 ,Q62.400,输尿管缺如
20876,表 6-3-173 ,Q62.400x001,先天性输尿管不发育
20877,表 6-3-173 ,Q62.400x002,先天性无输尿管
20878,表 6-3-173 ,Q62.500,重复输尿管
20879,表 6-3-173 ,Q62.600,输尿管错位
20880,表 6-3-173 ,Q62.601,下腔静脉后输尿管
20881,表 6-3-173 ,Q62.602,先天性输尿管开口移位
20882,表 6-3-173 ,Q62.700,先天性膀胱-输尿管-肾反流
20883,表 6-3-173 ,Q62.700x001,先天性膀胱输尿管反流
20884,表 6-3-173 ,Q62.700x101,先天性单侧膀胱输尿管反流
20885,表 6-3-173 ,Q62.700x201,先天性双侧膀胱输尿管反流
20886,表 6-3-173 ,Q62.800,输尿管的其他先天性畸形
20887,表 6-3-173 ,Q63.000,副肾
20888,表 6-3-173 ,Q63.001,重复肾
20889,表 6-3-173 ,Q63.002,双肾双肾盂
20890,表 6-3-173 ,Q63.101,融合肾
20891,表 6-3-173 ,Q63.102,马蹄形肾
20892,表 6-3-173 ,Q63.103,分叶肾
20893,表 6-3-173 ,Q63.200,异位肾
20894,表 6-3-173 ,Q63.201,肾旋转不良
20895,表 6-3-173 ,Q63.203,异位肾盂
20896,表 6-3-173 ,Q63.301,先天性巨大肾
20897,表 6-3-173 ,Q63.302,先天性增生性肾
20898,表 6-3-173 ,Q63.800x101,先天性肾盏憩室
20899,表 6-3-173 ,Q63.800x902,双肾盂
20900,表 6-3-173 ,Q63.801,先天性肾结石
20901,表 6-3-173 ,Q63.900,肾先天性畸形
20902,表 6-3-173 ,Q64.000,尿道上裂
20903,表 6-3-173 ,Q64.100,膀胱外翻
20904,表 6-3-173 ,Q64.100x091,异位膀胱
20905,表 6-3-173 ,Q64.200,先天性后尿道瓣
20906,表 6-3-173 ,Q64.200x001,尿道瓣膜
20907,表 6-3-173 ,Q64.200x021,前尿道瓣膜
20908,表 6-3-173 ,Q64.301,先天性尿道瓣膜性狭窄
20909,表 6-3-173 ,Q64.302,先天性尿道闭锁
20910,表 6-3-173 ,Q64.303,先天性尿道狭窄
20911,表 6-3-173 ,Q64.304,先天性膀胱尿道口处狭窄
20912,表 6-3-173 ,Q64.400x301,先天性脐尿管憩室
20913,表 6-3-173 ,Q64.400x902,先天性脐尿管脱垂
20914,表 6-3-173 ,Q64.401,脐尿管瘘
20915,表 6-3-173 ,Q64.402,脐尿管囊肿
20916,表 6-3-173 ,Q64.403,脐尿管未闭
20917,表 6-3-173 ,Q64.501,尿道缺如
20918,表 6-3-173 ,Q64.502,膀胱缺如
20919,表 6-3-173 ,Q64.600,先天性膀胱憩室
20920,表 6-3-173 ,Q64.700x201,先天性膀胱脱垂
20921,表 6-3-173 ,Q64.700x601,先天性巨尿道
20922,表 6-3-173 ,Q64.700x701,巨膀胱-巨输尿管综合征
20923,表 6-3-173 ,Q64.700x801,先天性尿道空洞性脊髓突出
20924,表 6-3-173 ,Q64.700x901,先天性脐膀胱瘘
20925,表 6-3-173 ,Q64.700x902,先天性膀胱疝
20926,表 6-3-173 ,Q64.700x904,先天性尿道粘膜脱垂
20927,表 6-3-173 ,Q64.701,先天性尿道畸形
20928,表 6-3-173 ,Q64.702,双尿道
20929,表 6-3-173 ,Q64.703,双尿道口
20930,表 6-3-173 ,Q64.704,先天性尿道直肠瘘
20931,表 6-3-173 ,Q64.705,先天性尿道憩室
20932,表 6-3-173 ,Q64.706,异位尿道口
20933,表 6-3-173 ,Q64.707,双膀胱
20934,表 6-3-173 ,Q64.708,先天性尿道膨出
20935,表 6-3-173 ,Q64.800x001,先天性尿道旁裂
20936,表 6-3-173 ,Q64.900,泌尿系统先天性畸形
20937,表 6-3-174 ,Q65.000,先天性髋脱位，单侧
20938,表 6-3-174 ,Q65.100,先天性髋脱位，双侧
20939,表 6-3-174 ,Q65.200,先天性髋脱位
20940,表 6-3-174 ,Q65.300,先天性髋半脱位，单侧
20941,表 6-3-174 ,Q65.400,先天性髋半脱位，双侧
20942,表 6-3-174 ,Q65.500,先天性髋半脱位
20943,表 6-3-174 ,Q65.600,不稳定髋
20944,表 6-3-174 ,Q65.600x011,先天性单侧髋关节不稳定
20945,表 6-3-174 ,Q65.600x021,先天性双侧髋关节不稳定
20946,表 6-3-174 ,Q65.800x004,先天性髋关节外展挛缩
20947,表 6-3-174 ,Q65.801,先天性髋关节发育不良
20948,表 6-3-174 ,Q65.802,先天性髋臼发育不良
20949,表 6-3-174 ,Q65.803,先天性髋内翻
20950,表 6-3-174 ,Q65.804,先天性髋外翻
20951,表 6-3-174 ,Q65.900,髋先天性变形
20952,表 6-3-174 ,Q66.000,马蹄内翻足
20953,表 6-3-174 ,Q66.100,仰趾内翻足
20954,表 6-3-174 ,Q66.200,内翻跖
20955,表 6-3-174 ,Q66.300,足的其他先天性内翻变形
20956,表 6-3-174 ,Q66.400,仰趾外翻足
20957,表 6-3-174 ,Q66.500,先天性平足
20958,表 6-3-174 ,Q66.600,足的其他先天性外翻变形
20959,表 6-3-174 ,Q66.601,先天性马蹄外翻足
20960,表 6-3-174 ,Q66.700,高弓足
20961,表 6-3-174 ,Q66.701,先天性第四跖骨短畸形
20962,表 6-3-174 ,Q66.702,先天性弓形足
20963,表 6-3-174 ,Q66.800x006,先天性垂直距骨
20964,表 6-3-174 ,Q66.800x007,先天性足副舟骨
20965,表 6-3-174 ,Q66.800x008,先天性跟距骨桥
20966,表 6-3-174 ,Q66.800x009,先天性跗骨畸形
20967,表 6-3-174 ,Q66.800x010,先天性趾畸形
20968,表 6-3-174 ,Q66.800x012,先天性跖骨内收
20969,表 6-3-174 ,Q66.800x013,先天性跖骨短缩
20970,表 6-3-174 ,Q66.800x014,先天性跗骨联合
20971,表 6-3-174 ,Q66.800x015,小趾内翻
20972,表 6-3-174 ,Q66.800x016,第5跖骨外翻
20973,表 6-3-174 ,Q66.801,先天性足畸形
20974,表 6-3-174 ,Q66.802,先天性锤状趾
20975,表 6-3-174 ,Q66.803,先天性马蹄足
20976,表 6-3-174 ,Q66.804,先天性外翻
20977,表 6-3-174 ,Q66.805,先天性仰趾足
20978,表 6-3-174 ,Q66.900,足先天性变形
20979,表 6-3-174 ,Q67.000,面不对称
20980,表 6-3-174 ,Q67.100,面受压[扁脸]
20981,表 6-3-174 ,Q67.100x001,先天性面中部凹陷
20982,表 6-3-174 ,Q67.200,长头
20983,表 6-3-174 ,Q67.300,斜形头
20984,表 6-3-174 ,Q67.400x202,先天性鼻中隔气化
20985,表 6-3-174 ,Q67.400x906,先天性颌骨缺损
20986,表 6-3-174 ,Q67.401,先天性塌鼻
20987,表 6-3-174 ,Q67.402,先天性颅骨凹陷
20988,表 6-3-174 ,Q67.403,先天性鼻中隔偏曲
20989,表 6-3-174 ,Q67.404,先天性半面萎缩
20990,表 6-3-174 ,Q67.405,半侧小面畸形
20991,表 6-3-174 ,Q67.406,先天性扁鼻
20992,表 6-3-174 ,Q67.407,先天性驼峰鼻
20993,表 6-3-174 ,Q67.500,脊柱先天性变形
20994,表 6-3-174 ,Q67.501,先天性脊柱侧凸
20995,表 6-3-174 ,Q67.502,先天性脊柱后凸侧弯
20996,表 6-3-174 ,Q67.503,先天性姿势性脊柱侧凸
20997,表 6-3-174 ,Q67.600,漏斗胸
20998,表 6-3-174 ,Q67.700,鸡胸
20999,表 6-3-174 ,Q67.800x001,先天性胸廓畸形
21000,表 6-3-174 ,Q67.801,剑突畸形
21001,表 6-3-174 ,Q67.802,先天性胸壁变形
21002,表 6-3-174 ,Q68.001,先天性胸锁乳突肌性斜颈
21003,表 6-3-174 ,Q68.002,先天性斜颈
21004,表 6-3-174 ,Q68.100,手先天性变形
21005,表 6-3-174 ,Q68.100x002,先天性杵状指
21006,表 6-3-174 ,Q68.100x009,先天性拇指发育不良
21007,表 6-3-174 ,Q68.100x010,先天性拇指内收畸形
21008,表 6-3-174 ,Q68.101,先天性铲状手
21009,表 6-3-174 ,Q68.102,先天性指畸形
21010,表 6-3-174 ,Q68.103,先天性爪形手
21011,表 6-3-174 ,Q68.104,先天性分裂手
21012,表 6-3-174 ,Q68.200,膝先天性变形
21013,表 6-3-174 ,Q68.201,先天性膝关节脱位
21014,表 6-3-174 ,Q68.300,先天性股骨弯曲
21015,表 6-3-174 ,Q68.300x001,先天性弓形股骨
21016,表 6-3-174 ,Q68.300x002,先天性股骨短缩畸形
21017,表 6-3-174 ,Q68.401,先天性腓骨弯曲
21018,表 6-3-174 ,Q68.402,先天性胫骨弯曲
21019,表 6-3-174 ,Q68.500,先天性腿长骨弯曲
21020,表 6-3-174 ,Q68.501,先天性弓形腿
21021,表 6-3-174 ,Q68.800x006,先天性桡骨小头半脱位
21022,表 6-3-174 ,Q68.800x014,先天性前臂畸形
21023,表 6-3-174 ,Q68.800x015,先天性桡骨畸形
21024,表 6-3-174 ,Q68.800x016,先天性尺骨畸形
21025,表 6-3-174 ,Q68.800x018,先天性胫骨假关节
21026,表 6-3-174 ,Q68.800x019,先天性腓骨假关节
21027,表 6-3-174 ,Q68.800x020,先天性胫腓骨假关节
21028,表 6-3-174 ,Q68.800x021,先天性腕关节半脱位
21029,表 6-3-174 ,Q68.800x022,先天性尺桡关节脱位
21030,表 6-3-174 ,Q68.800x023,先天性肘关节挛缩
21031,表 6-3-174 ,Q68.800x024,先天性多发性关节挛缩症
21032,表 6-3-174 ,Q68.800x025,先天性下肢关节挛缩
21033,表 6-3-174 ,Q68.801,先天性关节畸形
21034,表 6-3-174 ,Q68.802,先天性肩关节脱位
21035,表 6-3-174 ,Q68.803,先天性高肩胛症
21036,表 6-3-174 ,Q68.804,先天性肩胛骨变形
21037,表 6-3-174 ,Q68.805,先天性锁骨变形
21038,表 6-3-174 ,Q68.807,先天性上肢畸形
21039,表 6-3-174 ,Q68.808,先天性肘关节发育不良
21040,表 6-3-174 ,Q68.809,先天性肘关节畸形
21041,表 6-3-174 ,Q68.810,先天性肘关节脱位
21042,表 6-3-174 ,Q68.811,先天性肘外翻
21043,表 6-3-174 ,Q68.812,先天性下肢畸形
21044,表 6-3-174 ,Q68.813,先天性踝关节畸形
21045,表 6-3-174 ,Q69.000,副指
21046,表 6-3-174 ,Q69.100,副拇指
21047,表 6-3-174 ,Q69.200,副趾
21048,表 6-3-174 ,Q69.200x001,副(足母)趾
21049,表 6-3-174 ,Q69.900x001,多指
21050,表 6-3-174 ,Q69.900x002,多趾
21051,表 6-3-174 ,Q70.000,指融合
21052,表 6-3-174 ,Q70.001,先天性并指伴骨连接
21053,表 6-3-174 ,Q70.100,蹼状指
21054,表 6-3-174 ,Q70.200,趾融合
21055,表 6-3-174 ,Q70.201,先天性并趾伴骨连接
21056,表 6-3-174 ,Q70.300,蹼状趾
21057,表 6-3-174 ,Q70.400x001,并指和多指
21058,表 6-3-174 ,Q70.400x002,并趾和多趾
21059,表 6-3-174 ,Q70.900x001,并指
21060,表 6-3-174 ,Q70.900x002,并趾
21061,表 6-3-174 ,Q70.901,指关节粘连
21062,表 6-3-174 ,Q71.000,上肢先天性完全缺如
21063,表 6-3-174 ,Q71.100,上臂和前臂先天性缺如伴有手的存在
21064,表 6-3-174 ,Q71.200x001,先天性前臂缺如
21065,表 6-3-174 ,Q71.200x002,先天性手缺如
21066,表 6-3-174 ,Q71.300x021,先天性拇指缺如
21067,表 6-3-174 ,Q71.300x031,先天性指缺如
21068,表 6-3-174 ,Q71.301,先天性掌骨缺如
21069,表 6-3-174 ,Q71.400,桡骨纵向短小缺陷
21070,表 6-3-174 ,Q71.401,先天性桡骨缺如
21071,表 6-3-174 ,Q71.500,尺骨纵向短小缺陷
21072,表 6-3-174 ,Q71.501,先天性尺骨缺如
21073,表 6-3-174 ,Q71.600,虾爪状手
21074,表 6-3-174 ,Q71.801,先天性短上肢
21075,表 6-3-174 ,Q71.802,先天性桡尺骨缺如
21076,表 6-3-174 ,Q71.900,上肢短小缺陷
21077,表 6-3-174 ,Q72.000,下肢先天性完全缺如
21078,表 6-3-174 ,Q72.000x001,先天性单侧下肢完全缺如
21079,表 6-3-174 ,Q72.100,大腿和小腿先天性缺如伴有足的存在
21080,表 6-3-174 ,Q72.200,小腿和足先天性缺如
21081,表 6-3-174 ,Q72.300x301,先天性趾缺如
21082,表 6-3-174 ,Q72.300x302,先天性单足缺如
21083,表 6-3-174 ,Q72.400,股骨纵向短小缺陷
21084,表 6-3-174 ,Q72.400x001,先天性股骨头缺如
21085,表 6-3-174 ,Q72.400x002,先天性股骨近端局灶性缺损
21086,表 6-3-174 ,Q72.401,先天性股骨缺如
21087,表 6-3-174 ,Q72.500,胫骨纵向短小缺陷
21088,表 6-3-174 ,Q72.501,先天性胫骨缺如
21089,表 6-3-174 ,Q72.600,腓骨纵向短小缺陷
21090,表 6-3-174 ,Q72.601,先天性腓骨缺如
21091,表 6-3-174 ,Q72.700,足裂
21092,表 6-3-174 ,Q72.800,下肢的其他短小缺陷
21093,表 6-3-174 ,Q72.800x002,先天性股骨发育不良
21094,表 6-3-174 ,Q72.800x003,股骨滑车发育不良
21095,表 6-3-174 ,Q72.900,下肢短小缺陷
21096,表 6-3-174 ,Q73.000,四肢先天性缺如
21097,表 6-3-174 ,Q73.100,四肢短肢[海豹肢畸形]
21098,表 6-3-174 ,Q73.800,四肢其他短小缺陷
21099,表 6-3-174 ,Q74.000x902,先天性肘内翻
21100,表 6-3-174 ,Q74.000x906,先天性上肢骨发育异常
21101,表 6-3-174 ,Q74.000x907,先天性扳机指
21102,表 6-3-174 ,Q74.001,马德隆畸形
21103,表 6-3-174 ,Q74.002,锁骨颅骨发育不良
21104,表 6-3-174 ,Q74.003,肩胛骨发育异常
21105,表 6-3-174 ,Q74.004,先天性锁骨假关节
21106,表 6-3-174 ,Q74.005,先天性尺桡关节融合
21107,表 6-3-174 ,Q74.007,副腕骨
21108,表 6-3-174 ,Q74.008,细长指
21109,表 6-3-174 ,Q74.009,先天性巨指
21110,表 6-3-174 ,Q74.010,先天性狭窄性腱鞘炎
21111,表 6-3-174 ,Q74.100x004,先天性膝关节发育不良
21112,表 6-3-174 ,Q74.100x006,先天性二分髌骨
21113,表 6-3-174 ,Q74.101,先天性膝内翻
21114,表 6-3-174 ,Q74.102,先天性膝外翻
21115,表 6-3-174 ,Q74.103,先天性发育不全髌骨
21116,表 6-3-174 ,Q74.104,先天性高位髌骨
21117,表 6-3-174 ,Q74.105,先天性髌骨缺如
21118,表 6-3-174 ,Q74.106,先天性髌骨脱位
21119,表 6-3-174 ,Q74.200x001,先天性股骨颈纤维结构不良
21120,表 6-3-174 ,Q74.200x003,先天性骶骨假关节
21121,表 6-3-174 ,Q74.200x004,先天性胫骨纤维结构不良
21122,表 6-3-174 ,Q74.200x005,先天性耻骨分离
21123,表 6-3-174 ,Q74.200x006,先天性腓骨结构不良
21124,表 6-3-174 ,Q74.201,先天性骶髂关节融合
21125,表 6-3-174 ,Q74.202,先天性胫腓骨纤维结构不良
21126,表 6-3-174 ,Q74.203,先天性下肢骨假关节
21127,表 6-3-174 ,Q74.204,先天性巨趾
21128,表 6-3-174 ,Q74.300,先天性多发性关节弯曲
21129,表 6-3-174 ,Q74.300x001,居林-施特恩综合征[Guerin-Stern综合征]
21130,表 6-3-174 ,Q74.800x001,先天性短指畸形
21131,表 6-3-174 ,Q74.800x201,先天性单侧下肢肥大症
21132,表 6-3-174 ,Q74.800x202,先天性单侧上肢肥大症
21133,表 6-3-174 ,Q74.800x203,偏侧肢体肥大
21134,表 6-3-174 ,Q74.800x301,先天性四肢生长缓慢
21135,表 6-3-174 ,Q74.800x401,先天性四肢生长不对称
21136,表 6-3-174 ,Q74.800x402,先天性上肢生长不对称
21137,表 6-3-174 ,Q74.800x403,先天性下肢生长不对称
21138,表 6-3-174 ,Q74.800x501,拉森综合征[Larsen综合征]
21139,表 6-3-174 ,Q74.801,先天性偏侧肢体肥大
21140,表 6-3-174 ,Q74.900,四肢先天性畸形
21141,表 6-3-174 ,Q75.000,颅缝早闭
21142,表 6-3-174 ,Q75.001,先天性尖头
21143,表 6-3-174 ,Q75.002,先天性三角头
21144,表 6-3-174 ,Q75.100,颅面骨发育不全
21145,表 6-3-174 ,Q75.101,克鲁宗病
21146,表 6-3-174 ,Q75.200,器官距离过远
21147,表 6-3-174 ,Q75.200x001,眶距增宽症
21148,表 6-3-174 ,Q75.300,大头畸形
21149,表 6-3-174 ,Q75.400,下颌骨颜面发育不全
21150,表 6-3-174 ,Q75.400x001,颌面骨发育不全及耳聋综合征[TreacherCollins综合征]
21151,表 6-3-174 ,Q75.500,眼下颌发育不全
21152,表 6-3-174 ,Q75.800x101,颅面裂
21153,表 6-3-174 ,Q75.800x902,先天性颅骨缺损
21154,表 6-3-174 ,Q75.801,先天性面骨畸形
21155,表 6-3-174 ,Q75.802,扁平颅底
21156,表 6-3-174 ,Q75.803,颅底凹陷症
21157,表 6-3-174 ,Q75.804,颅裂畸形
21158,表 6-3-174 ,Q75.805,先天性额骨变形
21159,表 6-3-174 ,Q75.806,先天性前额畸形
21160,表 6-3-174 ,Q75.807,先天性茎突过长
21161,表 6-3-174 ,Q75.808,鸟嘴综合征
21162,表 6-3-174 ,Q75.809,先天性枕骨大孔区畸形
21163,表 6-3-174 ,Q75.900,颅和面骨先天性畸形
21164,表 6-3-174 ,Q75.900x001,先天性头颅凹陷
21165,表 6-3-174 ,Q75.900x002,先天性头颅畸形
21166,表 6-3-174 ,Q75.900x005,先天性颌骨畸形
21167,表 6-3-174 ,Q76.000,隐性脊柱裂
21168,表 6-3-174 ,Q76.000x002,先天性颈椎峡部裂
21169,表 6-3-174 ,Q76.000x003,先天性腰椎峡部裂
21170,表 6-3-174 ,Q76.000x004,先天性腰椎隐裂
21171,表 6-3-174 ,Q76.000x005,先天性腰骶椎隐裂
21172,表 6-3-174 ,Q76.001,隐性骶裂
21173,表 6-3-174 ,Q76.100,先天性短颈综合征
21174,表 6-3-174 ,Q76.100x004,先天性环枕融合
21175,表 6-3-174 ,Q76.200,先天性脊椎前移症
21176,表 6-3-174 ,Q76.200x103,先天性腰椎体滑脱
21177,表 6-3-174 ,Q76.201,先天性脊柱脱位
21178,表 6-3-174 ,Q76.202,先天性脊椎滑脱
21179,表 6-3-174 ,Q76.203,先天性腰骶脊椎前移症
21180,表 6-3-174 ,Q76.300,骨先天性畸形引起的先天性脊柱侧弯
21181,表 6-3-174 ,Q76.300x011,先天性脊柱侧弯半椎体畸形
21182,表 6-3-174 ,Q76.400x101,先天性半椎体畸形
21183,表 6-3-174 ,Q76.400x102,先天性椎骨缺如
21184,表 6-3-174 ,Q76.400x201,先天性第一骶椎腰化
21185,表 6-3-174 ,Q76.400x203,先天性骶椎腰化
21186,表 6-3-174 ,Q76.400x301,先天性寰枢椎脱位
21187,表 6-3-174 ,Q76.400x302,先天性颈椎脱位
21188,表 6-3-174 ,Q76.400x303,颈椎横突过长
21189,表 6-3-174 ,Q76.400x304,环椎椎弓发育不全
21190,表 6-3-174 ,Q76.400x305,先天性环椎后弓肥大
21191,表 6-3-174 ,Q76.400x306,先天性齿状突发育不良
21192,表 6-3-174 ,Q76.400x307,先天性移行椎
21193,表 6-3-174 ,Q76.400x308,先天性胸椎腰化
21194,表 6-3-174 ,Q76.400x310,先天性椎管狭窄
21195,表 6-3-174 ,Q76.400x313,先天性骶椎畸形
21196,表 6-3-174 ,Q76.400x324,腰椎椎体后缘续连症
21197,表 6-3-174 ,Q76.400x903,先天性脊柱畸形
21198,表 6-3-174 ,Q76.400x905,先天性直背综合征
21199,表 6-3-174 ,Q76.400x906,先天性脊柱前凸
21200,表 6-3-174 ,Q76.401,先天性寰枕畸形
21201,表 6-3-174 ,Q76.402,先天性寰枢椎畸形
21202,表 6-3-174 ,Q76.403,先天性颈椎畸形
21203,表 6-3-174 ,Q76.404,先天性颈椎体融合
21204,表 6-3-174 ,Q76.405,先天性齿突发育不良
21205,表 6-3-174 ,Q76.406,先天性齿状突移位
21206,表 6-3-174 ,Q76.407,先天性颈椎横突过长
21207,表 6-3-174 ,Q76.408,先天性脊柱融合
21208,表 6-3-174 ,Q76.409,先天性脊柱扁椎骨
21209,表 6-3-174 ,Q76.412,先天性脊柱后凸畸形
21210,表 6-3-174 ,Q76.413,先天性脊椎缺失
21211,表 6-3-174 ,Q76.414,先天性胸椎畸形
21212,表 6-3-174 ,Q76.415,先天性椎板闭合不全
21213,表 6-3-174 ,Q76.416,先天性胸椎脱位
21214,表 6-3-174 ,Q76.417,先天性腰椎畸形
21215,表 6-3-174 ,Q76.418,先天性第五腰椎骶化
21216,表 6-3-174 ,Q76.419,先天性尾骨畸形
21217,表 6-3-174 ,Q76.500,颈肋
21218,表 6-3-174 ,Q76.600x101,先天性肋骨缺如
21219,表 6-3-174 ,Q76.600x301,副肋
21220,表 6-3-174 ,Q76.600x901,先天性肋骨外翻
21221,表 6-3-174 ,Q76.600x902,先天性叉状肋
21222,表 6-3-174 ,Q76.600x903,先天性肋骨畸形
21223,表 6-3-174 ,Q76.600x904,肋骨纤维性结构不良
21224,表 6-3-174 ,Q76.601,先天性分叉肋
21225,表 6-3-174 ,Q76.602,先天性肋骨融合
21226,表 6-3-174 ,Q76.700,胸骨先天性畸形
21227,表 6-3-174 ,Q76.700x101,先天性胸骨缺如
21228,表 6-3-174 ,Q76.700x201,先天性胸骨裂
21229,表 6-3-174 ,Q76.700x902,剑突过长综合征
21230,表 6-3-174 ,Q76.800,胸廓的其他先天性畸形
21231,表 6-3-174 ,Q76.900,胸廓先天性畸形
21232,表 6-3-174 ,Q77.000,软骨成长不全
21233,表 6-3-174 ,Q77.100,致死性身材矮小症
21234,表 6-3-174 ,Q77.200,短肋综合征
21235,表 6-3-174 ,Q77.201,窒息性胸廓发育不良
21236,表 6-3-174 ,Q77.300,点状软骨发育不良
21237,表 6-3-174 ,Q77.301,先天性多发性骨骺发育不良
21238,表 6-3-174 ,Q77.400,软骨发育不全
21239,表 6-3-174 ,Q77.500,弯曲变形性发育不良(骨骼)
21240,表 6-3-174 ,Q77.600,软骨外胚层发育不良
21241,表 6-3-174 ,Q77.700,脊椎骨骺发育不良
21242,表 6-3-174 ,Q77.701,进行性假性类风湿发育不良症
21243,表 6-3-174 ,Q77.800,骨软骨发育不良伴有管状骨和脊柱发育缺陷，其他的
21244,表 6-3-174 ,Q77.801,Leri-Weill综合征
21245,表 6-3-174 ,Q77.900,骨软骨发育不良伴有管状骨和脊柱发育缺陷
21246,表 6-3-174 ,Q78.000,成骨不全
21247,表 6-3-174 ,Q78.100,多骨纤维性结构不良
21248,表 6-3-174 ,Q78.100x001,先天性弥漫性纤维性骨炎
21249,表 6-3-174 ,Q78.100x002,多发性骨纤维发育不良伴性早熟综合征[Albright综合征]
21250,表 6-3-174 ,Q78.200,骨硬化症
21251,表 6-3-174 ,Q78.201,播散性骨硬化病
21252,表 6-3-174 ,Q78.300,进行性骨干发育异常
21253,表 6-3-174 ,Q78.400,内生软骨瘤病
21254,表 6-3-174 ,Q78.400x002,先天性膝关节滑膜骨软骨瘤病
21255,表 6-3-174 ,Q78.400x006,先天性多发性骨软骨瘤
21256,表 6-3-174 ,Q78.401,奥利埃病
21257,表 6-3-174 ,Q78.403,马富奇综合征
21258,表 6-3-174 ,Q78.404,先天性髋关节滑膜骨软骨瘤病
21259,表 6-3-174 ,Q78.405,先天性膝滑膜骨软骨瘤病
21260,表 6-3-174 ,Q78.500,干骺端发育不良
21261,表 6-3-174 ,Q78.500x001,派尔综合征[Pyle综合征]
21262,表 6-3-174 ,Q78.600,多发性先天性外生骨疣
21263,表 6-3-174 ,Q78.600x002,骨干续连症
21264,表 6-3-174 ,Q78.800,骨软骨发育不良，其他特指的
21265,表 6-3-174 ,Q78.900,骨软骨发育不良
21266,表 6-3-174 ,Q78.900x001,软骨营养障碍
21267,表 6-3-174 ,Q78.900x002,先天性软骨增生
21268,表 6-3-174 ,Q78.900x003,增生性软骨营养障碍
21269,表 6-3-174 ,Q78.900x004,骨骼发育不良
21270,表 6-3-174 ,Q78.901,多发性骨骼发育不全
21271,表 6-3-174 ,Q79.000,先天性膈疝
21272,表 6-3-174 ,Q79.101,先天性膈畸形
21273,表 6-3-174 ,Q79.102,先天性膈膨升
21274,表 6-3-174 ,Q79.103,先天性膈缺如
21275,表 6-3-174 ,Q79.200,脐疝
21276,表 6-3-174 ,Q79.201,先天性脐膨出
21277,表 6-3-174 ,Q79.300,腹裂
21278,表 6-3-174 ,Q79.301,先天性腹壁缺损
21279,表 6-3-174 ,Q79.400,干梅腹综合征
21280,表 6-3-174 ,Q79.500,腹壁的其他先天性畸形
21281,表 6-3-174 ,Q79.501,先天性脐畸形
21282,表 6-3-174 ,Q79.600,埃勒斯-当洛斯综合征
21283,表 6-3-174 ,Q79.800x004,先天性跟腱短缩
21284,表 6-3-174 ,Q79.800x005,胸大肌缺损并指综合征[Poland综合征]
21285,表 6-3-174 ,Q79.800x006,先天性束带畸形
21286,表 6-3-174 ,Q79.800x007,纤维肌性发育不良
21287,表 6-3-174 ,Q79.801,肯林卡综合征
21288,表 6-3-174 ,Q79.803,波伦综合征
21289,表 6-3-174 ,Q79.804,先天性肌萎缩
21290,表 6-3-174 ,Q79.805,先天性胸大肌缺如
21291,表 6-3-174 ,Q79.900,肌肉骨骼系统先天性畸形
21292,表 6-3-175 ,Q80.000,寻常性鱼鳞病
21293,表 6-3-175 ,Q80.100,性联鱼鳞病
21294,表 6-3-175 ,Q80.200,片层状鱼鳞癣
21295,表 6-3-175 ,Q80.200x002,胶样婴儿
21296,表 6-3-175 ,Q80.300,先天性大疱性鱼鳞病样红皮病
21297,表 6-3-175 ,Q80.400,斑色胎儿
21298,表 6-3-175 ,Q80.800,先天性鱼鳞病，其他的
21299,表 6-3-175 ,Q80.800x001,非大疱型红皮病型鱼鳞病
21300,表 6-3-175 ,Q80.900,先天性鱼鳞病
21301,表 6-3-175 ,Q81.000,单纯性大疱性表皮松解症
21302,表 6-3-175 ,Q81.100,致死性大疱性表皮松解症
21303,表 6-3-175 ,Q81.200,营养不良性大疱性表皮松解症
21304,表 6-3-175 ,Q81.800,大疱性表皮松解症，其他的
21305,表 6-3-175 ,Q81.900,大疱性表皮松解症
21306,表 6-3-175 ,Q82.000,遗传性淋巴水肿
21307,表 6-3-175 ,Q82.100,着色性干皮病
21308,表 6-3-175 ,Q82.200,肥大细胞增生病
21309,表 6-3-175 ,Q82.201,色素性荨麻疹
21310,表 6-3-175 ,Q82.300,色素失调症
21311,表 6-3-175 ,Q82.400,外胚层发育不良症(无汗的)
21312,表 6-3-175 ,Q82.500x005,蒙古斑
21313,表 6-3-175 ,Q82.501,单侧痣
21314,表 6-3-175 ,Q82.502,粉刺样痣
21315,表 6-3-175 ,Q82.503,葡萄酒色斑
21316,表 6-3-175 ,Q82.504,葡萄酒色痣
21317,表 6-3-175 ,Q82.505,胎记
21318,表 6-3-175 ,Q82.506,血管痣
21319,表 6-3-175 ,Q82.507,疣状表皮痣
21320,表 6-3-175 ,Q82.508,小汗腺痣
21321,表 6-3-175 ,Q82.800x001,先天性弹性纤维假黄瘤
21322,表 6-3-175 ,Q82.800x003,先天性掌跖角化病
21323,表 6-3-175 ,Q82.800x004,先天性掌皱褶异常
21324,表 6-3-175 ,Q82.800x006,先天性腋蹼
21325,表 6-3-175 ,Q82.800x010,毛发苔藓
21326,表 6-3-175 ,Q82.800x011,先天性面部皮肤松弛
21327,表 6-3-175 ,Q82.800x015,血管瘤病
21328,表 6-3-175 ,Q82.800x016,全身性血管瘤病
21329,表 6-3-175 ,Q82.800x017,大头、假性视盘水肿及多发性血管瘤病
21330,表 6-3-175 ,Q82.800x018,遗传性对称性色素异常症
21331,表 6-3-175 ,Q82.800x019,类着色性干皮病
21332,表 6-3-175 ,Q82.801,蓝色橡皮-疱痣综合征
21333,表 6-3-175 ,Q82.802,良性家族性天疱疮
21334,表 6-3-175 ,Q82.803,毛囊角化病
21335,表 6-3-175 ,Q82.804,汗管角化症
21336,表 6-3-175 ,Q82.805,疣状肢端角化症
21337,表 6-3-175 ,Q82.806,遗传性掌跖角化症
21338,表 6-3-175 ,Q82.807,先天性皮肤赘片
21339,表 6-3-175 ,Q82.808,异常手掌皱褶
21340,表 6-3-175 ,Q82.809,弹性组织瘤
21341,表 6-3-175 ,Q82.810,弹性纤维假黄瘤
21342,表 6-3-175 ,Q82.811,血管内血管瘤病
21343,表 6-3-175 ,Q82.812,肺毛细血管瘤病
21344,表 6-3-175 ,Q82.900,皮肤先天性畸形
21345,表 6-3-175 ,Q83.000,先天性无乳房和乳头
21346,表 6-3-175 ,Q83.100,副乳房
21347,表 6-3-175 ,Q83.100x001,副乳腺囊性增生
21348,表 6-3-175 ,Q83.100x002,副乳腺腺病
21349,表 6-3-175 ,Q83.200,无乳头
21350,表 6-3-175 ,Q83.300,副乳头
21351,表 6-3-175 ,Q83.800x004,先天性小乳
21352,表 6-3-175 ,Q83.800x005,先天性乳头肥大
21353,表 6-3-175 ,Q83.801,乳房异位
21354,表 6-3-175 ,Q83.802,先天性乳头内陷
21355,表 6-3-175 ,Q83.803,乳房发育不良
21356,表 6-3-175 ,Q83.900,乳房先天性畸形
21357,表 6-3-175 ,Q84.000,先天性秃发
21358,表 6-3-175 ,Q84.100,先天性毛发形态障碍，不可归类在他处者
21359,表 6-3-175 ,Q84.101,先天性念珠状发
21360,表 6-3-175 ,Q84.200,毛发的其他先天性畸形
21361,表 6-3-175 ,Q84.201,先天性多毛症
21362,表 6-3-175 ,Q84.202,先天性眉畸形
21363,表 6-3-175 ,Q84.300,甲缺如
21364,表 6-3-175 ,Q84.400,先天性白甲
21365,表 6-3-175 ,Q84.500,指甲增大和增生
21366,表 6-3-175 ,Q84.501,先天性甲肥厚
21367,表 6-3-175 ,Q84.502,趾甲增大和增生
21368,表 6-3-175 ,Q84.600x001,先天性趾甲畸形
21369,表 6-3-175 ,Q84.600x002,先天性指甲畸形
21370,表 6-3-175 ,Q84.600x003,先天性反甲
21371,表 6-3-175 ,Q84.600x004,先天性杵状甲
21372,表 6-3-175 ,Q84.601,先天性甲营养不良
21373,表 6-3-175 ,Q84.602,趾甲的其他先天性畸形
21374,表 6-3-175 ,Q84.800x012,先天性皮肤缺失
21375,表 6-3-175 ,Q84.801,先天性皮肤发育不全
21376,表 6-3-175 ,Q84.900,体被先天性畸形
21377,表 6-3-175 ,Q85.000,神经纤维瘤病(非恶性)
21378,表 6-3-175 ,Q85.100,结节性硬化症
21379,表 6-3-175 ,Q85.801,息肉-色素沉着-脱发-爪甲营养不良综合征
21380,表 6-3-175 ,Q85.802,波伊茨-耶格综合征
21381,表 6-3-175 ,Q85.804,冯·希佩尔-林道综合征
21382,表 6-3-175 ,Q85.805,斯特奇-卡利舍-韦伯综合征
21383,表 6-3-175 ,Q85.806,脑膜血管瘤病
21384,表 6-3-175 ,Q85.900,斑痣性错构瘤病
21385,表 6-3-175 ,Q85.900x002,肠错构瘤
21386,表 6-3-175 ,Q85.900x006,甲状腺错构瘤
21387,表 6-3-175 ,Q85.900x008,前臂错构瘤
21388,表 6-3-175 ,Q85.900x009,乳房错构瘤
21389,表 6-3-175 ,Q85.900x012,面部错构瘤
21390,表 6-3-175 ,Q85.900x013,肾错构瘤破裂出血
21391,表 6-3-175 ,Q85.900x014,足错构瘤
21392,表 6-3-175 ,Q85.900x015,胸壁错构瘤
21393,表 6-3-175 ,Q85.900x016,外阴错构瘤
21394,表 6-3-175 ,Q85.900x019,胆囊错构瘤
21395,表 6-3-175 ,Q85.900x022,神经皮肤综合征
21396,表 6-3-175 ,Q85.900x023,横纹肌间质错构瘤
21397,表 6-3-175 ,Q85.900x024,毛囊皮脂腺囊性错构瘤
21398,表 6-3-175 ,Q85.900x025,毛盘瘤
21399,表 6-3-175 ,Q85.900x026,念珠状错构瘤
21400,表 6-3-175 ,Q85.900x027,平滑肌错构瘤
21401,表 6-3-175 ,Q85.900x028,神经毛囊错构瘤
21402,表 6-3-175 ,Q85.900x029,先天性中胚叶肾瘤
21403,表 6-3-175 ,Q85.900x030,下肢错构瘤
21404,表 6-3-175 ,Q85.900x031,外耳道错构瘤
21405,表 6-3-175 ,Q85.900x032,精囊错构瘤
21406,表 6-3-175 ,Q85.900x034,背部错构瘤
21407,表 6-3-175 ,Q85.900x035,腮腺错构瘤
21408,表 6-3-175 ,Q85.900x036,腹壁错构瘤
21409,表 6-3-175 ,Q85.900x037,耳错构瘤
21410,表 6-3-175 ,Q85.900x038,腭部错构瘤
21411,表 6-3-175 ,Q85.900x039,膝部错构瘤
21412,表 6-3-175 ,Q85.900x040,肢体错构瘤
21413,表 6-3-175 ,Q85.900x041,颅内错构瘤
21414,表 6-3-175 ,Q85.900x042,下丘脑错构瘤病
21415,表 6-3-175 ,Q85.900x043,硬脊膜下错构瘤
21416,表 6-3-175 ,Q85.900x044,胆管错构瘤
21417,表 6-3-175 ,Q85.900x045,盆腔错构瘤
21418,表 6-3-175 ,Q85.900x046,眼睑错构瘤
21419,表 6-3-175 ,Q85.900x047,会阴错构瘤
21420,表 6-3-175 ,Q85.900x048,小汗腺血管错构瘤
21421,表 6-3-175 ,Q85.900x049,色素血管性斑痣性错构瘤病
21422,表 6-3-175 ,Q85.900x051,骨错构瘤
21423,表 6-3-175 ,Q85.900x052,椎管内错构瘤
21424,表 6-3-175 ,Q85.900x057,软骨间叶性错构瘤
21425,表 6-3-175 ,Q85.901,肺错构瘤
21426,表 6-3-175 ,Q85.902,腹膜后错构瘤
21427,表 6-3-175 ,Q85.903,肾错构瘤
21428,表 6-3-175 ,Q85.904,支气管错构瘤
21429,表 6-3-175 ,Q85.905,鼻错构瘤
21430,表 6-3-175 ,Q85.906,胃错构瘤
21431,表 6-3-175 ,Q85.907,脾错构瘤
21432,表 6-3-175 ,Q85.908,胸膜错构瘤
21433,表 6-3-175 ,Q85.909,错构瘤病
21434,表 6-3-175 ,Q85.910,脑错构瘤
21435,表 6-3-175 ,Q85.911,肝错构瘤
21436,表 6-3-175 ,Q85.912,胰腺错构瘤
21437,表 6-3-175 ,Q85.913,结肠错构瘤
21438,表 6-3-175 ,Q85.914,婴儿纤维性错构瘤
21439,表 6-3-175 ,Q85.915,乳腺错构瘤
21440,表 6-3-175 ,Q86.000,胎儿酒精综合征(畸形的)
21441,表 6-3-175 ,Q86.100,胎儿乙内酰脲综合征
21442,表 6-3-175 ,Q86.200,苄丙酮香豆素引起的同质异形
21443,表 6-3-175 ,Q86.800,已知的外源性原因引起的其他先天性畸形综合征
21444,表 6-3-175 ,Q87.000x201,阿佩尔综合征[Apert综合征]
21445,表 6-3-175 ,Q87.000x301,隐眼综合征[Frasher综合征]
21446,表 6-3-175 ,Q87.000x501,哈勒曼-斯特雷夫综合征[Hallerman-Streiff综合征]
21447,表 6-3-175 ,Q87.000x904,腭心面综合征[Velo-Cardio-Facia综合征]
21448,表 6-3-175 ,Q87.000x905,歌舞伎面谱综合征[Kabuki综合征]
21449,表 6-3-175 ,Q87.000x906,默比乌斯综合征[Moebius综合征]
21450,表 6-3-175 ,Q87.000x907,短指-球状晶体异位综合征[马尔凯萨尼综合征]
21451,表 6-3-175 ,Q87.000x909,口-面-指综合征
21452,表 6-3-175 ,Q87.001,戈尔登哈尔综合征
21453,表 6-3-175 ,Q87.002,马尔凯萨尼(-魏尔)综合征
21454,表 6-3-175 ,Q87.003,皮-罗综合征
21455,表 6-3-175 ,Q87.004,哨型面综合征
21456,表 6-3-175 ,Q87.005,先天性隐眼综合征
21457,表 6-3-175 ,Q87.006,第一二腮弓发育不良
21458,表 6-3-175 ,Q87.100x601,塞克尔综合征[Seckel综合征]
21459,表 6-3-175 ,Q87.100x701,史密斯-莱尔米-奥皮茨综合征[Smith-Lemli-Opitz综合征]
21460,表 6-3-175 ,Q87.100x901,奥斯科格综合征[Aarskog综合征]
21461,表 6-3-175 ,Q87.100x903,罗比诺-西尔弗曼-史密斯综合征[Robinow-Silverman-Smith综合征]
21462,表 6-3-175 ,Q87.100x904,面部红斑侏儒综合征[Bloom综合征]
21463,表 6-3-175 ,Q87.101,德朗热综合征
21464,表 6-3-175 ,Q87.102,杜博维茨综合征
21465,表 6-3-175 ,Q87.103,科凯恩综合征
21466,表 6-3-175 ,Q87.104,鲁塞尔-西尔弗综合征
21467,表 6-3-175 ,Q87.105,努南综合征
21468,表 6-3-175 ,Q87.106,普拉德-威利综合征
21469,表 6-3-175 ,Q87.200,主要涉及四肢的先天性畸形综合征
21470,表 6-3-175 ,Q87.200x601,桡骨发育不全-血小板减少综合征[TAR综合征]
21471,表 6-3-175 ,Q87.200x701,VATER综合征
21472,表 6-3-175 ,Q87.202,甲-髌综合征
21473,表 6-3-175 ,Q87.203,克利佩尔-特脑纳-韦伯综合征
21474,表 6-3-175 ,Q87.204,鲁宾斯坦-塔比综合征
21475,表 6-3-175 ,Q87.300x301,韦弗综合征[Weaver综合征]
21476,表 6-3-175 ,Q87.300x901,普罗特斯综合征[Proteus综合征]
21477,表 6-3-175 ,Q87.300x902,CLOVES综合征
21478,表 6-3-175 ,Q87.301,贝克威思-威德曼综合征
21479,表 6-3-175 ,Q87.302,索托斯综合征
21480,表 6-3-175 ,Q87.400,马方综合征
21481,表 6-3-175 ,Q87.500,其他先天性畸形综合征，伴有其他骨改变
21482,表 6-3-175 ,Q87.800,其他先天性畸形综合征，不可归类在他处者
21483,表 6-3-175 ,Q87.800x301,脑肝肾综合征[Bowen-Lee-Zellweger综合征]
21484,表 6-3-175 ,Q87.800x902,Frasier综合征
21485,表 6-3-175 ,Q87.800x903,Denys-Drash综合征
21486,表 6-3-175 ,Q87.800x905,Cantrell综合征
21487,表 6-3-175 ,Q87.800x907,豹皮综合征[Leopard综合征]
21488,表 6-3-175 ,Q87.800x910,肥胖视网膜变性糖尿病综合征[Alstrom综合征]
21489,表 6-3-175 ,Q87.800x911,劳-穆-比综合征
21490,表 6-3-175 ,Q87.801,奥尔波特综合征
21491,表 6-3-175 ,Q87.802,策尔韦格综合征
21492,表 6-3-175 ,Q87.803,颈-眼-听神经综合征
21493,表 6-3-175 ,Q87.805,类马方综合征
21494,表 6-3-175 ,Q87.806,先天性歪嘴哭综合征
21495,表 6-3-175 ,Q87.807,性幼稚-肥胖-多趾畸形综合征
21496,表 6-3-175 ,Q87.808,甲状旁腺功能减低-感音神经性耳聋-肾发育不良综合征
21497,表 6-3-175 ,Q87.809,Williams综合征
21498,表 6-3-175 ,Q89.000,脾先天性畸形
21499,表 6-3-175 ,Q89.001,多囊脾
21500,表 6-3-175 ,Q89.002,副脾
21501,表 6-3-175 ,Q89.003,先天性脾大
21502,表 6-3-175 ,Q89.004,先天性脾缺如
21503,表 6-3-175 ,Q89.100,肾上腺先天性畸形
21504,表 6-3-175 ,Q89.101,异位肾上腺
21505,表 6-3-175 ,Q89.200x012,先天性垂体发育异常
21506,表 6-3-175 ,Q89.200x203,副甲状腺
21507,表 6-3-175 ,Q89.200x204,甲状腺下降不全
21508,表 6-3-175 ,Q89.200x601,胸腺发育不全
21509,表 6-3-175 ,Q89.201,垂体发育不良
21510,表 6-3-175 ,Q89.202,甲状舌管囊肿
21511,表 6-3-175 ,Q89.203,异位甲状腺
21512,表 6-3-175 ,Q89.205,异位甲状旁腺
21513,表 6-3-175 ,Q89.206,甲状舌管瘘
21514,表 6-3-175 ,Q89.207,异位垂体
21515,表 6-3-175 ,Q89.208,异位胸腺
21516,表 6-3-175 ,Q89.209,先天性胸腺囊肿
21517,表 6-3-175 ,Q89.300,内脏反位
21518,表 6-3-175 ,Q89.300x001,内脏移位
21519,表 6-3-175 ,Q89.301,卡塔格内综合征
21520,表 6-3-175 ,Q89.302,原发性纤毛运动障碍综合征
21521,表 6-3-175 ,Q89.400,联体儿
21522,表 6-3-175 ,Q89.700,多发性先天性畸形，不可归类在他处者
21523,表 6-3-175 ,Q89.800x903,唇部淋巴管畸形
21524,表 6-3-175 ,Q89.800x904,颈部淋巴管畸形
21525,表 6-3-175 ,Q89.800x905,口腔淋巴管畸形
21526,表 6-3-175 ,Q89.800x906,腮腺淋巴管畸形
21527,表 6-3-175 ,Q89.800x907,舌淋巴管畸形
21528,表 6-3-175 ,Q89.800x908,头面颈淋巴管畸形
21529,表 6-3-175 ,Q89.800x909,咽淋巴管畸形
21530,表 6-3-175 ,Q89.800x910,胸导管发育不全
21531,表 6-3-175 ,Q89.800x911,上肢淋巴管发育不全
21532,表 6-3-175 ,Q89.800x912,下肢淋巴管发育不全
21533,表 6-3-175 ,Q89.801,先天性淋巴管畸形
21534,表 6-3-175 ,Q89.900,先天性畸形
21535,表 6-3-175 ,Q89.901,离子通道病
21536,表 6-3-176 ,Q90.000,三体性21，减数分裂不分离，唐氏综合征
21537,表 6-3-176 ,Q90.100,三体性21，(同源)嵌合体(有丝分裂不分离)，唐氏综合征
21538,表 6-3-176 ,Q90.200,三体性21，易位，唐氏综合征
21539,表 6-3-176 ,Q90.900,唐氏综合征[先天愚型]
21540,表 6-3-176 ,Q91.000,三体性18，减数分裂不分离，爱德华兹综合征
21541,表 6-3-176 ,Q91.100,三体性18，(同源)嵌合体(有丝分裂不分离)，爱德华兹综合征
21542,表 6-3-176 ,Q91.200,三体性18，易位，爱德华兹综合征
21543,表 6-3-176 ,Q91.300,爱德华兹综合征
21544,表 6-3-176 ,Q91.400,三体性13，减数分裂不分离，帕套综合征
21545,表 6-3-176 ,Q91.500,三体性13，(同源)嵌合体(有丝分裂不分离)，帕套综合征
21546,表 6-3-176 ,Q91.600,三体性13，易位，帕套综合征
21547,表 6-3-176 ,Q91.700,帕套综合征
21548,表 6-3-176 ,Q92.000,全染色体三体性，减数分裂不分离
21549,表 6-3-176 ,Q92.100,全染色体三体性，(同源)嵌合体(有丝分裂不分离)
21550,表 6-3-176 ,Q92.200,常染色体大部分三体性
21551,表 6-3-176 ,Q92.300,常染色体小部分三体性
21552,表 6-3-176 ,Q92.400,常染色体仅出现于前中期的重复
21553,表 6-3-176 ,Q92.500,常染色体伴有其他复杂性重排的重复
21554,表 6-3-176 ,Q92.600,常染色体额外标记染色体
21555,表 6-3-176 ,Q92.700,常染色体三倍体和多倍体
21556,表 6-3-176 ,Q92.800,常染色体其他特指的三体性和部分三体型
21557,表 6-3-176 ,Q92.900,常染色体三体性和部分三体型
21558,表 6-3-176 ,Q93.000,全染色体单体性，减数分裂不分离
21559,表 6-3-176 ,Q93.100,全染色体单体性，(同源)嵌合体(有丝分裂不分离)
21560,表 6-3-176 ,Q93.200,环状染色体或双着丝粒染色体替换
21561,表 6-3-176 ,Q93.300,染色体4短臂缺失
21562,表 6-3-176 ,Q93.400,染色体5短臂缺失
21563,表 6-3-176 ,Q93.500,染色体其他部分缺失
21564,表 6-3-176 ,Q93.500x001,22号染色体缺如综合征
21565,表 6-3-176 ,Q93.501,天使综合征
21566,表 6-3-176 ,Q93.600,常染色体仅出现于前中期的缺失
21567,表 6-3-176 ,Q93.700,常染色体缺失伴有其他复杂性的重排
21568,表 6-3-176 ,Q93.800,常染色体的其他缺失
21569,表 6-3-176 ,Q93.900,常染色体的缺失
21570,表 6-3-176 ,Q95.000,正常个体中平衡易位和插入
21571,表 6-3-176 ,Q95.100,正常个体中染色体倒位
21572,表 6-3-176 ,Q95.200,异常个体中平衡常染色体重排
21573,表 6-3-176 ,Q95.300,异常个体中平衡性染色体或常染色体重排
21574,表 6-3-176 ,Q95.400,具有标记异染色质的个体
21575,表 6-3-176 ,Q95.500,具有常染色体脆性位点的个体
21576,表 6-3-176 ,Q95.800,平衡重排和结构标记，其他的
21577,表 6-3-176 ,Q95.900,平衡重排和结构标记
21578,表 6-3-176 ,Q96.000,核型45，X，特纳综合征
21579,表 6-3-176 ,Q96.100,核型46，X同种(Xq)，特纳综合征
21580,表 6-3-176 ,Q96.200,"核型46，X，伴有异常的性染色体，除外同种(Xq),特纳综合征"
21581,表 6-3-176 ,Q96.300,同源嵌合体，45，X/46，XX或XY，特纳综合征
21582,表 6-3-176 ,Q96.400,"同源嵌合体，45，X/其他细胞系，伴有异常的性染色体,特纳综合征"
21583,表 6-3-176 ,Q96.800,特纳综合征的其他变型
21584,表 6-3-176 ,Q96.900,特纳综合征
21585,表 6-3-176 ,Q97.000,染色体核型47，XXX
21586,表 6-3-176 ,Q97.100,女性，伴有多于三个X染色体的
21587,表 6-3-176 ,Q97.200,同源嵌合体，细胞系伴有不同数量的X染色体
21588,表 6-3-176 ,Q97.300,女性，染色体伴有46，XY核型
21589,表 6-3-176 ,Q97.800,性染色体异常，其他特指的，女性表型
21590,表 6-3-176 ,Q97.900,性染色体异常，女性表型
21591,表 6-3-176 ,Q98.000,克兰费尔特综合征，核型47，XXY
21592,表 6-3-176 ,Q98.100,克兰费尔特综合征，男性，伴有多于两个X染色体的
21593,表 6-3-176 ,Q98.200,克兰费尔特综合征，男性，伴有46，XX核型的
21594,表 6-3-176 ,Q98.300,男性，染色体伴有46，XX核型的，其他的
21595,表 6-3-176 ,Q98.400,克兰费尔特综合征
21596,表 6-3-176 ,Q98.500,核型47，XYY
21597,表 6-3-176 ,Q98.600,男性，伴有结构异常的性染色体
21598,表 6-3-176 ,Q98.700,男性，伴有性染色体(同源)嵌合体
21599,表 6-3-176 ,Q98.800,性染色体异常，其他特指的，男性表型
21600,表 6-3-176 ,Q98.900,"性染色体异常,男性表型"
21601,表 6-3-176 ,Q99.000,异源嵌合体46，XX/46，XY
21602,表 6-3-176 ,Q99.100,46，XX真两性同体
21603,表 6-3-176 ,Q99.100x003,46，XY性发育异常
21604,表 6-3-176 ,Q99.101,单纯性性腺发育不全
21605,表 6-3-176 ,Q99.102,单纯性性腺发育障碍症
21606,表 6-3-176 ,Q99.200,脆性X染色体
21607,表 6-3-176 ,Q99.800,染色体异常，其他特指的
21608,表 6-3-176 ,Q99.801,性发育畸形
21609,表 6-3-176 ,Q99.802,Wolfram综合征
21610,表 6-3-176 ,Q99.900,染色体异常
21611,表 6-3-177 ,R00.000,心动过速
21612,表 6-3-177 ,R00.001,窦性心动过速
21613,表 6-3-177 ,R00.100,心动过缓
21614,表 6-3-177 ,R00.100x001,窦性心动过缓
21615,表 6-3-177 ,R00.200,心悸
21616,表 6-3-177 ,R00.300,无脉电活动，不可归类在他处者
21617,表 6-3-177 ,R00.800,心脏搏动异常，其他和未特指的
21618,表 6-3-177 ,R00.800x001,三联律
21619,表 6-3-177 ,R00.800x003,四联律
21620,表 6-3-177 ,R00.801,心脏搏动异常
21621,表 6-3-177 ,R01.000,良性和无害的心脏杂音
21622,表 6-3-177 ,R01.100,心脏杂音
21623,表 6-3-177 ,R01.200x003,心前区摩擦音
21624,表 6-3-177 ,R02.x00,坏疽，不可归类在他处者
21625,表 6-3-177 ,R03.001,应激性高血压
21626,表 6-3-177 ,R03.100,非特异性低血压读数
21627,表 6-3-177 ,R04.000,鼻出血
21628,表 6-3-177 ,R04.100,咽喉出血
21629,表 6-3-177 ,R04.200,咯血
21630,表 6-3-177 ,R04.800x002,支气管内出血
21631,表 6-3-177 ,R04.800x004,弥漫性肺泡出血
21632,表 6-3-177 ,R04.801,鼻咽部出血
21633,表 6-3-177 ,R04.802,肺出血
21634,表 6-3-177 ,R04.900,呼吸道出血
21635,表 6-3-177 ,R05.x00,咳嗽
21636,表 6-3-177 ,R05.x01,咳嗽晕厥综合征
21637,表 6-3-177 ,R05.x02,类百日咳综合征
21638,表 6-3-177 ,R06.000,呼吸困难
21639,表 6-3-177 ,R06.000x002,端坐呼吸
21640,表 6-3-177 ,R06.000x003,气短
21641,表 6-3-177 ,R06.100,喘鸣
21642,表 6-3-177 ,R06.200,喘息
21643,表 6-3-177 ,R06.300,周期性呼吸
21644,表 6-3-177 ,R06.301,切恩-斯托克斯呼吸
21645,表 6-3-177 ,R06.400,通气过度
21646,表 6-3-177 ,R06.501,鼾症
21647,表 6-3-177 ,R06.600,呃逆
21648,表 6-3-177 ,R06.700,喷嚏
21649,表 6-3-177 ,R06.800x005,叹息
21650,表 6-3-177 ,R06.801,屏气
21651,表 6-3-177 ,R06.802,低通气综合征
21652,表 6-3-177 ,R06.803,呼吸肌麻痹
21653,表 6-3-177 ,R06.804,呼吸异常
21654,表 6-3-177 ,R06.805,呼吸暂停
21655,表 6-3-177 ,R06.806,高碳酸血症
21656,表 6-3-177 ,R07.000,咽痛
21657,表 6-3-177 ,R07.101,痛性呼吸
21658,表 6-3-177 ,R07.200,心前区痛
21659,表 6-3-177 ,R07.300x002,肋软骨痛
21660,表 6-3-177 ,R07.301,前胸壁痛
21661,表 6-3-177 ,R07.400,胸痛
21662,表 6-3-177 ,R09.000,窒息
21663,表 6-3-177 ,R09.100,胸膜炎
21664,表 6-3-177 ,R09.100x002,慢性胸膜炎
21665,表 6-3-177 ,R09.101,胆汁性胸膜炎
21666,表 6-3-177 ,R09.200,呼吸停止
21667,表 6-3-177 ,R09.201,心脏呼吸衰竭
21668,表 6-3-177 ,R09.300,痰异常
21669,表 6-3-177 ,R09.800x081,动脉性杂音
21670,表 6-3-177 ,R09.800x082,脉搏弱
21671,表 6-3-177 ,R09.800x091,啰音
21672,表 6-3-177 ,R09.800x092,胸腔鼓音
21673,表 6-3-177 ,R09.800x093,胸腔异常敲击音
21674,表 6-3-177 ,R09.800x094,胸膜摩擦音
21675,表 6-3-177 ,R09.800x095,喘憋
21676,表 6-3-177 ,R09.801,胸闷
21677,表 6-3-178 ,R25.000,异常的头部运动
21678,表 6-3-178 ,R25.001,发作性点头症
21679,表 6-3-178 ,R25.100,震颤
21680,表 6-3-178 ,R25.100x001,下肢震颤
21681,表 6-3-178 ,R25.100x002,上肢震颤
21682,表 6-3-178 ,R25.100x003,头部震颤
21683,表 6-3-178 ,R25.200x001,痛性痉挛
21684,表 6-3-178 ,R25.200x002,痉挛
21685,表 6-3-178 ,R25.200x004,痉挛0级
21686,表 6-3-178 ,R25.200x005,痉挛1级
21687,表 6-3-178 ,R25.200x006,痉挛1+级
21688,表 6-3-178 ,R25.200x007,痉挛2级
21689,表 6-3-178 ,R25.200x008,痉挛3级
21690,表 6-3-178 ,R25.200x009,痉挛4级
21691,表 6-3-178 ,R25.300,肌束震颤
21692,表 6-3-178 ,R25.300x002,颤搐
21693,表 6-3-178 ,R25.800x001,不自主运动
21694,表 6-3-178 ,R25.801,反射性发作
21695,表 6-3-178 ,R25.802,手足徐动症
21696,表 6-3-178 ,R25.803,异常不随意运动
21697,表 6-3-178 ,R26.000,共济失调步态
21698,表 6-3-178 ,R26.000x001,蹒跚性步态
21699,表 6-3-178 ,R26.100,麻痹步态
21700,表 6-3-178 ,R26.100x001,痉挛性步态
21701,表 6-3-178 ,R26.200x001,行走困难
21702,表 6-3-178 ,R26.300,固态[不动]
21703,表 6-3-178 ,R26.301,卧床不起
21704,表 6-3-178 ,R26.800x001,异常步态
21705,表 6-3-178 ,R26.802,走路不稳
21706,表 6-3-178 ,R27.000,共济失调
21707,表 6-3-178 ,R27.800x001,协调障碍
21708,表 6-3-178 ,R27.800x002,中枢性协调障碍
21709,表 6-3-178 ,R27.801,协调缺乏
21710,表 6-3-178 ,R29.000,手足搐搦
21711,表 6-3-178 ,R29.100,假性脑膜炎
21712,表 6-3-178 ,R29.200,异常反射
21713,表 6-3-178 ,R29.300,异常姿势
21714,表 6-3-178 ,R29.400,弹响髋
21715,表 6-3-178 ,R29.600,跌倒倾向，不可归类在他处者
21716,表 6-3-178 ,R29.800,累及神经和肌肉骨骼系统其他和未特指的症状和体征
21717,表 6-3-178 ,R29.800x502,半侧运动不能
21718,表 6-3-178 ,R29.800x503,半侧注意不能
21719,表 6-3-178 ,R29.800x504,半侧空间忽略
21720,表 6-3-178 ,R29.800x505,左侧忽略
21721,表 6-3-178 ,R29.800x507,感觉忽略
21722,表 6-3-178 ,R29.800x508,视空间忽略
21723,表 6-3-178 ,R29.802,短暂性肢体麻痹
21724,表 6-3-178 ,R29.803,短暂性单瘫
21725,表 6-3-179 ,R30.000,排尿困难
21726,表 6-3-179 ,R30.000x002,痛性尿淋漓
21727,表 6-3-179 ,R30.100,排尿里急后重
21728,表 6-3-179 ,R30.100x001,尿急
21729,表 6-3-179 ,R30.900x001,尿痛
21730,表 6-3-179 ,R31.x00,血尿
21731,表 6-3-179 ,R32.x00,尿失禁
21732,表 6-3-179 ,R32.x01,遗尿
21733,表 6-3-179 ,R33.x00,尿潴留
21734,表 6-3-179 ,R34.x01,少尿
21735,表 6-3-179 ,R34.x02,无尿
21736,表 6-3-179 ,R35.x00,多尿
21737,表 6-3-179 ,R35.x00x001,尿频
21738,表 6-3-179 ,R35.x00x003,夜尿增多
21739,表 6-3-179 ,R36.x01,尿道溢液
21740,表 6-3-179 ,R39.000,尿外渗
21741,表 6-3-179 ,R39.100x001,尿线分叉
21742,表 6-3-179 ,R39.100x002,尿线不佳
21743,表 6-3-179 ,R39.101,排尿踌躇
21744,表 6-3-179 ,R39.200,肾外性尿毒症
21745,表 6-3-179 ,R39.200x001,肾前性尿毒症
21746,表 6-3-179 ,R39.801,累及泌尿系统症状和体征
21747,表 6-3-180 ,R40.000,嗜眠
21748,表 6-3-180 ,R40.100,木僵
21749,表 6-3-180 ,R40.100x002,中昏迷
21750,表 6-3-180 ,R40.100x003,浅昏迷
21751,表 6-3-180 ,R40.100x005,亚木僵
21752,表 6-3-180 ,R40.200,昏迷
21753,表 6-3-180 ,R40.200x002,一过性意识丧失
21754,表 6-3-180 ,R40.200x004,深昏迷
21755,表 6-3-180 ,R40.200x005,意识模糊
21756,表 6-3-180 ,R40.201,意识丧失
21757,表 6-3-180 ,R41.000,定向障碍
21758,表 6-3-180 ,R41.001,意识错乱
21759,表 6-3-180 ,R41.100,顺行性遗忘
21760,表 6-3-180 ,R41.200,逆行性遗忘
21761,表 6-3-180 ,R41.300x001,遗忘
21762,表 6-3-180 ,R41.800x002,逻辑障碍
21763,表 6-3-180 ,R41.801,智能减退
21764,表 6-3-180 ,R42.x00x001,眩晕
21765,表 6-3-180 ,R42.x00x002,周期性眩晕
21766,表 6-3-180 ,R42.x00x004,头晕
21767,表 6-3-180 ,R43.000,嗅觉丧失
21768,表 6-3-180 ,R43.100,嗅觉倒错
21769,表 6-3-180 ,R43.200,味觉倒错
21770,表 6-3-180 ,R43.800x001,嗅觉障碍
21771,表 6-3-180 ,R43.800x002,嗅觉与味觉混合障碍
21772,表 6-3-180 ,R43.800x003,味觉障碍
21773,表 6-3-180 ,R43.800x004,味觉丧失
21774,表 6-3-180 ,R44.000,幻听
21775,表 6-3-180 ,R44.100,幻视
21776,表 6-3-180 ,R44.201,幻嗅
21777,表 6-3-180 ,R44.300,幻觉
21778,表 6-3-180 ,R44.801,累及一般感觉和知觉症状和体征
21779,表 6-3-180 ,R45.000,神经质
21780,表 6-3-180 ,R45.100x001,不安
21781,表 6-3-180 ,R45.100x002,激越状态
21782,表 6-3-180 ,R45.200,不愉快
21783,表 6-3-180 ,R45.200x001,忧虑
21784,表 6-3-180 ,R45.200x003,烦恼
21785,表 6-3-180 ,R45.300x001,淡漠
21786,表 6-3-180 ,R45.300x002,沮丧
21787,表 6-3-180 ,R45.400x001,急躁
21788,表 6-3-180 ,R45.400x002,愤怒
21789,表 6-3-180 ,R45.500,敌视
21790,表 6-3-180 ,R45.600,凶暴
21791,表 6-3-180 ,R45.700x001,情绪冲动
21792,表 6-3-180 ,R45.700x002,紧张状态
21793,表 6-3-180 ,R45.800x091,癔症样发作
21794,表 6-3-180 ,R45.801,自杀倾向
21795,表 6-3-180 ,R46.000,个人卫生水平极差
21796,表 6-3-180 ,R46.100,不正常的个人外貌
21797,表 6-3-180 ,R46.200x002,行为异常
21798,表 6-3-180 ,R46.300,过度活动
21799,表 6-3-180 ,R46.400,迟钝和反应不良
21800,表 6-3-180 ,R46.500,多疑和明显逃避
21801,表 6-3-180 ,R46.600,对应激事件的过分担心和偏见
21802,表 6-3-180 ,R46.700,用啰嗦和详细叙述的语言使交往的理由含糊不清
21803,表 6-3-180 ,R46.800x001,缄默状态
21804,表 6-3-180 ,R46.801,自我忽视
21805,表 6-3-181 ,R47.000x001,失语
21806,表 6-3-181 ,R47.000x005,完全性失语
21807,表 6-3-181 ,R47.000x006,传导性失语
21808,表 6-3-181 ,R47.000x008,丘脑性失语
21809,表 6-3-181 ,R47.001,语言困难
21810,表 6-3-181 ,R47.002,命名性失语
21811,表 6-3-181 ,R47.003,运动性失语
21812,表 6-3-181 ,R47.004,混合性失语
21813,表 6-3-181 ,R47.100x001,构音障碍
21814,表 6-3-181 ,R47.100x002,言语讷吃
21815,表 6-3-181 ,R47.101,构音不全
21816,表 6-3-181 ,R47.801,言语不清
21817,表 6-3-181 ,R47.802,言语障碍
21818,表 6-3-181 ,R48.000x002,诵读困难
21819,表 6-3-181 ,R48.001,失读
21820,表 6-3-181 ,R48.100,失认
21821,表 6-3-181 ,R48.200,失用
21822,表 6-3-181 ,R48.800x001,计算不能
21823,表 6-3-181 ,R48.800x002,失写
21824,表 6-3-181 ,R48.800x004,计算困难
21825,表 6-3-181 ,R48.800x005,精神性聋
21826,表 6-3-181 ,R48.801,符号识别功能障碍
21827,表 6-3-181 ,R49.000,发声困难
21828,表 6-3-181 ,R49.001,声嘶
21829,表 6-3-181 ,R49.100,失声
21830,表 6-3-181 ,R49.201,鼻音过重
21831,表 6-3-181 ,R49.202,鼻音过轻
21832,表 6-3-181 ,R49.800x003,声音改变
21833,表 6-3-181 ,R49.801,语音障碍
21834,表 6-3-182 ,R50.200,药物性发热
21835,表 6-3-182 ,R50.800x002,发热伴强直
21836,表 6-3-182 ,R50.801,发热伴恶寒
21837,表 6-3-182 ,R50.802,发热伴寒颤
21838,表 6-3-182 ,R50.803,持续性发热
21839,表 6-3-182 ,R50.900,发热
21840,表 6-3-182 ,R50.900x002,高热
21841,表 6-3-182 ,R50.901,夏季热
21842,表 6-3-182 ,R51.x00,头痛
21843,表 6-3-182 ,R51.x00x002,低颅压性头痛
21844,表 6-3-182 ,R51.x00x003,面部疼痛
21845,表 6-3-182 ,R52.000,急性疼痛
21846,表 6-3-182 ,R52.100,慢性顽固性疼痛
21847,表 6-3-182 ,R52.200,慢性疼痛，其他的
21848,表 6-3-182 ,R52.900,疼痛
21849,表 6-3-182 ,R52.901,全身性疼痛
21850,表 6-3-182 ,R53.x00x001,肢体无力
21851,表 6-3-182 ,R53.x00x002,乏力
21852,表 6-3-182 ,R53.x00x003,偏侧肢体无力
21853,表 6-3-182 ,R53.x00x004,全身衰退
21854,表 6-3-182 ,R53.x00x005,不适
21855,表 6-3-182 ,R53.x00x006,慢性虚弱
21856,表 6-3-182 ,R53.x00x008,虚弱
21857,表 6-3-182 ,R53.x00x009,嗜睡
21858,表 6-3-182 ,R53.x00x010,疲劳
21859,表 6-3-182 ,R53.x00x011,特发性嗜睡
21860,表 6-3-182 ,R53.x00x012,周期性嗜睡
21861,表 6-3-182 ,R54.x00,衰老
21862,表 6-3-182 ,R54.x00x002,老年性无力
21863,表 6-3-182 ,R54.x00x003,老年性虚弱
21864,表 6-3-182 ,R54.x01,老年性震颤
21865,表 6-3-182 ,R55.x00x001,晕厥
21866,表 6-3-182 ,R55.x00x002,心源性晕厥
21867,表 6-3-182 ,R55.x00x003,排尿性晕厥
21868,表 6-3-182 ,R55.x00x004,脑源性晕厥
21869,表 6-3-182 ,R55.x00x005,情景性晕厥
21870,表 6-3-182 ,R55.x00x006,反射性晕厥
21871,表 6-3-182 ,R55.x00x007,器质性晕厥
21872,表 6-3-182 ,R55.x00x008,情境性晕厥
21873,表 6-3-182 ,R55.x00x009,血管抑制性晕厥
21874,表 6-3-182 ,R55.x00x010,血管迷走性晕厥(混合型)
21875,表 6-3-182 ,R55.x00x011,血管迷走性晕厥(心脏抑制型)
21876,表 6-3-182 ,R55.x00x012,血管迷走性晕厥(血管型)
21877,表 6-3-182 ,R55.x00x013,血管迷走性晕厥
21878,表 6-3-182 ,R55.x00x014,迷走神经性晕厥
21879,表 6-3-182 ,R55.x02,虚脱
21880,表 6-3-182 ,R56.000,发热性惊厥
21881,表 6-3-182 ,R56.800x001,抽搐状态
21882,表 6-3-182 ,R56.800x003,不明原因抽搐
21883,表 6-3-182 ,R56.800x005,良性惊厥
21884,表 6-3-182 ,R56.801,癫痫样发作
21885,表 6-3-182 ,R56.802,婴儿惊厥
21886,表 6-3-182 ,R56.803,惊厥
21887,表 6-3-182 ,R57.000,心源性休克
21888,表 6-3-182 ,R57.100,血容量不足性休克
21889,表 6-3-182 ,R57.101,失血性休克
21890,表 6-3-182 ,R57.200,脓毒性休克
21891,表 6-3-182 ,R57.800x003,内毒素性休克
21892,表 6-3-182 ,R57.801,梗阻性休克
21893,表 6-3-182 ,R57.802,血管舒张性休克
21894,表 6-3-182 ,R57.803,神经源性休克
21895,表 6-3-182 ,R57.900,休克
21896,表 6-3-182 ,R57.900x002,周围循环衰竭
21897,表 6-3-182 ,R57.901,循环衰竭
21898,表 6-3-182 ,R58.x00x002,内脏出血
21899,表 6-3-182 ,R58.x00x004,粘膜出血
21900,表 6-3-182 ,R58.x00x005,肿瘤破裂出血
21901,表 6-3-182 ,R58.x00x006,出血
21902,表 6-3-182 ,R58.x00x007,肿瘤伴出血
21903,表 6-3-182 ,R58.x01,腹腔内出血
21904,表 6-3-182 ,R58.x02,瘀斑
21905,表 6-3-182 ,R59.000x004,咽部淋巴结肿大
21906,表 6-3-182 ,R59.000x009,局部淋巴结肿大
21907,表 6-3-182 ,R59.000x010,面部淋巴结肿大
21908,表 6-3-182 ,R59.000x012,肝门淋巴结肿大
21909,表 6-3-182 ,R59.000x013,肝脾淋巴结肿大
21910,表 6-3-182 ,R59.002,鼻咽淋巴结肿大
21911,表 6-3-182 ,R59.003,舌根淋巴结肿大
21912,表 6-3-182 ,R59.004,耳后淋巴结肿大
21913,表 6-3-182 ,R59.005,颈淋巴结肿大
21914,表 6-3-182 ,R59.006,颌下淋巴结肿大
21915,表 6-3-182 ,R59.007,锁骨上淋巴结肿大
21916,表 6-3-182 ,R59.008,腋下淋巴结肿大
21917,表 6-3-182 ,R59.009,肺门淋巴结肿大
21918,表 6-3-182 ,R59.010,纵隔淋巴结肿大
21919,表 6-3-182 ,R59.011,腹腔淋巴结肿大
21920,表 6-3-182 ,R59.012,腹膜后淋巴结肿大
21921,表 6-3-182 ,R59.013,盆腔淋巴结肿大
21922,表 6-3-182 ,R59.014,腹股沟淋巴结肿大
21923,表 6-3-182 ,R59.100,全身性淋巴结增大
21924,表 6-3-182 ,R59.100x002,淋巴结病
21925,表 6-3-182 ,R59.900,淋巴结增大
21926,表 6-3-182 ,R59.901,淋巴结反应性增生
21927,表 6-3-182 ,R60.000,局限性水肿
21928,表 6-3-182 ,R60.001,下肢水肿
21929,表 6-3-182 ,R60.100,全身性水肿
21930,表 6-3-182 ,R60.900,水肿
21931,表 6-3-182 ,R60.900x003,流行性水肿
21932,表 6-3-182 ,R60.900x004,儿童急性出血性水肿
21933,表 6-3-182 ,R60.901,体液潴留
21934,表 6-3-182 ,R61.000,局限性多汗症
21935,表 6-3-182 ,R61.001,手汗症
21936,表 6-3-182 ,R61.100,全身性多汗症
21937,表 6-3-182 ,R61.900,多汗症
21938,表 6-3-182 ,R61.901,盗汗
21939,表 6-3-182 ,R62.000x002,学语延迟
21940,表 6-3-182 ,R62.000x003,学步延迟
21941,表 6-3-182 ,R62.801,生长发育迟缓
21942,表 6-3-182 ,R62.802,儿童型生长不足
21943,表 6-3-182 ,R62.803,成年型生长不足
21944,表 6-3-182 ,R62.900,未达到预期的正常生理发育水平
21945,表 6-3-182 ,R63.000,食欲缺乏
21946,表 6-3-182 ,R63.100,烦渴
21947,表 6-3-182 ,R63.100x002,多饮
21948,表 6-3-182 ,R63.200,贪食
21949,表 6-3-182 ,R63.200x002,营养过度
21950,表 6-3-182 ,R63.300x002,喂养困难
21951,表 6-3-182 ,R63.300x003,照管不当
21952,表 6-3-182 ,R63.400,异常的体重减轻
21953,表 6-3-182 ,R63.500,异常的体重增加
21954,表 6-3-182 ,R63.601,（由于自我忽视引起）进食不足和饮水不足
21955,表 6-3-182 ,R63.801,营养风险
21956,表 6-3-182 ,R64.x00,恶病质
21957,表 6-3-182 ,R64.x00x002,消瘦
21958,表 6-3-182 ,R68.000,低温，与低温环境无关
21959,表 6-3-182 ,R68.100x001,新生儿呻吟
21960,表 6-3-182 ,R68.100x002,易激惹婴儿
21961,表 6-3-182 ,R68.101,婴儿过度哭闹
21962,表 6-3-182 ,R68.200,口干
21963,表 6-3-182 ,R68.300,杵状指
21964,表 6-3-182 ,R68.300x002,杵状甲
21965,表 6-3-182 ,R68.800x001,多脏器功能衰竭
21966,表 6-3-182 ,R68.800x002,衰弱状态
21967,表 6-3-182 ,R68.800x003,非婴儿哭闹
21968,表 6-3-182 ,R68.801,毒血症
21969,表 6-3-182 ,R68.803,神游症
21970,表 6-3-182 ,R69.x00,原因不知的发病
21971,表 6-3-183 ,R70.000,红细胞沉降率升高
21972,表 6-3-183 ,R70.100,血浆黏[滞]度异常
21973,表 6-3-183 ,R70.101,高黏滞血症
21974,表 6-3-183 ,R71.x00,红细胞异常
21975,表 6-3-183 ,R71.x00x004,红细胞形态学异常
21976,表 6-3-183 ,R71.x00x005,红细胞体积异常
21977,表 6-3-183 ,R72.x00x002,白细胞分类计数异常
21978,表 6-3-183 ,R73.000,葡萄糖耐量试验异常
21979,表 6-3-183 ,R73.001,化学性糖尿病
21980,表 6-3-183 ,R73.002,糖尿病前期
21981,表 6-3-183 ,R73.003,潜伏性糖尿病
21982,表 6-3-183 ,R73.900x001,血糖升高
21983,表 6-3-183 ,R74.000x001,转氨酶升高
21984,表 6-3-183 ,R74.001,乳酸脱氢酶升高
21985,表 6-3-183 ,R74.800x003,酸性磷酸酶异常
21986,表 6-3-183 ,R74.800x005,淀粉酶异常
21987,表 6-3-183 ,R74.800x006,脂酶(三酰基甘油脂酶)异常
21988,表 6-3-183 ,R74.800x007,肌酸激酶增高
21989,表 6-3-183 ,R74.800x008,CPK酶过多症
21990,表 6-3-183 ,R74.800x009,高脂肪酶血症
21991,表 6-3-183 ,R74.801,血清碱性磷酸酶异常
21992,表 6-3-183 ,R74.802,血淀粉酶增高
21993,表 6-3-183 ,R74.803,心肌酶谱异常
21994,表 6-3-183 ,R74.804,巨淀粉酶血症
21995,表 6-3-183 ,R74.900x001,血清肌酶异常
21996,表 6-3-183 ,R75.x00x001,人类免疫缺陷病毒阳性[HIV阳性]
21997,表 6-3-183 ,R76.000x001,抗体滴度升高
21998,表 6-3-183 ,R76.100,结核菌素试验的异常反应
21999,表 6-3-183 ,R76.100x001,芒图试验异常
22000,表 6-3-183 ,R76.200,梅毒血清学试验假阳性
22001,表 6-3-183 ,R76.200x002,瓦塞尔曼反应假阳性
22002,表 6-3-183 ,R76.800x001,高免疫球蛋白血症
22003,表 6-3-183 ,R76.801,低补体血症
22004,表 6-3-183 ,R76.802,免疫球蛋白升高
22005,表 6-3-183 ,R76.900,血清免疫学异常所见
22006,表 6-3-183 ,R77.000,清蛋白[白蛋白]异常
22007,表 6-3-183 ,R77.100,球蛋白异常
22008,表 6-3-183 ,R77.101,高球蛋白血症
22009,表 6-3-183 ,R77.200,甲胎蛋白异常
22010,表 6-3-183 ,R77.200x001,高甲胎蛋白血症
22011,表 6-3-183 ,R77.800x001,血脂异常
22012,表 6-3-183 ,R77.800x002,PSA升高
22013,表 6-3-183 ,R77.800x003,CA199升高
22014,表 6-3-183 ,R77.800x004,CA125升高
22015,表 6-3-183 ,R77.800x006,肿瘤标记物升高
22016,表 6-3-183 ,R77.801,D-二聚体升高
22017,表 6-3-183 ,R77.802,M蛋白血症
22018,表 6-3-183 ,R77.803,癌胚抗原CEA升高
22019,表 6-3-183 ,R77.900,血浆蛋白异常
22020,表 6-3-183 ,R77.901,蛋白血症
22021,表 6-3-183 ,R78.000,血中发现酒精
22022,表 6-3-183 ,R78.100,血中发现阿片药物
22023,表 6-3-183 ,R78.200,血中发现可卡因
22024,表 6-3-183 ,R78.300,血中发现致幻剂
22025,表 6-3-183 ,R78.400,血中发现其他可能成瘾的药物
22026,表 6-3-183 ,R78.500,血中发现精神药物
22027,表 6-3-183 ,R78.600,血中发现类固醇剂
22028,表 6-3-183 ,R78.700,血中发现重金属水平异常
22029,表 6-3-183 ,R78.801,血锂异常
22030,表 6-3-183 ,R78.900,血中发现通常不出现的物质
22031,表 6-3-183 ,R79.000,血液矿物质水平异常
22032,表 6-3-183 ,R79.000x001,血液钴异常
22033,表 6-3-183 ,R79.000x002,血液铜异常
22034,表 6-3-183 ,R79.000x003,血液铁异常
22035,表 6-3-183 ,R79.000x004,血液镁异常
22036,表 6-3-183 ,R79.000x006,血液锌异常
22037,表 6-3-183 ,R79.800x003,低血氧症
22038,表 6-3-183 ,R79.800x005,血清铁蛋白异常
22039,表 6-3-183 ,R79.801,丙酮血症
22040,表 6-3-183 ,R79.802,低尿酸血症
22041,表 6-3-183 ,R79.803,氮质血症
22042,表 6-3-183 ,R79.804,血清肉毒碱缺乏
22043,表 6-3-183 ,R79.805,血气异常
22044,表 6-3-183 ,R79.900,血液化学的异常所见
22045,表 6-3-184 ,R80.x00,孤立性蛋白尿
22046,表 6-3-184 ,R80.x00x003,白蛋白尿
22047,表 6-3-184 ,R80.x01,本周蛋白尿
22048,表 6-3-184 ,R80.x02,蛋白尿
22049,表 6-3-184 ,R81.x00x001,尿糖增高
22050,表 6-3-184 ,R82.000,乳糜尿
22051,表 6-3-184 ,R82.100,肌红蛋白尿
22052,表 6-3-184 ,R82.200,胆汁尿
22053,表 6-3-184 ,R82.300,血红蛋白尿
22054,表 6-3-184 ,R82.400,丙酮尿
22055,表 6-3-184 ,R82.401,酮尿
22056,表 6-3-184 ,R82.500x001,尿中药物水平升高
22057,表 6-3-184 ,R82.500x003,尿中生物制剂水平升高
22058,表 6-3-184 ,R82.500x004,尿中17-甾酮类水平升高
22059,表 6-3-184 ,R82.500x005,尿中儿茶酚胺水平升高
22060,表 6-3-184 ,R82.500x006,尿中吲哚乙酸水平升高
22061,表 6-3-184 ,R82.500x007,尿中甾类水平升高
22062,表 6-3-184 ,R82.600x001,尿中重金属水平异常
22063,表 6-3-184 ,R82.700,尿的微生物学检查的异常所见
22064,表 6-3-184 ,R82.800,尿的细胞学和组织学检查的异常所见
22065,表 6-3-184 ,R82.900x002,黑尿
22066,表 6-3-184 ,R82.900x003,结晶尿
22067,表 6-3-184 ,R82.901,钙尿
22068,表 6-3-184 ,R82.902,低比重尿
22069,表 6-3-185 ,R83.000,脑脊液酶水平异常
22070,表 6-3-185 ,R83.100,脑脊液激素水平异常
22071,表 6-3-185 ,R83.200,脑脊液其他药物、药剂和生物制剂水平异常
22072,表 6-3-185 ,R83.300,脑脊液主要为非药用性物质的水平异常
22073,表 6-3-185 ,R83.400,脑脊液异常的免疫学所见
22074,表 6-3-185 ,R83.500,脑脊液异常的微生物学所见
22075,表 6-3-185 ,R83.600,脑脊液异常的细胞学所见
22076,表 6-3-185 ,R83.700,脑脊液异常的组织学所见
22077,表 6-3-185 ,R83.800,脑脊液其他异常所见
22078,表 6-3-185 ,R83.900,脑脊液异常所见
22079,表 6-3-185 ,R84.000,呼吸器官和胸腔标本的酶水平异常
22080,表 6-3-185 ,R84.100,呼吸器官和胸腔标本的激素水平异常
22081,表 6-3-185 ,R84.200,呼吸器官和胸腔标本的其他药物、药剂和生物制剂水平异常
22082,表 6-3-185 ,R84.300,呼吸器官和胸腔标本的主要为非药用性物质的水平异常
22083,表 6-3-185 ,R84.400,呼吸器官和胸腔标本的异常的免疫学所见
22084,表 6-3-185 ,R84.500,呼吸器官和胸腔标本的异常的微生物学所见
22085,表 6-3-185 ,R84.600,呼吸器官和胸腔标本的异常的细胞学所见
22086,表 6-3-185 ,R84.700,呼吸器官和胸腔标本的异常的组织学所见
22087,表 6-3-185 ,R84.800,呼吸器官和胸腔标本的其他异常所见
22088,表 6-3-185 ,R84.900x004,痰标本异常
22089,表 6-3-185 ,R84.901,鼻分泌物异常
22090,表 6-3-185 ,R84.902,咽喉刮屑异常
22091,表 6-3-185 ,R84.903,支气管洗出物异常
22092,表 6-3-185 ,R84.904,胸水异常
22093,表 6-3-185 ,R85.000,消化器官和腹腔标本的酶水平异常
22094,表 6-3-185 ,R85.100,消化器官和腹腔标本的激素水平异常
22095,表 6-3-185 ,R85.200,消化器官和腹腔标本的其他药物、药剂和生物制剂水平异常
22096,表 6-3-185 ,R85.300,消化器官和腹腔标本的主要为非药用性物质的水平异常
22097,表 6-3-185 ,R85.400,消化器官和腹腔标本的异常的免疫学所见
22098,表 6-3-185 ,R85.500,消化器官和腹腔标本的异常的微生物学所见
22099,表 6-3-185 ,R85.600,消化器官和腹腔标本的异常的细胞学所见
22100,表 6-3-185 ,R85.700,消化器官和腹腔标本的异常的组织学所见
22101,表 6-3-185 ,R85.800,消化器官和腹腔标本的其他异常所见
22102,表 6-3-185 ,R85.901,唾液异常
22103,表 6-3-185 ,R85.902,腹水异常
22104,表 6-3-185 ,R86.000,男性生殖器官标本的酶水平异常
22105,表 6-3-185 ,R86.100,男性生殖器官标本的激素水平异常
22106,表 6-3-185 ,R86.200,男性生殖器官标本的其他药物、药剂和生物制剂水平异常
22107,表 6-3-185 ,R86.300,男性生殖器官标本的主要为非药用性物质的水平异常
22108,表 6-3-185 ,R86.400,男性生殖器官标本的异常的免疫学所见
22109,表 6-3-185 ,R86.500,男性生殖器官标本的异常的微生物学所见
22110,表 6-3-185 ,R86.600,男性生殖器官标本的异常的细胞学所见
22111,表 6-3-185 ,R86.700,男性生殖器官标本的异常的组织学所见
22112,表 6-3-185 ,R86.800,男性生殖器官标本的其他异常所见
22113,表 6-3-185 ,R86.900x003,精液标本异常
22114,表 6-3-185 ,R86.901,精子异常
22115,表 6-3-185 ,R86.902,前列腺分泌物异常
22116,表 6-3-185 ,R86.903,弱精子症
22117,表 6-3-185 ,R87.000,女性生殖器官标本的酶水平异常
22118,表 6-3-185 ,R87.100,女性生殖器官标本的激素水平异常
22119,表 6-3-185 ,R87.200,女性生殖器官标本的其他药物、药剂和生物制剂水平异常
22120,表 6-3-185 ,R87.300,女性生殖器官标本的主要为非药用性物质的水平异常
22121,表 6-3-185 ,R87.400,女性生殖器官标本的异常的免疫学所见
22122,表 6-3-185 ,R87.500,女性生殖器官标本的异常的微生物学所见
22123,表 6-3-185 ,R87.600,女性生殖器官标本的异常的细胞学所见
22124,表 6-3-185 ,R87.700,女性生殖器官标本的异常的组织学所见
22125,表 6-3-185 ,R87.800,女性生殖器官标本的其他异常所见
22126,表 6-3-185 ,R87.900x001,子宫颈标本异常
22127,表 6-3-185 ,R87.900x002,阴道标本异常
22128,表 6-3-185 ,R87.900x003,外阴标本异常
22129,表 6-3-185 ,R89.000,器官、系统和组织标本的酶水平异常，其他的
22130,表 6-3-185 ,R89.100,器官、系统和组织标本的激素水平异常，其他的
22131,表 6-3-185 ,R89.200,器官、系统和组织标本的其他药物、药剂和生物制剂水平异常，其他的
22132,表 6-3-185 ,R89.300,"器官、系统和组织标本的主要为非药用性物质的水平异常,其他的"
22133,表 6-3-185 ,R89.400,器官、系统和组织标本的异常的免疫学所见，其他的
22134,表 6-3-185 ,R89.500,器官、系统和组织标本的异常的微生物学所见，其他的
22135,表 6-3-185 ,R89.600,"器官、系统和组织标本的异常的细胞学所见,其他的"
22136,表 6-3-185 ,R89.700,"器官、系统和组织标本的异常的组织学所见,其他的"
22137,表 6-3-185 ,R89.800,器官、系统和组织标本的其他异常所见，其他的
22138,表 6-3-185 ,R89.900x001,乳头流出物标本异常
22139,表 6-3-185 ,R89.900x002,滑膜液标本异常
22140,表 6-3-185 ,R89.900x003,伤口分泌物标本异常
22141,表 6-3-186 ,R90.000,颅内占位性病变
22142,表 6-3-186 ,R90.000x003,脑干占位性病变
22143,表 6-3-186 ,R90.800x003,脑沟增宽
22144,表 6-3-186 ,R90.801,脑超声波图异常
22145,表 6-3-186 ,R90.803,脑缺血灶
22146,表 6-3-186 ,R90.804,脑软化灶
22147,表 6-3-186 ,R90.805,垂体柄增粗
22148,表 6-3-186 ,R90.806,脊髓占位性病变
22149,表 6-3-186 ,R90.807,白质病变
22150,表 6-3-186 ,R91.x00x001,肺部阴影
22151,表 6-3-186 ,R91.x00x005,肺门增大
22152,表 6-3-186 ,R91.x01,肺钱币形损害
22153,表 6-3-186 ,R91.x03,肺占位性病变
22154,表 6-3-186 ,R91.x04,孤立性肺结节
22155,表 6-3-186 ,R92.x00,乳房诊断性影像检查的异常所见
22156,表 6-3-186 ,R93.000x001,颅骨诊断性检查异常
22157,表 6-3-186 ,R93.000x002,头部诊断性检查异常
22158,表 6-3-186 ,R93.100x002,心脏异常阴影
22159,表 6-3-186 ,R93.101,超声心动图异常
22160,表 6-3-186 ,R93.102,冠状循环诊断性影像异常
22161,表 6-3-186 ,R93.103,主动脉占位性病变
22162,表 6-3-186 ,R93.200x001,肝诊断性影像异常
22163,表 6-3-186 ,R93.200x002,胆道诊断性影像异常
22164,表 6-3-186 ,R93.201,肝钙化灶
22165,表 6-3-186 ,R93.202,肝回声不均
22166,表 6-3-186 ,R93.203,肝占位性病变
22167,表 6-3-186 ,R93.204,胆囊占位性病变
22168,表 6-3-186 ,R93.205,胆管占位性病变
22169,表 6-3-186 ,R93.300x001,消化道诊断性影像异常
22170,表 6-3-186 ,R93.300x002,脾占位性病变
22171,表 6-3-186 ,R93.300x003,结肠占位性病变
22172,表 6-3-186 ,R93.300x004,直肠占位性病变
22173,表 6-3-186 ,R93.301,胰腺影像检查异常
22174,表 6-3-186 ,R93.302,胰腺占位性病变
22175,表 6-3-186 ,R93.303,胃占位性病变
22176,表 6-3-186 ,R93.400x001,膀胱充盈缺损
22177,表 6-3-186 ,R93.400x002,肾充盈缺损
22178,表 6-3-186 ,R93.400x003,输尿管充盈缺损
22179,表 6-3-186 ,R93.401,肾超声检查异常
22180,表 6-3-186 ,R93.402,肾动脉走行异常
22181,表 6-3-186 ,R93.403,肾占位性病变
22182,表 6-3-186 ,R93.404,输尿管占位性病变
22183,表 6-3-186 ,R93.405,膀胱占位性病变
22184,表 6-3-186 ,R93.500x001,腹部诊断性影像异常
22185,表 6-3-186 ,R93.501,肾上腺诊断性影像异常
22186,表 6-3-186 ,R93.600,肢体诊断性影像检查的异常所见
22187,表 6-3-186 ,R93.700,肌肉骨骼系统其他部位诊断性影像检查的异常所见
22188,表 6-3-186 ,R93.800x002,皮肤诊断性影像异常
22189,表 6-3-186 ,R93.800x003,皮下组织诊断性影像异常
22190,表 6-3-186 ,R93.800x006,宫腔占位
22191,表 6-3-186 ,R93.800x007,卵巢占位性病变
22192,表 6-3-186 ,R93.800x008,眼占位性病变
22193,表 6-3-186 ,R93.801,胸腔占位性病变
22194,表 6-3-186 ,R93.802,前列腺钙化灶
22195,表 6-3-186 ,R93.803,子宫内膜增厚
22196,表 6-3-186 ,R93.804,纵隔移位
22197,表 6-3-186 ,R93.805,纵隔阴影
22198,表 6-3-186 ,R94.000,中枢神经系统功能检查的异常结果
22199,表 6-3-186 ,R94.001,脑电图异常
22200,表 6-3-186 ,R94.101,视觉激发电位异常
22201,表 6-3-186 ,R94.102,特殊感觉功能检查异常
22202,表 6-3-186 ,R94.103,神经刺激反应异常
22203,表 6-3-186 ,R94.104,肌电图异常
22204,表 6-3-186 ,R94.105,眼电图异常
22205,表 6-3-186 ,R94.106,视网膜电图异常
22206,表 6-3-186 ,R94.200,肺功能检查的异常结果
22207,表 6-3-186 ,R94.201,通气功能障碍
22208,表 6-3-186 ,R94.202,中枢性低通气
22209,表 6-3-186 ,R94.204,肺活量减低
22210,表 6-3-186 ,R94.300,心血管功能检查的异常结果
22211,表 6-3-186 ,R94.300x003,Q-T间期延长
22212,表 6-3-186 ,R94.300x007,非特异性ST-T改变
22213,表 6-3-186 ,R94.300x010,Brugada波样心电图改变
22214,表 6-3-186 ,R94.300x011,房室结双径路
22215,表 6-3-186 ,R94.300x012,房室结三径路
22216,表 6-3-186 ,R94.301,复极综合征
22217,表 6-3-186 ,R94.303,心电图异常
22218,表 6-3-186 ,R94.304,RR间期延长
22219,表 6-3-186 ,R94.305,心音图异常
22220,表 6-3-186 ,R94.306,心电向量图异常
22221,表 6-3-186 ,R94.307,心内电生理学检查异常
22222,表 6-3-186 ,R94.308,继发性QT间期延长
22223,表 6-3-186 ,R94.400,肾功能检查的异常结果
22224,表 6-3-186 ,R94.401,肾小球滤过率下降
22225,表 6-3-186 ,R94.402,血肌酐升高
22226,表 6-3-186 ,R94.500,肝功能检查的异常结果
22227,表 6-3-186 ,R94.600,甲状腺功能检查的异常结果
22228,表 6-3-186 ,R94.700,内分泌功能检查的异常结果，其他的
22229,表 6-3-186 ,R94.800x001,脾功能异常
22230,表 6-3-186 ,R94.801,基础代谢率异常
22231,表 6-3-186 ,R94.802,逼尿肌内减弱
22232,表 6-3-186 ,R94.803,膀胱功能检查异常
22233,表 6-3-187 ,S00.000x053,头皮血肿机化
22234,表 6-3-187 ,S00.001,头皮挫伤
22235,表 6-3-187 ,S00.002,头皮擦伤
22236,表 6-3-187 ,S00.003,头皮异物
22237,表 6-3-187 ,S00.004,头皮血肿
22238,表 6-3-187 ,S00.100x001,眼睑挫伤
22239,表 6-3-187 ,S00.100x003,眼睑淤血
22240,表 6-3-187 ,S00.100x006,眉弓挫伤
22241,表 6-3-187 ,S00.101,眼周区挫伤
22242,表 6-3-187 ,S00.102,额部血肿
22243,表 6-3-187 ,S00.200,眼睑和眼周区其他浅表损伤
22244,表 6-3-187 ,S00.201,眶区浅表损伤
22245,表 6-3-187 ,S00.202,眼睑血肿
22246,表 6-3-187 ,S00.300,鼻浅表损伤
22247,表 6-3-187 ,S00.300x051,鼻部挫伤
22248,表 6-3-187 ,S00.302,鼻血肿
22249,表 6-3-187 ,S00.400,耳浅表损伤
22250,表 6-3-187 ,S00.400x052,外耳挫伤
22251,表 6-3-187 ,S00.401,耳廓挫伤
22252,表 6-3-187 ,S00.402,耳廓血肿
22253,表 6-3-187 ,S00.403,鼓室挫伤
22254,表 6-3-187 ,S00.404,鼓膜挫伤
22255,表 6-3-187 ,S00.500,唇和口腔浅表损伤
22256,表 6-3-187 ,S00.500x051,唇挫伤
22257,表 6-3-187 ,S00.500x052,下颌挫伤
22258,表 6-3-187 ,S00.501,口腔浅表损伤
22259,表 6-3-187 ,S00.700,头部多处浅表损伤
22260,表 6-3-187 ,S00.800x053,颊挫伤
22261,表 6-3-187 ,S00.800x054,下颚挫伤
22262,表 6-3-187 ,S00.800x055,前额挫伤
22263,表 6-3-187 ,S00.800x056,颞部挫伤
22264,表 6-3-187 ,S00.801,面部软组织挫伤
22265,表 6-3-187 ,S00.802,面部擦伤
22266,表 6-3-187 ,S00.803,面部挫伤
22267,表 6-3-187 ,S00.804,面部浅表异物
22268,表 6-3-187 ,S00.900,头部的浅表损伤
22269,表 6-3-187 ,S01.000,头皮开放性伤口
22270,表 6-3-187 ,S01.000x002,眉弓裂伤
22271,表 6-3-187 ,S01.001,头皮裂伤
22272,表 6-3-187 ,S01.100,眼睑和眼周区开放性伤口
22273,表 6-3-187 ,S01.101,眼睑裂伤
22274,表 6-3-187 ,S01.102,开放性眼睑异物
22275,表 6-3-187 ,S01.103,眶部裂伤
22276,表 6-3-187 ,S01.200x011,鼻表皮开放性损伤
22277,表 6-3-187 ,S01.200x021,鼻孔开放性损伤
22278,表 6-3-187 ,S01.200x031,鼻中隔开放性损伤
22279,表 6-3-187 ,S01.200x091,鼻部开放性损伤伴蝶窦异物
22280,表 6-3-187 ,S01.200x092,创伤性鼻部缺损
22281,表 6-3-187 ,S01.300x002,耳道开放性损伤
22282,表 6-3-187 ,S01.300x011,外耳耳翼开放性损伤
22283,表 6-3-187 ,S01.300x012,耳廓开放性损伤
22284,表 6-3-187 ,S01.300x031,耳屏开放性损伤
22285,表 6-3-187 ,S01.300x051,耳咽管开放性损伤
22286,表 6-3-187 ,S01.300x061,听小骨开放性损伤
22287,表 6-3-187 ,S01.300x071,中耳开放性损伤
22288,表 6-3-187 ,S01.300x081,耳蜗开放性损伤
22289,表 6-3-187 ,S01.301,开放性外耳道损伤
22290,表 6-3-187 ,S01.302,开放性耳后损伤伴异物
22291,表 6-3-187 ,S01.400x011,颊部开放性损伤
22292,表 6-3-187 ,S01.400x021,上颌开放性损伤
22293,表 6-3-187 ,S01.400x031,腭部开放性损伤
22294,表 6-3-187 ,S01.401,开放性颞下颌损伤
22295,表 6-3-187 ,S01.500x001,口腔开放性损伤
22296,表 6-3-187 ,S01.500x021,口腔黏膜开放性损伤
22297,表 6-3-187 ,S01.500x022,脸颊内部开放性损伤
22298,表 6-3-187 ,S01.500x042,舌和口底开放性损伤
22299,表 6-3-187 ,S01.500x051,上腭开放性损伤
22300,表 6-3-187 ,S01.500x052,软腭开放性损伤
22301,表 6-3-187 ,S01.501,舌裂伤
22302,表 6-3-187 ,S01.502,开放性舌部损伤
22303,表 6-3-187 ,S01.503,牙龈裂伤
22304,表 6-3-187 ,S01.504,开放性唇部损伤
22305,表 6-3-187 ,S01.505,软腭穿通伤
22306,表 6-3-187 ,S01.506,唇裂伤
22307,表 6-3-187 ,S01.700,头部多处开放性伤口
22308,表 6-3-187 ,S01.800x011,开放性脑损伤伴颅骨骨折
22309,表 6-3-187 ,S01.800x021,开放性脑损伤伴颈椎脱位
22310,表 6-3-187 ,S01.800x031,开放性脑损伤
22311,表 6-3-187 ,S01.800x083,头骨开放性损伤
22312,表 6-3-187 ,S01.800x085,面部异物
22313,表 6-3-187 ,S01.800x086,前额开放性损伤
22314,表 6-3-187 ,S01.800x087,下颚开放性损伤
22315,表 6-3-187 ,S01.801,开放性颅内异物
22316,表 6-3-187 ,S01.802,面部裂伤
22317,表 6-3-187 ,S01.803,开放性面部损伤
22318,表 6-3-187 ,S01.804,开放性腮腺管断裂
22319,表 6-3-187 ,S01.900,头部的开放性伤口
22320,表 6-3-187 ,S02.000,颅骨穹隆骨折
22321,表 6-3-187 ,S02.000x003,颞骨鳞部骨折
22322,表 6-3-187 ,S02.000x004,额骨和颞骨鳞部骨折
22323,表 6-3-187 ,S02.000x005,额骨和顶骨骨折
22324,表 6-3-187 ,S02.001,额骨骨折
22325,表 6-3-187 ,S02.002,顶骨骨折
22326,表 6-3-187 ,S02.011,开放性额骨骨折
22327,表 6-3-187 ,S02.012,开放性顶骨骨折
22328,表 6-3-187 ,S02.100,颅底骨骨折
22329,表 6-3-187 ,S02.100x002,前颅凹骨折
22330,表 6-3-187 ,S02.100x003,中颅凹骨折
22331,表 6-3-187 ,S02.100x004,后颅凹骨折
22332,表 6-3-187 ,S02.100x006,眶顶骨折
22333,表 6-3-187 ,S02.100x008,额窦骨折
22334,表 6-3-187 ,S02.100x009,蝶骨骨折
22335,表 6-3-187 ,S02.101,枕骨骨折
22336,表 6-3-187 ,S02.102,颞骨骨折
22337,表 6-3-187 ,S02.103,筛窦骨折
22338,表 6-3-187 ,S02.111,开放性颅底骨骨折
22339,表 6-3-187 ,S02.112,开放性枕骨骨折
22340,表 6-3-187 ,S02.113,开放性颞骨骨折
22341,表 6-3-187 ,S02.114,开放性筛窦骨折
22342,表 6-3-187 ,S02.200,鼻骨骨折
22343,表 6-3-187 ,S02.201,鼻中隔骨折
22344,表 6-3-187 ,S02.211,开放性鼻骨骨折
22345,表 6-3-187 ,S02.300,眶底骨折
22346,表 6-3-187 ,S02.300x002,眶底粉碎性骨折
22347,表 6-3-187 ,S02.311,开放性眶底骨折
22348,表 6-3-187 ,S02.400x001,颧弓骨折
22349,表 6-3-187 ,S02.400x003,上颌骨骨折
22350,表 6-3-187 ,S02.400x005,上颌窦骨折
22351,表 6-3-187 ,S02.401,颧骨骨折
22352,表 6-3-187 ,S02.411,开放性上颌骨骨折
22353,表 6-3-187 ,S02.412,开放性颧骨骨折
22354,表 6-3-187 ,S02.500,创伤性牙折断
22355,表 6-3-187 ,S02.500x002,创伤性牙破损
22356,表 6-3-187 ,S02.501,创伤性牙齿脱落
22357,表 6-3-187 ,S02.600,下颌骨骨折
22358,表 6-3-187 ,S02.600x011,髁突骨折
22359,表 6-3-187 ,S02.600x021,髁突下部骨折
22360,表 6-3-187 ,S02.600x031,下颌骨冠突骨折
22361,表 6-3-187 ,S02.600x041,下颌骨支骨折
22362,表 6-3-187 ,S02.600x051,颌骨角骨折
22363,表 6-3-187 ,S02.600x061,下颌骨纤维软骨体骨折
22364,表 6-3-187 ,S02.600x081,下颌骨体骨折
22365,表 6-3-187 ,S02.600x091,下颌骨复合骨折
22366,表 6-3-187 ,S02.611,开放性下颌骨骨折
22367,表 6-3-187 ,S02.612,开放性髁状突骨折
22368,表 6-3-187 ,S02.700x001,颅骨多发性骨折
22369,表 6-3-187 ,S02.700x002,颅骨和面骨多发性骨折
22370,表 6-3-187 ,S02.700x004,鼻眶筛骨折
22371,表 6-3-187 ,S02.701,多发性面骨骨折
22372,表 6-3-187 ,S02.711,开放性多发性面骨骨折
22373,表 6-3-187 ,S02.712,开放性多发性颅骨骨折
22374,表 6-3-187 ,S02.800x003,上腭骨折
22375,表 6-3-187 ,S02.801,眶骨骨折
22376,表 6-3-187 ,S02.802,牙槽骨骨折
22377,表 6-3-187 ,S02.803,腭骨折
22378,表 6-3-187 ,S02.810,特指开放性颅骨和面骨骨折
22379,表 6-3-187 ,S02.811,开放性眶骨骨折
22380,表 6-3-187 ,S02.812,开放性牙槽骨骨折
22381,表 6-3-187 ,S02.813,开放性腭骨折
22382,表 6-3-187 ,S02.900x002,颅骨骨折
22383,表 6-3-187 ,S02.901,面骨骨折
22384,表 6-3-187 ,S02.902,颅骨凹陷性骨折
22385,表 6-3-187 ,S02.911,开放性颅骨骨折
22386,表 6-3-187 ,S02.912,开放性面骨骨折
22387,表 6-3-187 ,S03.000,颌关节脱位
22388,表 6-3-187 ,S03.000x001,颌软骨脱位
22389,表 6-3-187 ,S03.100,鼻中隔软骨脱位
22390,表 6-3-187 ,S03.200,牙脱位
22391,表 6-3-187 ,S03.301,头部脱位
22392,表 6-3-187 ,S03.400,颌关节扭伤和劳损
22393,表 6-3-187 ,S03.400x001,颞下颌关节损伤
22394,表 6-3-187 ,S03.400x002,颞下颌韧带损伤
22395,表 6-3-187 ,S03.501,头部关节和韧带扭伤和劳损
22396,表 6-3-187 ,S04.000x001,视神经损伤
22397,表 6-3-187 ,S04.000x002,视交叉损伤
22398,表 6-3-187 ,S04.000x003,视路损伤
22399,表 6-3-187 ,S04.000x004,视皮质损伤
22400,表 6-3-187 ,S04.100,动眼神经损伤
22401,表 6-3-187 ,S04.200,滑车神经损伤
22402,表 6-3-187 ,S04.300,三叉神经损伤
22403,表 6-3-187 ,S04.400,展神经损伤
22404,表 6-3-187 ,S04.500,面神经损伤
22405,表 6-3-187 ,S04.501,面神经断裂
22406,表 6-3-187 ,S04.502,眶下神经损伤
22407,表 6-3-187 ,S04.600,听神经损伤
22408,表 6-3-187 ,S04.700,副神经损伤
22409,表 6-3-187 ,S04.801,舌下神经损伤
22410,表 6-3-187 ,S04.802,嗅神经损伤
22411,表 6-3-187 ,S04.803,舌咽神经损伤
22412,表 6-3-187 ,S04.804,迷走神经损伤
22413,表 6-3-187 ,S04.900,脑神经损伤
22414,表 6-3-187 ,S05.000x002,结膜损伤
22415,表 6-3-187 ,S05.001,角膜擦伤
22416,表 6-3-187 ,S05.002,角膜磨损
22417,表 6-3-187 ,S05.100x004,眼球挫伤
22418,表 6-3-187 ,S05.101,眼眶挫伤
22419,表 6-3-187 ,S05.102,创伤性前房积血
22420,表 6-3-187 ,S05.103,晶状体挫伤
22421,表 6-3-187 ,S05.104,巩膜挫伤
22422,表 6-3-187 ,S05.200x003,外伤性玻璃体嵌顿
22423,表 6-3-187 ,S05.200x004,外伤性虹膜缺损
22424,表 6-3-187 ,S05.200x005,外伤性晶状体嵌顿
22425,表 6-3-187 ,S05.200x006,外伤性玻璃体溢出
22426,表 6-3-187 ,S05.200x007,外伤性虹膜根部离断
22427,表 6-3-187 ,S05.201,角膜穿通伤伴虹膜嵌顿
22428,表 6-3-187 ,S05.202,角膜穿通伤伴虹膜脱垂
22429,表 6-3-187 ,S05.203,角膜穿通伤伴晶状体嵌顿
22430,表 6-3-187 ,S05.204,角膜穿通伤伴玻璃体嵌顿
22431,表 6-3-187 ,S05.205,创伤性虹膜脱垂
22432,表 6-3-187 ,S05.206,创伤性虹膜嵌顿
22433,表 6-3-187 ,S05.207,创伤性虹膜疝
22434,表 6-3-187 ,S05.208,创伤性睫状体脱垂
22435,表 6-3-187 ,S05.209,创伤性玻璃体脱垂
22436,表 6-3-187 ,S05.210,创伤性玻璃体疝
22437,表 6-3-187 ,S05.300,眼撕裂伤不伴有眼内组织脱出或缺失
22438,表 6-3-187 ,S05.300x004,眼球破裂伤
22439,表 6-3-187 ,S05.300x005,外伤性前房角劈裂
22440,表 6-3-187 ,S05.300x010,眼撕裂伤
22441,表 6-3-187 ,S05.301,角膜裂伤
22442,表 6-3-187 ,S05.302,角膜全层裂伤
22443,表 6-3-187 ,S05.303,虹膜裂伤
22444,表 6-3-187 ,S05.304,巩膜裂伤
22445,表 6-3-187 ,S05.305,睫状体裂伤
22446,表 6-3-187 ,S05.306,结膜裂伤
22447,表 6-3-187 ,S05.307,角膜板层裂伤
22448,表 6-3-187 ,S05.400x001,眶内异物
22449,表 6-3-187 ,S05.400x002,眼肌异物
22450,表 6-3-187 ,S05.401,眶穿通伤
22451,表 6-3-187 ,S05.500x001,眼内异物
22452,表 6-3-187 ,S05.500x002,眼球穿通伤伴磁性异物
22453,表 6-3-187 ,S05.500x003,眼球穿通伤伴非磁性异物
22454,表 6-3-187 ,S05.600x002,眼球穿通伤
22455,表 6-3-187 ,S05.601,角膜穿通伤
22456,表 6-3-187 ,S05.602,虹膜穿通伤
22457,表 6-3-187 ,S05.603,晶状体穿通伤
22458,表 6-3-187 ,S05.604,巩膜穿通伤
22459,表 6-3-187 ,S05.605,视网膜穿通伤
22460,表 6-3-187 ,S05.700,眼撕脱伤
22461,表 6-3-187 ,S05.800x001,外伤性虹膜脱离
22462,表 6-3-187 ,S05.800x007,眼外肌断裂
22463,表 6-3-187 ,S05.800x008,眼内直肌断裂
22464,表 6-3-187 ,S05.800x009,眼外直肌断裂
22465,表 6-3-187 ,S05.801,眼震荡
22466,表 6-3-187 ,S05.802,眼挫伤
22467,表 6-3-187 ,S05.803,角膜损伤
22468,表 6-3-187 ,S05.804,虹膜损伤
22469,表 6-3-187 ,S05.805,晶状体损伤
22470,表 6-3-187 ,S05.806,创伤性晶状体脱位
22471,表 6-3-187 ,S05.807,巩膜损伤
22472,表 6-3-187 ,S05.808,视网膜震荡
22473,表 6-3-187 ,S05.809,视网膜损伤
22474,表 6-3-187 ,S05.810,泪小管裂伤
22475,表 6-3-187 ,S05.811,泪管损伤
22476,表 6-3-187 ,S05.812,冲击波性失明
22477,表 6-3-187 ,S05.900,眼和眶的损伤
22478,表 6-3-187 ,S05.900x003,眼部开放性损伤
22479,表 6-3-187 ,S05.901,眼损伤
22480,表 6-3-187 ,S05.902,创伤性失明
22481,表 6-3-187 ,S05.903,玻璃体损伤
22482,表 6-3-187 ,S06.000,脑震荡
22483,表 6-3-187 ,S06.100,创伤性大脑水肿
22484,表 6-3-187 ,S06.200x001,弥散性大脑损伤
22485,表 6-3-187 ,S06.200x002,弥散性小脑损伤
22486,表 6-3-187 ,S06.200x011,弥散性大脑损伤伴出血
22487,表 6-3-187 ,S06.200x021,弥散性小脑损伤伴出血
22488,表 6-3-187 ,S06.200x031,多发性大脑内出血
22489,表 6-3-187 ,S06.200x032,多发性大脑血肿
22490,表 6-3-187 ,S06.200x033,多发性小脑血肿
22491,表 6-3-187 ,S06.200x081,多发性大脑挫裂伤
22492,表 6-3-187 ,S06.200x082,多发性小脑挫裂伤
22493,表 6-3-187 ,S06.201,脑干挫伤
22494,表 6-3-187 ,S06.202,脑挫伤
22495,表 6-3-187 ,S06.203,大脑撕裂伤
22496,表 6-3-187 ,S06.204,创伤性脑疝
22497,表 6-3-187 ,S06.205,创伤性脑受压
22498,表 6-3-187 ,S06.206,弥漫性轴索损伤
22499,表 6-3-187 ,S06.211,开放性脑挫伤
22500,表 6-3-187 ,S06.300x001,局灶性大脑损伤
22501,表 6-3-187 ,S06.300x002,局灶性小脑损伤
22502,表 6-3-187 ,S06.300x011,局灶性大脑挫伤伴出血
22503,表 6-3-187 ,S06.300x021,局灶性小脑挫伤伴出血
22504,表 6-3-187 ,S06.300x031,局灶性大脑挫伤伴血肿
22505,表 6-3-187 ,S06.300x032,局灶性大脑挫伤伴大量出血
22506,表 6-3-187 ,S06.300x041,局灶性小脑挫伤伴血肿
22507,表 6-3-187 ,S06.300x042,局灶性小脑挫伤伴大量出血
22508,表 6-3-187 ,S06.300x081,局灶性大脑挫裂伤
22509,表 6-3-187 ,S06.300x082,局灶性小脑挫裂伤
22510,表 6-3-187 ,S06.301,创伤性脑局灶出血
22511,表 6-3-187 ,S06.302,创伤性脑血肿
22512,表 6-3-187 ,S06.310,开放性局灶性脑损伤
22513,表 6-3-187 ,S06.400,硬膜外出血
22514,表 6-3-187 ,S06.401,创伤性闭合性硬膜外血肿
22515,表 6-3-187 ,S06.410,开放性硬膜外出血
22516,表 6-3-187 ,S06.500,创伤性硬膜下出血
22517,表 6-3-187 ,S06.500x002,创伤性硬脑膜下血肿
22518,表 6-3-187 ,S06.500x004,急性创伤性硬脑膜下血肿
22519,表 6-3-187 ,S06.500x005,亚急性创伤性硬脑膜下出血
22520,表 6-3-187 ,S06.500x006,亚急性创伤性硬脑膜下血肿
22521,表 6-3-187 ,S06.500x007,慢性创伤性硬脑膜下出血
22522,表 6-3-187 ,S06.501,创伤性急性硬膜下出血
22523,表 6-3-187 ,S06.502,创伤性慢性硬膜下血肿
22524,表 6-3-187 ,S06.510,开放性硬膜下出血
22525,表 6-3-187 ,S06.600,创伤性蛛网膜下出血
22526,表 6-3-187 ,S06.600x002,创伤性蛛网膜下腔血肿
22527,表 6-3-187 ,S06.610,开放性蛛网膜下隙出血
22528,表 6-3-187 ,S06.700,颅内损伤伴有延长的昏迷
22529,表 6-3-187 ,S06.700x001,闭合性颅脑损伤轻型
22530,表 6-3-187 ,S06.700x002,闭合性颅脑损伤中型
22531,表 6-3-187 ,S06.700x003,闭合性颅脑损伤重型
22532,表 6-3-187 ,S06.700x004,闭合性颅脑损伤特重型
22533,表 6-3-187 ,S06.700x005,开放性颅脑损伤轻型
22534,表 6-3-187 ,S06.700x006,开放性颅脑损伤中型
22535,表 6-3-187 ,S06.700x007,开放性颅脑损伤重型
22536,表 6-3-187 ,S06.700x008,开放性颅脑损伤特重型
22537,表 6-3-187 ,S06.710,开放性颅内损伤伴长时间昏迷
22538,表 6-3-187 ,S06.800x002,创伤性脑内血肿
22539,表 6-3-187 ,S06.800x004,创伤性小脑血肿
22540,表 6-3-187 ,S06.800x005,创伤性小脑挫伤
22541,表 6-3-187 ,S06.800x007,创伤性颅内血肿
22542,表 6-3-187 ,S06.800x009,创伤性颅内动脉瘤
22543,表 6-3-187 ,S06.800x010,创伤性脑梗塞
22544,表 6-3-187 ,S06.800x011,创伤性颅内积气
22545,表 6-3-187 ,S06.800x012,创伤性脑积水
22546,表 6-3-187 ,S06.800x013,创伤性硬脑膜下积液
22547,表 6-3-187 ,S06.801,创伤性小脑出血
22548,表 6-3-187 ,S06.802,创伤性脑出血
22549,表 6-3-187 ,S06.803,创伤性脑干出血
22550,表 6-3-187 ,S06.804,创伤性颅内出血
22551,表 6-3-187 ,S06.805,创伤性颅内海绵窦损伤
22552,表 6-3-187 ,S06.811,开放性脑出血
22553,表 6-3-187 ,S06.812,开放性脑干出血
22554,表 6-3-187 ,S06.813,开放性小脑出血
22555,表 6-3-187 ,S06.814,开放性颅内出血
22556,表 6-3-187 ,S06.900,颅内损伤
22557,表 6-3-187 ,S06.901,脑干损伤
22558,表 6-3-187 ,S06.910,开放性颅内损伤
22559,表 6-3-187 ,S06.911,开放性脑干损伤
22560,表 6-3-187 ,S06.912,开放性颅内海绵窦损伤
22561,表 6-3-187 ,S07.000,面部挤压伤
22562,表 6-3-187 ,S07.100,颅骨挤压伤
22563,表 6-3-187 ,S07.800,头部其他部位的挤压伤
22564,表 6-3-187 ,S07.900,头部挤压伤
22565,表 6-3-187 ,S08.000,头皮撕脱
22566,表 6-3-187 ,S08.100,耳创伤性切断
22567,表 6-3-187 ,S08.800,头部其他部位的创伤性切断
22568,表 6-3-187 ,S08.801,创伤性鼻切断
22569,表 6-3-187 ,S08.900,头部的创伤性切断
22570,表 6-3-187 ,S09.000x001,头部血管损伤
22571,表 6-3-187 ,S09.100x001,头部肌肉损伤
22572,表 6-3-187 ,S09.101,头部肌腱损伤
22573,表 6-3-187 ,S09.200,耳鼓膜创伤性破裂
22574,表 6-3-187 ,S09.700,头部多处损伤
22575,表 6-3-187 ,S09.800x002,创伤性乳牙损伤
22576,表 6-3-187 ,S09.800x003,创伤性鼻窦积血
22577,表 6-3-187 ,S09.801,创伤性鼻中隔血肿
22578,表 6-3-187 ,S09.900,头部的损伤
22579,表 6-3-187 ,S09.900x006,唇部损伤
22580,表 6-3-187 ,S09.901,面部损伤
22581,表 6-3-187 ,S09.902,眉部损伤
22582,表 6-3-187 ,S09.903,鼻损伤
22583,表 6-3-187 ,S09.904,耳损伤
22584,表 6-3-187 ,S09.905,耳廓损伤
22585,表 6-3-187 ,S09.906,舌损伤
22586,表 6-3-187 ,S09.907,唾液腺损伤
22587,表 6-3-188 ,S10.000x003,咽部挫伤
22588,表 6-3-188 ,S10.001,喉挫伤
22589,表 6-3-188 ,S10.002,声带挫伤
22590,表 6-3-188 ,S10.003,颈部食管挫伤
22591,表 6-3-188 ,S10.004,气管挫伤
22592,表 6-3-188 ,S10.101,咽血肿
22593,表 6-3-188 ,S10.102,咽喉浅表损伤
22594,表 6-3-188 ,S10.700,颈部多处浅表损伤
22595,表 6-3-188 ,S10.801,会厌浅表损伤
22596,表 6-3-188 ,S10.900,颈部的浅表损伤
22597,表 6-3-188 ,S10.901,颈部挫伤
22598,表 6-3-188 ,S10.902,颈部异物
22599,表 6-3-188 ,S11.001,开放性气管损伤
22600,表 6-3-188 ,S11.002,开放性喉损伤
22601,表 6-3-188 ,S11.003,开放性颈部气管断裂
22602,表 6-3-188 ,S11.004,喉气管贯通伤
22603,表 6-3-188 ,S11.100x001,甲状腺开放性损伤
22604,表 6-3-188 ,S11.201,开放性咽部损伤
22605,表 6-3-188 ,S11.202,开放性颈部食管损伤
22606,表 6-3-188 ,S11.700,颈部多处开放性伤口
22607,表 6-3-188 ,S11.800x011,颈部开放性损伤伴颈椎骨折
22608,表 6-3-188 ,S11.800x021,颈部开放性损伤伴颈椎脱位
22609,表 6-3-188 ,S11.800x081,会厌开放性损伤
22610,表 6-3-188 ,S11.800x082,锁骨上区开放性损伤
22611,表 6-3-188 ,S11.900,颈部的开放性伤口
22612,表 6-3-188 ,S12.000,第一颈椎骨折
22613,表 6-3-188 ,S12.000x002,寰椎骨折
22614,表 6-3-188 ,S12.010,开放性第一颈椎骨折
22615,表 6-3-188 ,S12.100,第二颈椎骨折
22616,表 6-3-188 ,S12.100x002,枢椎骨折
22617,表 6-3-188 ,S12.100x003,枢椎椎弓根骨折[Hangman骨折]
22618,表 6-3-188 ,S12.110,开放性第二颈椎骨折
22619,表 6-3-188 ,S12.200x011,颈椎骨折C3
22620,表 6-3-188 ,S12.200x021,颈椎骨折C4
22621,表 6-3-188 ,S12.200x031,颈椎骨折C5
22622,表 6-3-188 ,S12.200x041,颈椎骨折C6
22623,表 6-3-188 ,S12.200x051,颈椎骨折C7
22624,表 6-3-188 ,S12.210,开放性特指颈椎骨折
22625,表 6-3-188 ,S12.700,颈椎多处骨折
22626,表 6-3-188 ,S12.710,开放性多发性颈椎骨折
22627,表 6-3-188 ,S12.803,舌骨断裂
22628,表 6-3-188 ,S12.813,开放性舌骨断裂
22629,表 6-3-188 ,S12.814,开放性环状软骨断裂
22630,表 6-3-188 ,S12.815,开放性气管软骨断裂
22631,表 6-3-188 ,S12.900x001,颈椎骨折
22632,表 6-3-188 ,S12.900x003,颈椎神经弓骨折
22633,表 6-3-188 ,S12.900x004,颈椎棘突骨折
22634,表 6-3-188 ,S12.900x005,颈椎横突骨折
22635,表 6-3-188 ,S12.900x006,颈椎椎弓骨折
22636,表 6-3-188 ,S12.910,开放性颈椎骨折
22637,表 6-3-188 ,S13.000,颈椎间盘创伤性破裂
22638,表 6-3-188 ,S13.100,颈椎脱位
22639,表 6-3-188 ,S13.100x021,颈椎半脱位C2/C3
22640,表 6-3-188 ,S13.100x022,颈椎脱位C2/C3
22641,表 6-3-188 ,S13.100x031,颈椎半脱位C3/C4
22642,表 6-3-188 ,S13.100x032,颈椎脱位C3/C4
22643,表 6-3-188 ,S13.100x041,颈椎半脱位C4/C5
22644,表 6-3-188 ,S13.100x042,颈椎脱位C4/C5
22645,表 6-3-188 ,S13.100x051,颈椎半脱位C5/C6
22646,表 6-3-188 ,S13.100x052,颈椎脱位C5/C6
22647,表 6-3-188 ,S13.100x061,颈椎半脱位C6/C7
22648,表 6-3-188 ,S13.100x062,颈椎脱位C6/C7
22649,表 6-3-188 ,S13.100x071,颈胸椎半脱位C7/T1
22650,表 6-3-188 ,S13.100x072,颈胸椎脱位C7/T1
22651,表 6-3-188 ,S13.100x081,寰枕关节半脱位
22652,表 6-3-188 ,S13.100x082,寰枕关节脱位
22653,表 6-3-188 ,S13.101,颈椎半脱位
22654,表 6-3-188 ,S13.102,寰枢椎半脱位
22655,表 6-3-188 ,S13.103,寰枢椎脱位
22656,表 6-3-188 ,S13.104,枢椎脱位
22657,表 6-3-188 ,S13.200x003,甲状软骨脱位
22658,表 6-3-188 ,S13.201,颈部脱位
22659,表 6-3-188 ,S13.202,环杓关节脱位
22660,表 6-3-188 ,S13.203,环甲软骨关节脱位
22661,表 6-3-188 ,S13.300,颈部多发性脱位
22662,表 6-3-188 ,S13.400,颈椎扭伤和劳损
22663,表 6-3-188 ,S13.400x003,颈部前纵韧带扭伤
22664,表 6-3-188 ,S13.400x005,寰枕关节扭伤
22665,表 6-3-188 ,S13.400x006,颈椎关节交锁
22666,表 6-3-188 ,S13.401,挥鞭伤
22667,表 6-3-188 ,S13.402,颈部韧带扭伤
22668,表 6-3-188 ,S13.403,寰枢关节扭伤
22669,表 6-3-188 ,S13.500,甲状腺区扭伤和劳损
22670,表 6-3-188 ,S13.500x003,环杓韧带扭伤
22671,表 6-3-188 ,S13.500x004,环甲关节扭伤
22672,表 6-3-188 ,S13.500x005,环甲韧带扭伤
22673,表 6-3-188 ,S13.500x006,喉软骨断裂
22674,表 6-3-188 ,S13.500x007,甲状软骨断裂
22675,表 6-3-188 ,S13.500x008,环状软骨断裂
22676,表 6-3-188 ,S13.500x009,气管软骨断裂
22677,表 6-3-188 ,S13.500x010,开放性喉软骨断裂
22678,表 6-3-188 ,S13.500x011,开放性甲状软骨断裂
22679,表 6-3-188 ,S13.501,甲状软骨扭伤
22680,表 6-3-188 ,S13.502,环杓关节扭伤
22681,表 6-3-188 ,S13.601,颈部扭伤
22682,表 6-3-188 ,S14.001,颈部脊髓水肿
22683,表 6-3-188 ,S14.002,颈部脊髓震荡
22684,表 6-3-188 ,S14.100x011,颈部脊髓完全损伤
22685,表 6-3-188 ,S14.100x021,颈部脊髓中央损伤综合征
22686,表 6-3-188 ,S14.100x022,脊髓中央管综合征
22687,表 6-3-188 ,S14.100x031,颈部脊髓前索综合征
22688,表 6-3-188 ,S14.100x032,颈部脊髓不完全损伤
22689,表 6-3-188 ,S14.100x033,颈部脊髓后索综合征
22690,表 6-3-188 ,S14.100x701,颈部脊髓功能损伤
22691,表 6-3-188 ,S14.100x711,颈部脊髓功能损伤C1
22692,表 6-3-188 ,S14.100x721,颈部脊髓功能损伤C2
22693,表 6-3-188 ,S14.100x731,颈部脊髓功能损伤C3
22694,表 6-3-188 ,S14.100x741,颈部脊髓功能损伤C4
22695,表 6-3-188 ,S14.100x751,颈部脊髓功能损伤C5
22696,表 6-3-188 ,S14.100x761,颈部脊髓功能损伤C6
22697,表 6-3-188 ,S14.100x771,颈部脊髓功能损伤C7
22698,表 6-3-188 ,S14.100x781,颈胸段脊髓功能损伤
22699,表 6-3-188 ,S14.101,颈部脊髓损伤
22700,表 6-3-188 ,S14.200,颈椎棘突神经根的损伤
22701,表 6-3-188 ,S14.200x001,颈脊神经根损伤
22702,表 6-3-188 ,S14.300,臂丛损伤
22703,表 6-3-188 ,S14.400,颈部周围神经损伤
22704,表 6-3-188 ,S14.500,颈部交感神经损伤
22705,表 6-3-188 ,S14.601,颈部神经损伤
22706,表 6-3-188 ,S15.000x002,创伤性颈动脉瘘
22707,表 6-3-188 ,S15.001,颈内动脉裂伤
22708,表 6-3-188 ,S15.002,颈总动脉裂伤
22709,表 6-3-188 ,S15.003,颈外动脉裂伤
22710,表 6-3-188 ,S15.004,创伤性颈动脉瘤
22711,表 6-3-188 ,S15.005,创伤性颈动脉海绵窦瘘
22712,表 6-3-188 ,S15.100,椎动脉损伤
22713,表 6-3-188 ,S15.200,颈外静脉损伤
22714,表 6-3-188 ,S15.300,颈内静脉损伤
22715,表 6-3-188 ,S15.301,颈内静脉断裂
22716,表 6-3-188 ,S15.700x001,颈部多处血管损伤
22717,表 6-3-188 ,S15.800x002,创伤性椎动静脉瘘
22718,表 6-3-188 ,S15.800x003,创伤性甲状腺血管损伤
22719,表 6-3-188 ,S15.801,创伤性颈动静脉瘘
22720,表 6-3-188 ,S15.900x001,颈部血管损伤
22721,表 6-3-188 ,S16.x00x001,颈部肌肉损伤
22722,表 6-3-188 ,S16.x00x002,颈部肌腱损伤
22723,表 6-3-188 ,S17.000x001,喉气管挤压伤
22724,表 6-3-188 ,S17.000x002,喉挤压伤
22725,表 6-3-188 ,S17.001,气管挤压伤
22726,表 6-3-188 ,S17.800,颈部其他部位的挤压伤
22727,表 6-3-188 ,S17.801,咽喉挤压伤
22728,表 6-3-188 ,S17.900,颈部挤压伤
22729,表 6-3-188 ,S18.x00x001,砍头
22730,表 6-3-188 ,S19.700,颈部多处损伤
22731,表 6-3-188 ,S19.800x002,颈部气管损伤
22732,表 6-3-188 ,S19.800x004,颈部胸导管损伤
22733,表 6-3-188 ,S19.801,咽喉损伤
22734,表 6-3-188 ,S19.802,喉损伤
22735,表 6-3-188 ,S19.900,颈部损伤
22736,表 6-3-189 ,S20.000,乳房挫伤
22737,表 6-3-189 ,S20.101,乳房浅表损伤
22738,表 6-3-189 ,S20.200,胸部挫伤
22739,表 6-3-189 ,S20.200x003,胸骨前区挫伤
22740,表 6-3-189 ,S20.201,胸壁挫伤
22741,表 6-3-189 ,S20.202,肩胛间区挫伤
22742,表 6-3-189 ,S20.300x001,胸前壁浅表损伤
22743,表 6-3-189 ,S20.301,胸部皮肤擦伤
22744,表 6-3-189 ,S20.400x001,胸后壁浅表损伤
22745,表 6-3-189 ,S20.700,胸部多处浅表损伤
22746,表 6-3-189 ,S20.800x002,胸前缘域浅表损伤
22747,表 6-3-189 ,S20.801,胸壁浅表损伤
22748,表 6-3-189 ,S20.802,胸部浅表损伤
22749,表 6-3-189 ,S20.803,胸壁擦伤
22750,表 6-3-189 ,S21.000,乳房开放性伤口
22751,表 6-3-189 ,S21.100x002,胸骨前区开放性损伤
22752,表 6-3-189 ,S21.101,开放性肋部前壁损伤
22753,表 6-3-189 ,S21.200x001,背部开放性损伤
22754,表 6-3-189 ,S21.200x002,胸壁外部开放性损伤
22755,表 6-3-189 ,S21.201,开放性胸后壁损伤
22756,表 6-3-189 ,S21.202,开放性肋后壁损伤
22757,表 6-3-189 ,S21.203,开放性肩胛间区损伤
22758,表 6-3-189 ,S21.700,胸壁多处开放性伤口
22759,表 6-3-189 ,S21.800x011,胸部开放性损伤伴骨折
22760,表 6-3-189 ,S21.800x021,胸部开放性损伤伴脱位
22761,表 6-3-189 ,S21.800x031,胸部开放性损伤伴胸内损伤
22762,表 6-3-189 ,S21.900x001,胸壁开放性损伤
22763,表 6-3-189 ,S21.900x003,创伤性胸部异物
22764,表 6-3-189 ,S21.901,开放性胸部损伤
22765,表 6-3-189 ,S22.000x003,胸椎压缩性骨折
22766,表 6-3-189 ,S22.000x005,胸椎神经弓骨折
22767,表 6-3-189 ,S22.000x006,胸椎棘突骨折
22768,表 6-3-189 ,S22.000x007,胸椎横突骨折
22769,表 6-3-189 ,S22.000x009,胸椎椎弓骨折
22770,表 6-3-189 ,S22.000x011,胸椎骨折T1/T2
22771,表 6-3-189 ,S22.000x021,胸椎骨折T3/T4
22772,表 6-3-189 ,S22.000x031,胸椎骨折T5/T6
22773,表 6-3-189 ,S22.000x041,胸椎骨折T7/T8
22774,表 6-3-189 ,S22.000x051,胸椎骨折T9/T10
22775,表 6-3-189 ,S22.000x061,胸椎骨折T11/T12
22776,表 6-3-189 ,S22.010,开放性胸椎骨折
22777,表 6-3-189 ,S22.100,胸椎多处骨折
22778,表 6-3-189 ,S22.110,开放性多发性胸椎骨折
22779,表 6-3-189 ,S22.200,胸骨骨折
22780,表 6-3-189 ,S22.210,开放性胸骨骨折
22781,表 6-3-189 ,S22.300,肋骨骨折
22782,表 6-3-189 ,S22.300x011,第一肋骨骨折
22783,表 6-3-189 ,S22.310,开放性肋骨骨折
22784,表 6-3-189 ,S22.400,肋骨多处骨折
22785,表 6-3-189 ,S22.400x011,肋骨多发性骨折伴第一肋骨骨折
22786,表 6-3-189 ,S22.400x021,两根肋骨骨折不伴第一肋骨骨折
22787,表 6-3-189 ,S22.400x031,三根肋骨骨折不伴第一肋骨骨折
22788,表 6-3-189 ,S22.400x041,四根以上肋骨骨折不伴第一肋骨骨折
22789,表 6-3-189 ,S22.410,开放性多发性肋骨骨折
22790,表 6-3-189 ,S22.500,连枷胸
22791,表 6-3-189 ,S22.800,骨性胸廓其他部位的骨折
22792,表 6-3-189 ,S22.810,开放性胸廓特指部位骨折
22793,表 6-3-189 ,S22.900,骨性胸廓的骨折
22794,表 6-3-189 ,S22.910,开放性胸廓骨折
22795,表 6-3-189 ,S23.000,胸椎间盘创伤性破裂
22796,表 6-3-189 ,S23.100x011,胸椎脱位T1/T2
22797,表 6-3-189 ,S23.100x012,胸椎脱位T2/T3
22798,表 6-3-189 ,S23.100x021,胸椎脱位T3/T4
22799,表 6-3-189 ,S23.100x022,胸椎脱位T4/T5
22800,表 6-3-189 ,S23.100x031,胸椎脱位T5/T6
22801,表 6-3-189 ,S23.100x032,胸椎脱位T6/T7
22802,表 6-3-189 ,S23.100x041,胸椎脱位T7/T8
22803,表 6-3-189 ,S23.100x042,胸椎脱位T8/T9
22804,表 6-3-189 ,S23.100x051,胸椎脱位T9/T10
22805,表 6-3-189 ,S23.100x052,胸椎脱位T10/T11
22806,表 6-3-189 ,S23.100x061,胸椎脱位T11/T12
22807,表 6-3-189 ,S23.100x071,胸腰椎脱位T12/L1
22808,表 6-3-189 ,S23.101,创伤性胸椎间盘突出
22809,表 6-3-189 ,S23.200x001,肋骨关节脱位
22810,表 6-3-189 ,S23.200x004,胸部气管脱位
22811,表 6-3-189 ,S23.200x005,剑状软骨脱位
22812,表 6-3-189 ,S23.201,气管脱位
22813,表 6-3-189 ,S23.202,肋软骨脱位
22814,表 6-3-189 ,S23.203,胸骨脱位
22815,表 6-3-189 ,S23.300,胸椎扭伤和劳损
22816,表 6-3-189 ,S23.400,肋骨和胸骨扭伤和劳损
22817,表 6-3-189 ,S23.401,胸骨扭伤和劳损
22818,表 6-3-189 ,S23.500,胸部其他和未特指部位的扭伤和劳损
22819,表 6-3-189 ,S23.501,胸部扭伤
22820,表 6-3-189 ,S24.000x002,胸部脊髓震荡
22821,表 6-3-189 ,S24.001,胸部脊髓水肿
22822,表 6-3-189 ,S24.100x011,胸部脊髓完全损伤
22823,表 6-3-189 ,S24.100x021,胸部脊髓前索综合征
22824,表 6-3-189 ,S24.100x022,胸部脊髓中央损伤综合征
22825,表 6-3-189 ,S24.100x023,胸部脊髓不完全损伤
22826,表 6-3-189 ,S24.100x024,胸部脊髓后索综合征
22827,表 6-3-189 ,S24.100x701,胸部脊髓功能损伤
22828,表 6-3-189 ,S24.100x711,胸部脊髓功能损伤T1
22829,表 6-3-189 ,S24.100x721,胸部脊髓功能损伤T2/T3
22830,表 6-3-189 ,S24.100x731,胸部脊髓功能损伤T4/T5
22831,表 6-3-189 ,S24.100x741,胸部脊髓功能损伤T6/T7
22832,表 6-3-189 ,S24.100x751,胸部脊髓功能损伤T8/T9
22833,表 6-3-189 ,S24.100x761,胸部脊髓功能损伤T10/T11
22834,表 6-3-189 ,S24.100x771,胸部脊髓功能损伤T12
22835,表 6-3-189 ,S24.101,胸部脊髓损伤
22836,表 6-3-189 ,S24.200,胸椎神经根损伤
22837,表 6-3-189 ,S24.300,胸部周围神经损伤
22838,表 6-3-189 ,S24.300x001,肋间神经损伤
22839,表 6-3-189 ,S24.400,胸部交感神经损伤
22840,表 6-3-189 ,S24.400x001,心丛神经损伤
22841,表 6-3-189 ,S24.400x002,食管丛神经损伤
22842,表 6-3-189 ,S24.400x003,肺丛神经损伤
22843,表 6-3-189 ,S24.400x004,星状神经丛损伤
22844,表 6-3-189 ,S24.400x005,胸部交感神经节损伤
22845,表 6-3-189 ,S24.500,胸部其他神经的损伤
22846,表 6-3-189 ,S24.500x001,膈神经损伤
22847,表 6-3-189 ,S24.600,胸部神经的损伤
22848,表 6-3-189 ,S25.000,胸主动脉损伤
22849,表 6-3-189 ,S25.001,创伤性胸主动脉瘤
22850,表 6-3-189 ,S25.100x002,无名动脉损伤
22851,表 6-3-189 ,S25.101,锁骨下动脉损伤
22852,表 6-3-189 ,S25.200x001,腔静脉损伤
22853,表 6-3-189 ,S25.201,创伤性上腔静脉破裂
22854,表 6-3-189 ,S25.300x001,无名静脉损伤
22855,表 6-3-189 ,S25.301,锁骨下静脉损伤
22856,表 6-3-189 ,S25.400,肺血管损伤
22857,表 6-3-189 ,S25.401,创伤性肺动脉破裂
22858,表 6-3-189 ,S25.500,肋间血管损伤
22859,表 6-3-189 ,S25.501,创伤性肋间动脉破裂
22860,表 6-3-189 ,S25.700,胸部多处血管损伤
22861,表 6-3-189 ,S25.800x003,乳房静脉损伤
22862,表 6-3-189 ,S25.801,奇静脉损伤
22863,表 6-3-189 ,S25.802,创伤性乳房动脉破裂
22864,表 6-3-189 ,S25.900,胸部血管的损伤
22865,表 6-3-189 ,S26.000x001,创伤性心包积血
22866,表 6-3-189 ,S26.000x002,创伤性心包填塞
22867,表 6-3-189 ,S26.010,开放性心包积血
22868,表 6-3-189 ,S26.800x011,心脏挫伤
22869,表 6-3-189 ,S26.800x021,心脏撕裂伤
22870,表 6-3-189 ,S26.800x031,心脏撕裂伤伴心室穿透
22871,表 6-3-189 ,S26.800x082,心脏穿透性损伤
22872,表 6-3-189 ,S26.800x083,创伤性心脏破裂
22873,表 6-3-189 ,S26.801,创伤性心包破裂
22874,表 6-3-189 ,S26.810,开放性心脏特指损伤
22875,表 6-3-189 ,S26.811,开放性心脏穿通伤
22876,表 6-3-189 ,S26.812,开放性心脏破裂
22877,表 6-3-189 ,S26.813,心脏异物
22878,表 6-3-189 ,S26.900,心脏损伤
22879,表 6-3-189 ,S26.910,开放性心脏损伤
22880,表 6-3-189 ,S27.000,创伤性气胸
22881,表 6-3-189 ,S27.010,开放性气胸
22882,表 6-3-189 ,S27.100,创伤性血胸
22883,表 6-3-189 ,S27.110,开放性血胸
22884,表 6-3-189 ,S27.200,创伤性血气胸
22885,表 6-3-189 ,S27.210,开放性血气胸
22886,表 6-3-189 ,S27.300x012,肺血肿
22887,表 6-3-189 ,S27.301,肺挫伤
22888,表 6-3-189 ,S27.302,创伤性肺破裂
22889,表 6-3-189 ,S27.303,创伤性肺韧带撕裂
22890,表 6-3-189 ,S27.310,开放性肺特指损伤
22891,表 6-3-189 ,S27.311,开放性肺破裂
22892,表 6-3-189 ,S27.312,开放性肺内异物
22893,表 6-3-189 ,S27.313,肺穿透伤
22894,表 6-3-189 ,S27.400,支气管损伤
22895,表 6-3-189 ,S27.401,创伤性支气管断裂
22896,表 6-3-189 ,S27.410,开放性支气管损伤
22897,表 6-3-189 ,S27.500,胸部气管损伤
22898,表 6-3-189 ,S27.501,创伤性胸部气管破裂
22899,表 6-3-189 ,S27.510,开放性胸部气管损伤
22900,表 6-3-189 ,S27.600,胸膜损伤
22901,表 6-3-189 ,S27.610,开放性胸膜损伤
22902,表 6-3-189 ,S27.700,胸内器官多处损伤
22903,表 6-3-189 ,S27.710,开放性胸内器官多处损伤
22904,表 6-3-189 ,S27.800x013,创伤性纵隔血肿
22905,表 6-3-189 ,S27.801,食管黏膜擦伤
22906,表 6-3-189 ,S27.802,胸部食管损伤
22907,表 6-3-189 ,S27.803,贲门损伤
22908,表 6-3-189 ,S27.804,创伤性膈破裂
22909,表 6-3-189 ,S27.805,创伤性膈疝
22910,表 6-3-189 ,S27.806,胸部淋巴管损伤
22911,表 6-3-189 ,S27.807,胸腺损伤
22912,表 6-3-189 ,S27.808,创伤性胸腔积液
22913,表 6-3-189 ,S27.810,开放性特指胸内器官损伤
22914,表 6-3-189 ,S27.811,食管异物穿孔
22915,表 6-3-189 ,S27.812,开放性膈破裂
22916,表 6-3-189 ,S27.900,胸内器官的损伤
22917,表 6-3-189 ,S27.910,开放性胸腔异物
22918,表 6-3-189 ,S28.000,胸部挤压伤
22919,表 6-3-189 ,S28.100,胸的部分创伤性切断
22920,表 6-3-189 ,S29.000x001,胸部肌腱损伤
22921,表 6-3-189 ,S29.000x002,胸部肌肉损伤
22922,表 6-3-189 ,S29.700,胸部多处损伤
22923,表 6-3-189 ,S29.800,胸部其他特指的损伤
22924,表 6-3-189 ,S29.900,胸部损伤
22925,表 6-3-190 ,S30.000x001,背部挫伤
22926,表 6-3-190 ,S30.000x003,腰部挫伤
22927,表 6-3-190 ,S30.000x004,骶骨区挫伤
22928,表 6-3-190 ,S30.001,腰背部挫伤
22929,表 6-3-190 ,S30.002,骶尾部挫伤
22930,表 6-3-190 ,S30.003,臀部挫伤
22931,表 6-3-190 ,S30.100,腹壁挫伤
22932,表 6-3-190 ,S30.100x001,腹部挫伤
22933,表 6-3-190 ,S30.100x002,胁腹挫伤
22934,表 6-3-190 ,S30.100x004,髂区挫伤
22935,表 6-3-190 ,S30.100x007,髂窝血肿
22936,表 6-3-190 ,S30.101,创伤性髂部血肿
22937,表 6-3-190 ,S30.102,创伤性髂腰肌血肿
22938,表 6-3-190 ,S30.104,腹股沟挫伤
22939,表 6-3-190 ,S30.200x005,会阴挫伤
22940,表 6-3-190 ,S30.200x006,外阴挫伤
22941,表 6-3-190 ,S30.200x007,大阴唇挫伤
22942,表 6-3-190 ,S30.200x008,小阴唇挫伤
22943,表 6-3-190 ,S30.200x010,创伤性外阴血肿
22944,表 6-3-190 ,S30.201,创伤性会阴血肿
22945,表 6-3-190 ,S30.202,创伤性阴囊血肿
22946,表 6-3-190 ,S30.203,创伤性附睾血肿
22947,表 6-3-190 ,S30.205,阴囊挫伤
22948,表 6-3-190 ,S30.206,阴茎挫伤
22949,表 6-3-190 ,S30.207,阴道挫伤
22950,表 6-3-190 ,S30.208,睾丸挫伤
22951,表 6-3-190 ,S30.700,腹部、下背和骨盆多处浅表损伤
22952,表 6-3-190 ,S30.800x001,臀部浅表损伤
22953,表 6-3-190 ,S30.800x002,腹上部浅表损伤
22954,表 6-3-190 ,S30.800x003,外生殖器浅表损伤
22955,表 6-3-190 ,S30.800x004,胁腹浅表损伤
22956,表 6-3-190 ,S30.801,腹壁浅表异物
22957,表 6-3-190 ,S30.900x001,腹部浅表损伤
22958,表 6-3-190 ,S30.900x002,下背浅表损伤
22959,表 6-3-190 ,S30.900x003,骨盆浅表损伤
22960,表 6-3-190 ,S31.000x003,骶骨区开放性损伤
22961,表 6-3-190 ,S31.000x004,骨盆开放性损伤
22962,表 6-3-190 ,S31.000x005,下背开放性损伤
22963,表 6-3-190 ,S31.000x006,臀部开放性损伤伴异物
22964,表 6-3-190 ,S31.001,创伤性会阴裂伤
22965,表 6-3-190 ,S31.002,腰背部皮肤撕脱伤
22966,表 6-3-190 ,S31.003,开放性会阴损伤
22967,表 6-3-190 ,S31.004,开放性臀部损伤
22968,表 6-3-190 ,S31.005,开放性腰背部损伤
22969,表 6-3-190 ,S31.006,臀部异物
22970,表 6-3-190 ,S31.100,腹壁开放性伤口
22971,表 6-3-190 ,S31.100x002,腹上部开放性损伤
22972,表 6-3-190 ,S31.100x003,胁腹开放性损伤
22973,表 6-3-190 ,S31.100x005,髂区开放性损伤
22974,表 6-3-190 ,S31.100x007,阴部开放性损伤
22975,表 6-3-190 ,S31.101,开放性季肋部损伤
22976,表 6-3-190 ,S31.102,开放性腹股沟损伤
22977,表 6-3-190 ,S31.200,阴茎开放性伤口
22978,表 6-3-190 ,S31.300x001,阴囊开放性损伤
22979,表 6-3-190 ,S31.300x002,开放性精囊损伤
22980,表 6-3-190 ,S31.301,开放性睾丸损伤
22981,表 6-3-190 ,S31.400x001,阴道开放性损伤
22982,表 6-3-190 ,S31.400x002,阴蒂开放性损伤
22983,表 6-3-190 ,S31.400x003,外阴开放性损伤
22984,表 6-3-190 ,S31.401,创伤性外阴裂伤
22985,表 6-3-190 ,S31.402,处女膜裂伤
22986,表 6-3-190 ,S31.501,开放性外生殖器损伤
22987,表 6-3-190 ,S31.700,腹部、下背和骨盆多处开放性伤口
22988,表 6-3-190 ,S31.800x003,创放性腹部异物
22989,表 6-3-190 ,S31.800x011,下背开放性损伤伴骨折
22990,表 6-3-190 ,S31.800x012,骨盆开放性损伤伴骨折
22991,表 6-3-190 ,S31.800x021,下背开放性损伤伴脱位
22992,表 6-3-190 ,S31.800x022,骨盆开放性损伤伴脱位
22993,表 6-3-190 ,S31.800x031,腹部开放性损伤伴腹内器官损伤
22994,表 6-3-190 ,S31.801,开放性腹部损伤
22995,表 6-3-190 ,S31.802,开放性腹部异物
22996,表 6-3-190 ,S31.803,阴道直肠贯通伤
22997,表 6-3-190 ,S31.804,创伤性肛括约肌裂伤
22998,表 6-3-190 ,S31.805,创伤性肛门裂伤
22999,表 6-3-190 ,S32.000x002,腰椎压缩性骨折
23000,表 6-3-190 ,S32.000x011,腰椎骨折L1
23001,表 6-3-190 ,S32.000x021,腰椎骨折L2
23002,表 6-3-190 ,S32.000x031,腰椎骨折L3
23003,表 6-3-190 ,S32.000x041,腰椎骨折L4
23004,表 6-3-190 ,S32.000x051,腰椎骨折L5
23005,表 6-3-190 ,S32.010,开放性腰椎骨折
23006,表 6-3-190 ,S32.100,骶骨骨折
23007,表 6-3-190 ,S32.110,开放性骶骨骨折
23008,表 6-3-190 ,S32.200,尾骨骨折
23009,表 6-3-190 ,S32.210,开放性尾骨骨折
23010,表 6-3-190 ,S32.300,髂骨骨折
23011,表 6-3-190 ,S32.310,开放性髂骨骨折
23012,表 6-3-190 ,S32.400,髋臼骨折
23013,表 6-3-190 ,S32.410,开放性髋臼骨折
23014,表 6-3-190 ,S32.500x002,耻骨分支骨折
23015,表 6-3-190 ,S32.500x003,耻骨联合骨折
23016,表 6-3-190 ,S32.510,开放性耻骨骨折
23017,表 6-3-190 ,S32.700,腰椎和骨盆多处骨折
23018,表 6-3-190 ,S32.701,多发性骨盆骨折
23019,表 6-3-190 ,S32.702,多发性腰椎骨折
23020,表 6-3-190 ,S32.710,开放性腰椎和骨盆多处骨折
23021,表 6-3-190 ,S32.711,开放性多发性骨盆骨折
23022,表 6-3-190 ,S32.712,开放性多发性腰椎骨折
23023,表 6-3-190 ,S32.800x021,腰骶棘突骨折
23024,表 6-3-190 ,S32.800x022,腰骶横突骨折
23025,表 6-3-190 ,S32.800x023,腰骶椎弓骨折
23026,表 6-3-190 ,S32.800x024,腰骶椎骨骨折
23027,表 6-3-190 ,S32.800x091,骨盆联合体骨折
23028,表 6-3-190 ,S32.800x092,骨盆侧方挤压骨折
23029,表 6-3-190 ,S32.800x093,骨盆开书样骨折
23030,表 6-3-190 ,S32.800x094,骨盆垂直剪切骨折
23031,表 6-3-190 ,S32.800x095,马耳盖尼骨折
23032,表 6-3-190 ,S32.801,坐骨骨折
23033,表 6-3-190 ,S32.802,骨盆骨折
23034,表 6-3-190 ,S32.810,开放性腰椎和骨盆特指部位骨折
23035,表 6-3-190 ,S32.811,开放性坐骨骨折
23036,表 6-3-190 ,S32.812,开放性骨盆骨折
23037,表 6-3-190 ,S32.813,开放性腰骶部脊柱骨折
23038,表 6-3-190 ,S33.000,腰椎间盘创伤性破裂
23039,表 6-3-190 ,S33.100x011,腰椎脱位L1/L2
23040,表 6-3-190 ,S33.100x021,腰椎脱位L2/L3
23041,表 6-3-190 ,S33.100x031,腰椎脱位L3/L4
23042,表 6-3-190 ,S33.100x041,腰椎脱位L4/L5
23043,表 6-3-190 ,S33.100x051,腰骶椎脱位L5/S1
23044,表 6-3-190 ,S33.200x001,尾骨脱位
23045,表 6-3-190 ,S33.200x002,骶骨脱位
23046,表 6-3-190 ,S33.200x003,骶髂关节脱位
23047,表 6-3-190 ,S33.201,骶尾关节脱位
23048,表 6-3-190 ,S33.300x001,耻骨联合脱位
23049,表 6-3-190 ,S33.300x004,骨盆脱位
23050,表 6-3-190 ,S33.301,腰椎和骨盆脱位
23051,表 6-3-190 ,S33.400,耻骨联合创伤性破裂
23052,表 6-3-190 ,S33.500,腰椎扭伤和劳损
23053,表 6-3-190 ,S33.500x011,腰骶关节扭伤
23054,表 6-3-190 ,S33.501,腰部扭伤
23055,表 6-3-190 ,S33.502,腰椎扭伤
23056,表 6-3-190 ,S33.600,骶髂关节扭伤和劳损
23057,表 6-3-190 ,S33.600x001,骶髂关节扭伤
23058,表 6-3-190 ,S33.601,骶部关节扭伤
23059,表 6-3-190 ,S33.700x001,骶尾韧带劳损
23060,表 6-3-190 ,S33.700x002,棘上韧带损伤
23061,表 6-3-190 ,S33.700x003,腰部关节扭伤
23062,表 6-3-190 ,S33.701,骶髂区扭伤
23063,表 6-3-190 ,S33.702,耻骨联合扭伤
23064,表 6-3-190 ,S33.703,腰椎和骨盆部位的扭伤和劳损
23065,表 6-3-190 ,S34.000x002,腰部脊髓震荡
23066,表 6-3-190 ,S34.001,腰部脊髓水肿
23067,表 6-3-190 ,S34.100x001,腰部脊髓损伤
23068,表 6-3-190 ,S34.100x002,腰部脊髓完全损伤
23069,表 6-3-190 ,S34.100x003,腰部脊髓不完全损伤
23070,表 6-3-190 ,S34.100x701,腰部脊髓功能损伤
23071,表 6-3-190 ,S34.100x711,腰部脊髓功能损伤L1
23072,表 6-3-190 ,S34.100x721,腰部脊髓功能损伤L2
23073,表 6-3-190 ,S34.100x731,腰部脊髓功能损伤L3
23074,表 6-3-190 ,S34.100x741,腰部脊髓功能损伤L4
23075,表 6-3-190 ,S34.100x751,腰部脊髓功能损伤L5
23076,表 6-3-190 ,S34.100x761,骶部脊髓功能损伤
23077,表 6-3-190 ,S34.200x001,骶脊神经根损伤
23078,表 6-3-190 ,S34.200x002,腰脊神经根损伤
23079,表 6-3-190 ,S34.300,马尾损伤
23080,表 6-3-190 ,S34.400,腰骶丛损伤
23081,表 6-3-190 ,S34.500,腰部、骶部和骨盆交感神经损伤
23082,表 6-3-190 ,S34.500x001,腹腔交感神经节损伤
23083,表 6-3-190 ,S34.500x004,肠系膜下丛交感神经损伤
23084,表 6-3-190 ,S34.500x005,肠系膜上丛交感神经损伤
23085,表 6-3-190 ,S34.501,腹腔丛损伤
23086,表 6-3-190 ,S34.502,腹下丛损伤
23087,表 6-3-190 ,S34.503,肠系膜丛损伤
23088,表 6-3-190 ,S34.504,内脏神经损伤
23089,表 6-3-190 ,S34.600,腹部、下背和骨盆周围神经损伤
23090,表 6-3-190 ,S34.601,下背周围神经损伤
23091,表 6-3-190 ,S34.602,骨盆周围神经损伤
23092,表 6-3-190 ,S34.800x001,腰骶神经损伤
23093,表 6-3-190 ,S34.801,腹部神经损伤
23094,表 6-3-190 ,S34.802,下背神经损伤
23095,表 6-3-190 ,S34.803,骨盆神经损伤
23096,表 6-3-190 ,S35.000,腹主动脉损伤
23097,表 6-3-190 ,S35.001,创伤性腹主动脉瘤
23098,表 6-3-190 ,S35.100,下腔静脉损伤
23099,表 6-3-190 ,S35.100x003,肝静脉损伤
23100,表 6-3-190 ,S35.101,创伤性下腔静脉破裂
23101,表 6-3-190 ,S35.102,创伤性肝静脉破裂
23102,表 6-3-190 ,S35.200x001,腹腔动脉损伤
23103,表 6-3-190 ,S35.200x003,胃十二指肠动脉损伤
23104,表 6-3-190 ,S35.200x004,肝动脉损伤
23105,表 6-3-190 ,S35.200x005,肠系膜下动脉损伤
23106,表 6-3-190 ,S35.200x006,肠系膜上动脉损伤
23107,表 6-3-190 ,S35.200x007,脾动脉损伤
23108,表 6-3-190 ,S35.201,肠系膜动脉损伤
23109,表 6-3-190 ,S35.202,胃动脉损伤
23110,表 6-3-190 ,S35.203,创伤性胃动脉破裂
23111,表 6-3-190 ,S35.204,创伤性肝动脉破裂
23112,表 6-3-190 ,S35.205,创伤性脾动脉破裂
23113,表 6-3-190 ,S35.300x001,门静脉损伤
23114,表 6-3-190 ,S35.300x002,脾静脉损伤
23115,表 6-3-190 ,S35.300x003,肠系膜下静脉损伤
23116,表 6-3-190 ,S35.300x004,肠系膜上静脉损伤
23117,表 6-3-190 ,S35.300x005,肠系膜静脉损伤
23118,表 6-3-190 ,S35.301,创伤性肠系膜静脉破裂
23119,表 6-3-190 ,S35.302,创伤性脾静脉破裂
23120,表 6-3-190 ,S35.400x001,肾动脉损伤
23121,表 6-3-190 ,S35.400x002,肾静脉损伤
23122,表 6-3-190 ,S35.401,创伤性肾静脉破裂
23123,表 6-3-190 ,S35.402,创伤性肾动脉破裂
23124,表 6-3-190 ,S35.500x001,髂动脉损伤
23125,表 6-3-190 ,S35.500x002,创伤性髂总动脉血栓形成
23126,表 6-3-190 ,S35.500x003,创伤性髂动静脉瘘
23127,表 6-3-190 ,S35.500x004,髂静脉损伤
23128,表 6-3-190 ,S35.500x005,子宫动脉损伤
23129,表 6-3-190 ,S35.500x006,子宫静脉损伤
23130,表 6-3-190 ,S35.500x007,下腹动脉损伤
23131,表 6-3-190 ,S35.500x008,下腹静脉损伤
23132,表 6-3-190 ,S35.501,创伤性髂动脉破裂
23133,表 6-3-190 ,S35.502,创伤性髂静脉破裂
23134,表 6-3-190 ,S35.503,创伤性子宫动静脉破裂
23135,表 6-3-190 ,S35.700x001,腹部和下背及骨盆多处血管损伤
23136,表 6-3-190 ,S35.700x003,骶前静脉丛损伤
23137,表 6-3-190 ,S35.700x004,肠系膜血管损伤
23138,表 6-3-190 ,S35.701,腹部多处血管损伤
23139,表 6-3-190 ,S35.800x001,卵巢动脉损伤
23140,表 6-3-190 ,S35.800x002,卵巢静脉损伤
23141,表 6-3-190 ,S35.801,卵巢动静脉损伤
23142,表 6-3-190 ,S35.900x001,腹部血管损伤
23143,表 6-3-190 ,S35.901,下背血管损伤
23144,表 6-3-190 ,S35.902,骨盆血管损伤
23145,表 6-3-190 ,S35.903,创伤性肠系膜血管损伤
23146,表 6-3-190 ,S36.000,脾损伤
23147,表 6-3-190 ,S36.000x021,脾被膜撕裂
23148,表 6-3-190 ,S36.000x031,脾撕裂伴软组织损伤
23149,表 6-3-190 ,S36.000x081,脾穿透伤
23150,表 6-3-190 ,S36.001,创伤性脾血肿
23151,表 6-3-190 ,S36.002,创伤性脾破裂
23152,表 6-3-190 ,S36.011,开放性脾破裂
23153,表 6-3-190 ,S36.100x001,肝损伤
23154,表 6-3-190 ,S36.100x011,肝挫伤
23155,表 6-3-190 ,S36.100x013,创伤性肝血肿
23156,表 6-3-190 ,S36.100x021,肝撕裂伤
23157,表 6-3-190 ,S36.100x031,肝轻度撕裂伤
23158,表 6-3-190 ,S36.100x041,肝中度撕裂伤
23159,表 6-3-190 ,S36.100x051,肝重度撕裂伤
23160,表 6-3-190 ,S36.100x081,胆管损伤
23161,表 6-3-190 ,S36.101,胆囊损伤
23162,表 6-3-190 ,S36.102,创伤性肝破裂
23163,表 6-3-190 ,S36.103,创伤性胆总管破裂
23164,表 6-3-190 ,S36.110,开放性肝破裂
23165,表 6-3-190 ,S36.111,开放性胆囊损伤
23166,表 6-3-190 ,S36.112,开放性胆管损伤
23167,表 6-3-190 ,S36.113,开放性胆总管损伤
23168,表 6-3-190 ,S36.200,胰损伤
23169,表 6-3-190 ,S36.200x001,胰腺损伤
23170,表 6-3-190 ,S36.200x011,胰头损伤
23171,表 6-3-190 ,S36.200x021,胰体损伤
23172,表 6-3-190 ,S36.200x031,胰尾损伤
23173,表 6-3-190 ,S36.200x091,胰管损伤
23174,表 6-3-190 ,S36.200x092,胰腺和胰管损伤
23175,表 6-3-190 ,S36.201,创伤性胰腺破裂
23176,表 6-3-190 ,S36.202,胰腺包膜撕裂
23177,表 6-3-190 ,S36.210,开放性胰损伤
23178,表 6-3-190 ,S36.300,胃损伤
23179,表 6-3-190 ,S36.301,创伤性胃破裂
23180,表 6-3-190 ,S36.310,开放性胃破裂
23181,表 6-3-190 ,S36.400,小肠损伤
23182,表 6-3-190 ,S36.400x091,空肠损伤
23183,表 6-3-190 ,S36.400x093,回肠损伤
23184,表 6-3-190 ,S36.400x095,小肠多处损伤
23185,表 6-3-190 ,S36.401,创伤性十二指肠破裂
23186,表 6-3-190 ,S36.402,创伤性空肠破裂
23187,表 6-3-190 ,S36.403,创伤性回肠破裂
23188,表 6-3-190 ,S36.404,创伤性小肠破裂
23189,表 6-3-190 ,S36.405,十二指肠损伤
23190,表 6-3-190 ,S36.411,开放性小肠破裂
23191,表 6-3-190 ,S36.412,开放性十二指肠破裂
23192,表 6-3-190 ,S36.413,开放性空肠破裂
23193,表 6-3-190 ,S36.414,开放性回肠破裂
23194,表 6-3-190 ,S36.500,结肠损伤
23195,表 6-3-190 ,S36.500x011,升结肠损伤
23196,表 6-3-190 ,S36.500x021,横结肠损伤
23197,表 6-3-190 ,S36.500x031,降结肠损伤
23198,表 6-3-190 ,S36.500x041,乙状结肠损伤
23199,表 6-3-190 ,S36.500x091,结肠多处损伤
23200,表 6-3-190 ,S36.500x092,阑尾损伤
23201,表 6-3-190 ,S36.500x093,盲肠损伤
23202,表 6-3-190 ,S36.501,创伤性结肠破裂
23203,表 6-3-190 ,S36.511,开放性结肠破裂
23204,表 6-3-190 ,S36.600,直肠损伤
23205,表 6-3-190 ,S36.600x003,直肠多处损伤
23206,表 6-3-190 ,S36.601,创伤性直肠破裂
23207,表 6-3-190 ,S36.611,开放性直肠破裂
23208,表 6-3-190 ,S36.700,多个腹内器官损伤
23209,表 6-3-190 ,S36.701,创伤性腹内多器官破裂
23210,表 6-3-190 ,S36.800x022,肠系膜损伤
23211,表 6-3-190 ,S36.801,腹膜损伤
23212,表 6-3-190 ,S36.802,肠系膜裂伤
23213,表 6-3-190 ,S36.803,创伤性腹膜后血肿
23214,表 6-3-190 ,S36.810,开放性特指腹内器官损伤
23215,表 6-3-190 ,S36.811,开放性肠系膜血肿
23216,表 6-3-190 ,S36.812,开放性肠系膜裂伤
23217,表 6-3-190 ,S36.813,开放性腹膜后血肿
23218,表 6-3-190 ,S36.814,开放性大网膜破裂
23219,表 6-3-190 ,S36.900,腹内器官的损伤
23220,表 6-3-190 ,S36.901,创伤性肠破裂
23221,表 6-3-190 ,S36.910,开放性腹内器官损伤
23222,表 6-3-190 ,S37.000,肾损伤
23223,表 6-3-190 ,S37.000x012,肾囊挫伤
23224,表 6-3-190 ,S37.000x013,肾盂挫伤
23225,表 6-3-190 ,S37.000x015,肾包膜下血肿
23226,表 6-3-190 ,S37.000x016,肾盂血肿
23227,表 6-3-190 ,S37.000x022,肾囊破裂
23228,表 6-3-190 ,S37.000x023,肾盂裂伤
23229,表 6-3-190 ,S37.000x031,肾粉碎伤
23230,表 6-3-190 ,S37.000x032,肾蒂损伤
23231,表 6-3-190 ,S37.001,创伤性肾破裂
23232,表 6-3-190 ,S37.002,肾挫伤
23233,表 6-3-190 ,S37.003,创伤性肾血肿
23234,表 6-3-190 ,S37.004,创伤性肾周血肿
23235,表 6-3-190 ,S37.010,开放性肾损伤
23236,表 6-3-190 ,S37.011,开放性肾破裂
23237,表 6-3-190 ,S37.100,输尿管损伤
23238,表 6-3-190 ,S37.101,创伤性输尿管断裂
23239,表 6-3-190 ,S37.111,开放性输尿管断裂
23240,表 6-3-190 ,S37.200,膀胱损伤
23241,表 6-3-190 ,S37.200x011,膀胱挫伤
23242,表 6-3-190 ,S37.200x022,腹膜外膀胱破裂
23243,表 6-3-190 ,S37.200x023,腹膜内膀胱破裂
23244,表 6-3-190 ,S37.200x024,混合型膀胱破裂
23245,表 6-3-190 ,S37.200x081,膀胱裂伤
23246,表 6-3-190 ,S37.201,创伤性膀胱破裂
23247,表 6-3-190 ,S37.211,开放性膀胱破裂
23248,表 6-3-190 ,S37.300,尿道损伤
23249,表 6-3-190 ,S37.300x004,尿道完全断裂
23250,表 6-3-190 ,S37.300x005,尿道部分断裂
23251,表 6-3-190 ,S37.300x011,尿道膜部损伤
23252,表 6-3-190 ,S37.300x021,尿道阴茎部损伤
23253,表 6-3-190 ,S37.300x031,尿道前列腺部损伤
23254,表 6-3-190 ,S37.300x081,尿道球部断裂
23255,表 6-3-190 ,S37.300x082,尿道球部挫裂伤
23256,表 6-3-190 ,S37.300x083,后尿道损伤
23257,表 6-3-190 ,S37.301,创伤性尿道断裂
23258,表 6-3-190 ,S37.302,尿道挫伤
23259,表 6-3-190 ,S37.303,尿道损伤伴狭窄
23260,表 6-3-190 ,S37.310,开放性尿道损伤
23261,表 6-3-190 ,S37.400,卵巢损伤
23262,表 6-3-190 ,S37.410,开放性卵巢损伤
23263,表 6-3-190 ,S37.500,输卵管损伤
23264,表 6-3-190 ,S37.510,开放性输卵管损伤
23265,表 6-3-190 ,S37.600,子宫损伤
23266,表 6-3-190 ,S37.600x002,创伤性子宫破裂
23267,表 6-3-190 ,S37.601,创伤性宫颈裂伤
23268,表 6-3-190 ,S37.602,创伤性子宫穿孔
23269,表 6-3-190 ,S37.610,开放性子宫损伤
23270,表 6-3-190 ,S37.700,多个盆腔器官损伤
23271,表 6-3-190 ,S37.710,开放性盆腔多个器官损伤
23272,表 6-3-190 ,S37.801,输精管损伤
23273,表 6-3-190 ,S37.802,精囊损伤
23274,表 6-3-190 ,S37.803,肾上腺损伤
23275,表 6-3-190 ,S37.804,前列腺损伤
23276,表 6-3-190 ,S37.810,开放性特指盆腔器官损伤
23277,表 6-3-190 ,S37.811,开放性输精管损伤
23278,表 6-3-190 ,S37.813,开放性肾上腺损伤
23279,表 6-3-190 ,S37.814,开放性前列腺损伤
23280,表 6-3-190 ,S37.900,盆腔器官的损伤
23281,表 6-3-190 ,S37.910,开放性盆腔器官损伤
23282,表 6-3-190 ,S38.000,外生殖器挤压伤
23283,表 6-3-190 ,S38.001,阴茎挤压伤
23284,表 6-3-190 ,S38.100x002,腹部挤压伤
23285,表 6-3-190 ,S38.100x003,下背挤压伤
23286,表 6-3-190 ,S38.100x004,骨盆挤压伤
23287,表 6-3-190 ,S38.101,腹部、下背和骨盆挤压伤
23288,表 6-3-190 ,S38.200x001,大阴唇切断
23289,表 6-3-190 ,S38.200x002,小阴唇切断
23290,表 6-3-190 ,S38.200x003,阴茎离断
23291,表 6-3-190 ,S38.200x004,阴囊离断
23292,表 6-3-190 ,S38.200x005,睾丸离断
23293,表 6-3-190 ,S38.200x006,外阴切断
23294,表 6-3-190 ,S38.300x001,躯干切断
23295,表 6-3-190 ,S38.300x002,腹部切断
23296,表 6-3-190 ,S38.301,创伤性腹背部切断
23297,表 6-3-190 ,S38.302,创伤性下背切断
23298,表 6-3-190 ,S38.303,创伤性骨盆切断
23299,表 6-3-190 ,S39.000x001,腹部肌肉损伤
23300,表 6-3-190 ,S39.000x002,腹部肌腱损伤
23301,表 6-3-190 ,S39.000x003,下背肌肉损伤
23302,表 6-3-190 ,S39.000x004,下背肌腱损伤
23303,表 6-3-190 ,S39.000x005,骨盆肌肉损伤
23304,表 6-3-190 ,S39.000x006,骨盆肌腱损伤
23305,表 6-3-190 ,S39.001,腹直肌断裂
23306,表 6-3-190 ,S39.002,开放性腰大肌断裂
23307,表 6-3-190 ,S39.600,腹内器官伴有盆腔器官的损伤
23308,表 6-3-190 ,S39.700,腹部、下背和骨盆其他多处损伤
23309,表 6-3-190 ,S39.800x001,腹部软组织损伤
23310,表 6-3-190 ,S39.800x002,下背软组织损伤
23311,表 6-3-190 ,S39.800x003,骨盆软组织损伤
23312,表 6-3-190 ,S39.800x004,腹部和下背及骨盆软组织损伤
23313,表 6-3-190 ,S39.800x005,臀部软组织损伤
23314,表 6-3-190 ,S39.900x002,下背损伤
23315,表 6-3-190 ,S39.900x004,腹股沟损伤
23316,表 6-3-190 ,S39.900x007,阴囊损伤
23317,表 6-3-190 ,S39.900x009,附睾损伤
23318,表 6-3-190 ,S39.900x010,睾丸损伤
23319,表 6-3-190 ,S39.901,处女膜损伤
23320,表 6-3-190 ,S39.902,阴道损伤
23321,表 6-3-190 ,S39.903,会阴损伤
23322,表 6-3-190 ,S39.904,阴茎损伤
23323,表 6-3-190 ,S39.905,肛门损伤
23324,表 6-3-190 ,S39.906,腰部损伤
23325,表 6-3-190 ,S39.907,腹部损伤
23326,表 6-3-190 ,S39.908,盆腔损伤
23327,表 6-3-190 ,S39.909,腹部金属异物
23328,表 6-3-190 ,S39.910,腰部软组织损伤
23329,表 6-3-190 ,S39.911,腹壁软组织损伤
23330,表 6-3-191 ,S40.000x001,肩部挫伤
23331,表 6-3-191 ,S40.000x002,肩胛区挫伤
23332,表 6-3-191 ,S40.000x003,腋窝区挫伤
23333,表 6-3-191 ,S40.001,上臂挫伤
23334,表 6-3-191 ,S40.700,肩和上臂多处浅表损伤
23335,表 6-3-191 ,S40.701,肩臂多处挫伤
23336,表 6-3-191 ,S40.800x011,肩部擦伤
23337,表 6-3-191 ,S40.800x012,上臂擦伤
23338,表 6-3-191 ,S40.800x021,肩部水泡
23339,表 6-3-191 ,S40.800x022,上臂水泡
23340,表 6-3-191 ,S40.800x031,肩部虫咬伤
23341,表 6-3-191 ,S40.800x032,上臂虫咬伤
23342,表 6-3-191 ,S40.800x041,肩部浅表异物
23343,表 6-3-191 ,S40.800x042,上臂浅表异物
23344,表 6-3-191 ,S40.900,肩和上臂的浅表损伤
23345,表 6-3-191 ,S41.000,肩开放性伤口
23346,表 6-3-191 ,S41.000x002,肩胛带开放性损伤
23347,表 6-3-191 ,S41.100,上臂开放性伤口
23348,表 6-3-191 ,S41.700,肩和上臂多处开放性伤口
23349,表 6-3-191 ,S41.800x001,腋窝开放性损伤
23350,表 6-3-191 ,S41.800x011,肩部开放性损伤伴骨折
23351,表 6-3-191 ,S41.800x012,上臂开放性损伤伴骨折
23352,表 6-3-191 ,S41.800x021,肩部开放性损伤伴脱位
23353,表 6-3-191 ,S41.800x022,上臂开放性损伤伴脱位
23354,表 6-3-191 ,S41.801,开放性肩胛区损伤
23355,表 6-3-191 ,S41.802,开放性肩带损伤
23356,表 6-3-191 ,S42.000,锁骨骨折
23357,表 6-3-191 ,S42.000x011,锁骨胸骨端骨折
23358,表 6-3-191 ,S42.000x021,锁骨干骨折
23359,表 6-3-191 ,S42.000x031,锁骨肩峰端骨折
23360,表 6-3-191 ,S42.000x091,锁骨多发性骨折
23361,表 6-3-191 ,S42.010,开放性锁骨骨折
23362,表 6-3-191 ,S42.100,肩胛骨骨折
23363,表 6-3-191 ,S42.100x011,肩胛骨体骨折
23364,表 6-3-191 ,S42.100x021,肩峰骨折
23365,表 6-3-191 ,S42.100x031,肩胛骨喙突骨折
23366,表 6-3-191 ,S42.100x041,肩胛骨颈和肩关节盂骨折
23367,表 6-3-191 ,S42.100x042,肩关节盂骨折
23368,表 6-3-191 ,S42.100x091,肩胛骨多发性骨折
23369,表 6-3-191 ,S42.110,开放性肩胛骨骨折
23370,表 6-3-191 ,S42.200x001,肱骨近端骨折
23371,表 6-3-191 ,S42.200x011,肱骨近端骨骺分离
23372,表 6-3-191 ,S42.200x031,肱骨解剖颈骨折
23373,表 6-3-191 ,S42.200x041,肱骨大结节骨折
23374,表 6-3-191 ,S42.200x091,肱骨小结节骨折
23375,表 6-3-191 ,S42.200x092,肱骨近端多发性骨折
23376,表 6-3-191 ,S42.202,肱骨外科颈骨折
23377,表 6-3-191 ,S42.203,肱骨头骨折
23378,表 6-3-191 ,S42.210,开放性肱骨上端骨折
23379,表 6-3-191 ,S42.300,肱骨干骨折
23380,表 6-3-191 ,S42.300x002,肱骨干多发性骨折
23381,表 6-3-191 ,S42.301,肱骨骨折
23382,表 6-3-191 ,S42.310,开放性肱骨干骨折
23383,表 6-3-191 ,S42.311,开放性肱骨骨折
23384,表 6-3-191 ,S42.400x001,肱骨远端骨折
23385,表 6-3-191 ,S42.400x041,肱骨内上髁骨折
23386,表 6-3-191 ,S42.400x042,肱骨外上髁骨折
23387,表 6-3-191 ,S42.400x043,肱骨远端骨骺分离
23388,表 6-3-191 ,S42.400x051,肱骨远端T型骨折
23389,表 6-3-191 ,S42.400x091,肱骨远端多发性骨折
23390,表 6-3-191 ,S42.400x092,肱骨滑车骨折
23391,表 6-3-191 ,S42.400x093,肱骨小头骨折
23392,表 6-3-191 ,S42.401,肱骨髁上骨折
23393,表 6-3-191 ,S42.402,肱骨外髁骨折
23394,表 6-3-191 ,S42.403,肱骨髁间骨折
23395,表 6-3-191 ,S42.404,肱骨内髁骨折
23396,表 6-3-191 ,S42.410,开放性肱骨下端骨折
23397,表 6-3-191 ,S42.700,锁骨、肩胛骨和肱骨多处骨折
23398,表 6-3-191 ,S42.710,开放性锁骨、肩胛骨和肱骨多处骨折
23399,表 6-3-191 ,S42.800,肩和上臂其他部位的骨折
23400,表 6-3-191 ,S42.810,开放性肩和上臂特指部位骨折
23401,表 6-3-191 ,S42.900,肩胛带的骨折
23402,表 6-3-191 ,S42.910,开放性肩骨折
23403,表 6-3-191 ,S43.000,肩关节脱位
23404,表 6-3-191 ,S43.000x011,肱骨前脱位
23405,表 6-3-191 ,S43.000x021,肱骨后脱位
23406,表 6-3-191 ,S43.000x031,肱骨下脱位
23407,表 6-3-191 ,S43.001,肩关节半脱位
23408,表 6-3-191 ,S43.002,盂肱关节脱位
23409,表 6-3-191 ,S43.100,肩锁关节脱位
23410,表 6-3-191 ,S43.200,胸锁关节脱位
23411,表 6-3-191 ,S43.301,肩胛骨脱位
23412,表 6-3-191 ,S43.302,肩胛带脱位
23413,表 6-3-191 ,S43.400x001,肩关节扭伤
23414,表 6-3-191 ,S43.400x002,创伤性肩关节积血
23415,表 6-3-191 ,S43.400x003,肩袖关节囊扭伤
23416,表 6-3-191 ,S43.400x004,喙肱韧带扭伤
23417,表 6-3-191 ,S43.400x005,肩关节盂唇损伤
23418,表 6-3-191 ,S43.401,肩关节劳损
23419,表 6-3-191 ,S43.500,肩锁关节扭伤和劳损
23420,表 6-3-191 ,S43.500x001,肩锁关节扭伤
23421,表 6-3-191 ,S43.500x002,肩锁韧带扭伤
23422,表 6-3-191 ,S43.501,肩锁韧带损伤
23423,表 6-3-191 ,S43.600,胸锁关节扭伤和劳损
23424,表 6-3-191 ,S43.601,胸锁关节扭伤
23425,表 6-3-191 ,S43.700,肩胛带其他和未特指部位的扭伤和劳损
23426,表 6-3-191 ,S43.701,肩胛带扭伤
23427,表 6-3-191 ,S44.000x001,上臂尺神经损伤
23428,表 6-3-191 ,S44.100x001,上臂正中神经损伤
23429,表 6-3-191 ,S44.101,上臂正中神经断裂
23430,表 6-3-191 ,S44.200x001,上臂桡神经损伤
23431,表 6-3-191 ,S44.300,腋神经损伤
23432,表 6-3-191 ,S44.400,肌皮神经损伤
23433,表 6-3-191 ,S44.500,在肩和上臂水平的皮感觉神经损伤
23434,表 6-3-191 ,S44.500x001,臂内侧皮神经损伤
23435,表 6-3-191 ,S44.501,上臂皮感觉神经损伤
23436,表 6-3-191 ,S44.700x001,肩和上臂多处神经损伤
23437,表 6-3-191 ,S44.701,上臂多发神经损伤
23438,表 6-3-191 ,S44.800x001,肩胛上神经损伤
23439,表 6-3-191 ,S44.900x001,肩和上臂神经损伤
23440,表 6-3-191 ,S44.901,上臂神经损伤
23441,表 6-3-191 ,S45.000,腋动脉损伤
23442,表 6-3-191 ,S45.001,创伤性腋动脉破裂
23443,表 6-3-191 ,S45.101,创伤性肱动脉损伤
23444,表 6-3-191 ,S45.200x002,肱静脉损伤
23445,表 6-3-191 ,S45.201,创伤性腋静脉损伤
23446,表 6-3-191 ,S45.300x001,肩和上臂浅表静脉损伤
23447,表 6-3-191 ,S45.300x002,肩部浅表静脉损伤
23448,表 6-3-191 ,S45.301,上臂浅表静脉损伤
23449,表 6-3-191 ,S45.700x001,肩和上臂多处血管损伤
23450,表 6-3-191 ,S45.701,上臂多发血管损伤
23451,表 6-3-191 ,S45.800,在肩和上臂水平的其他血管损伤
23452,表 6-3-191 ,S45.900x001,肩和上臂血管损伤
23453,表 6-3-191 ,S46.000,肩回旋套肌肉和肌腱损伤
23454,表 6-3-191 ,S46.000x001,肩袖肌腱损伤
23455,表 6-3-191 ,S46.002,肩袖损伤
23456,表 6-3-191 ,S46.100x001,肱二头肌长头肌肉损伤
23457,表 6-3-191 ,S46.100x003,肱二头肌长头肌肉和肌腱损伤
23458,表 6-3-191 ,S46.101,二头肌长头肌腱损伤
23459,表 6-3-191 ,S46.200x001,肱二头肌肌肉损伤
23460,表 6-3-191 ,S46.200x002,肱二头肌肌腱损伤
23461,表 6-3-191 ,S46.200x003,肱二头肌肌肉和肌腱损伤
23462,表 6-3-191 ,S46.201,创伤性肱二头肌断裂
23463,表 6-3-191 ,S46.300x001,肱三头肌肌肉损伤
23464,表 6-3-191 ,S46.300x002,肱三头肌肌腱损伤
23465,表 6-3-191 ,S46.300x003,肱三头肌肌肉和肌腱损伤
23466,表 6-3-191 ,S46.301,创伤性肱三头肌断裂
23467,表 6-3-191 ,S46.700x001,肩和上臂多处肌肉损伤
23468,表 6-3-191 ,S46.700x002,肩和上臂多处肌腱损伤
23469,表 6-3-191 ,S46.701,肩多发肌腱损伤
23470,表 6-3-191 ,S46.702,上臂多发肌腱损伤
23471,表 6-3-191 ,S46.800x001,三角肌损伤
23472,表 6-3-191 ,S46.800x002,冈上肌肌肉损伤
23473,表 6-3-191 ,S46.800x003,冈上肌肌腱损伤
23474,表 6-3-191 ,S46.800x004,冈下肌肌肉损伤
23475,表 6-3-191 ,S46.800x005,冈下肌肌腱损伤
23476,表 6-3-191 ,S46.800x006,肩胛下肌肌肉损伤
23477,表 6-3-191 ,S46.800x007,肩胛下肌肌腱损伤
23478,表 6-3-191 ,S46.801,创伤性冈上肌断裂
23479,表 6-3-191 ,S46.802,创伤性三角肌断裂
23480,表 6-3-191 ,S46.900x001,肩和上臂肌肉损伤
23481,表 6-3-191 ,S46.900x002,肩和上臂肌腱损伤
23482,表 6-3-191 ,S47.x00x002,肩部挤压伤
23483,表 6-3-191 ,S47.x01,上臂挤压伤
23484,表 6-3-191 ,S48.000,肩关节处创伤性切断
23485,表 6-3-191 ,S48.100x001,上臂切断
23486,表 6-3-191 ,S48.900,在肩和上臂水平的创伤性切断
23487,表 6-3-191 ,S49.700,肩和上臂多处损伤
23488,表 6-3-191 ,S49.800,肩和上臂其他特指的损伤
23489,表 6-3-191 ,S49.900x001,肩部损伤
23490,表 6-3-191 ,S49.901,上臂损伤
23491,表 6-3-192 ,S50.000,肘挫伤
23492,表 6-3-192 ,S50.101,前臂挫伤
23493,表 6-3-192 ,S50.700,前臂的多处浅表损伤
23494,表 6-3-192 ,S50.701,前臂多处擦伤
23495,表 6-3-192 ,S50.800x011,前臂擦伤
23496,表 6-3-192 ,S50.800x021,前臂水泡
23497,表 6-3-192 ,S50.800x031,前臂虫咬伤
23498,表 6-3-192 ,S50.800x041,前臂浅表异物
23499,表 6-3-192 ,S50.800x081,肘关节浅表损伤
23500,表 6-3-192 ,S50.900,前臂浅表损伤
23501,表 6-3-192 ,S50.901,肘浅表损伤
23502,表 6-3-192 ,S51.000,肘开放性伤口
23503,表 6-3-192 ,S51.700,前臂多处开放性伤口
23504,表 6-3-192 ,S51.800x011,前臂开放性损伤伴骨折
23505,表 6-3-192 ,S51.800x021,前臂开放性损伤伴脱位
23506,表 6-3-192 ,S51.901,开放性前臂损伤
23507,表 6-3-192 ,S52.000x001,肘关节骨折
23508,表 6-3-192 ,S52.000x002,尺骨近端骨折
23509,表 6-3-192 ,S52.000x012,尺骨鹰嘴骨骺分离
23510,表 6-3-192 ,S52.000x021,尺骨冠突骨折
23511,表 6-3-192 ,S52.000x091,尺骨近端多发性骨折
23512,表 6-3-192 ,S52.001,鹰嘴骨折
23513,表 6-3-192 ,S52.002,蒙特贾骨折脱位
23514,表 6-3-192 ,S52.010,开放性尺骨上端骨折
23515,表 6-3-192 ,S52.011,开放性鹰嘴骨折
23516,表 6-3-192 ,S52.100x001,桡骨近端骨折
23517,表 6-3-192 ,S52.100x002,桡骨近端骨骺分离
23518,表 6-3-192 ,S52.100x012,桡骨头骨骺分离
23519,表 6-3-192 ,S52.100x091,桡骨近端多发性骨折
23520,表 6-3-192 ,S52.101,桡骨头骨折
23521,表 6-3-192 ,S52.102,桡骨颈骨折
23522,表 6-3-192 ,S52.110,开放性桡骨上端骨折
23523,表 6-3-192 ,S52.200,尺骨干骨折
23524,表 6-3-192 ,S52.200x011,孟氏骨折
23525,表 6-3-192 ,S52.201,尺骨骨折
23526,表 6-3-192 ,S52.210,开放性尺骨干骨折
23527,表 6-3-192 ,S52.211,开放性尺骨骨折
23528,表 6-3-192 ,S52.300,桡骨干骨折
23529,表 6-3-192 ,S52.300x011,盖氏骨折
23530,表 6-3-192 ,S52.310,开放性桡骨干骨折
23531,表 6-3-192 ,S52.400x001,桡尺骨骨干骨折
23532,表 6-3-192 ,S52.410,开放性尺骨桡骨骨干骨折
23533,表 6-3-192 ,S52.500x001,桡骨远端骨折
23534,表 6-3-192 ,S52.500x002,桡骨茎突骨折
23535,表 6-3-192 ,S52.500x003,桡骨远端骨骺分离
23536,表 6-3-192 ,S52.500x011,科雷骨折
23537,表 6-3-192 ,S52.500x021,巴顿骨折
23538,表 6-3-192 ,S52.500x022,史密斯骨折
23539,表 6-3-192 ,S52.500x091,桡骨关节内骨折
23540,表 6-3-192 ,S52.501,屈曲型桡骨下端骨折
23541,表 6-3-192 ,S52.502,伸直型桡骨下端骨折
23542,表 6-3-192 ,S52.510,开放性桡骨下端骨折
23543,表 6-3-192 ,S52.600x001,尺骨远端骨折伴桡骨远端骨折
23544,表 6-3-192 ,S52.600x002,尺骨茎突骨折伴桡骨远端骨折
23545,表 6-3-192 ,S52.610,开放性尺骨桡骨远端骨折
23546,表 6-3-192 ,S52.700,前臂多处骨折
23547,表 6-3-192 ,S52.701,尺骨桡骨闭合性骨折
23548,表 6-3-192 ,S52.710,开放性多发性前臂骨折
23549,表 6-3-192 ,S52.711,开放性尺骨桡骨骨折
23550,表 6-3-192 ,S52.800x002,尺骨远端骨骺分离
23551,表 6-3-192 ,S52.801,桡骨骨折
23552,表 6-3-192 ,S52.802,尺骨茎突骨折
23553,表 6-3-192 ,S52.803,尺骨头骨折
23554,表 6-3-192 ,S52.804,尺骨下端骨折
23555,表 6-3-192 ,S52.810,开放性前臂特指部位骨折
23556,表 6-3-192 ,S52.811,开放性桡骨骨折
23557,表 6-3-192 ,S52.812,开放性尺骨茎突骨折
23558,表 6-3-192 ,S52.813,开放性尺骨头骨折
23559,表 6-3-192 ,S52.814,开放性尺骨下端骨折
23560,表 6-3-192 ,S52.900,前臂骨折
23561,表 6-3-192 ,S53.000,桡骨头脱位
23562,表 6-3-192 ,S53.000x003,桡骨头半脱位
23563,表 6-3-192 ,S53.001,桡肱关节脱位
23564,表 6-3-192 ,S53.002,尺桡关节脱位
23565,表 6-3-192 ,S53.100,肘关节脱位
23566,表 6-3-192 ,S53.100x011,肘关节前脱位
23567,表 6-3-192 ,S53.100x021,肘关节后脱位
23568,表 6-3-192 ,S53.100x031,肘关节内脱位
23569,表 6-3-192 ,S53.100x041,肘关节侧方脱位
23570,表 6-3-192 ,S53.101,尺肱关节脱位
23571,表 6-3-192 ,S53.102,尺骨头脱位
23572,表 6-3-192 ,S53.200x001,桡侧副韧带断裂
23573,表 6-3-192 ,S53.300x001,尺侧副韧带断裂
23574,表 6-3-192 ,S53.400,肘关节扭伤和劳损
23575,表 6-3-192 ,S53.400x002,创伤性肘关节积血
23576,表 6-3-192 ,S53.400x012,桡侧副韧带扭伤
23577,表 6-3-192 ,S53.400x021,尺侧副韧带扭伤
23578,表 6-3-192 ,S53.400x031,桡肱关节扭伤
23579,表 6-3-192 ,S53.400x041,尺肱关节扭伤
23580,表 6-3-192 ,S53.401,桡骨环状韧带扭伤
23581,表 6-3-192 ,S53.402,肘关节扭伤
23582,表 6-3-192 ,S54.000x001,前臂尺神经损伤
23583,表 6-3-192 ,S54.001,前臂尺神经断裂
23584,表 6-3-192 ,S54.100x001,前臂正中神经损伤
23585,表 6-3-192 ,S54.101,前臂正中神经断裂
23586,表 6-3-192 ,S54.200x001,前臂桡神经损伤
23587,表 6-3-192 ,S54.300x001,前臂皮感觉神经损伤
23588,表 6-3-192 ,S54.700x001,前臂多处神经损伤
23589,表 6-3-192 ,S54.800,在前臂水平的其他神经损伤
23590,表 6-3-192 ,S54.900x001,前臂神经损伤
23591,表 6-3-192 ,S55.000x001,前臂尺动脉损伤
23592,表 6-3-192 ,S55.100x001,前臂桡动脉损伤
23593,表 6-3-192 ,S55.101,创伤性桡动脉断裂
23594,表 6-3-192 ,S55.200x001,前臂静脉损伤
23595,表 6-3-192 ,S55.700x001,前臂多处血管损伤
23596,表 6-3-192 ,S55.800,在前臂水平的其他血管损伤
23597,表 6-3-192 ,S55.900x001,前臂血管损伤
23598,表 6-3-192 ,S56.000x001,前臂拇指屈肌损伤
23599,表 6-3-192 ,S56.000x002,前臂拇指屈肌腱损伤
23600,表 6-3-192 ,S56.000x003,前臂拇指屈肌和肌腱损伤
23601,表 6-3-192 ,S56.001,前臂拇指屈肌断裂
23602,表 6-3-192 ,S56.100x001,前臂指屈肌损伤
23603,表 6-3-192 ,S56.100x002,前臂指屈肌腱损伤
23604,表 6-3-192 ,S56.100x003,前臂指屈肌和肌腱损伤
23605,表 6-3-192 ,S56.200x001,前臂屈肌损伤
23606,表 6-3-192 ,S56.200x002,前臂屈肌腱损伤
23607,表 6-3-192 ,S56.200x003,前臂屈肌和肌腱损伤
23608,表 6-3-192 ,S56.300x001,前臂拇指伸肌损伤
23609,表 6-3-192 ,S56.300x002,前臂拇指伸肌腱损伤
23610,表 6-3-192 ,S56.300x003,前臂拇指伸肌和肌腱损伤
23611,表 6-3-192 ,S56.300x004,前臂拇指外展肌损伤
23612,表 6-3-192 ,S56.300x005,前臂拇指外展肌腱损伤
23613,表 6-3-192 ,S56.300x006,前臂拇指外展肌和肌腱损伤
23614,表 6-3-192 ,S56.301,前臂拇指外展肌和肌腱断裂
23615,表 6-3-192 ,S56.400x001,前臂指伸肌损伤
23616,表 6-3-192 ,S56.400x002,前臂手指伸肌腱损伤
23617,表 6-3-192 ,S56.400x003,前臂手指伸肌和肌腱损伤
23618,表 6-3-192 ,S56.500x001,前臂伸肌损伤
23619,表 6-3-192 ,S56.500x002,前臂伸肌腱损伤
23620,表 6-3-192 ,S56.500x003,前臂伸肌和肌腱损伤
23621,表 6-3-192 ,S56.700x001,前臂多处肌肉和肌腱损伤
23622,表 6-3-192 ,S56.801,前臂肌肉和肌腱损伤
23623,表 6-3-192 ,S57.000,肘挤压伤
23624,表 6-3-192 ,S57.800,前臂其他部位的挤压伤
23625,表 6-3-192 ,S57.900,前臂的挤压伤
23626,表 6-3-192 ,S58.000x001,肘创伤性切断
23627,表 6-3-192 ,S58.100x001,肘和腕关节之间水平创伤性切断
23628,表 6-3-192 ,S58.900x001,前臂创伤性切断
23629,表 6-3-192 ,S59.700,前臂多处损伤
23630,表 6-3-192 ,S59.701,肘关节后脱位，桡骨头和尺骨冠状突骨折
23631,表 6-3-192 ,S59.800,前臂其他特指的损伤
23632,表 6-3-192 ,S59.900,前臂损伤
23633,表 6-3-193 ,S60.000x001,手指挫伤
23634,表 6-3-193 ,S60.100x001,手指挫伤伴指甲损伤
23635,表 6-3-193 ,S60.201,腕部挫伤
23636,表 6-3-193 ,S60.202,手挫伤
23637,表 6-3-193 ,S60.700,腕和手多处浅表损伤
23638,表 6-3-193 ,S60.701,手多发浅表损伤
23639,表 6-3-193 ,S60.800x011,腕和手擦伤
23640,表 6-3-193 ,S60.800x012,腕部擦伤
23641,表 6-3-193 ,S60.800x021,腕和手水泡
23642,表 6-3-193 ,S60.800x022,手部水泡
23643,表 6-3-193 ,S60.800x023,腕部水泡
23644,表 6-3-193 ,S60.800x031,腕和手虫咬伤
23645,表 6-3-193 ,S60.800x032,腕部虫咬伤
23646,表 6-3-193 ,S60.800x033,手部虫咬伤
23647,表 6-3-193 ,S60.800x041,腕和手浅表异物
23648,表 6-3-193 ,S60.800x042,腕部浅表异物
23649,表 6-3-193 ,S60.800x043,手部浅表异物
23650,表 6-3-193 ,S60.801,手指浅表异物
23651,表 6-3-193 ,S60.900,腕和手的浅表损伤
23652,表 6-3-193 ,S60.900x002,腕部浅表损伤
23653,表 6-3-193 ,S60.901,手浅表损伤
23654,表 6-3-193 ,S60.902,手擦伤
23655,表 6-3-193 ,S61.000x001,手指开放性损伤
23656,表 6-3-193 ,S61.000x002,拇指开放性损伤
23657,表 6-3-193 ,S61.100x001,手指开放性损伤伴指甲损伤
23658,表 6-3-193 ,S61.100x002,拇指开放性损伤伴指甲损伤
23659,表 6-3-193 ,S61.700,腕和手多处开放性伤口
23660,表 6-3-193 ,S61.701,开放性腕部多发损伤
23661,表 6-3-193 ,S61.702,开放性手多发损伤
23662,表 6-3-193 ,S61.800x011,腕和手开放性损伤伴骨折
23663,表 6-3-193 ,S61.800x012,手部开放性损伤伴骨折
23664,表 6-3-193 ,S61.800x013,腕部开放性损伤伴骨折
23665,表 6-3-193 ,S61.800x021,腕和手开放性损伤伴脱位
23666,表 6-3-193 ,S61.800x022,手部开放性损伤伴脱位
23667,表 6-3-193 ,S61.800x023,腕部开放性损伤伴脱位
23668,表 6-3-193 ,S61.800x081,手掌开放性损伤
23669,表 6-3-193 ,S61.900,腕和手的开放性伤口
23670,表 6-3-193 ,S61.900x002,腕部开放性损伤
23671,表 6-3-193 ,S61.900x004,手部爆炸伤
23672,表 6-3-193 ,S61.901,开放性手部损伤
23673,表 6-3-193 ,S61.902,手套撕脱伤
23674,表 6-3-193 ,S62.000x001,腕舟骨骨折
23675,表 6-3-193 ,S62.010,开放性手舟状骨骨折
23676,表 6-3-193 ,S62.100x011,月骨骨折
23677,表 6-3-193 ,S62.100x021,三角骨骨折
23678,表 6-3-193 ,S62.100x031,豆骨骨折
23679,表 6-3-193 ,S62.100x041,大多角骨骨折
23680,表 6-3-193 ,S62.100x051,小多角骨骨折
23681,表 6-3-193 ,S62.100x061,头状骨骨折
23682,表 6-3-193 ,S62.100x071,钩骨骨折
23683,表 6-3-193 ,S62.100x091,腕骨多发性骨折
23684,表 6-3-193 ,S62.101,腕骨骨折
23685,表 6-3-193 ,S62.110,开放性特指腕骨骨折
23686,表 6-3-193 ,S62.111,开放性腕骨骨折
23687,表 6-3-193 ,S62.200,第一掌骨骨折
23688,表 6-3-193 ,S62.200x011,第一掌骨基底骨折
23689,表 6-3-193 ,S62.200x021,第一掌骨干骨折
23690,表 6-3-193 ,S62.200x031,第一掌骨颈骨折
23691,表 6-3-193 ,S62.200x041,第一掌骨头骨折
23692,表 6-3-193 ,S62.201,贝内特骨折
23693,表 6-3-193 ,S62.210,开放性第一掌骨骨折
23694,表 6-3-193 ,S62.300x002,掌骨骨骺分离
23695,表 6-3-193 ,S62.300x011,掌骨基底骨折
23696,表 6-3-193 ,S62.300x021,掌骨干骨折
23697,表 6-3-193 ,S62.300x031,掌骨颈骨折
23698,表 6-3-193 ,S62.300x041,掌骨头骨折
23699,表 6-3-193 ,S62.301,掌骨骨折
23700,表 6-3-193 ,S62.310,开放性特指掌骨骨折
23701,表 6-3-193 ,S62.311,开放性掌骨骨折
23702,表 6-3-193 ,S62.400,掌骨多处骨折
23703,表 6-3-193 ,S62.410,开放性多发性掌骨骨折
23704,表 6-3-193 ,S62.500,拇指骨折
23705,表 6-3-193 ,S62.500x002,拇指骨骺分离
23706,表 6-3-193 ,S62.500x011,拇指近节骨折
23707,表 6-3-193 ,S62.500x021,拇指远节骨折
23708,表 6-3-193 ,S62.510,开放性拇指骨折
23709,表 6-3-193 ,S62.600x002,指骨骨骺分离
23710,表 6-3-193 ,S62.600x011,指骨近节骨折
23711,表 6-3-193 ,S62.600x021,指骨中节骨折
23712,表 6-3-193 ,S62.600x031,指骨远节骨折
23713,表 6-3-193 ,S62.611,开放性指骨骨折
23714,表 6-3-193 ,S62.700,手指多处骨折
23715,表 6-3-193 ,S62.710,开放性多发性指骨骨折
23716,表 6-3-193 ,S62.801,手骨折
23717,表 6-3-193 ,S62.802,指骨骨折
23718,表 6-3-193 ,S62.810,开放性腕和手其他和未特指部位骨折
23719,表 6-3-193 ,S62.811,开放性手骨折
23720,表 6-3-193 ,S63.000,腕关节脱位
23721,表 6-3-193 ,S63.000x002,桡骨远端关节脱位
23722,表 6-3-193 ,S63.000x003,尺骨远端关节脱位
23723,表 6-3-193 ,S63.000x011,下尺桡关节脱位
23724,表 6-3-193 ,S63.000x021,桡腕关节脱位
23725,表 6-3-193 ,S63.000x031,腕骨间关节脱位
23726,表 6-3-193 ,S63.000x041,掌骨近端关节脱位
23727,表 6-3-193 ,S63.000x042,腕掌关节脱位
23728,表 6-3-193 ,S63.000x081,腕骨脱位
23729,表 6-3-193 ,S63.000x082,腕舟骨脱位
23730,表 6-3-193 ,S63.000x083,腕舟骨月骨周围脱位
23731,表 6-3-193 ,S63.100,指关节脱位
23732,表 6-3-193 ,S63.100x001,指间关节脱位
23733,表 6-3-193 ,S63.100x002,拇指关节脱位
23734,表 6-3-193 ,S63.100x011,掌指关节脱位
23735,表 6-3-193 ,S63.100x012,掌骨远端关节脱位
23736,表 6-3-193 ,S63.100x013,拇掌关节脱位
23737,表 6-3-193 ,S63.100x021,手指远端指间关节脱位
23738,表 6-3-193 ,S63.200,手指多处脱位
23739,表 6-3-193 ,S63.200x001,指关节多发性脱位
23740,表 6-3-193 ,S63.300x001,腕副韧带断裂
23741,表 6-3-193 ,S63.300x002,桡腕韧带断裂
23742,表 6-3-193 ,S63.300x003,尺腕韧带断裂
23743,表 6-3-193 ,S63.300x004,腕和腕关节韧带断裂
23744,表 6-3-193 ,S63.400x001,掌指关节韧带断裂
23745,表 6-3-193 ,S63.400x002,掌指关节副韧带断裂
23746,表 6-3-193 ,S63.400x003,手掌韧带断裂
23747,表 6-3-193 ,S63.400x004,手掌板断裂
23748,表 6-3-193 ,S63.400x005,指间关节韧带断裂
23749,表 6-3-193 ,S63.400x006,指间关节副韧带断裂
23750,表 6-3-193 ,S63.401,创伤性掌关节韧带破裂
23751,表 6-3-193 ,S63.500,腕关节扭伤和劳损
23752,表 6-3-193 ,S63.500x002,腕关节损伤
23753,表 6-3-193 ,S63.500x003,创伤性腕关节积血
23754,表 6-3-193 ,S63.500x011,腕骨关节扭伤
23755,表 6-3-193 ,S63.500x012,腕骨关节损伤
23756,表 6-3-193 ,S63.500x021,桡腕关节扭伤
23757,表 6-3-193 ,S63.500x022,桡腕关节损伤
23758,表 6-3-193 ,S63.500x031,腕掌关节扭伤
23759,表 6-3-193 ,S63.500x032,腕掌关节损伤
23760,表 6-3-193 ,S63.500x081,下尺桡关节扭伤
23761,表 6-3-193 ,S63.500x082,下尺桡关节损伤
23762,表 6-3-193 ,S63.500x101,腕关节三角纤维软骨损伤
23763,表 6-3-193 ,S63.501,腕关节扭伤
23764,表 6-3-193 ,S63.600,手指扭伤和劳损
23765,表 6-3-193 ,S63.600x001,拇指扭伤
23766,表 6-3-193 ,S63.600x002,指骨扭伤
23767,表 6-3-193 ,S63.601,指关节扭伤
23768,表 6-3-193 ,S63.602,掌指关节扭伤
23769,表 6-3-193 ,S63.700x001,腕中关节扭伤
23770,表 6-3-193 ,S63.701,手关节扭伤
23771,表 6-3-193 ,S64.000x001,腕部尺神经损伤
23772,表 6-3-193 ,S64.000x002,手部尺神经损伤
23773,表 6-3-193 ,S64.100x001,腕部正中神经损伤
23774,表 6-3-193 ,S64.100x002,手部正中神经损伤
23775,表 6-3-193 ,S64.200x001,腕部桡神经损伤
23776,表 6-3-193 ,S64.200x002,手部桡神经损伤
23777,表 6-3-193 ,S64.300,拇指指神经损伤
23778,表 6-3-193 ,S64.400x001,指神经损伤
23779,表 6-3-193 ,S64.700x001,腕和手多处神经损伤
23780,表 6-3-193 ,S64.800,在腕和手水平的其他神经损伤
23781,表 6-3-193 ,S64.900x001,腕和手神经损伤
23782,表 6-3-193 ,S65.000x001,手部尺动脉损伤
23783,表 6-3-193 ,S65.000x002,腕部尺动脉损伤
23784,表 6-3-193 ,S65.100x001,腕部桡动脉损伤
23785,表 6-3-193 ,S65.100x002,手部桡动脉损伤
23786,表 6-3-193 ,S65.200,掌浅动静脉弓损伤
23787,表 6-3-193 ,S65.300,掌深动静脉弓损伤
23788,表 6-3-193 ,S65.400,拇指血管损伤
23789,表 6-3-193 ,S65.401,创伤性拇指动脉破裂
23790,表 6-3-193 ,S65.500,"手指血管损伤,其他的"
23791,表 6-3-193 ,S65.501,创伤性指动脉破裂
23792,表 6-3-193 ,S65.700x001,腕和手多处血管损伤
23793,表 6-3-193 ,S65.800,在腕和手水平的其他血管损伤
23794,表 6-3-193 ,S65.900x001,腕和手血管损伤
23795,表 6-3-193 ,S66.000x001,腕和手拇指长屈肌和肌腱损伤
23796,表 6-3-193 ,S66.000x002,腕和手拇指长屈肌损伤
23797,表 6-3-193 ,S66.000x003,腕和手拇指长屈肌腱损伤
23798,表 6-3-193 ,S66.000x004,腕部拇指长屈肌和肌腱损伤
23799,表 6-3-193 ,S66.000x005,腕部拇指长屈肌损伤
23800,表 6-3-193 ,S66.000x006,腕部拇指长屈肌腱损伤
23801,表 6-3-193 ,S66.000x007,手部拇指长屈肌和肌腱损伤
23802,表 6-3-193 ,S66.000x008,手部拇指长屈肌损伤
23803,表 6-3-193 ,S66.000x009,手部拇指长屈肌腱损伤
23804,表 6-3-193 ,S66.100x001,腕和手指屈肌和肌腱损伤
23805,表 6-3-193 ,S66.100x002,腕和手指屈肌损伤
23806,表 6-3-193 ,S66.100x003,腕和手指屈肌腱损伤
23807,表 6-3-193 ,S66.100x004,腕部指屈肌和肌腱损伤
23808,表 6-3-193 ,S66.100x005,腕部指屈肌损伤
23809,表 6-3-193 ,S66.100x006,腕部指屈肌腱损伤
23810,表 6-3-193 ,S66.100x007,手部指屈肌和肌腱损伤
23811,表 6-3-193 ,S66.100x008,手部指屈肌损伤
23812,表 6-3-193 ,S66.100x009,手部指屈肌腱损伤
23813,表 6-3-193 ,S66.200x001,腕和手拇指伸肌和肌腱损伤
23814,表 6-3-193 ,S66.200x002,腕和手拇指伸肌损伤
23815,表 6-3-193 ,S66.200x003,腕和手拇指伸肌腱损伤
23816,表 6-3-193 ,S66.200x004,腕部拇指伸肌和肌腱损伤
23817,表 6-3-193 ,S66.200x005,腕部拇指伸肌损伤
23818,表 6-3-193 ,S66.200x006,腕部拇指伸肌腱损伤
23819,表 6-3-193 ,S66.200x007,手部拇指伸肌和肌腱损伤
23820,表 6-3-193 ,S66.200x008,手部拇指伸肌损伤
23821,表 6-3-193 ,S66.200x009,手部拇指伸肌腱损伤
23822,表 6-3-193 ,S66.300x001,腕和手指伸肌和肌腱损伤
23823,表 6-3-193 ,S66.300x002,腕和手指伸肌损伤
23824,表 6-3-193 ,S66.300x003,腕和手指伸肌腱损伤
23825,表 6-3-193 ,S66.300x004,腕部指伸肌和肌腱损伤
23826,表 6-3-193 ,S66.300x005,腕部指伸肌损伤
23827,表 6-3-193 ,S66.300x006,腕部指伸肌腱损伤
23828,表 6-3-193 ,S66.300x007,手部指伸肌和肌腱损伤
23829,表 6-3-193 ,S66.300x008,手部指伸肌损伤
23830,表 6-3-193 ,S66.300x009,手部指伸肌腱损伤
23831,表 6-3-193 ,S66.400x001,腕和手拇指内在肌和肌腱损伤
23832,表 6-3-193 ,S66.400x002,腕和手拇指内在肌损伤
23833,表 6-3-193 ,S66.400x003,腕和手拇指内在肌腱损伤
23834,表 6-3-193 ,S66.400x004,腕部拇指内在肌和肌腱损伤
23835,表 6-3-193 ,S66.400x005,腕部拇指内在肌损伤
23836,表 6-3-193 ,S66.400x006,腕部拇指内在肌腱损伤
23837,表 6-3-193 ,S66.400x007,手部拇指内在肌和肌腱损伤
23838,表 6-3-193 ,S66.400x008,手部拇指内在肌损伤
23839,表 6-3-193 ,S66.400x009,手部拇指内在肌腱损伤
23840,表 6-3-193 ,S66.500x001,腕和手指内在肌和肌腱损伤
23841,表 6-3-193 ,S66.500x002,腕和手指内在肌损伤
23842,表 6-3-193 ,S66.500x003,腕和手指内在肌腱损伤
23843,表 6-3-193 ,S66.500x004,腕部指内在肌和肌腱损伤
23844,表 6-3-193 ,S66.500x005,腕部指内在肌损伤
23845,表 6-3-193 ,S66.500x006,腕部指内在肌腱损伤
23846,表 6-3-193 ,S66.500x007,手部指内在肌和肌腱损伤
23847,表 6-3-193 ,S66.500x008,手部指内在肌损伤
23848,表 6-3-193 ,S66.500x009,手部指内在肌腱损伤
23849,表 6-3-193 ,S66.600x001,腕和手多处屈肌和肌腱损伤
23850,表 6-3-193 ,S66.601,多发性手屈肌断裂
23851,表 6-3-193 ,S66.700x001,腕和手多处伸肌和肌腱损伤
23852,表 6-3-193 ,S66.800,在腕和手水平的其他肌肉和肌腱的损伤
23853,表 6-3-193 ,S66.900x001,腕和手肌肉和肌腱损伤
23854,表 6-3-193 ,S66.900x002,腕部肌肉损伤
23855,表 6-3-193 ,S66.900x003,手部肌肉损伤
23856,表 6-3-193 ,S66.900x004,手指肌肉损伤
23857,表 6-3-193 ,S67.000x001,拇指挤压伤
23858,表 6-3-193 ,S67.000x003,手指碾挫伤
23859,表 6-3-193 ,S67.001,手指挤压伤
23860,表 6-3-193 ,S67.800x001,腕部挤压伤
23861,表 6-3-193 ,S67.800x003,手部碾挫伤
23862,表 6-3-193 ,S67.801,手挤压伤
23863,表 6-3-193 ,S68.000x002,拇指不全切断
23864,表 6-3-193 ,S68.001,拇指完全切断
23865,表 6-3-193 ,S68.100x001,单指不全切断
23866,表 6-3-193 ,S68.100x002,单指完全离断
23867,表 6-3-193 ,S68.200x001,多指不全切断
23868,表 6-3-193 ,S68.201,多手指完全切断
23869,表 6-3-193 ,S68.300,手指(一部分)伴有腕和手其他部分的合并创伤性切断
23870,表 6-3-193 ,S68.400x001,手腕部创伤性切断
23871,表 6-3-193 ,S68.800x001,掌部创伤性切断
23872,表 6-3-193 ,S68.900,腕和手水平的创伤性切断
23873,表 6-3-193 ,S69.700,腕和手多处损伤
23874,表 6-3-193 ,S69.800,腕和手其他特指的损伤
23875,表 6-3-193 ,S69.900x001,腕部损伤
23876,表 6-3-193 ,S69.900x002,手部损伤
23877,表 6-3-193 ,S69.900x003,拇指损伤
23878,表 6-3-193 ,S69.900x004,手指损伤
23879,表 6-3-194 ,S70.000,髋挫伤
23880,表 6-3-194 ,S70.100,大腿挫伤
23881,表 6-3-194 ,S70.700x001,大腿多处浅表损伤
23882,表 6-3-194 ,S70.700x002,髋部多处浅表损伤
23883,表 6-3-194 ,S70.800x011,髋部擦伤
23884,表 6-3-194 ,S70.800x012,股部擦伤
23885,表 6-3-194 ,S70.800x021,髋部水泡
23886,表 6-3-194 ,S70.800x022,股部水泡
23887,表 6-3-194 ,S70.800x031,髋部虫咬伤
23888,表 6-3-194 ,S70.800x032,股部虫咬伤
23889,表 6-3-194 ,S70.800x041,髋部浅表异物
23890,表 6-3-194 ,S70.800x042,股部浅表异物
23891,表 6-3-194 ,S70.900x001,髋部浅表损伤
23892,表 6-3-194 ,S70.900x002,大腿浅表损伤
23893,表 6-3-194 ,S70.900x003,股部浅表损伤
23894,表 6-3-194 ,S70.901,大腿血肿
23895,表 6-3-194 ,S71.000,髋开放性伤口
23896,表 6-3-194 ,S71.100,大腿开放性伤口
23897,表 6-3-194 ,S71.101,大腿撕脱伤
23898,表 6-3-194 ,S71.700,髋和大腿多处开放性伤口
23899,表 6-3-194 ,S71.800x011,髋部开放性损伤伴骨折
23900,表 6-3-194 ,S71.800x012,股部开放性损伤伴骨折
23901,表 6-3-194 ,S71.800x021,髋部开放性损伤伴脱位
23902,表 6-3-194 ,S71.800x022,股部开放性损伤伴脱位
23903,表 6-3-194 ,S71.801,开放性骨盆带损伤
23904,表 6-3-194 ,S72.000,股骨颈骨折
23905,表 6-3-194 ,S72.000x011,股骨关节囊内骨折
23906,表 6-3-194 ,S72.000x021,股骨头骨骺分离
23907,表 6-3-194 ,S72.000x031,股骨颈头下骨折
23908,表 6-3-194 ,S72.000x041,股骨颈经颈骨折
23909,表 6-3-194 ,S72.000x051,股骨颈基底骨折
23910,表 6-3-194 ,S72.000x081,股骨头骨折
23911,表 6-3-194 ,S72.000x082,股骨髋部骨折
23912,表 6-3-194 ,S72.010,开放性股骨颈骨折
23913,表 6-3-194 ,S72.100x001,股骨大粗隆骨折
23914,表 6-3-194 ,S72.100x002,股骨小粗隆骨折
23915,表 6-3-194 ,S72.101,股骨粗隆间骨折
23916,表 6-3-194 ,S72.110,开放性股骨粗隆间骨折
23917,表 6-3-194 ,S72.200x001,股骨粗隆下骨折
23918,表 6-3-194 ,S72.210,开放性股骨粗隆下骨折
23919,表 6-3-194 ,S72.300,股骨干骨折
23920,表 6-3-194 ,S72.310,开放性股骨干骨折
23921,表 6-3-194 ,S72.400x001,股骨远端骨折
23922,表 6-3-194 ,S72.400x012,股骨内髁骨折
23923,表 6-3-194 ,S72.400x013,股骨外髁骨折
23924,表 6-3-194 ,S72.400x021,股骨远端骨骺分离
23925,表 6-3-194 ,S72.400x031,股骨髁上骨折
23926,表 6-3-194 ,S72.400x041,股骨髁间骨折
23927,表 6-3-194 ,S72.401,股骨髁骨折
23928,表 6-3-194 ,S72.410,开放性股骨下端骨折
23929,表 6-3-194 ,S72.700,股骨多处骨折
23930,表 6-3-194 ,S72.710,开放性多发性股骨骨折
23931,表 6-3-194 ,S72.800,股骨其他部位的骨折
23932,表 6-3-194 ,S72.810,开放性股骨特指部位骨折
23933,表 6-3-194 ,S72.900,股骨骨折
23934,表 6-3-194 ,S72.900x002,股骨骨骺分离
23935,表 6-3-194 ,S72.910,开放性股骨骨折
23936,表 6-3-194 ,S73.000,髋脱位
23937,表 6-3-194 ,S73.000x003,髋臼脱位
23938,表 6-3-194 ,S73.000x011,髋关节后脱位
23939,表 6-3-194 ,S73.000x021,髋关节前脱位
23940,表 6-3-194 ,S73.001,髋关节半脱位
23941,表 6-3-194 ,S73.100,髋扭伤和劳损
23942,表 6-3-194 ,S73.100x002,创伤性髋关节积血
23943,表 6-3-194 ,S73.100x011,髂股韧带扭伤
23944,表 6-3-194 ,S73.100x021,髂关节囊韧带扭伤
23945,表 6-3-194 ,S73.101,髋扭伤
23946,表 6-3-194 ,S74.000x001,坐骨神经损伤
23947,表 6-3-194 ,S74.000x002,髋部坐骨神经损伤
23948,表 6-3-194 ,S74.000x003,大腿坐骨神经损伤
23949,表 6-3-194 ,S74.100x001,股神经损伤
23950,表 6-3-194 ,S74.100x002,髋部股神经损伤
23951,表 6-3-194 ,S74.100x003,大腿股神经损伤
23952,表 6-3-194 ,S74.200x001,髋部皮感觉神经损伤
23953,表 6-3-194 ,S74.200x002,大腿皮感觉神经损伤
23954,表 6-3-194 ,S74.700x001,髋部多处神经损伤
23955,表 6-3-194 ,S74.700x002,大腿多处神经损伤
23956,表 6-3-194 ,S74.801,闭孔神经损伤
23957,表 6-3-194 ,S74.900x001,髋部神经损伤
23958,表 6-3-194 ,S74.900x002,大腿神经损伤
23959,表 6-3-194 ,S75.000,股动脉损伤
23960,表 6-3-194 ,S75.000x002,股浅动脉损伤
23961,表 6-3-194 ,S75.000x003,股深动脉损伤
23962,表 6-3-194 ,S75.000x004,创伤性股动脉瘤
23963,表 6-3-194 ,S75.000x005,创伤性股假性动脉瘤
23964,表 6-3-194 ,S75.001,创伤性股深动脉破裂
23965,表 6-3-194 ,S75.100x001,股静脉损伤
23966,表 6-3-194 ,S75.100x002,髋部股静脉损伤
23967,表 6-3-194 ,S75.100x003,大腿股静脉损伤
23968,表 6-3-194 ,S75.200,在髋和大腿水平的大隐静脉损伤
23969,表 6-3-194 ,S75.200x001,大腿大隐静脉损伤
23970,表 6-3-194 ,S75.700x001,髋部多处血管损伤
23971,表 6-3-194 ,S75.700x002,大腿多处血管损伤
23972,表 6-3-194 ,S75.800,在髋和大腿水平的其他血管损伤
23973,表 6-3-194 ,S75.900x001,髋部血管损伤
23974,表 6-3-194 ,S75.900x002,大腿血管损伤
23975,表 6-3-194 ,S75.901,创伤性股动静脉瘘
23976,表 6-3-194 ,S76.000x002,髋部肌肉损伤
23977,表 6-3-194 ,S76.000x003,髋部肌腱损伤
23978,表 6-3-194 ,S76.100x001,股四头肌和肌腱损伤
23979,表 6-3-194 ,S76.100x002,股四头肌肌肉损伤
23980,表 6-3-194 ,S76.100x003,股四头肌肌腱损伤
23981,表 6-3-194 ,S76.100x004,髌腱断裂
23982,表 6-3-194 ,S76.101,股四头肌腱断裂
23983,表 6-3-194 ,S76.102,髌韧带损伤
23984,表 6-3-194 ,S76.200x002,大腿内收肌肌肉损伤
23985,表 6-3-194 ,S76.200x003,大腿内收肌肌腱损伤
23986,表 6-3-194 ,S76.300x001,大腿后部肌群和肌腱损伤
23987,表 6-3-194 ,S76.300x002,大腿后部肌群肌肉损伤
23988,表 6-3-194 ,S76.301,大腿后部肌腱损伤
23989,表 6-3-194 ,S76.401,大腿肌腱损伤
23990,表 6-3-194 ,S76.402,大腿肌断裂
23991,表 6-3-194 ,S76.700x001,髋和大腿多处肌肉和肌腱损伤
23992,表 6-3-194 ,S77.000,髋部挤压伤
23993,表 6-3-194 ,S77.100,大腿挤压伤
23994,表 6-3-194 ,S77.200,髋伴有大腿挤压伤
23995,表 6-3-194 ,S78.000,髋部创伤性切断
23996,表 6-3-194 ,S78.100x001,大腿部切断
23997,表 6-3-194 ,S78.900,髋和大腿水平的创伤性切断
23998,表 6-3-194 ,S79.700,髋和大腿多处损伤
23999,表 6-3-194 ,S79.701,多发性大腿损伤
24000,表 6-3-194 ,S79.800,髋和大腿其他特指的损伤
24001,表 6-3-194 ,S79.800x001,髋关节周围软组织损伤
24002,表 6-3-194 ,S79.900x001,髋部损伤
24003,表 6-3-194 ,S79.901,大腿损伤
24004,表 6-3-194 ,S79.902,髋周软组织损伤
24005,表 6-3-195 ,S80.000,膝挫伤
24006,表 6-3-195 ,S80.100x002,小腿血肿
24007,表 6-3-195 ,S80.101,小腿挫伤
24008,表 6-3-195 ,S80.700,小腿多处浅表损伤
24009,表 6-3-195 ,S80.800x011,小腿擦伤
24010,表 6-3-195 ,S80.800x012,膝部擦伤
24011,表 6-3-195 ,S80.800x013,腘窝擦伤
24012,表 6-3-195 ,S80.800x021,小腿水泡
24013,表 6-3-195 ,S80.800x022,膝部水泡
24014,表 6-3-195 ,S80.800x023,腘窝水泡
24015,表 6-3-195 ,S80.800x031,小腿虫咬伤
24016,表 6-3-195 ,S80.800x032,膝部虫咬伤
24017,表 6-3-195 ,S80.800x033,腘窝虫咬伤
24018,表 6-3-195 ,S80.800x041,小腿浅表异物
24019,表 6-3-195 ,S80.800x042,膝部浅表异物
24020,表 6-3-195 ,S80.800x043,腘窝浅表异物
24021,表 6-3-195 ,S80.900,小腿浅表损伤
24022,表 6-3-195 ,S80.901,膝部血肿
24023,表 6-3-195 ,S81.000,膝开放性伤口
24024,表 6-3-195 ,S81.700,小腿多处开放性伤口
24025,表 6-3-195 ,S81.800x011,小腿开放性损伤伴骨折
24026,表 6-3-195 ,S81.800x021,小腿开放性损伤伴脱位
24027,表 6-3-195 ,S81.800x081,腓部开放性损伤
24028,表 6-3-195 ,S81.800x082,腘窝开放性损伤
24029,表 6-3-195 ,S81.800x083,胫部开放性损伤
24030,表 6-3-195 ,S81.900,小腿开放性伤口
24031,表 6-3-195 ,S81.901,小腿撕脱伤
24032,表 6-3-195 ,S82.000,髌骨骨折
24033,表 6-3-195 ,S82.000x002,髌骨软骨骨折
24034,表 6-3-195 ,S82.000x004,髌骨袖套状骨折
24035,表 6-3-195 ,S82.010,开放性髌骨骨折
24036,表 6-3-195 ,S82.100x011,胫骨近端骨折伴腓骨骨折
24037,表 6-3-195 ,S82.100x012,胫骨平台伴腓骨骨折
24038,表 6-3-195 ,S82.100x081,胫骨近端骨折
24039,表 6-3-195 ,S82.100x082,胫骨近端骨骺分离
24040,表 6-3-195 ,S82.100x084,胫骨髁骨折
24041,表 6-3-195 ,S82.100x085,胫骨髁间棘骨折
24042,表 6-3-195 ,S82.100x086,胫骨外髁骨折
24043,表 6-3-195 ,S82.100x087,胫骨平台骨折
24044,表 6-3-195 ,S82.100x088,胫骨平台伴髁间骨折
24045,表 6-3-195 ,S82.100x089,胫骨结节骨折
24046,表 6-3-195 ,S82.101,闭合性胫骨平台骨折
24047,表 6-3-195 ,S82.102,胫骨头骨折
24048,表 6-3-195 ,S82.110,开放性胫骨上端骨折
24049,表 6-3-195 ,S82.111,开放性胫骨头骨折
24050,表 6-3-195 ,S82.200x011,胫骨干骨折伴腓骨骨折
24051,表 6-3-195 ,S82.200x081,胫骨干骨折
24052,表 6-3-195 ,S82.201,胫腓骨干骨折
24053,表 6-3-195 ,S82.202,胫骨骨折
24054,表 6-3-195 ,S82.203,胫腓骨闭合性骨折
24055,表 6-3-195 ,S82.210,开放性胫骨骨干骨折
24056,表 6-3-195 ,S82.211,开放性胫骨骨折
24057,表 6-3-195 ,S82.212,开放性胫腓骨干骨折
24058,表 6-3-195 ,S82.300x011,胫骨远端骨折伴腓骨骨折
24059,表 6-3-195 ,S82.300x012,胫腓骨下端骨骺分离
24060,表 6-3-195 ,S82.300x081,胫骨远端骨折
24061,表 6-3-195 ,S82.300x082,胫骨远端骨骺分离
24062,表 6-3-195 ,S82.300x083,Pilon骨折
24063,表 6-3-195 ,S82.301,胫腓骨下端骨折
24064,表 6-3-195 ,S82.310,开放性胫骨下端骨折
24065,表 6-3-195 ,S82.311,开放性胫腓骨下端骨折
24066,表 6-3-195 ,S82.400x001,腓骨骨折
24067,表 6-3-195 ,S82.400x002,腓骨远端骨骺分离
24068,表 6-3-195 ,S82.400x011,腓骨近端骨折
24069,表 6-3-195 ,S82.400x012,腓骨头骨折
24070,表 6-3-195 ,S82.400x013,腓骨颈骨折
24071,表 6-3-195 ,S82.400x014,腓骨小头骨折
24072,表 6-3-195 ,S82.400x091,腓骨多发性骨折
24073,表 6-3-195 ,S82.401,腓骨干骨折
24074,表 6-3-195 ,S82.410,开放性腓骨骨折
24075,表 6-3-195 ,S82.411,开放性腓骨干骨折
24076,表 6-3-195 ,S82.500,内踝骨折
24077,表 6-3-195 ,S82.500x001,胫骨骨折伴踝骨折
24078,表 6-3-195 ,S82.501,胫骨骨折累及踝关节
24079,表 6-3-195 ,S82.510,开放性内踝骨折
24080,表 6-3-195 ,S82.600,外踝骨折
24081,表 6-3-195 ,S82.600x001,腓骨骨折伴踝骨折
24082,表 6-3-195 ,S82.601,腓骨骨折累及踝关节
24083,表 6-3-195 ,S82.610,开放性外踝骨折
24084,表 6-3-195 ,S82.700,小腿多处骨折
24085,表 6-3-195 ,S82.710,开放性多发性小腿骨折
24086,表 6-3-195 ,S82.800x081,踝骨骨折
24087,表 6-3-195 ,S82.800x082,踝关节骨折
24088,表 6-3-195 ,S82.801,三踝骨折
24089,表 6-3-195 ,S82.802,双踝骨折
24090,表 6-3-195 ,S82.803,踝骨闭合性骨折
24091,表 6-3-195 ,S82.810,开放性小腿特指部位骨折
24092,表 6-3-195 ,S82.811,开放性三踝骨折
24093,表 6-3-195 ,S82.812,开放性双踝骨折
24094,表 6-3-195 ,S82.900,小腿骨折
24095,表 6-3-195 ,S82.910,开放性小腿骨折
24096,表 6-3-195 ,S83.000,髌骨脱位
24097,表 6-3-195 ,S83.001,髌骨半脱位
24098,表 6-3-195 ,S83.100,膝关节脱位
24099,表 6-3-195 ,S83.100x011,胫骨近端前脱位
24100,表 6-3-195 ,S83.100x012,股骨远端后脱位
24101,表 6-3-195 ,S83.100x021,胫骨近端后脱位
24102,表 6-3-195 ,S83.100x031,胫骨近端内侧脱位
24103,表 6-3-195 ,S83.100x041,胫骨近端外侧脱位
24104,表 6-3-195 ,S83.100x081,胫腓关节脱位
24105,表 6-3-195 ,S83.101,膝关节半脱位
24106,表 6-3-195 ,S83.102,胫腓关节近端脱位
24107,表 6-3-195 ,S83.200x001,膝半月板撕裂
24108,表 6-3-195 ,S83.200x002,膝外侧半月板桶柄状撕裂
24109,表 6-3-195 ,S83.200x003,膝内侧半月板桶柄状撕裂
24110,表 6-3-195 ,S83.200x004,膝半月板桶柄状撕裂
24111,表 6-3-195 ,S83.200x005,膝内侧半月板撕裂
24112,表 6-3-195 ,S83.200x006,膝外侧半月板撕裂
24113,表 6-3-195 ,S83.201,膝内侧半月板损伤
24114,表 6-3-195 ,S83.202,膝外侧半月板损伤
24115,表 6-3-195 ,S83.300x001,膝关节软骨撕裂
24116,表 6-3-195 ,S83.400x001,膝关节副韧带扭伤
24117,表 6-3-195 ,S83.400x002,膝关节副韧带断裂
24118,表 6-3-195 ,S83.400x003,膝关节副韧带损伤
24119,表 6-3-195 ,S83.400x011,膝关节外侧副韧带扭伤
24120,表 6-3-195 ,S83.400x012,膝关节外侧副韧带损伤
24121,表 6-3-195 ,S83.400x021,膝关节内侧副韧带扭伤
24122,表 6-3-195 ,S83.400x022,膝关节内侧副韧带损伤
24123,表 6-3-195 ,S83.400x031,膝关节外侧副韧带部分断裂
24124,表 6-3-195 ,S83.400x032,膝关节外侧副韧带完全断裂
24125,表 6-3-195 ,S83.400x041,膝关节内侧副韧带部分断裂
24126,表 6-3-195 ,S83.400x042,膝关节内侧副韧带完全断裂
24127,表 6-3-195 ,S83.401,膝关节副韧带劳损
24128,表 6-3-195 ,S83.500x001,膝关节十字韧带断裂
24129,表 6-3-195 ,S83.500x002,膝关节十字韧带扭伤
24130,表 6-3-195 ,S83.500x003,膝关节十字韧带损伤
24131,表 6-3-195 ,S83.500x011,膝关节前十字韧带扭伤
24132,表 6-3-195 ,S83.500x012,膝关节前十字韧带损伤
24133,表 6-3-195 ,S83.500x021,膝关节后十字韧带扭伤
24134,表 6-3-195 ,S83.500x022,膝关节后十字韧带损伤
24135,表 6-3-195 ,S83.500x031,膝关节前十字韧带部分断裂
24136,表 6-3-195 ,S83.500x032,膝关节前十字韧带完全断裂
24137,表 6-3-195 ,S83.500x041,膝关节后十字韧带部分断裂
24138,表 6-3-195 ,S83.500x042,膝关节后十字韧带完全断裂
24139,表 6-3-195 ,S83.501,膝关节十字韧带劳损
24140,表 6-3-195 ,S83.600x002,膝关节损伤
24141,表 6-3-195 ,S83.600x003,创伤性膝关节积血
24142,表 6-3-195 ,S83.600x004,胫腓近端关节扭伤
24143,表 6-3-195 ,S83.600x005,胫腓近端关节损伤
24144,表 6-3-195 ,S83.600x006,胫腓近端韧带扭伤
24145,表 6-3-195 ,S83.600x007,胫腓近端韧带损伤
24146,表 6-3-195 ,S83.601,膝关节扭伤
24147,表 6-3-195 ,S83.602,胫腓韧带上端撕裂
24148,表 6-3-195 ,S83.603,上胫腓关节扭伤
24149,表 6-3-195 ,S83.700x001,膝外侧半月板伴副韧带损伤
24150,表 6-3-195 ,S83.700x002,膝外侧半月板伴十字韧带损伤
24151,表 6-3-195 ,S83.700x003,膝关节多处损伤
24152,表 6-3-195 ,S83.700x004,膝内侧半月板伴副韧带损伤
24153,表 6-3-195 ,S83.700x005,膝内侧半月板伴十字韧带损伤
24154,表 6-3-195 ,S83.700x006,膝关节多处韧带损伤
24155,表 6-3-195 ,S84.000x001,胫后神经损伤
24156,表 6-3-195 ,S84.000x002,胫神经损伤
24157,表 6-3-195 ,S84.100x001,腓神经损伤
24158,表 6-3-195 ,S84.200x001,小腿皮感觉神经损伤
24159,表 6-3-195 ,S84.700x001,小腿多处神经损伤
24160,表 6-3-195 ,S84.800x001,腓总神经损伤
24161,表 6-3-195 ,S84.800x002,腓肠神经损伤
24162,表 6-3-195 ,S84.900x001,小腿神经损伤
24163,表 6-3-195 ,S85.000,腘动脉损伤
24164,表 6-3-195 ,S85.100x001,胫动脉损伤
24165,表 6-3-195 ,S85.100x002,胫前动脉损伤
24166,表 6-3-195 ,S85.101,胫后动脉损伤
24167,表 6-3-195 ,S85.102,创伤性胫后动脉血栓形成
24168,表 6-3-195 ,S85.200,腓动脉损伤
24169,表 6-3-195 ,S85.300x001,小腿大隐静脉损伤
24170,表 6-3-195 ,S85.400x001,小腿小隐静脉损伤
24171,表 6-3-195 ,S85.500,腘静脉损伤
24172,表 6-3-195 ,S85.700x001,小腿多处血管损伤
24173,表 6-3-195 ,S85.800x001,胫后血管损伤
24174,表 6-3-195 ,S85.801,创伤性胫后动静脉损伤
24175,表 6-3-195 ,S85.900x001,小腿血管损伤
24176,表 6-3-195 ,S86.001,跟腱断裂
24177,表 6-3-195 ,S86.100x001,小腿后部肌群和肌腱损伤
24178,表 6-3-195 ,S86.100x002,小腿后部肌群肌肉损伤
24179,表 6-3-195 ,S86.100x003,小腿后部肌群肌腱损伤
24180,表 6-3-195 ,S86.200x002,小腿前部肌群肌腱损伤
24181,表 6-3-195 ,S86.201,小腿水平前部肌群肌腱损伤
24182,表 6-3-195 ,S86.300x001,腓侧肌群和肌腱损伤
24183,表 6-3-195 ,S86.300x002,腓侧肌群肌肉损伤
24184,表 6-3-195 ,S86.300x003,腓侧肌群肌腱损伤
24185,表 6-3-195 ,S86.300x004,腓肠肌断裂
24186,表 6-3-195 ,S86.300x005,腓骨长短肌损伤
24187,表 6-3-195 ,S86.300x006,创伤性腓骨肌腱滑脱
24188,表 6-3-195 ,S86.301,小腿水平腓侧肌群肌腱损伤
24189,表 6-3-195 ,S86.700x001,小腿多处肌肉和肌腱损伤
24190,表 6-3-195 ,S86.700x002,胫腓肌腱断裂
24191,表 6-3-195 ,S86.701,小腿水平多发性肌腱损伤
24192,表 6-3-195 ,S86.800,在小腿水平的其他肌肉和肌腱损伤
24193,表 6-3-195 ,S86.901,小腿水平肌肉损伤
24194,表 6-3-195 ,S87.000,膝挤压伤
24195,表 6-3-195 ,S87.801,小腿挤压伤
24196,表 6-3-195 ,S88.000x001,膝部切断
24197,表 6-3-195 ,S88.100x001,小腿部切断
24198,表 6-3-195 ,S88.900,小腿水平的创伤性切断
24199,表 6-3-195 ,S89.700,小腿多处损伤
24200,表 6-3-195 ,S89.800,小腿其他特指的损伤
24201,表 6-3-195 ,S89.900,小腿损伤
24202,表 6-3-196 ,S90.000,踝挫伤
24203,表 6-3-196 ,S90.100,趾挫伤不伴有趾甲损坏
24204,表 6-3-196 ,S90.200,趾挫伤伴有趾甲损坏
24205,表 6-3-196 ,S90.300x001,副舟骨损伤
24206,表 6-3-196 ,S90.300x002,距骨骨软骨损伤
24207,表 6-3-196 ,S90.300x003,距骨后三角骨损伤
24208,表 6-3-196 ,S90.301,足挫伤
24209,表 6-3-196 ,S90.700,踝和足多处浅表损伤
24210,表 6-3-196 ,S90.800x011,踝和足擦伤
24211,表 6-3-196 ,S90.800x012,踝部擦伤
24212,表 6-3-196 ,S90.800x013,足部擦伤
24213,表 6-3-196 ,S90.800x021,踝足部水泡
24214,表 6-3-196 ,S90.800x022,踝部水泡
24215,表 6-3-196 ,S90.800x023,足部水泡
24216,表 6-3-196 ,S90.800x031,踝和足虫咬伤
24217,表 6-3-196 ,S90.800x032,踝部虫咬伤
24218,表 6-3-196 ,S90.800x033,足部虫咬伤
24219,表 6-3-196 ,S90.800x041,踝和足浅表异物
24220,表 6-3-196 ,S90.800x042,踝部浅表异物
24221,表 6-3-196 ,S90.800x043,足部浅表异物
24222,表 6-3-196 ,S90.900x002,踝部浅表损伤
24223,表 6-3-196 ,S90.900x003,足部浅表损伤
24224,表 6-3-196 ,S90.901,趾甲血肿
24225,表 6-3-196 ,S91.000,踝开放性伤口
24226,表 6-3-196 ,S91.100,趾开放性伤口不伴有趾甲损坏
24227,表 6-3-196 ,S91.200,趾开放性伤口伴有趾甲损坏
24228,表 6-3-196 ,S91.300x002,足部套脱伤
24229,表 6-3-196 ,S91.300x003,跟部开放性损伤
24230,表 6-3-196 ,S91.300x811,踝和足开放性损伤伴骨折
24231,表 6-3-196 ,S91.300x812,踝部开放性损伤伴骨折
24232,表 6-3-196 ,S91.300x813,足部开放性损伤伴骨折
24233,表 6-3-196 ,S91.300x821,踝和足开放性损伤伴脱位
24234,表 6-3-196 ,S91.300x822,踝部开放性损伤伴脱位
24235,表 6-3-196 ,S91.300x823,足部开放性损伤伴脱位
24236,表 6-3-196 ,S91.301,开放性足损伤
24237,表 6-3-196 ,S91.302,足部皮肤撕裂伤
24238,表 6-3-196 ,S91.303,足裂伤
24239,表 6-3-196 ,S91.700x002,踝部多处开放性损伤
24240,表 6-3-196 ,S91.700x003,足部多处开放性损伤
24241,表 6-3-196 ,S92.000,跟骨骨折
24242,表 6-3-196 ,S92.010,开放性跟骨骨折
24243,表 6-3-196 ,S92.100,距骨骨折
24244,表 6-3-196 ,S92.101,距骨颈骨折
24245,表 6-3-196 ,S92.110,开放性距骨骨折
24246,表 6-3-196 ,S92.200x001,跗骨骨折
24247,表 6-3-196 ,S92.200x081,跗间关节骨折
24248,表 6-3-196 ,S92.201,骰骨骨折
24249,表 6-3-196 ,S92.202,足舟状骨骨折
24250,表 6-3-196 ,S92.203,楔状骨骨折(足)
24251,表 6-3-196 ,S92.210,开放性特指跗骨骨折
24252,表 6-3-196 ,S92.300,跖骨骨折
24253,表 6-3-196 ,S92.300x001,跖跗关节骨折
24254,表 6-3-196 ,S92.300x003,跖骨基底骨折
24255,表 6-3-196 ,S92.300x004,跖骨骨骺损伤
24256,表 6-3-196 ,S92.310,开放性跖骨骨折
24257,表 6-3-196 ,S92.400,拇趾骨折
24258,表 6-3-196 ,S92.410,开放性拇趾骨折
24259,表 6-3-196 ,S92.500x001,趾骨骨折
24260,表 6-3-196 ,S92.500x002,趾骨骨骺损伤
24261,表 6-3-196 ,S92.510,开放性特指趾骨骨折
24262,表 6-3-196 ,S92.700,足多处骨折
24263,表 6-3-196 ,S92.710,开放性多发性足骨折
24264,表 6-3-196 ,S92.900,足骨折
24265,表 6-3-196 ,S92.910,开放性足骨折
24266,表 6-3-196 ,S93.000,踝关节脱位
24267,表 6-3-196 ,S93.000x004,距骨脱位
24268,表 6-3-196 ,S93.000x005,腓骨脱位
24269,表 6-3-196 ,S93.001,踝关节半脱位
24270,表 6-3-196 ,S93.002,胫距关节脱位
24271,表 6-3-196 ,S93.003,胫腓远端关节脱位
24272,表 6-3-196 ,S93.100x001,趾骨脱位
24273,表 6-3-196 ,S93.101,趾关节脱位
24274,表 6-3-196 ,S93.102,跖趾关节半脱位
24275,表 6-3-196 ,S93.103,跖趾关节脱位
24276,表 6-3-196 ,S93.200x001,踝和足韧带断裂
24277,表 6-3-196 ,S93.200x002,踝部韧带断裂
24278,表 6-3-196 ,S93.200x003,足部韧带断裂
24279,表 6-3-196 ,S93.200x004,踝距腓前韧带断裂
24280,表 6-3-196 ,S93.200x005,跟腓韧带断裂
24281,表 6-3-196 ,S93.300x011,跗骨脱位
24282,表 6-3-196 ,S93.300x021,中跗关节脱位
24283,表 6-3-196 ,S93.300x031,跗跖关节骨折脱位[Lisfranc骨折脱位]
24284,表 6-3-196 ,S93.300x032,跗跖关节脱位
24285,表 6-3-196 ,S93.300x081,距舟关节脱位
24286,表 6-3-196 ,S93.301,足部脱位
24287,表 6-3-196 ,S93.302,跖骨脱位
24288,表 6-3-196 ,S93.303,足舟骨脱位
24289,表 6-3-196 ,S93.400,踝扭伤和劳损
24290,表 6-3-196 ,S93.400x002,踝关节损伤
24291,表 6-3-196 ,S93.400x003,创伤性踝关节积血
24292,表 6-3-196 ,S93.400x004,踝内侧副韧带扭伤
24293,表 6-3-196 ,S93.400x012,踝三角韧带损伤
24294,表 6-3-196 ,S93.400x021,跟腓韧带扭伤
24295,表 6-3-196 ,S93.400x022,跟腓韧带损伤
24296,表 6-3-196 ,S93.400x031,胫腓远端韧带扭伤
24297,表 6-3-196 ,S93.400x032,胫腓远端韧带损伤
24298,表 6-3-196 ,S93.401,踝关节扭伤
24299,表 6-3-196 ,S93.402,踝内侧副韧带损伤
24300,表 6-3-196 ,S93.403,三角韧带断裂
24301,表 6-3-196 ,S93.404,三角韧带扭伤
24302,表 6-3-196 ,S93.405,胫腓韧带远端撕裂
24303,表 6-3-196 ,S93.500,足趾扭伤和劳损
24304,表 6-3-196 ,S93.500x001,趾间关节扭伤
24305,表 6-3-196 ,S93.500x002,趾间关节损伤
24306,表 6-3-196 ,S93.500x003,跖趾关节扭伤
24307,表 6-3-196 ,S93.500x004,跖趾关节损伤
24308,表 6-3-196 ,S93.500x005,足趾扭伤
24309,表 6-3-196 ,S93.500x006,足趾损伤
